:020000040800F2
:10600000C80A00200D7500082BE402082BE40208E2
:106010008D0403082BE402082BE402082BE4020899
:106020002BE402082BE402082BE402082BE402080C
:106030002BE4020880F20308470503082BE402085A
:10604000F17800082BE402082BE402082BE4020894
:106050002BE402082BE402082BE402082BE40208DC
:106060002BE4020869E102082BE402082BE4020891
:106070002BE402082BE402082BE402082BE40208BC
:106080002BE402082BE402082BE402082BE40208AC
:106090002BE40208957F00082BE402082BE4020899
:1060A0002BE402087D7C00085D7C00082BE40208DC
:1060B0002BE402080976020841810208A1B6030810
:1060C0009DB60308D1780208B7B60308A5B6030841
:1060D00011810208A9B6030881810208ED81020836
:1060E0002BE402082BE402082BE402082BE402084C
:1060F0008B0303082BE402082BE402082BE40208BC
:106100002BE402082BE402082BE402082BE402082B
:106110002BE402082BE402082BE402082BE402081B
:106120002BE402082BE402082BE402082BE402080B
:106130002BE402082BE402082BE402082BE40208FB
:106140002BE402082BE402082BE4020805F2030802
:10615000915A02082BE4020883B6030889B60308A3
:106160002BE402082BE402082BE402082BE40208CB
:10617000F0B5114A114C124E00F00105E3695F07BA
:1061800013D40DB9334213D103EA00078F4207D16C
:106190000B4A1A40002A0CBF00206FF00100F0BD2E
:1061A000013AEBD16FF00200F9E74FF0FF30F6E76C
:1061B0006FF00100F3E700BF8096980000000350E5
:1061C000020001000B4B70B5D96911F480310DD17B
:1061D00001244FF48072084E084DF46020462C6470
:1061E0001A61FFF7C5FF3464EC6070BD6FF0010009
:1061F000FBE700BF000003500010035000200350D5
:106200004FF4803238B50E4B0E4C9A66E56941F674
:10621000713315400122E3630B4B0021DA60022346
:10622000606121202361FFF7A3FF10B92120FFF750
:106230009FFF0122054BDA600DB10023E36338BDF7
:106240000090005000000350001003500020035045
:1062500070B5134C6061E3695B071ED40E4656F8B7
:10626000043B8D18A361AE420BD1042300212120F1
:106270002361FFF77DFF58B9BDE870402120FFF78B
:1062800077BF08210846FFF773FF10B1042323618D
:1062900070BD56F8043BA361E5E74FF0FF30F7E728
:1062A000000003502DE9F84315464FF48032184B97
:1062B00089469A6603F51C33DF690646174041F6A6
:1062C0007132DA63012203F58053DFF84C80DA6023
:1062D00055B9284601220F4BDA601FB10022A3F501
:1062E0000053DA63BDE8F88306F5005404EA0804B5
:1062F000A41BAC4228BF2C46494622463046FFF735
:10630000A7FF0028E6D12644A1442D1BE0E700BFEB
:10631000009000500020035000E0FFFF000000004C
:10632000000000000000000000000000000000006D
:10633000002370B5424C05468AB0E36318B100886B
:10634000236011F0D5FE12F0E5F83E4834F09BFAD8
:106350003D4E3E4B304633603D4B736030F010FA9B
:10636000002130461AF052FC33A3D3E90023A06287
:10637000C4E9062330F00FFAD4E906231943104389
:10638000C4E90601CDE900014FF0FF334FF0FF32C1
:10639000A06A34F024FB02224FF0FF31A06A34F0EF
:1063A00023FB012011F022FB4FF400730022294946
:1063B000A06A34F04DFCB0F5007F39D1002394225F
:1063C000079309933C23CDE9033205939623069363
:1063D0005023A06A03A908931AF032FD35B3287C34
:1063E00012F0AAF80546F0B9A06A34F033FD12F0B5
:1063F0003BF911F0DDFA20B14FF4807000210CF070
:10640000F1F911F0E5FA20B14FF4006000210CF031
:10641000E9F930F072FA012034F0E8F90E4A0F4938
:10642000A06A30F0ABF928460AB070BDFF20D7E76C
:106430000725F8E7AFF300800DD5015520000000D7
:10644000380B0020690345ECF02300202578010873
:1064500000240020D8210020256703086567030871
:106460000348044B834202D0034B03B118477047E3
:10647000583200205832002000000000064B074927
:10648000C91A891048BF0131491003D0044B0BB120
:1064900001481847704700BF58320020583200208A
:1064A0000000000010B5064C237843B9FFF7D8FF71
:1064B000044B13B10448AFF300800123237010BDD7
:1064C000402C0020000000002853040808B5054BAC
:1064D0001BB105490548AFF30080BDE80840FFF750
:1064E000CDBF00BF00000000B80D002028530408F5
:1064F000A3F5803A704700BF174B002B08BF134B22
:106500009D46FFF7F5FF00218B460F461348144ABE
:10651000121A35F010F90E4B002B00D098470D4B96
:10652000002B00D098470020002104000D000D48EA
:10653000002802D00C48AFF3008022F0ABF8200016
:10654000290027F095FD22F093F800BF0000080015
:106550000000000000000000C80A0020C80A002057
:10656000A02D00200000000000000000054B5A6F25
:10657000D20605D45B6F9B0602D5034828F019B8F4
:10658000704700BF00C0035068F203080022014BAF
:106590001A807047042C002010B538F0D2FB054A51
:1065A000148814B1631E0124138038F0C5FB204603
:1065B00010BD00BF042C00200B4B70B51D688DB1C1
:1065C0002846012300F8013B084B094C1E7821782E
:1065D000324635F0B0F82946304627F0D8FD23681A
:1065E0000133236070BD00BFD40D0020422C002079
:1065F000D00D00202DE9F34143780446013B042BE4
:1066000054D8DFE803F0032B3A4145004FF000086F
:10661000C378284F284E294D3B7083782868337003
:10662000274BC3F8008018B129F002FFC5F800809D
:10663000387829F0EBFE286070B101230093214ADD
:1066400000233178204800F067FE0121621C02B06F
:10665000BDE8F04127F098BD1920F6E71A4800F090
:106660003DFE164E0546306818B129F0E1FE0023C4
:10667000336001212846621CE9E7144835F070F8C0
:10668000124AC1B20020E2E7024612F8011BF9E704
:10669000054615F8011B00202A4627F075FD2946FE
:1066A000207802B0BDE8F04127F071BD0022012042
:1066B0001146CCE7422C0020412C0020D40D0020B4
:1066C000D00D0020B9650008D80D00202832002028
:1066D00007B501A805F014F99DF80530012B14D178
:1066E0009DF804308BB94FF48012124B1249586E4A
:1066F00003F580535A664B6B23F0E05343F040633D
:106700004B63C3025CBF0D4B5A6607F0D5F929F005
:1067100038FE07F07DF829F028FE29F034FE07F056
:1067200037FA01F0A7F802F019FF03B05DF804EBA7
:1067300007F0BEBD008000500040005A00A000508D
:10674000014827F033BF00BF68F2030818B1034BBC
:106750001860002070472520704700BF100E0020F1
:1067600010B5054C0549206803F066FB2068BDE8BC
:106770001040FFF7EBBF00BF903000206C2F0020CF
:10678000014B1868704700BF100E002008B538F0A4
:10679000E1FA0022034B1A809A70BDE8084038F0F5
:1067A000D4BA00BFB40F002008B538F0D3FA0022E5
:1067B000034B1A809A70BDE8084038F0C6BA00BF93
:1067C000AC0E0020002337B518481D460288009300
:1067D0001146D41CADF804300444032920D93BB140
:1067E000042AC2F1040388BF002312FA83F3038052
:1067F0006A4606234A21406830F09FF9FFF7C6FF3A
:1068000001220B4B69461A70009B180200F4E060ED
:10681000C3F307231843043000F03CFB03B030BD42
:106820000131012304F8015F89B2D6E7B40F0020DB
:10683000432C002010B5002488B0FFF7A7FFFFF716
:10684000B3FF114B1C22214601A81C7034F073FFCA
:1068500009238DF804300D4B0D4902930D4B01A80F
:10686000039302238DF810304FF4806305930A23BD
:10687000ADF8183000F068FC014610B1204627F052
:1068800079FC08B010BD00BF432C002099680008B7
:10689000BC1000207DE1020870B5444D286827F047
:1068A00060FD014638B1002027F064FC2868BDE88F
:1068B000704027F03ABD3E4CA378BBB33D4E3378D1
:1068C000A3BBA37033F031FE38B10121042027F0BF
:1068D00051FCBDE87040FFF759BF6068364A20F4AC
:1068E0007F4323F00703934258D033D802F17C4210
:1068F0003249D83202408A4236D1934238D0304AA7
:10690000934241D013F06AFD012304463370FFF730
:106910003DFF22682146130203F4E063C2F307221D
:106920001343181D00F0B6FA33F007FE254B9A7892
:106930005AB120490A7842B9012008701888191DF7
:106940009A7000F0A7FAFFF72FFF2868BDE87040A3
:1069500027F015BD1C4A934206D1227A0AB304F1EE
:10696000080027F010FCCDE7184933F0A0FEC9E776
:10697000227A22B104F10800FFF73CFEC2E711467B
:10698000012019F0ABFABDE7237A1BB10F4800F0E4
:1069900029F9B7E7012019F0DFFAB3E700F048FE64
:1069A000B0E71146012019F0E1FAABE7BC10002076
:1069B000B40F0020432C00202000FF022000FF0025
:1069C0002000FF01AC0E00202000FF03BC0F0020C0
:1069D0002DE9F0411F4F0546386827F0C2FC0146FB
:1069E00090BB286820F47F4020F0070000F058F9A1
:1069F00028BB284627F0B6FB08B32B68164E1C02AE
:106A000004F4E064C3F307231C4338F0A3F933888C
:106A10000434C3F58272944280460AD80433224675
:106A2000F018294634F08FFE33881C44012334804B
:106A3000B370404638F089F9386827F076FC38683A
:106A4000BDE8F04127F09BBC002027F093FBBDE898
:106A5000F08100BFBC100020AC0E002070B50D4EC0
:106A60000546306827F07DFC044680B90A4A138841
:106A7000C3F582739D4205D893781BB9074B9C7868
:106A800084F00104306827F07AFC204670BD0024B1
:106A9000FBE700BFBC100020AC0E0020B40F0020AC
:106AA00010B50A4C206827F05CFC014648B9084B39
:106AB0001870206827F039FC2068BDE8104027F0E6
:106AC0005EBC002027F056FB10BD00BFBC100020AC
:106AD000432C00202DE9F74389461746014610B1A3
:106AE000012027F047FB3A4D286827F03AFC014681
:106AF000002866D11FFA89F43CB338F02BF9354EE3
:106B0000804630880328C0F582720CD994420AD995
:106B100073681C0204F4E064C3F307231C43C0F150
:106B200004031C44A4B2944240D80430224639469F
:106B3000304434F008FE338883B123444046338028
:106B400038F003F93288032A1DD8286827F0EDFBB6
:106B5000286803B0BDE8F04327F011BC40463480FC
:106B600038F0F3F83288032A1ED800234FF4FA7164
:106B70000093194A194B1A4800F0CEFB0146002831
:106B8000E3D0022017E0002071680B0203F4E063F9
:106B9000C1F307210B43043393420FD8012310485C
:106BA000B37000F09BFBE9E70120EDE7404638F0C9
:106BB000CCF81E21012027F0DDFAC6E70028D4D149
:106BC000C3E7002027F0D6FA03B0BDE8F08300BF8A
:106BD000BC100020B40F002093E10208C567000834
:106BE000740E002070B543780278012B14D0022B6C
:106BF0002BD063BB052A2AD1274C2278082A47D0FC
:106C00002649D0F802000D46DEB2964224D345F85C
:106C100022000132227016E0052A18D11E4C21787C
:106C2000C1B3D0F802601D480023024650F8045B4F
:106C3000AE421ED10020013942F82300217002EB40
:106C4000830299420FDC002002E0012A17D00120C4
:106C5000BDE8704019F080B951F8046B0133B042BF
:106C6000D2D12E20F4E754680133146042F8040FA7
:106C7000E7E70133DDB2A942D8D82D20E8E720228A
:106C80000021064834F057FD0022034B1A70DAE762
:106C90001C20DDE71B20DBE7442C0020C010002077
:106CA00010B5084B084A1C780023D9B28C4201D891
:106CB000002010BD52F8041B01338842F5D1012099
:106CC000F7E700BF442C0020C0100020F8B50546AF
:106CD000002843D038F03EF8AB6A06469B889BB24A
:106CE0001BB9BDE8F84038F030B8E86836F026FE49
:106CF0000023AC6A85F8303038F02CF8A3889BB2BA
:106D00001BB938F022F83046EBE767886388E288E1
:106D10009BB20133B3FBF2F102FB11339BB26380F0
:106D2000A388BFB2013B9BB2A38038F00EF81423B6
:106D30005F4307F110012144E86836F045FE084939
:106D40003C44A1610028DED16769002FDBD0E268F6
:106D500023692846D31AA268B847D4E7F8BD00BF14
:106D6000097000F038B51F4C206803689B6C1A044A
:106D700024D5012103F044F937F0ECFF23680546E0
:106D80001B68DA6C22F40042DA644FF4004203F527
:106D900000539A6437F0D5FF23681B685A6E22F4BB
:106DA000E0225A665A6E42F082725A6637F0C4FF89
:106DB000284637F0CAFF2068FFF788FF206803687D
:106DC0009B6CDB060CD5012103F01AF90221206827
:106DD00002F0C0FE102223681B6803F500539A647A
:106DE00038BD00BF00140020014B1868FFF76EBFCC
:106DF0000014002010B588B0FFF7C2FC1E4B0268DB
:106E000018601E4B1E4C9A422BD1092323706946F1
:106E1000012038F0C4F8014610B1042027F0C9F968
:106E200010240021224601A834F085FC29238DF886
:106E30000430144B4FF480620293134B13490393B5
:106E400002238DF81030124B01A8CDE905230794D9
:106E500000F07AF9014610B1012027F0AAF908B034
:106E600010BD2521022027F0A4F9FF2325210220AF
:106E7000237027F09EF9CAE70014002000C00550D7
:106E8000452C0020B5700008BBE10208FC1300206F
:106E90000A0004002DE9F8431D4E04463068884678
:106EA00027F05FFA014620B1012027F082F9BDE802
:106EB000F883184DE71C2B6827F00307DA19164BE7
:106EC0009A4224BFA3F582732B60B4F5827F08D960
:106ED0001D21032027F06DF93068BDE8F84327F045
:106EE0004EBAD5F8009022464146484634F02BFC75
:106EF0000A48224649460A4B006803F03DF910B99A
:106F00002B683B442B60306827F00FFAE4E700BFA2
:106F1000FC13002094300020E41100200014002015
:106F2000256F00081FB50223003918BF01218DF815
:106F30000030074B019110226946186827F021FAAA
:106F4000014610B1012027F034F905B05DF804FBCB
:106F5000FC1300201FB500238DF80030064B694656
:106F60001022186827F00DFA014610B1012027F011
:106F700020F905B05DF804FBFC13002070B51B4D33
:106F800004462B6803F58272194B9A4224BFA3F57D
:106F900002732B6037F0DEFE4FF482720646154B0B
:106FA0002046296803F03AF80446C0B9304637F065
:106FB000CCFE4FF40041104B1868026802F50053F4
:106FC0009964D36C0B4343F01003D364214603F060
:106FD00017F82B6803F582732B60204670BDFFF70E
:106FE000B9FF304637F0B1FEF7E700BF9830002018
:106FF000EC1300206D7000080014002070B5164DD1
:10700000286827F0AEF9014618B1012027F0D1F821
:1070100070BD124C124E94F9000006F0ABFD94F9CD
:10702000000006F063FD33680E4A1B685A660E4A7C
:1070300003F500539A6437F08DFE04463068FFF77D
:107040009DFF08B1FFF786FF204637F07EFE2868D7
:10705000BDE8704027F093B9FC130020452C0020B8
:1070600000140020FF002401FFFF01001FB50020D5
:107070000124CDE9020001900C488DF800408142C6
:1070800001D001B1019463B1CDE90232084B6946E8
:107090001022186827F075F9014610B1012027F079
:1070A00088F8FFF757FF04B010BD00BF097000F06B
:1070B000FC13002070B5214D86B0286801AA02A9F2
:1070C00027F08CF91B28044604D028B10146012082
:1070D00027F06FF806B070BD37F03CFE9DF8083021
:1070E0000646012B1ED0022B0FD043B9144C20684A
:1070F00028F0A2F810B92068FFF740FF304637F0BB
:1071000024FE286827F03BF9E4E70E4B039E5C6001
:107110001C7337F01AFE286827F031F93046FFF764
:10712000BFFCD7E737F011FE286827F028F9DDE922
:1071300004120398FFF7CEFCCCE700BFFC1300203D
:1071400000140020EC130020F8B50F460546002877
:1071500043D0002941D003784268980702D01AB979
:10716000212428E0002AFBD1190702D5AA8A002A87
:10717000F6D09A0605D5EB8A002BF1D0AB69002B2F
:10718000EED02C2029F042F9064640B32C220021F3
:1071900034F0D1FA2B46321D05F11C0153F8040BD3
:1071A0008B4242F8040BF9D12B785B0705D53E6082
:1071B0006B686BB900242046F8BD0121304627F0EA
:1071C00088F804460028F2D0304629F031F9F2E779
:1071D0003146044827F08AF9ECE72224EBE719242A
:1071E000E9E700BF0414002008B5044827F077F948
:1071F00026F04CFFBDE8084026F04FBF04140020E5
:107200000B4B10B51C680CB901200AE037F099FD52
:1072100094F8202003462AB1A26A1AB137F08CFDF7
:10722000002010BD184637F087FD2468EBE700BF4B
:10723000041400200B4B10B51C680CB901200AE0A7
:1072400037F07FFD94F8202003462AB1A26A1AB1D4
:1072500037F072FD042010BD184637F06DFD24682C
:10726000EBE700BF041400200C4B10B51C6804B9F8
:1072700010BD37F066FD94F8203002464BB1A36A8A
:107280003BB1013BA36237F057FDA36898472468E0
:10729000EDE7104637F050FDF9E700BF0414002079
:1072A00038B5054637F056FD00230B4A14685CB12B
:1072B000AC4206D1A96A6BB1996237F046FD012054
:1072C00007E02346A46AF2E7002DF3D037F03DFD36
:1072D000204638BD1160F0E70814002010B50446C0
:1072E000B0B137F03DFA2046FFF7DAFF10B194F85D
:1072F0002C300BB9002010BD064C2368002BF9D0B0
:1073000037F028FD2368013B236037F01EFDF1E7CD
:107310002220F0E70C1400202DE9F04385B005464B
:10732000914698460E469DF8307009B9002F5CD101
:107330002846FFF7D3FF0446002836D185F82C00F5
:10734000686307F075F9864233D937F09FFA214612
:10735000844640F2E7304FF47A720023E6FB0C01DA
:1073600020F0F6FF4FF0FF32002320F0F1FF2B4614
:10737000E88611462846CDE900441D4A37F0DAFE7A
:10738000044690B9C5E9089885F82D702E6337F04A
:10739000E1FC184A136833B31A469B6A002BFBD1F1
:1073A00095620023AB6237F0D0FC204605B0BDE803
:1073B000F08347B12B4631462846CDE900440C4ABC
:1073C00037F0B6FADCE7304603A937F065FA044631
:1073D0000028EAD12B462846CDE90077044A0399D4
:1073E00037F084FECCE71560DBE72124DDE700BF42
:1073F000F97300080814002091F82C3013B50C46DE
:1074000083B98B8ECA8E93420ED243B9CDE9003335
:1074100020460B46124A4FF0FF3137F04BFEA38E49
:107420000133A38602B010BD52B191F82D3093B153
:1074300001230093D1E908232046096BFFF76CFF75
:10744000012384F82C30074B1A6801321EBF1A68DA
:1074500001321A60E6E7084637F082F9F0E700BF2C
:10746000F97300080C1400202DE9F041154E336823
:1074700033B34FF00008144F37F06CFC05463C68FE
:1074800024B92846BDE8F04137F05FBC94F82C30B1
:10749000A3B1336884F82C8013B13368013B3360A7
:1074A00094F82D3013B92046FFF7FAFE284637F03E
:1074B0004CFCD4E9083120469847DDE7A46ADFE7B1
:1074C000BDE8F0810C14002008140020034B1B6859
:1074D000002B14BF04200120704700BF0C140020B3
:1074E000024B1868B0FA80F0400970470C14002075
:1074F0000348044A0449121A921026F097BF00BFAD
:107500007061000830630008A02D002008B500F06D
:107510002FF8FFF7EDFF124B12498B4212D30020D8
:10752000114B12498B4218D3FEF7E6FF186850F84A
:107530002240586840F82240013298688242F5D3D0
:107540000C33EAE70022F8E71C6844F82200013215
:107550005C68A242F8D30833E4E70022F8E700BFF2
:10756000305304083C5304083C5304083C530408BB
:107570004FF48041124B134A70B59A60D3F88820BB
:10758000114D42F47002C3F88820104A05F50054EA
:1075900091664FF0FF3222660D4A62660222C3F8FE
:1075A000D020BFF34F8FBFF36F8F4FF440360020D2
:1075B00006F0E0FA0020E66006F098FA2E6170BD51
:1075C00000ED00E0006000080080004400900050E2
:1075D000F7FF3700014B1860704700BFA030002054
:1075E000054B1860054B1B6F03F00703032B01D1FC
:1075F00036F028B9704700BFA83000200080005046
:107600004FF000639B6A03F17842B2F5C04F03D29A
:107610001968064A914203D00023037083607047C3
:10762000012202709A689B694260F7E707B0CD5E5D
:10763000024B034A1A6028F0AABE00BF00000020D7
:1076400002020FF073B54F4B04461A781AB10222AA
:107650001A7002B070BDCDE900220028F9D00126D1
:107660001E7037F077FB484D484B18601DF038F915
:107670002B785BB901F072FF40B945480823454AB1
:107680004549006801F004FE00B92E70434B5A6E64
:1076900062619B6E424AA3614FF480439366414B03
:1076A0005968E16140499960196E2160596E6160C5
:1076B000D3F87011A160196CE160596C21613B49EC
:1076C000086C1864496C5964012151661B6E9C0456
:1076D00041D5374AD368D807FCD4364B1A68531CB7
:1076E0003ED04FF480139340334A13664FF4007337
:1076F0000426314C2666236626F0C1FE01300DD0EB
:1077000026F0BDFE40F20113984207D04FF400531B
:1077100023664FF480432366C4F870610823264C27
:10772000684623664FF4805323664FF00063236658
:107730004FF4002301A9636626F085FE009B2366B3
:10774000019B63662B78002B83D0124B1A6822664C
:107750005B6863667DE7194AD368D907FCD4BCE748
:10776000174B1B78002BC1D14FF400720C4B5A669B
:1077700003F5A6235B68002BB8D14FF480120E4BA3
:107780001A66B3E7472C0020482C00203014002054
:10779000D030002034140020007108000080005018
:1077A000009000500080004455CEAC0000C0005452
:1077B00000000440AC300020009000440000045061
:1077C000462C002070B5224D04462E78012E02D0A2
:1077D00001232B7070BD0028FCD026F050FE013034
:1077E0000BD026F04CFE40F20113984205D0194B05
:1077F000194A5E66D368DE07FCD42268174B1A6606
:1078000062685A66A268C3F87021E2681A64226945
:107810005A64E269D00744BF00229A60104B1A688C
:10782000013207D10F4A127822B90F494968C907B6
:1078300048BF1A6062690D4B5A66A2699A661DF0CC
:1078400057F80B4B186837F080FA0023C1E700BFE8
:10785000472C0020009000400000044000800044BD
:10786000AC300020462C002000C0055000800050A5
:1078700030140020F8B54FF00066B36A03F1784287
:10788000B2F5C04F26D21A68144B9A4222D1144D39
:107890002C7814F0FD0402D000242046F8BD4FF4EB
:1078A00080371048FFF7CEFE204606F063F90E4BF6
:1078B0002046DF6006F01AF90C4B1F61B36ADB69E2
:1078C000984704460748FFF77DFF002CE5D10123C8
:1078D0002B70E1E74FF48174DFE700BF07B0CD5EA6
:1078E000462C00201014002000A00044009000440A
:1078F00013B5204B1B7803B9FEE700231E4CCDE9DE
:1079000000336A4608231D49206801F0C1FCF8B91C
:107910001B4AD2F84031D2F840211F2B4FF001030F
:1079200011D9203A9340019A1A43019208236A46DA
:107930001249206801F068FC124B134A1A6028F0C3
:1079400026FD02B010BD9340009A1A430092EDE765
:107950002D28F1D10A4AD2F84031D2F840211F2B0C
:107960004FF0010385BF203A93409340019398BFA5
:107970000093DBE7472C0020D03000200071080086
:1079800000800044000000200B020FF0BFF34F8F77
:107990000549064BCA6802F4E0621343CB60BFF3AB
:1079A0004F8F00BFFDE700BF00ED00E00400FA05C7
:1079B0002DE9F04104460C254FF00108124E0CB39E
:1079C00014F001000BD0002024F0010405FB00623C
:1079D0005768002FF3D09168C0B2B847EFE722464E
:1079E000013020284FEA520201D0D307F8D508FA17
:1079F00000F20F2824EA0204E8D9103805FB0062DF
:107A0000B432E5E7BDE8F0813C14002008B50C482D
:107A100028F0B2FC192006F077F828B1192006F0FA
:107A2000A9F8192006F062F81A2006F06DF828B1BE
:107A30001A2006F09FF81A2006F058F8002008BD1A
:107A4000CC0504082DE9F0410E469046054618B3D2
:107A50000F2923D80378E3B1012B03D0022B18D0D0
:107A6000032B1BD13F236A78D340DB0716D50D4B80
:107A7000D3F81043A4B937F06DF9074642462846BB
:107A8000314604F055F8384637F05FF92046BDE836
:107A9000F08140F2FF33E6E72224F7E72124F5E7FF
:107AA0000224F3E700C0035010B50446E8B10378A0
:107AB000C3B1012B03D0022B14D0032B17D13F23CA
:107AC0006278D340DB0712D537F044F9012263789E
:107AD00021789A4030235943064B5A5037F035F9F4
:107AE000002010BD40F2FF33EAE72220F9E7212011
:107AF000F7E700BF40D0035010B50446E8B1037863
:107B0000C3B1012B03D0022B14D0032B17D13F2379
:107B10006278D340DB0712D537F01CF90122637875
:107B200021789A4030235943064B5A5037F00DF9CB
:107B3000002010BD40F2FF33EAE72220F9E72120C0
:107B4000F7E700BF40E0035010B50446E8B1037802
:107B5000C3B1012B03D0022B14D0032B17D13F2329
:107B60006278D340DB0712D537F0F4F8012263784E
:107B700021789A4030235943064B5A5037F0E5F8A4
:107B8000002010BD40F2FF33EAE72220F9E7212070
:107B9000F7E700BF40F003502DE9F0410D461646CF
:107BA00098460446002851D000294FD002784AB1A7
:107BB000012A42D0022A05D0032A3ED0FF2A07D04C
:107BC000212041E040F2FF336278D340DA07F7D555
:107BD000022E01D9042EF3D137F0BCF823780746E2
:107BE000FF2B05D032462046296803F0E7FF2860C6
:107BF0002B68013309D12378FF2B06D1144B607811
:107C0000D3F8241427F024FC286029684B1C17D0D3
:107C10000C23104A03FB0122069BC2F804809360E8
:107C20002378FF2B04D001230B4A8B40C2F8243465
:107C3000384637F08AF8002006E03F236278C4E730
:107C4000384637F082F82D20BDE8F0812220FBE78E
:107C500000C003503C14002000D0035008B503F0CE
:107C60005DFF054B00F0553020F05020C3F8200494
:107C7000BDE80840FFF79CBE00E0035008B503F0E4
:107C80004DFF054B00F0AA3020F0A020C3F82004DF
:107C9000BDE80840FFF78CBE00E0035013B5044672
:107CA0000A4828F069FBA2780421B2FA82F223780C
:107CB00052098DF8043063780DEB01008DF8053022
:107CC000FFF7C0FE002002B010BD00BFCC050408C5
:107CD0002DE9F04F9A46564B85B01B7806460F4665
:107CE0001546DDF83C909DF844B0DDF85080002B3F
:107CF00000F09780072A00F296800E9B002B00F080
:107D00009280B9F1000F00F08E80129BB3F5006FE6
:107D100000F38980012803D1109B002B00F08380A1
:107D2000444B03EB05131B7B002B7ED0424C1022EF
:107D30000021684633F0FFFC04EB45141022A7BB7A
:107D40003946204633F0F7FC43F210036380BBF161
:107D5000000F03D1E37843F00303E370364A0E9B30
:107D600002EB451CCCE90193129B6901581E9DF85A
:107D70004C30C0F30A0003F003039B0643EA001EE5
:107D800053582E48012E00EA03004EEA0003CDF8B6
:107D900000A0535017D0B8F1000F2ED19CF802303C
:107DA00068F304138CF8023027E00021204633F0FA
:107DB000C2FC4FF444736380BBF1000FCED1E37873
:107DC00043F03003C9E713230CF1100ECCF80C304C
:107DD0009CE80F008EE80F006FF00301DCF81C2018
:107DE000109B61F39F02012FCCF81C20CCF81430BB
:107DF00003D1CCF81890CCF8043000270D4A2901A3
:107E000002EB051342F80180159A28465A6069462C
:107E100022469F605E7303F0B3FC384605B0BDE8B0
:107E2000F08F0748FAE70748F8E70748F6E700BF8A
:107E3000492C0020A4160020A41500200F80FFF379
:107E4000028000F0018000F0078000F038B5124B8E
:107E500005461B78DBB1E0B136F07CFF0F4A00230A
:107E60001146147B54B92B6001251A0101EB031351
:107E70001D738C5036F069FF204638BD0133082B46
:107E800002F11002EDD136F060FF0548F5E7054834
:107E9000F3E70548F1E700BF492C0020A4160020B5
:107EA000048000F0028000F0018000F0154B13B553
:107EB0001868002301908DF8043036F04BFF124B08
:107EC0001C7824B136F041FF104802B010BD0122E9
:107ED0001A7036F03AFF0E4B01A81C731C7783F81A
:107EE0002C4083F83C4083F84C4083F85C4083F896
:107EF0006C4083F87C4008238DF8073003F010FCB9
:107F00002046E2E7D0F20308492C0020038000F06D
:107F1000A41600200A4A08B512785AB107280BD8CF
:107F2000084A02EB00131B7B43B1002103F0EAFB7C
:107F3000002008BD0448FCE70448FAE70448F8E7D5
:107F4000492C0020A4160020028000F0018000F0DF
:107F5000078000F00A4A08B512785AB107280BD8F2
:107F6000084A02EB00131B7B43B1012103F0CAFB5B
:107F7000002008BD0448FCE70448FAE70448F8E795
:107F8000492C0020A4160020028000F0018000F09F
:107F9000078000F0184B2DE9F0411F6D5B6D1F400D
:107FA00000D5FEE701260025144CDFF85880374243
:107FB00018D02368C8F85060A3B1A16828460131E1
:107FC0006268A1609847637B012B0BD150B90C4BC1
:107FD00003EB45131A7B60F341021A731A7F60F3B7
:107FE00041021A770135082D4FEA460604F11004C4
:107FF000DDD1BDE8F08100BF00000450A4160020D0
:10800000A4150020002004502DE9F04F1446064628
:108010000D469B46C36B87B001225B6902A960686D
:108020009847F36B01225B6903A92846984702A889
:1080300026F031FF074648B10023A37563754FF062
:10804000FF33A360002007B0BDE8F08F03A826F03F
:108050002FFF0123A375237E04EBC303DD611F847F
:108060006368AB420ED1206003A826F043FF4FF0B7
:10807000FF332075A360237D043B022B26D8002309
:10808000A375DFE723681A1A53425341A37503A867
:1080900026F030FF237D834218BFA77503A826F082
:1080A0000BFF074602A826F007FF874218BF0023F0
:1080B00003A818BFA37526F007FF074602A826F0FD
:1080C00003FF87421CBF0023A375D4E703A826F053
:1080D000F3FE80B1F36B022228465B6904A998473E
:1080E00004A826F0F8FE0346207D032839D8DFE8EF
:1080F00000F03838040903A8F3E7CC22237E04EB10
:10810000C3031A8401F0A2FA109B187003A8277EFB
:1081100026F0C6FE04EBC70787F82200237E03A8DB
:1081200004EBC303B3F8209093F8227026F0C4FE4A
:10813000804603A826F0C8FE8246B8F1000F15D08D
:10814000F36B022228465B6904A9984704A826F02D
:1081500087FE6075637D6BB90023A3754FF000083F
:1081600038E0227E04EBC2021384CBE703A826F09A
:1081700062FEEEE794F81680B8F1000FEED0B9F188
:10818000000F09D1DFB10123627EE375002A44D1DB
:108190009F4218D1677614E0736C05EB0A025942CE
:1081A00085EA020008421CBF0021A175591E0A4041
:1081B0009B1A9945D0D8A37D002BE3D1CEE7E37D70
:1081C00043B94FF000084B4652462946304626F048
:1081D000A0FBA060A27D12B123694B442361144926
:1081E000237E097899421ED901332376BBF1000F13
:1081F0001BD0D2B1E37DC3B1B8F1000F15D1032F6D
:1082000013D0A1684B1C10D0109B2246009330461F
:108210000123FFF7F9FEA07507E0012FDAD0032F45
:1082200008BFA376CDE70023A375A07D0BE700BFB1
:10823000F4F203082DE9F04F0E46984600238BB068
:1082400004464FF0FF31104617468DF8133001F009
:10825000E7F9B6F5801F3BD3B21C53D1E56A6B1C1E
:1082600057D12046616A26F09AFA0546B31C18BF1A
:108270000123DFF810910193636A626C0293236813
:1082800005A902FB053AE36B05225B695046984756
:1082900005A826F09BFE26F0BEFE504626F0C6FE40
:1082A0004FF0000B824601464B1C05D0636C81EAFF
:1082B0000A025B42134232D02946204626F06FFA6A
:1082C000029BAB424DD0BBF1000F4DD10546D3E729
:1082D000314605AA04F1080026F02BFD0146481C92
:1082E00010D0384601F09CF90122394620460DF1A4
:1082F000130326F060FB28B19DF8133088F8003096
:10830000002003E0237C002BA8D12D200BB0BDE87A
:10831000F08F2368ED1A636CB5FBF3F5A6E74846CA
:1083200001F07EF90DF1130349462046019A26F02B
:1083300042FB034690B1B21C03D0D9F80020B242F0
:108340000CD19DF8132003930D4B88F8002049466B
:108350001A68384633F0F7F9039B9B46D9F80810A2
:10836000A2E7BBF1000FD0D0B6F5801FC8D23146CE
:1083700098F800307A6804F1080001F07FF8BFE750
:10838000F0F20308981D00202DE9F341044617463A
:1083900098460E46194D816AE36A8B422AD04B1CDF
:1083A00018E0284601F03CF90122294620460DF14B
:1083B000070326F000FB30B14346294620469DF8CE
:1083C0000720B847B0B1A9684A1C05D0012E0AD0D1
:1083D000E36A9942E5D10DE06968204626F06CFA1F
:1083E000012E0146D8D16B6881EA0302636C5B42BF
:1083F0001A42D1D002B0BDE8F08100BF6C1D002050
:108400002DE9F041036B9046826B07689A4288BF62
:108410008363426C436A90B002FB0377C36B0E46E2
:10842000052201A95B6904463846984701A826F051
:10843000CDFD01280146307057D0656CE26B236892
:10844000606AD2F814C005FB0030052206A9E04797
:1084500006A826F0BBFD01284FF0000523D0D4E983
:108460000A3201219342CDE90B458DF834800E95F7
:108470008DF83C102AD11946204626F01DFA236BB0
:10848000626C14339B1AE06223630C9B53B99DF812
:108490003C303BB1626A616C2368E06B01FB0231E6
:1084A00026F04CFD0C9DE36B05225B6901A9384663
:1084B000984701A826F08AFD30702846236BA26BEE
:1084C0009A4288BFA36310B0BDE8F081237C33B922
:1084D0001C490BAA04F1080001F01EF8D5E720465C
:1084E000194A0BABFFF750FFCFE7237C23BB224693
:1084F000164904F1080001F00FF8616A204626F0E1
:108500006FF9616A421C204626F038F9054620B909
:10851000236B626C1344143B23632046A16A26F04C
:10852000CBF92368A062C01A636CB0FBF3F0606201
:10853000204626F004FAB6E700232046044AFFF757
:1085400023FFDAE7158D0008918C00083FEA020846
:10855000DBE9020873B50D46D11E4A421C461B7E5C
:108560004A419A4226D129682368994222D36368F6
:1085700099421FD8114E0DF107033246FFF75AFEFC
:10858000C0B972686B689A4214D19DF80730DA1E40
:1085900053425341227E93420CD16369013363619C
:1085A000D4E90323934205D22968A26842F8231034
:1085B00001332361012002B070BD00BFC41D002043
:1085C0002DE9F04F9A468BB09DF85030DFF850B14E
:1085D0000293DBF81030804653450D461646C0F036
:1085E0009980D146DBF804300193B9F1000F00F017
:1085F0008D80D8F83C3001225B6907A90198984723
:1086000007A826F055FCDBF80030984240F0858042
:1086100007A826F059FC0428074614D107A826F01D
:108620005AFC019B029A04463B44002A3FD18642F1
:1086300012D91446361A4046019926F03DF9A9EBA5
:1086400004090190D1E7D8F83C3002225B69019817
:1086500008A9984708A8E2E7841B544528BF544658
:10866000032C03EB0607AAEB040A4FEA94021CD979
:10867000D8F83C30294638465B69984724F0030314
:1086800004F003061F441D44002ED4D0D8F83C301B
:1086900001225B6908A9384698473246284608A94E
:1086A000354433F050F80026C5E72646ECE7074688
:1086B00000F00302039203442A1804920593049BDA
:1086C000DD1B059BD81B039B9F420FD1002FB2D00F
:1086D000D8F83C30012208A95B6998473A462846F9
:1086E00008A932F0FEFF78B93D44A4E7D8F83C3041
:1086F000012208A95B6998470422284608A932F09C
:10870000F0FF08B9043FDAE74FF0360948460BB0EE
:10871000BDE8F08F4FF06309F8E74FF06F09F5E718
:10872000F01D00202DE9F0410F46164698460446FC
:1087300088B060B390F83450FDB1012125F0F4FF0A
:1087400000210E9BCDE90511CDE902379DF83C30A3
:10875000CDF804808DF81C30237C04968BB90D492C
:1087600001AA04F1080000F0D7FEDDE90553E06B33
:10877000002E08BF1D4626F070F9284608B0BDE857
:10878000F0812046044A01ABFFF7FEFDEDE7054608
:10879000F3E700BF09EA0208558500082DE9F04F0C
:1087A00099B00F4609920A69416C0E931439D31D92
:1087B000B3FBF1F3013302EBC302036B04469342B4
:1087C000C0F00D820023DFF820940D93E36A484641
:1087D0001946079300F024FFD7E9033604930E9B54
:1087E000022B4ED1CC2E40F08A81099B002B42D027
:1087F0003946204626F08FF9656C079A6B1E1340A8
:108800001490ED1AE36B01225B6916A9786898470A
:1088100016A826F051FB00280CBF04230823782E4D
:1088200006933DD9012300254FF0080A05933B68C4
:1088300005990E98C9F80030C9F8106026F05EFB63
:108840004FEA9A0310930023DDF81CB089F8140056
:108850000B930F9308930C93616C4A1E0BEA020270
:108860008B1A002E38D05544AB4240D8236B5B1A8C
:1088700013442363ABE0049B1B6814930823069303
:10888000D0E7656C079A6B1E1340782EA5EB0305A5
:1088900016D8FB7D7BB9099B002BB3D1042306932B
:1088A000331DAB4210D9A6B1082DBBD80425002337
:1088B000AA460593BBE7099B002BA3D10823EEE74B
:1088C000099B002B9ED1D9E7002505954FF0040A9E
:1088D000ADE704250596F9E75345C7D3B0460BEB42
:1088E0000A030393089B002B18BF032313E0A3EB99
:1088F0000A039E42B0460BEB0A0228BF98469E42EE
:108900000392EFD90123D9F8102089F81730964245
:1089100071D1C9F804B0089399F81730002B6CD0C6
:1089200099F818200899D31C09EBC3030132C3F846
:1089300004B0A3F80880997289F81820B8F1000FE4
:1089400014D00E9B022B5BD10B9B7BB90F9B434436
:10895000032B0BD9E36B01229B69039814A9984759
:108960000546002840F03D8101230B93089B16A883
:108970000193059B009399F814204346396800F051
:1089800005FEE36B58469B69109A16A99847051E89
:108990000D9B18BF5B4652460D93594643462046F1
:1089A00025F0B7FF236B08F10302A3EB0A0322F0C3
:1089B00003029B1AC9F808002363002D40F01181BF
:1089C0000F9BDDF80CB04344A6EB08060F93594605
:1089D000204625F071FF00258346002E7FF43CAF32
:1089E000814A3968936804F10800E36252680E9B7B
:1089F00000F044FDDEE002238DE7C9F804B09DE7F6
:108A0000099B002B30D1049BB8F1030F43440A9318
:108A100027D9DDE90301E36B4FEA98029B69984788
:108A20000546002865D118F003025FD0049B28F0AA
:108A300003052B440493039B1D444FF0FF3304991B
:108A400015A8159332F07FFEE36B28469B6901223F
:108A500015A9984705460A9B0493002D86D0039BD1
:108A600099E74246039DE8E7039B0A9307F1200339
:108A70001193FB7D78689BB100233D7E0C9AD9B29F
:108A80008D4211D9119903F1010C31F83310914243
:108A900026D9069907EBC303D8690A44104403E0BA
:108AA0000C9B069A13441844E36B01225B6915A9D9
:108AB0009847159B012213930C9B0A9804330C933F
:108AC000E36B13A99B699847039B0A9A43449B1A3B
:108AD000042B054607D978B9134604330A93C8E72F
:108AE0006346521ACBE70A9B0393B6E70A9B0493AB
:108AF0003CE70A9B0493B2E70A9B0393AFE7702617
:108B000004F1080303932368079A606CA2EB030A3D
:108B1000BAFBF0FA00FB0A3026F088FAE16A8046D8
:108B2000204625F0C9FEA26A82424AD0626CD9F87A
:108B30000830511E0B40216B2568891A0B442363B2
:108B40000D9BE0625D1BB5FBF2F5AA4536D1079B94
:108B5000B3EB080A12D0E36B4FEA9A0241469B69D5
:108B600098478346E36A079A5344E362236B03986A
:108B70009B1A4344236326F0ADF8DA462368616C00
:108B8000E06B01FB053126F0C6F9204625F0D7FD44
:108B9000204625F0D4FE2063BAF1000F11D03A69C7
:108BA000616CD31D1439B3FBF1F3013302EBC30243
:108BB0009042A8D2304619B0BDE8F08F4FF0000ABD
:108BC000DCE73A69616CD31D1439B3FBF1F301336F
:108BD00002EBC302236B9342BFF4F8ADEAE71C2615
:108BE000E8E72E468CE700BF981D00202DE9F347EB
:108BF0001E4643690446B342884617469DF82890AE
:108C00003DD300258DF80750204625F064FDD4F8AB
:108C100030A082450AD2236AB5EB430F06D2002268
:108C200020460DF10701FFF7EBFB30B39DF807304D
:108C3000012B05D1002220460DF10701FFF7E0FBD3
:108C4000B9F1030F06D03146204625F02FFD256BE4
:108C5000854218D30D4D4FF0FF31284600F0E0FC5F
:108C60004B46002229462046C5E90376C5F8008018
:108C700002B0BDE8F047FFF791BD0135C4E76220BF
:108C800002B0BDE8F0871C20FAE700BFC41D002039
:108C9000032A2DE9F34106460D4617461C4606D128
:108CA000237A012B23D0012002B0BDE8F081DFF848
:108CB0006080096842460DF10703FFF7BBFA606068
:108CC0000028EDD19DF80720237A032AE8D0D8F8B0
:108CD00004106A689142E3D1012B2969D4F80CC0D1
:108CE00007D172690CEB0103934202D92074207CF6
:108CF000DAE708316144E1603B460122294630460B
:108D0000FFF74CFD60600028CAD00020CCE700BF10
:108D1000C41D00202DE9F341089C032A174626684C
:108D200006D1237A012B24D0012002B0BDE8F081C6
:108D3000DFF89080304642460DF10703FFF77AFADC
:108D400060600028EDD12568D8F80400A96AD5F83C
:108D500044C04840CCF100031840227AE1D1012AF6
:108D600009D1E268D8F8103013447269934202D9ED
:108D70002074207CD9E72868EB6A1B1A081AB3FB19
:108D8000FCF3B0FBFCF083420BD1706CF36A421E23
:108D90001340326B121A13442846336325F08CFDBE
:108DA000E862D8F81020E36808321344E360012237
:108DB0003B4604492068FFF7F1FC60600028B0D012
:108DC0000020B2E7C41D00202DE9F04F4FF0FF3323
:108DD0004FF6FF720025044600F10806C0E909239A
:108DE0008BB0C3620562056330460F4625F072FF03
:108DF000204625F0A4FC20BB2046394625F01FFD67
:108E0000204625F09CFC20BB5E200BB0BDE8F08F17
:108E1000E26B2368606CD2F814C000FB05300522B9
:108E200005A9E04705A826F0D1F8012828D1294650
:108E3000204625F0D5FC421C2946204625F09EFC04
:108E40000135E3699D42E3D3204625F078FC0028F4
:108E5000D2D000254FF0FF394FF6FF73CA46A8461F
:108E6000C4E90853E369984514D3A5EB0905012D1E
:108E700036D84FF6FF72636A934246D16720C4E743
:108E800026F0CEF80028DBD02946204625F0A8FCA5
:108E90000246D1E72368E26B606C576900FB08303B
:108EA000052205A9B84705A826F090F8834605A82D
:108EB00026F063F80746584626F0ADF868B15745E6
:108EC00038BFC4F82480B94528BFB946BD4238BF71
:108ED0003D46BA46236A0133236208F10108C1E71F
:108EE0004FF6FF7300256362E3699D42C1D2676C50
:108EF0002068E36B052207FB05005B6905A998471D
:108F000005A826F03AF80135EEE7E26B676C2068B9
:108F1000694607FB030055690522A847684626F005
:108F20002CF8626A2368606C504D00FB023026F01A
:108F30007DF84FF0FF33A062E3622A466FF0010133
:108F4000204605ABFFF776F900284FD1AD682946DA
:108F50002046E56225F0CFFB206320B92046E16A78
:108F600025F0AAFCE0622946204625F0A5FC05462E
:108F7000A36A9D423CD16569626CE91C143AB1FB5D
:108F8000F2F14FF0000805EBC1050335B5FBF2F532
:108F9000C1460235E36999453CD3A8455AD22046DB
:108FA000616A25F0FCFB0027064604F1400AB8453B
:108FB00012D8626C2368694602FB0639E36B05220E
:108FC0005B6948469847684625F0D7FF53460246F6
:108FD0004946E06B26F02CF83146204625F0DFFBB1
:108FE0000137AF420646E2D364200EE7A56AAEE73A
:108FF0002946204625F07FFB236B2946034407467C
:109000002363204625F058FC0546002FB0D1C4E963
:109010000B07ADE7636C2768052203FB0977E36B59
:1090200005A95B693846984705A825F0CFFF25F0CC
:10903000F2FF60B1384625F0F9FF0146204625F0E1
:109040005AFB636C143B984208BF08F1010809F110
:1090500001099FE7304625F03DFE002320461946D2
:10906000034AFFF791F90020CFE600BFC41D00209E
:10907000A5E902080023624A2DE9F04117680E466F
:109080000446136018B921252846BDE8F08190F800
:1090900034500DB309680268914240F0A9807168AC
:1090A0004268914240F0A480B1688268914240F0E9
:1090B0009F80F168C268914240F09A8031694269AC
:1090C000914240F09580B169C26B914240F090802E
:1090D00072691D468261D7E750222946D0F8388050
:1090E00032F029FBD6E90212336804F1080023604C
:1090F0007368C4F838806360336963617369A3611E
:1091000025F0FAFDB36904F14000E3639B689847DA
:1091100094F8432020B1E561002AB4D05B25B3E781
:10912000656C002DF7D06668B6FBF5F3E361002AA5
:10913000A9D0B542F2D82268B2FBF5F105FB1122A5
:10914000002A57D105FB1363002B53D1204625F08D
:10915000C2FAA369043303449E424DD340F63472ED
:109160006369CC3B934249D8B5F5805FD6D30321E0
:10917000204625F0D9FAD4E90001E36B1B68984733
:109180000546E36B0220DB6898471DB1002384F895
:1091900034301DE039462046FFF716FE64280546A8
:1091A00004D139462046FFF70FFE0546636C143B99
:1091B000002DEBD1226A204602FB03F625F08BFA44
:1091C000A369043303449E4206D284F834505A25DE
:1091D000E06B25F042FC57E70123D4E90001094A7E
:1091E00084F8343013680133136025F01FFEEFE775
:1091F0005D2549E7592547E75A2545E75F2543E7B8
:1092000028170020241700202DE9FF410F46904623
:109210001E46054698B390F8343093B3B1F5801FDD
:1092200031D21A4C022125F07FFA224639462846CF
:109230000DF10F03FEF7FEFF024678B1012342460F
:109240000093394633462846FFF7D0FC0446E86BC6
:1092500025F003FC204604B0BDE8F0819DF80F30F6
:10926000012BEBD12169B142E8D10093414633464D
:109270002846FFF7A5F904460028DFD1E7E72124B7
:10928000E8E71124E6E72924E4E700BFF01D002009
:109290002DE9FF410C4616461F46054680B390F85F
:1092A00034307BB3B1F5801F2ED2DFF8608001210E
:1092B00025F03AFA2146424628460DF10F03FEF703
:1092C000B9FF044670B99DF80F30012B11D1D8F8C1
:1092D0001030BB4212D10246009031462846FFF7BB
:1092E0006FF90446E86B25F0B8FB204604B0BDE8F2
:1092F000F081022B14BF2D246024F3E76324F1E7EF
:109300002124F2E71124F0E72924EEE7F01D0020E4
:109310002DE9F04385B00C4617461E460546DDF89C
:10932000308098B390F8343093B3B1F5801F31D2C8
:10933000DFF86490012125F0F7F921464A462846D6
:109340000DF10F03FEF776FF044688B99DF80F3044
:10935000012B14D1D9F8102006EB08039A4213D33D
:1093600000904346324639462846FFF729F904461D
:10937000E86B25F072FB204605B0BDE8F083022BB8
:1093800014BF2D246024F3E76324F1E72124F2E7DE
:109390001124F0E72924EEE7F01D00202DE9F34128
:1093A0001F4600230C46164605463B6050B390F816
:1093B00034304BB3B1F5801F28D2DFF8548001213F
:1093C00025F0B2F92146424628460DF10703FEF783
:1093D00031FF0446A0B99DF80730032B10D0022BB3
:1093E0000AD10123336004233B60E86B25F035FB91
:1093F000204602B0BDE8F081D8F810303060F3E7C5
:109400002D24F2E72124F3E71124F1E72924EFE7E3
:10941000F01D002030B50C46054685B028B390F805
:10942000343023B3B1F5801F23D2022125F07CF91B
:109430000DF10F03214628460F4AFEF7FBFE0346B7
:1094400088B99DF80F20032A0DD0032221460092EF
:1094500002462846FFF7CAFB0446E86B25F0FDFAF2
:10946000204605B030BD2D24F7E72124F8E711246C
:10947000F6E72924F4E700BFF01D00202DE9F043B2
:10948000466886B3056898464FF0000CA946AE467C
:1094900055F83C400CF1010CC4F31307013401D022
:1094A000B94217D066450EF1080EF1D12F460024BF
:1094B00003E0A64207F1080712D055F83430013412
:1094C0000133F6D1C1F3130141EA0851C7E9001293
:1094D000BDE8F08341EA0851CEE90012BDE8F0830F
:1094E000B8F1030F03D101230372BDE8F083002319
:1094F00003E09E4209F10809F5D055F833400133E5
:10950000C4F30754032CF4D1C1F3130343EA085303
:10951000C9E90032BDE8F0832DE9F0410646406814
:1095200082B0C0B10F4690460024336853F83450DF
:1095300003EBC403C5F30752C5F31301013504F16E
:10954000010406D05B683046CDF80080B84710B102
:1095500070688442E9D302B0BDE8F081024B19681B
:10956000024B1868FFF786BDB0300020D0300020D5
:1095700008B535F0E6FB014B186008BD1C1E002045
:10958000014B186835F0D8BB1C1E002073B504468B
:109590002248012A00EAC1119DF8185023F07C40AE
:1095A00007D9961E012E28D9073303F07F031943EC
:1095B00008E09DF81C300A43DB0603F0C053134358
:1095C00043F060410023C4E900108DF80730B5B1C5
:1095D000202221460DF1070025F044FD1A220DF14D
:1095E0000700211D25F03EFD082063689DF8072037
:1095F00043EA8263636002B070BD1143E2E71B225D
:109600000DF10700214625F02DFD23689DF8072068
:10961000042043EAC2632360EDE700BF80FFFF0739
:1096200038B5094B0D461A680021044632F083F81C
:1096300000234FF0FF322383C4E900252361A26099
:10964000E382A37638BD00BFF0F203080138C0B250
:1096500005289ABF014B185C01207047F5F20308FA
:109660002DE9F0410746154600240E46596888B09A
:10967000490A012922464FEA510104F10104F8D8B0
:10968000DC78997824031B88C90201F4006104F492
:1096900080540C43C3F30A035203234492B24FF0A5
:1096A00000089C18274B6FEA0444039325F0784385
:1096B000ED4302A90DF107001B2202938DF80780EC
:1096C00025F0D0FC9DF80720029B02A943EAC26363
:1096D0000DF107001B2225F07845049302958DF8C3
:1096E000078025F0BFFC9DF80720029B6FEA144419
:1096F00043EAC26305934FF0FF330794069307A92B
:10970000BB69012206F110009847BB6905A9044610
:10971000012206F108009847BB69404518BF04467E
:1097200004A90122301D98470122404518BF044674
:10973000BB69304603A99847404508BF204608B09A
:10974000BDE8F08101009AB238B504460D4635F007
:1097500001FBA3889BB223B92B6035F0F6FA0648CB
:1097600038BD142263889BB202FB034408342C608A
:1097700035F0EBFA0020F3E70B7000F038B141B19F
:10978000013AB2F5006F044838BF00207047034823
:1097900070470148704700BF037000F0027000F08E
:1097A000104930B50A78104B2AB9C3E90022C3E941
:1097B000022201220A700C4900220C4654F8045B74
:1097C000854208D00132042AF8D1002251F8044B16
:1097D0001CB943F82200002030BD0132042AF5D123
:1097E0000248F9E74A2C0020201E0020027000F0F9
:1097F000002313B51D4A52F8044B94F821108142FE
:109800000ED00133042BF6D102B010BD0028FBD1DD
:109810009DF80730002BF7D0A068FEF77BFBF3E73D
:1098200094F83530022BEFD1204625F0A4FC637E5E
:109830002076022BE8D194F8323003F0FF02002B9F
:10984000E2D1A0680DF107018DF8072034F096F8F9
:10985000237E1BB194F83330002BD7D00023A068AF
:1098600084F83330FEF776FBCEE700BF201E0020E1
:1098700010B50446FEF71AFB002104F10800FEF7BC
:10988000E5FA014608B1044810BD04F10C00FEF7EA
:10989000DDFA0028F8D0F6E70E7000F0F8B50446BF
:1098A00016460F4635F056FAA388E2889BB29A42D4
:1098B000054605D80023336035F047FA1748F8BD50
:1098C0001422238807F1100C9BB202FB03433A4693
:1098D0000833174603CF6745186059603A4603F1CD
:1098E0000803F6D1142238681860238828469BB2F2
:1098F00002FB0343083333602388E2889BB20133C1
:10990000B3FBF2F102FB11339BB22380A388013336
:109910009BB2A38035F019FA0020D0E70A7000F05E
:1099200090F8363053B9042103790A4A03F2391307
:109930005B01D150022203685A617047022B07D1A4
:109940000068816C11F0020118BF062125F016BDD8
:10995000704700BF00C0035090F8363063B9012251
:1099600003685A619A69D207FCD504210379084A31
:10997000B9335B01D1507047022B07D10068836C6B
:109980009B074CBF0521092125F0F8BC704700BF9B
:1099900000C0035010B590F83630044663B9042275
:1099A00003685A619A699207FCD523790C4AB93346
:1099B0005B011021995010BD022BFCD10068836C13
:1099C000DB074CBF0521062125F0D8FC237941F2A5
:1099D00094425B0103F1A04303F57033E9E700BF54
:1099E00000C00350012370B580F8303090F8363055
:1099F00004460E4686B0A3B905682435204625F0F6
:109A0000D3FB0D4B049403930023029373680193DB
:109A10000123009332682B466169E06824F02CFE34
:109A200007E0022B02D105683C35E7E7002380F808
:109A3000303006B070BD00BF75A0000801232DE9CD
:109A4000F04180F8313090F8363004460E4688B048
:109A500063BB05683C3535F07DF904F13C080746E9
:109A60000DF11F01404634F0A9FE40B99DF81F30AA
:109A70002BB1404634F074FE204635F088F9384664
:109A8000012735F062F92046E76525F08DFB0D4B87
:109A9000049403930023029373682A46CDE900736C
:109AA00033682169A06824F0CDFD07E0022B02D1C4
:109AB00005684435CFE7002380F8313008B0BDE8B1
:109AC000F08100BFC99A00082DE9FF41D06A03A9BF
:109AD0001446FFF739FE0646204635F041F90025C9
:109AE00001462346CDE90055184A04F13C0035F003
:109AF000FDFA174B9E4221D0039E3561B56035F0CB
:109B000029F9D6F80C800746B8F1000F04D0D6E941
:109B1000002329462046C047E06A03A925F05DFBE3
:109B2000E06A83889BB26BB103A9FFF70DFE204664
:109B30000399FFF783FF384635F007F9012004B099
:109B4000BDE8F08184F83130F5E700BF0DDA030895
:109B50000B7000F0F7B50D460446002800F08C802D
:109B600035F0F8F8012D064609D1E36A9B889BB2CF
:109B7000002B3BD135F0E9F8404803B0F0BD022D91
:109B80002CD1A36A9B889BB2002BF3D0E06833F002
:109B9000D5FE0023A06A84F8303083889BB27BB165
:109BA0006946FFF7D1FD009DE06805F1080133F03B
:109BB0000BFF334B2B61A06A83889BB2002B4ED1E5
:109BC00094F83530032B02D02046FFF7A9FEA36B93
:109BD000002B32DD204635F0DAF82EE0032D2CD1B3
:109BE000E36A9B889BB20BB9A36ABFE7A06833F016
:109BF000A5FE0023E06A84F8313083889BB273B1FC
:109C000001A9FFF7A1FD019FA06807F1080133F04A
:109C1000DBFE1B4B3B61E06A83889BB293B9204615
:109C200025F0FEFA8304FAD5A36B002B02DD204653
:109C300035F0ADF8023D012DA8D9304635F085F854
:109C400000209AE701A925F0C8FA019AD768002FE9
:109C5000E1D09368204612680949B847DBE76946B6
:109C600025F0BBFA009AD568002DA4D09368204651
:109C700012680349A8479EE702487EE7087000F093
:109C8000097000F0027000F02DE9F041044617461B
:109C9000FFF774FD88460646E8B9152003F042FF39
:109CA0000546E26A93889BB213B194F83230ABB1A7
:109CB00094F83630BBB923689D6915F0020527D0AA
:109CC000012384F834304744B845206844D183697F
:109CD0009B06FCD545B33046BDE8F081002DE1D0B0
:109CE000FEF758F9DDE7022B12D123689D6C15F0C1
:109CF00002050DD0012384F83430474447452068DD
:109D000031D142F22002836C32EA0303FBD1E1E756
:109D10002046FFF73FFE012394F8365084F8343094
:109D2000002DD0D0022D1CD094F8363003B3022B76
:109D3000D1D12068816C11F0010118BF092125F0F3
:109D40001DFB42F29442102123795B0103F1A043F1
:109D500003F570339950BEE718F8011B25F064FB3A
:109D6000B2E70025C9E718F8011B25F00CFBC5E791
:109D700010212379044A03F239135B01D1500822E0
:109D800023685A61A7E700BF00C0035010B504461E
:109D900080B190F832302BB925F0EDF910B9A068F8
:109DA000FEF7B8F8002094F832300133DBB284F8C3
:109DB000323010BD0048FCE7027000F010B50446D8
:109DC000A0B190F832309BB190F83230012B05D120
:109DD00025F0D1F910B9A068FEF7BCF8002094F87E
:109DE0003230013BDBB284F8323010BD0148FCE771
:109DF0000148FAE7027000F0057000F030B5002568
:109E0000437F85B08DF8083090F821300446042255
:109E10008DF80930039303A9064B009502A8FDF7BE
:109E2000BBFE4FF4007320462383A57625F008FA85
:109E300005B030BDF19700082DE9F0410546684FA7
:109E400088B001AE0C460FCF0FC697E8070086E832
:109E50000700002D00F0C18024B9624E304608B0E2
:109E6000BDE8F08160220021284631F064FC2846DC
:109E7000FFF796FC06460028F0D14FF00108237D3D
:109E800085F83530236885F836002B60227BC5F8CD
:109E90005C802A71544A9342DFD1544B544A6B621E
:109EA0004FF48023C5E90423D4E90723AA62108074
:109EB0005080908085F83000EB6218805880988040
:109EC000636885F831000393E38985F83300ADF8C2
:109ED0001430238A4748ADF81230A37C464F8DF8E2
:109EE0001030E37C8DF8163005238DF8113026F004
:109EF00043FA6B6A986826F03FFA206801A98DF84A
:109F0000046001F09FFD1421237B03F1390252010B
:109F1000B950267AA07A07EB431346EA0042C3F809
:109F20003827617AE27A41EA024CC3F830C7EE760C
:109F3000E877297785F82020637D41466B77A37DFC
:109F4000284685F82130E37DAB77237E85F82230E3
:109F500025F0A6F80646002880D134F0FBFE237DCC
:109F60008046032B33D10221227B02F1B9035B012E
:109F7000F950042107EB421741F22C72236803F5D4
:109F80008053D965217EE37D43EA0143BB50A27D26
:109F9000637D43EA024341F22872BB504FF0FF3227
:109FA000206800F500539A64237D032B0CBF052124
:109FB000042125F02AFA4FF44062236828465A61AA
:109FC000FFF756FC0646404634F0BFFE46E7022B3C
:109FD000E4D12846FFF712FFE0E7084E3EE700BF56
:109FE000FCF20308037000F000C00550D00504081F
:109FF00002000400CC05040800C00350027000F009
:10A0000090F83530032B05D00229417618BF017630
:10A0100025F016B900487047057000F0F0B587B01C
:10A0200005461646FFF7AAFB0446F0B90493104B09
:10A03000CDE901166A46A86A01A903960593FFF7C0
:10A040002DFC044688B995F8303073B92846FFF7DF
:10A0500083FC28460099FFF7C5FC95F83530032BA3
:10A0600003D028462C7625F0EBF8204607B0F0BD4B
:10A07000017000F0F7B5906A01A91446FFF764FB80
:10A080000546204634F083FE384B9D4230D094F88C
:10A090003610019D002939D123689A6C12F40072A0
:10A0A00029D0334AA9602A614FF4007203F50053A6
:10A0B0009A6434F04FFEEF68064637B16A68AB68C1
:10A0C0002046D31A29692A68B847A06A01A925F051
:10A0D00084F8A06A8588ADB2002D37D001A9FFF7BA
:10A0E00033FB20460199FFF77DFC304634F02DFE0E
:10A0F000012003B0F0BD996CC80523D51D49AA60A5
:10A1000029614FF4807203F50053D1E7022919D178
:10A110002368DA6C12F4007209D0154A03F5005373
:10A120002A610022AA604FF40072DA64C1E7D96C98
:10A13000C90507D50F49AA6029614FF4807203F55C
:10A140000053F2E700232B61AB60B2E70123204606
:10A15000237625F075F894F8353084F83050032BC9
:10A16000C3D02046FFF7DCFBBFE700BF0B7000F059
:10A170000D7000F00C7000F0F0B587B00446164684
:10A18000FFF7FCFA054658BB0493194BCDE90116BD
:10A19000059394F8363003962BBB23689B6903F034
:10A1A000020313B92046FFF7F5FB6A46E06A01A9EE
:10A1B000FFF774FB054698B994F8313083B934F051
:10A1C000C9FDE36A06469B889BB233B120460099DD
:10A1D000FFF734FC012384F83430304634F0B5FD09
:10A1E000284607B0F0BD022BDCD123689B6CD6E774
:10A1F000017000F0044BD3F88420D206FBD4D3F8CE
:10A200008400C0F3811070470040005038B5174BF0
:10A210000546D3F828310C4603F00703013B052B14
:10A2200020D8DFE803F003131B0F0B1733F0E4FA19
:10A23000052305B1286004B1236038BD33F0DCFA92
:10A240000623F6E733F022FB0723F2E733F014FB93
:10A250000323EEE733F010FB0423EAE733F008FBB7
:10A260000223E6E700231846E3E700BF0080005022
:10A27000002337B50193164B0546D3F820320C4620
:10A2800003F00703042B21D8DFE803F0030B1116BA
:10A290001B0001230DB1019A2A6004B1236003B0B1
:10A2A00030BD002101A8FFF7B1FF1223F2E733F020
:10A2B000EDFA07230190EDE734F038FD0A23019011
:10A2C000E8E733F02BFB09230190E3E70023E1E704
:10A2D0000080005038B5104B0546D3F880300C464E
:10A2E00003F00303022B0BD0032B0DD0012B0FD156
:10A2F00033F088FA0E2305B1286004B1236038BD1D
:10A3000033F0C4FA0723F6E733F076FA0623F2E7D0
:10A3100000231846EFE700BF0080005038B5104B0F
:10A320000546D3F800310C4603F00303022B0BD093
:10A33000032B0DD0012B0FD133F09EFA032305B16F
:10A34000286004B1236038BD33F0E8FA0923F6E74A
:10A3500033F098FA0823F2E701230020EFE700BF6B
:10A360000080005038B5184B0546D3F820010C4644
:10A3700000F00700062823D8DFE800F0040A0E16D4
:10A38000121A1E00012305B1286004B1236038BDF4
:10A3900033F032FA0523F6E733F06EFA0323F2E7DF
:10A3A00033F074FA0723EEE733F062FA0223EAE7A8
:10A3B00033F022FA0623E6E733F05EFA0423E2E7FD
:10A3C00000231846DFE700BF0080005038B5104B6F
:10A3D0000546D3F840310C4603F00303022B0BD0A3
:10A3E000032B0DD0012B0FD134F0A0FC0A2305B1B3
:10A3F000286004B1236038BD33F090FA0923F6E7F2
:10A4000034F097FC0C23F2E701230020EFE700BFB4
:10A4100000800050002337B50193164B0546D3F852
:10A4200060320C4603F00703013B032B1FD8DFE823
:10A4300003F0020E1914002101A8FFF793FF102367
:10A440000DB1019A2A6004B1236003B030BD002130
:10A4500001A8FFF7BBFF1123F2E733F017FA072338
:10A460000190EDE733F004FA02230190E8E70023BE
:10A47000E6E700BF00800050002337B50193164B7C
:10A480000546D3F894320C4603F00703013B032B37
:10A490001FD8DFE803F0020E1914002101A8FFF70E
:10A4A00061FF10230DB1019A2A6004B1236003B04B
:10A4B00030BD002101A8FFF789FF1123F2E733F037
:10A4C000E5F907230190EDE733F0D2F9022301907B
:10A4D000E8E70023E6E700BF0080005038B5104BE6
:10A4E0000546D3F860310C4603F00303022B0BD072
:10A4F000032B0DD0012B0FD134F018FC0A2305B12A
:10A50000286004B1236038BD33F008FA0923F6E768
:10A5100034F00FFC0C23F2E701230020EFE700BF2B
:10A52000008000502E4B98424AD022D82D4B9842A2
:10A5300040D014D82C4B984239D00AD82B4B984293
:10A5400032D02B4B98422FD02A4B98422CD000204F
:10A550007047294B9842FAD1284B186F7047284B07
:10A5600098422AD0274B9842F1D1244BD3F880004F
:10A570007047254B98422BD009D8244B984223D0C2
:10A58000234B9842E3D11D4BD3F88C007047214BED
:10A59000984221D003F5740303F510539842D6D1A5
:10A5A000164BD3F898007047144B986D7047134BB7
:10A5B000586E7047114B586F7047104B986F70472B
:10A5C0000E4BD3F8840070470C4BD3F888007047CB
:10A5D0000A4BD3F890007047084BD3F894007047AB
:10A5E0000048E8010024F400C0CF6A0080841E0007
:10A5F00000093D0040420F00405DC6000080E00FB2
:10A60000C0EA210180BA8C01007E560380D5430246
:10A61000006CDC020090D00373B50D460021114B95
:10A620000191D3F88041064604F00304022C13D0B4
:10A63000032C0CD0012C13D101A8FFF793FE10249A
:10A640000EB1019B336005B12C6002B070BD33F0D8
:10A650001DF907240190F3E733F00AF90190EFE7C1
:10A660000C46EDE70080005038B5104B0546D3F896
:10A6700040320C4603F00303022B0BD0032B0DD00A
:10A68000012B0FD134F052FB0A2305B1286004B12D
:10A69000236038BD33F042F90923F6E734F049FB73
:10A6A0000C23F2E701230020EFE700BF00800050F9
:10A6B00038B5144B0546D3F800020C4600F00700ED
:10A6C00004281BD8DFE800F003090D111500012351
:10A6D00005B1286004B1236038BD34F027FB0A239C
:10A6E000F6E733F01BF90923F2E734F022FB0C23E1
:10A6F000EEE733F0A7F80F23800AE9E700231846B6
:10A70000E6E700BF0080005038B5144B0546D3F88B
:10A7100008020C4600F0070004281BD8DFE800F010
:10A7200003090D111500012305B1286004B1236050
:10A7300038BD34F0FBFA0A23F6E733F0EFF80923CB
:10A74000F2E734F0F6FA0C23EEE733F07BF80F2350
:10A75000800AE9E700231846E6E700BF00800050C2
:10A76000B0F5207F1FD009D8B0F5007F15D003D8F1
:10A7700068B1B0F5C07F0AD000200CE0B0F5607F72
:10A78000FAD10B4BD3F88000C0F3011003E0084B63
:10A79000186FC0F3033001307047054BD3F89000B9
:10A7A000C0F30460F7E7024B186FC0F38020F2E7B4
:10A7B0000080005002464FF48030104B10B5986670
:10A7C0000020FFF7CDFF504341F671320C4BDC699E
:10A7D000DA635A6804F4803422F4401259B9094902
:10A7E000884294BF00200120000502435A600CB14A
:10A7F0000022DA6310BD0449F2E700BF0090005068
:10A8000000000350005A6202002D3101430905D0B7
:10A81000012B0CD0022B084B18BF002300F01F00A7
:10A8200039B103F58053012282401A607047034B0F
:10A83000F4E703F50053F6E76880005064800050A9
:10A840001FB50021B0F5807F0446CDE9001100F06E
:10A85000D2803AD85E2833D85E2833D8DFE800F0BB
:10A8600045323232323232323232323232323232B5
:10A8700032323232323232323232323232323232B8
:10A8800045AC45ACBCBCBCBCBCACC64E6BDC4EAC39
:10A89000ACAC3232323232323232ACACAC7EE6ACBC
:10A8A00032323232323232323232323232BC4545D8
:10A8B00045E14E4EEB8D63C132323232329E45005D
:10A8C000802870D0009804B010BDB0F5D06F00F0B3
:10A8D000A38035D8B0F5607F79D01AD8B0F5007F65
:10A8E00065D005D8B0F5C07FECD132F0ABFF5CE0AD
:10A8F000B0F5207F60D0B0F5407FE3D132F0A2FF09
:10A9000002464FF42070FFF72BFFB2FBF0F2520823
:10A910005BE0B0F5B06F69D00AD8B0F5806F5BD05E
:10A92000B0F5A06FCED100216846FFF7A1FCC9E7C2
:10A93000B0F5C06FC6D100216846FFF747FDC1E7FB
:10A94000B0F5106F6DD00ED8B0F5086F78D0B9D8CB
:10A95000B0F5E06F6AD0B0F5F06FB3D10021684672
:10A96000FFF7BCFDAEE7B0F5406F3AD013D8B0F5B5
:10A97000206F60D0B0F5286FA4D10021324B039135
:10A98000D3F8703203F00303012B02D103A8FFF7C1
:10A990001DFD039B39E0B0F5486F93D10021684657
:10A9A000FFF76AFD8EE732F02DFF00908AE732F064
:10A9B00029FF0246204604E032F044FF02464FF4ED
:10A9C0002070FFF7CDFEB2FBF0F200927AE701A80B
:10A9D000FFF780FC019AEDE700216846FFF7C2FC13
:10A9E00070E700216846FFF711FC6BE7002168461D
:10A9F000FFF712FE66E74FF0E02302911B695B0749
:10AA000005D532F01FFF0290029B00935AE703A97D
:10AA100002A8FFF7DBFCF7E700216846FFF748FED6
:10AA200050E700216846FFF76FFE4BE700216846BC
:10AA3000FFF71AFE46E700216846FFF7EBFC41E707
:10AA40006846FFF76BFC3DE70080005008B58020AA
:10AA5000FFF7F6FE034B98429EBF4FF48032024B45
:10AA60001A6708BD005A620200A000501FB50346D5
:10AA70000020B3F5807F019000F0C58065D85D2B84
:10AA800056D84C2B07D82D2B48D8232B2CD80198DF
:10AA900005B05DF804FB4D3B102BF8D801A252F82D
:10AAA00023F000BFFDAB00088FAA00088FAA0008A2
:10AAB0008FAA0008ABAB00088FAA00088FAA000875
:10AAC00057AC0008C9AB00086FAB00084DAC0008DC
:10AAD0008FAA00088FAA00088FAA00088FAA000872
:10AAE0008FAA000861AC0008243B092BCFD801A233
:10AAF00052F823F0FDAB0008FDAB0008FDAB0008E9
:10AB0000FDAB0008FDAB00088FAA0008F3AB0008FE
:10AB10008FAA00088BAB000833AC00083D2B00F077
:10AB200083803E2BB3D1002001A9FFF79DFDAEE746
:10AB3000802BACD1504B1B6F03F00703013B032B61
:10AB4000A5D8DFE803F0544D5052B3F5F06F6BD049
:10AB500020D8B3F5B06F4CD00ED8B3F5607F71D06C
:10AB600095D3B3F5806F49D0B3F5A06F8FD1002096
:10AB700001A9FFF77DFB8AE7B3F5D06F59D0B3F594
:10AB8000E06FD0D0B3F5C06F81D1002001A9FFF7ED
:10AB90001DFC7CE7B3F5206F5DD00BD8B3F5086FD3
:10ABA0004CD0B3F5106F7FF472AF002001A9FFF70E
:10ABB000ABFD6CE7B3F5406F48D0B3F5486F4FD0AD
:10ABC000B3F5286F7FF463AF2B4BD3F8703203F0EB
:10ABD0000303012B49D0022B0CBF1523002300E0F7
:10ABE0000523019353E70323FBE70823F9E7022337
:10ABF000F7E7002001A9FFF70FFD48E7002001A9B2
:10AC0000FFF7B0FB43E74FF0E02302901B695B07BF
:10AC100005D532F017FE0D230393039BE1E703A94B
:10AC200002A8FFF7D3FBF8E7002001A9FFF756FCC5
:10AC30002DE7002001A9FFF73BFD28E701A9FFF759
:10AC40006DFB24E701A9FFF745FB20E7002001A9E0
:10AC5000FFF7DCFA1BE7002001A9FFF7DBFB16E793
:10AC6000002001A9FFF708FC11E7002103A8FFF766
:10AC7000ADFB1123B5E700BF008000504FF48032D8
:10AC8000074B0849586E03F580535A664B6A23F008
:10AC900001034B62C3035CBF034B5A66704700BF9E
:10ACA0000080005000C0075000A0005008B5FFF71A
:10ACB000DDFE092811D00A38012802D94FF6FF70AD
:10ACC00008BD4FF48002064B5A6603F5D8335B6A21
:10ACD000DB07F3D54FF4FA70F2E7024B1888EFE781
:10ACE000009000501632002008B5FFF7BFFE032881
:10ACF0000ABF024B4FF6FF70188808BD14320020BF
:10AD000038B504468020FFF7B1FE032800F08380A9
:10AD10004FF48012524B4FF0A0615A6645F60E0276
:10AD2000504BC3F88020504A91624FF4803102F5B5
:10AD3000805291629A6DD203FCD4996D11F08041DA
:10AD4000FBD1D4E90002120542EA0062E07B024333
:10AD5000207B42EA0042607B42EA0032A07B42EA6A
:10AD600080121A619869D4E90452120642EA856297
:10AD700000F000400243A07EE57E0243207E42EACE
:10AD80000042607E42EA00229A611A6AE06922F07B
:10AD90000F0242EA8502354D00283DD11A6294F82F
:10ADA0002420996A94F82000D200294042EA4012F7
:10ADB0000A4394F8211042EA011242F480329A6266
:10ADC0002B49284A936D31EA0303FBD14FF0807180
:10ADD000254881621369A56823F4700343EA05538B
:10ADE00013614FF00043836194F822300BB9214B7B
:10ADF000996294F823303BB94FF480321D4B9A622C
:10AE0000184A936D5B00FCD494F825301BB1154BA8
:10AE1000194AC3F8802038BD024342F008020228D4
:10AE20001A6208D119614FF40852996113484FF41E
:10AE30007F4124F041FA0B4994F822308A6A94F851
:10AE400020001B062A4043EA4013134394F82420B1
:10AE500043EAC20394F8232043EA02438B62D3E718
:10AE6000009000500040005A0050005AC7FFFEFEFC
:10AE7000030001000060005AF1A7FFFF3440005AB0
:10AE8000014B93F90000704734320020014B1880C9
:10AE9000704700BF143200204FF4800208B5184BF1
:10AEA0005A660223174A5360936813F48033FBD128
:10AEB000012822D132F0E0FC134B984215D003F563
:10AEC000122303F5F863984213D0104B00EB800275
:10AED000400AB3FBF0F3520A0A49CA620B6301232A
:10AEE0004B620022074B5A6008BD45F67A13084AA8
:10AEF000F2E745F61A03074AEEE75362F1E700BFAF
:10AF0000009000500040025000F0490264666666FE
:10AF1000D8B80500BBCF0500B0F5207F10B50C46B2
:10AF20005DD008D8B0F5007F4ED003D8C0B1B0F5E1
:10AF3000C07F15D010BDB0F5607FFBD12C4B4C1EEF
:10AF4000D3F8FC202B4912F0807F4FEA041427D15C
:10AF5000D1F8803023F030032343C1F88030E9E793
:10AF600024F0B9F924F0C5F94FF48031224B214A7D
:10AF70001967136F013C23F4704343EA04331367EA
:10AF800032F060FC0446FFF735F9C0F102012046BB
:10AF900024F0A9F900F04AF8BDE81040FFF756BDCB
:10AFA000D3F8FC2022F08072C3F8FC20D1F8802076
:10AFB00022F030022243C1F88020D3F8FC2042F076
:10AFC0008072C3F8FC20B5E70A4A4C1ED2F89030D4
:10AFD00023F0F85343EA0463C2F89030AAE7054A25
:10AFE0004C1E136F23F4806343EA84231367A1E7A5
:10AFF00000ED00E0008000500090005008B50121F5
:10B00000022000F095F94FF42070FFF7A9FB054BE3
:10B01000187024F060F924F06CF94FF48032024B80
:10B020001A6708BD4B2C00200090005008B54FF463
:10B03000C070FFF705FCBDE808400449884294BF92
:10B04000012102214FF42070FFF766BF80F0FA0261
:10B0500038B5044632F0F6FB0546FFF7CBF8C0F1F1
:10B060000201284624F03FF90121002000F0A0F958
:10B070002CB1FFF7DBFFBDE83840FFF7E7BC034B1F
:10B080004FF420701978FFF747FFF4E74B2C0020AE
:10B090004FF4C02270B50546FFF744FA314B044621
:10B0A0005A6603F598335A68012A04D12E494A603A
:10B0B0005A689207FCD48020FFF7D8FC052807D1F6
:10B0C00024F009F924F015F94FF48032254B1A6762
:10B0D000264B24F040749D4230D0254B9D4230D009
:10B0E00032F08AFB8542064603D90121284600F04A
:10B0F0005FF9204BDA6812F0060FFBD199689C606B
:10B100009A68624012F4F81F1ED12846FCF762FAD2
:10B110008020FFF7ABFC05280DD132F093FB0446ED
:10B12000FFF768F8C0F10201204624F0DCF8FFF7D1
:10B130007DFFFFF78BFCAE420CD270BD44F0007473
:10B14000CEE744F08074CBE780209960FFF78EFC57
:10B15000052805D0BDE870400121002000F028B985
:10B160003546DAE70090005000E0015040420F0001
:10B1700080841E0000000150304B314A984251D06B
:10B1800020D8A3F5B703A3F55863984246D00DD84D
:10B190002C4B984231D02C4B984239D02B4B4FF44A
:10B1A000002198421DD00023516622E0284B4FF425
:10B1B00000219842F7D1274BD3F8BC30516623F0D9
:10B1C000407316E0244B984230D0244B984231D043
:10B1D000234B4FF400219842E5D11E4BD3F8C830E1
:10B1E000ECE71C4BD3F8A030516623F0407343F0DA
:10B1F00000734FF0B442936070474FF40021154B39
:10B20000D3F8A030516623F0407343F08073F0E729
:10B21000104BD3F8A0304FF40021CFE70D4BD3F8FB
:10B22000B830F8E70B4BD3F8C030F4E7094BD3F84C
:10B23000CC30F0E7074BD3F8D030ECE7C0EA21017F
:10B240000090005080841E0000093D0040420F0025
:10B250000024F4000080E00F0048E801005A620278
:10B2600080BA8C01024A536B0342FCD1704700BF85
:10B2700000400950044A4178536F23F4407343EA75
:10B2800001235367704700BF004000500E4A10B5BD
:10B290001369044643F00403136133F041F924F0C9
:10B2A0002DF80A4B5B6E5B0142BF094B094AC3F89C
:10B2B000202430BF24F023F803F04EF91CB9BDE878
:10B2C000104032F0BFBA10BD00ED00E00080005029
:10B2D00000E003500000FF0F0C4A10B5136904464C
:10B2E00043F0040313610A4B5B6E5B0142BF094BE1
:10B2F000094AC3F8202433F013F930BF03F02CF9C6
:10B300001CB9BDE8104032F09DBA10BD00ED00E060
:10B310000080005000E003500000FF0F034A017955
:10B32000D36E23F030030B43D366704700400050C8
:10B33000F8B504461C4BD3F88420D106FBD4D3F8CF
:10B340008430C3F381139C422CD032F05BFA012C81
:10B35000064602D1214623F0C6FF33F0F2FC4FF03F
:10B360000072124B07465A66204623F0CBFF4FF47B
:10B3700080630D4D621E93402B676B6E9A0103D460
:10B38000D5F884309B060AD5384633F0D5FC022C1C
:10B3900008D13046BDE8F840002123F0A4BFD5F81D
:10B3A0008430EAE7F8BD00BF004000500060005064
:10B3B00010B50C4608B932F025FA074B21461B7828
:10B3C0003BB1064B984204D80120BDE81040FFF77E
:10B3D000AFBF0220F9E700BF4C2C0020005A6202E8
:10B3E0000278034B012100201A70FFF7E1BF00BF74
:10B3F0004C2C00204FF0004238B5244B244C5A66A8
:10B400004AF6CD33656C014605F00105236428BB7F
:10B410000120FFF727FF6368DB0715D51D4B586038
:10B4200008461D4B226BD2070CD4984208D1072442
:10B4300015B1174B194A1A642FF0EFFA204638BDA0
:10B440000130EFE79842F2D00024F1E70132236B9C
:10B4500013F0080305D08A42F8D1E8E700220E492C
:10B46000F5E78A42E3D020210A4A91620121A2F540
:10B47000805251600649084A886A800603D4934284
:10B48000D5D00133F8E79342DDE700BF00900050CC
:10B49000004009500060095040420F003254FFFF45
:10B4A0004FF0004238B5164B01465A664AF6CD3386
:10B4B000144C154A656C236443780B205B0043F001
:10B4C0000103D363FFF7CEFE63688A7823F4F87331
:10B4D00043EA02136360CA784B7943EA0223A3600C
:10B4E0000A798B7943EA022323610878FFF782FF08
:10B4F000EB0744BF054B23642FF08FFA012038BDC2
:10B500000090005000400950004000503254FFFFAE
:10B510004FF00042124B70B55D6E03F580535A66D2
:10B520004AF6CD3304460F4980204E6C0B64FFF77A
:10B5300099FE0B6A23F00F030F2C94BF234343F0B3
:10B540000F030B62F30744BF074B0B64002DA2BF30
:10B550004FF00042054B5A662FF05FFA70BD00BFF6
:10B5600000800050004009503254FFFF00A00050FE
:10B570004FF00042104B70B55D6E03F580535A6674
:10B580004AF6CD3304460D4980204E6C0B64FFF71C
:10B5900069FE0B6A23F4F85343EA04230B62F307B2
:10B5A00044BF074B0B64002DA2BF4FF00042054B78
:10B5B0005A662FF032FA70BD0080005000400950EA
:10B5C0003254FFFF00A000502B4B2DE9F041984270
:10B5D000064612D0294886420CBF57200020FFF7AC
:10B5E0002FF9B16811F0010109D03169090E01315B
:10B5F000B0FBF1F10846BDE8F0815620EFE7346B6F
:10B60000B3681F4A03F0E003402B02EA040210D0A3
:10B6100007D84BB3202B2BD0B36DDB0748BF4908AD
:10B62000E8E7602B26D0802BF6D14FF480750C46CE
:10B630001CE080250C46032302F5807803FB08F804
:10B640000023424619461CF083FE02FB04F100FB76
:10B6500005F705FB0311A2FB05050023424629441B
:10B660001CF076FE3918D7E710251C460123E3E7C6
:10B670001D46DCE74025DAE70000015B00000A50C8
:10B68000F8FF7F002DE9F04105460F461E46904623
:10B690004AB101233022194C8B4002FB004436B3DF
:10B6A00004F5825423600F21072F05EB450388BF63
:10B6B000A7F108044FEA0313114895BFBC00A4008A
:10B6C00004330C3308FA04F2A140184423F060FE5E
:10B6D000B8F1000F09D101233021084ABB4001FB1A
:10B6E00005223EB102F582521360BDE8F08104F5F7
:10B6F0000154D7E702F50152F6E700BF00C003503E
:10B7000030C00350044A054B002908BF13460122EC
:10B7100082401A60704700BF40100450402004501F
:10B7200010B5012104462020FFF770F801212120E7
:10B73000FFF76CF80122114B15205A60227812068F
:10B740009A606178A27842EA01429A61FF229A6285
:10B7500000229A631A644FF000425A654FF0FF329C
:10B7600003F500531A6502F005FA1520E17824F07C
:10B7700010FEBDE81040152002F0B8B900000450DA
:10B78000F8B50125C3B2D1F800E091F80AC00F7BEB
:10B790000C469D40CB7A1D491D4E0D65810001F17F
:10B7A000A04101F58821C1F804E04FF0300E0EFBF6
:10B7B00000601B05617B43EA0C4343EA475322F0D8
:10B7C00003020166C365026733F0C4FA114B5D657D
:10B7D000237A13B1336C2B433364637A13B1B36BA5
:10B7E0002B43B3632279A37943EA0243074A936167
:10B7F0006179E37943EA014306498B61044B556360
:10B800009D64BDE8F84033F0A0BA00BF00200450AA
:10B81000000004500010045010B50124C0B2844050
:10B8200033F098FA044B5A6D22EA04025A659C627E
:10B83000BDE8104033F089BA0000045070B50546E9
:10B8400033F088FA3022084B5E6B02FB05335C6EE6
:10B8500033F07BFA0123EDB2AB4033420ABFC4F3AD
:10B860000A100020013070BD000004504FF48032F7
:10B87000054B9A6641F6713203F51C33DA630122F7
:10B8800003F50053DA6070470090005041F67132C2
:10B890000121064BDA6303F50052D1600022DA631E
:10B8A0004FF48032A3F518339A66704700000350B6
:10B8B000013831289ABF024B185C0020704700BF46
:10B8C00038F3030838B5C2F30625044602F0070230
:10B8D00041B942EA052242F440220634074B43F8BC
:10B8E000242038BD1146284623F061FD0246284633
:10B8F000FFF7DEFF163442EA0022EFE70080035034
:10B900004FF48032064B5A6603F5E6239B69C3F376
:10B910008512827003F03F021B0B42700370704768
:10B9200000900050014B986CD96C70470080E00F7C
:10B930000120034B9B680A3303F01F0398407047B4
:10B940000080E00F70B5054616461C4621B94FF43D
:10B950002070FEF775FF0146402C1BD003D8DCB1E8
:10B96000202C1BD070BD602CFCD1042303FB06F2FD
:10B97000530803EB4113B3FBF2F3094A203B02EAFD
:10B98000C303AA6822F06002AA60AA681443AC60EC
:10B99000EB61E7E70623E9E71023E7E70823E5E79C
:10B9A000F8FF7F00F8B5154E1C4615460E40FAB953
:10B9B000202B05D0402B1ED0002B0CBF1024402480
:10B9C000012306F580765E430023324619461CF0BB
:10B9D000BFFC02FB05F100FB04F704FB0311A2FB13
:10B9E00004040023324621441CF0B2FC3844F8BD64
:10B9F00080240025E4E780240323E2E7F8FF7F00AA
:10BA0000012100F5805310B5596040F6AA6341F258
:10BA1000050243610023094C8360C365C26000F5E1
:10BA200000520361C361C3649464054C8365A04202
:10BA300004BF03654365516010BD00BFFFFF0100F7
:10BA400000C0055070B50D46FFF7DAFF012300F581
:10BA500080567360AB7C04461BB1836843F080431F
:10BA60008360EB7C5BB1244B9C4202BF2A7DA3F533
:10BA70001033C3F8C821E36D43F08003E3652A8ADD
:10BA80006B7B20461343EA891343E3602B7BD5E9A4
:10BA90000112FFF757FF6B7D1BB1A36843F480339E
:10BAA000A360AB7D1BB1A36843F40043A360EB7DAF
:10BAB0002A7E1B07120502F4E00203F0E043134361
:10BAC000A3656B7E9A1E012A4FF0020209D80B492A
:10BAD000032BC1F8202709D10423F3652B78636178
:10BAE00070BD0749012BC1F82027F4E7042204F5B3
:10BAF0000053DA65F2E700BF00C0055000D00350E4
:10BB000000E003500122437801789A4030235943E2
:10BB1000014B5A50704700BF40E00350034BD3F82D
:10BB20002424D3F820041040704700BF00C0035005
:10BB30002DE9F8431F4B0546D3F810334B1E0E2B4F
:10BB40000E461746047890F8018026D951B34FF07D
:10BB5000000928461FB331F097FF0F21B8F1070FF6
:10BB600004EB440488BFA8F108084FEA0414124803
:10BB700095BF4FEA88084FEA880804340C3409FA64
:10BB800008F201FA08F1204423F053FC86B9284654
:10BB900057B1BDE8F84331F077BF8946D9E7FFF7E1
:10BBA000B1FFDAE78946D8E7BDE8F843FFF7AABF57
:10BBB000BDE8F88300C0035030C003502DE9F041C8
:10BBC0002B4B1746D3F810234A1C06460C464078E8
:10BBD00004D1D3F8241423F03BFC0446002C2FDBC3
:10BBE000072C4FF0030532782DDC4FEA840805FA64
:10BBF00008F529461F4802FA08F223F01AFC2946E4
:10BC000072781D4802F0030202FA08F223F011FCD8
:10BC1000012317F0050F194A18BF194903FA04F355
:10BC20000CBFC2F81034C1F8103417F0060F18BF5B
:10BC3000134AC2F814340123104AA340C2F8203436
:10BC40002046BDE8F081A4F108084FEA880805FA0B
:10BC500008F529460B4802FA08F223F0EAFB72784D
:10BC6000294602F00302084802FA08F2CEE700BFB4
:10BC700000C0035000C4035008C4035000E0035048
:10BC800000D0035004C403500CC40350054B9A6801
:10BC90009107FCD45A689207F9D4DA69002AF6D1E0
:10BCA000704700BF00800A5008B531F0F9FE02224B
:10BCB000014B1A6108BD00BF00800A5008B5FFF7AC
:10BCC000E5FF0122024B03F580514A601A6108BD6D
:10BCD00000800A5008B5044B5968012903D1FFF7C9
:10BCE000E3FF024B596008BD00800A5000A00A50D3
:10BCF00010B5064CFFF7CAFF6368012B03D1FFF7AD
:10BD0000E9FFFFF7C3FF0378E36010BD00800A502E
:10BD1000B8B94A680B7812B1127843EAC2034A787C
:10BD200043EA42038A6812B1127843EA82138A789E
:10BD300043EA8203CA6812B1127843EA4223014AF5
:10BD40009364704700800A504FF48032084B5A6663
:10BD500003F5E6239B691A0B027003F03F02427061
:10BD60004FF6FF72C3F3851342808380704700BF94
:10BD70000090005040F6B732064B5B689BB293428E
:10BD80009FBF4FF47A72B3FBF2F3034AD05C88BFD3
:10BD9000002070470080E00F6AF30308014B986CA5
:10BDA000D96C70470080E00F70B504462EF031FF6B
:10BDB000064630B90FCC044D0FC594E8030085E862
:10BDC0000300304670BD00BF301E002047F6FF73F1
:10BDD0009A42F0B56FD002296FD8394B5B5C012BCA
:10BDE0006BD8384DDF0005EBC30415F83330A1786C
:10BDF000012B13D10025E078401AA84202D808444C
:10BE0000C0B2F0BD431B6668A0EB530336F9136064
:10BE10009642D4BF1D4603F1FF30EEE7606800286C
:10BE2000EFD0B0F90040944204DBB0F902409442F4
:10BE3000B8BF144683883D44FF2B19BFC8224FF07A
:10BE4000280CB0F90620B0F908C0A2EB04030CBF1F
:10BE50000126002693FBFCF333446E781BB29E420E
:10BE600001DD002B01DA731E1BB24FF47A7C013323
:10BE70009BB2071D5D1E2DB24FEAC50E00EBC50536
:10BE8000EA88AD689E4214FB025222EAE27202F195
:10BE90005C02B2FBFCF204DD37F83350013395420B
:10BEA000E8D200EB0E039888904228BF10468842E3
:10BEB00038BF0846A4E7FF20A3E70020A1E700BFA2
:10BEC0006DF30308301E00200229F0B555D82C4B25
:10BED000585C012851D82B4C04EBC00114F83000F9
:10BEE0004B6801280FD1C8788C78904294BFC4EB7E
:10BEF0000001C4EB0201001BCAB28242C8BF00228B
:10BF000033F91200F0BD002B37D08878904202D36D
:10BF1000B3F90200F6E7CC78B3F900009442F1D906
:10BF20004C789988013CA1F1FF06714203F10405A8
:10BF3000E4B2714103F10C07CEB2B44216D805EB5E
:10BF4000C1014FF47A756A43B1F902404968521A47
:10BF500004EBD47102EB610292FBF4F29042D1DB6C
:10BF6000B3F902009042CDDC10B2CBE737F831C014
:10BF70004E1C9445E3D33146DEE70348C2E700BFD9
:10BF80006DF30308301E00200080FFFF08B5044851
:10BF9000FFF70AFFBDE8084001202EF040BE00BFB9
:10BFA00070F3030800487047183200202DE9F04173
:10BFB0008CB08846DDE912761D460446002847D03D
:10BFC000002945D0002F43D0002E41D013F00F039D
:10BFD0003ED120482049A360002A08BF0146E36102
:10BFE000C4E90013404609A923F050FB68BB204672
:10BFF000099932F0E6FE2946204632F0E2FE694613
:10C00000404600F0DFFA00BB6946204623F06CFD95
:10C01000404603A923F039FCB8B9204603A923F010
:10C0200063FD06970127204645F0005506A90797AE
:10C03000089523F059FD204609A909960A970B9502
:10C0400023F05CFD204631F075FD0CB0BDE8F081B9
:10C050002120FAE700010004000101042DE9F0416C
:10C060008CB0884616461D460446129F00284BD0C9
:10C07000002949D0002A47D0002F45D00B68103B3B
:10C08000102B41D8214A22FA03F3D9073CD50023CB
:10C090001F4A8360C0E90023C36109A9404623F019
:10C0A000F5FA70BB2046099932F08BFE29462046EE
:10C0B00032F087FE6946404600F084FA08BB6946C4
:10C0C000204623F011FD404603A923F0DEFBC0B952
:10C0D000204603A923F008FD06960126204606A95E
:10C0E00045F000550796089523F0FEFC094B2046C5
:10C0F00009A909970A960B9323F000FD204631F019
:10C1000019FD0CB0BDE8F0812120FAE70101010022
:10C110000000040410000020F0B50C4617461E462F
:10C12000054695B0002874D0002972D0002A70D03E
:10C13000002B6ED0036B0F2B5BD80023364A38469A
:10C14000C4E90023A360E36111A923F09FFA00284A
:10C150005BD12046119932F034FE296B20460F291D
:10C1600084BF01F00F01103132F02BFE384602A9D6
:10C1700000F028FA002848D1204602A923F0B4FC98
:10C18000384605A923F081FB00283ED1204605A9A9
:10C1900023F0AAFC0122214B089509920A932B6BEC
:10C1A00005F1100003F00F0141F000510B900F2B2F
:10C1B0000C920D910E900F9243F00052109226D9DE
:10C1C0000A9B08A923F0005320460A9323F08CFC15
:10C1D0000BA9204623F088FC0123119612930F4BE4
:10C1E000204611A9139323F089FC204631F0A2FCCC
:10C1F0000BE000F120030190009301221023394647
:10C200002046FFF7D3FE002897D015B0F0BD0EA949
:10C21000DFE72120F9E700BF000004041000002040
:10C220002DE9F04F9BB00C4690461F460546DDF8C1
:10C230009090002800F0B280002900F0AF80002A22
:10C2400000F0AC80002B00F0A980026B02EB090328
:10C250001B09B3EB121F02F00F0600F097800023BA
:10C260004F4A8B60C1E90023CB61404617A923F0F8
:10C270000DFA0346002840F0858006EB090B2046A6
:10C2800017992BF00F0A32F09CFD5146204632F0F0
:10C2900098FD404602A900F095F90346002871D1A7
:10C2A000204602A923F020FC404605A923F0EDFA20
:10C2B0000346002866D14FF00108019005A92046E9
:10C2C00023F012FC374A204608A90895CDF82480AF
:10C2D0000A9223F009FC46F00051AAEB060605F18C
:10C2E000100346F000560B93CDF830800D910E9759
:10C2F000CDF83C8010960D99204621F000510D910B
:10C300000BA9009323F0F0FB20460EA923F0ECFBD1
:10C31000019B244A1193AAF1100343F00053CDF876
:10C320004880139305F120031493CDF8548016929E
:10C33000139B204643F080431393139B11A923F0D2
:10C340000053139323F0DAFB204614A923F0D6FB05
:10C35000144A17A920461795CDF86080199223F04A
:10C36000CDFB204631F0E6FBAAEB0B0149440190DE
:10C37000ABEB0A02009839442FF0E5F9019B2A6BD8
:10C380004A442A6318461BB0BDE8F08F10304A4675
:10C39000394630442FF0D7F90023F0E72123F1E7A5
:10C3A00003020004100000202DE9FF474FF00008B1
:10C3B0000E4617460446CDF80080002859D022B911
:10C3C0000025284604B0BDE8F087002951D032F09E
:10C3D000030902F0030A1FD04FF0E063C0E9003800
:10C3E00001230191C0F808800293C0F81C8049F035
:10C3F000005301A9039323F081FB4946204632F004
:10C40000E0FC204631F096FB054628B14A464146FD
:10C4100030462FF090F9D4E7BAF1000FD0D04FF0AA
:10C4200000084FF0E063C4E900380123CDF804D0E0
:10C430000293114B204601A9C4F80880C4F81C805F
:10C44000039323F05BFB0421204632F0BAFC204624
:10C4500031F070FB054608B13A46D8E7009A4E44E1
:10C46000EB00013522FA03F3AA4506F8013BF7D1A8
:10C47000A6E72125A5E700BF04000020F0B50F4680
:10C4800016461D46044693B010B9212013B0F0BDE6
:10C490000029FAD0002AF8D0002BF6D0002331462C
:10C4A0001A46384623F097F80028EFD1304602A903
:10C4B00023F02DF80028E9D1EB68022B0AD0396867
:10C4C0003F48029A81426B6902D01830814270D194
:10C4D0009A42DAD82B68002BD7D14FF060623846E9
:10C4E000C4E90023A360E36101A923F0CFF8002889
:10C4F000CCD10199204621F4F061019132F061FC28
:10C500006946284623F0C2F80028BFD1204600998A
:10C5100032F057FC384609A900F054F80028B5D18C
:10C52000204609A923F0E0FA38460CA923F0ADF91A
:10C530000028ABD120460CA923F0D6FAEB684BB10A
:10C54000284606A900F03EF800289FD1204606A9FB
:10C5500023F0CAFA304603A923F097F9002895D1B1
:10C56000B368DA040CD59B0427D50621F369326938
:10C570001B6801FB03225B0043F000530392059309
:10C58000204603A923F0B0FA28460FA923F07DF92D
:10C5900000287FF47BAF20460FA923F0AFFA0325D4
:10C5A000204631F0C7FA01287FF470AF013DF7D182
:10C5B0006CE7B3EB420F8DD267E7292066E700BF37
:10C5C000200000B090B189B101234B60C368013BEA
:10C5D000012B08D88269064B1AB10A6000208B60D3
:10C5E0007047044AF9E74FF00053F7E721207047FE
:10C5F000080000204405040870B50E4615460446A0
:10C600008AB000285BD0002959D0002A57D00123D6
:10C6100029461A46304622F0DEFF00284DD1B36885
:10C6200013F4C04F4BD0AB6803F4C043B3F5005FC5
:10C6300045D1254BA060C4E90030E06107A9304630
:10C6400023F024F8002838D12046079932F0B9FBAE
:10C65000304601A9FFF7B6FF78BB204623F044FA25
:10C66000304604A923F011F938BB204604A923F071
:10C670003BFAEB681BBBAB6803F4C043B3F5005F48
:10C680001DD16946284622F06DFFB0B9009B6A694A
:10C690009A4216D32A6943F000530792012220469A
:10C6A00007A908920325099323F028FA204631F0C0
:10C6B00041FA012801D1013DF8D10AB070BD212015
:10C6C000FBE71D20F9E700BF0000010206289ABF22
:10C6D000014B185C002070474C050408012300F052
:10C6E0001F02A0F506200949A0F5506040099340BB
:10C6F00051F820201A4341F82020054951F8202004
:10C7000022EA030241F82020704700BF601E00208B
:10C710004C1E00200121A0F506230E4AA3F550630C
:10C720005B0900F01F00814052F82300014342F8EA
:10C7300023100949D1E90030034488680344C868DC
:10C74000096903445B1802BFC2E90033C2E902333E
:10C75000136170474C1E0020601E00202DE9F04F31
:10C76000A9B003921D4604460822339ECDE9040178
:10C77000414021FA02F34B40980702F1080218BF2A
:10C780009B00202A1C44F4D18123B4FBF3F303EB78
:10C79000C313E41A734B04F506241B7804F55064A4
:10C7A000002B3ED1FCF7DAFE074620B16FF0910076
:10C7B00029B0BDE8F08F0146402208A82EF0BBFF4B
:10C7C0004022394618A82EF0B6FFDFF8B081DFF816
:10C7D000B091C3460BF10F0ACDF800A0102208A9B2
:10C7E0005B46D9F8000022F063FA0022014608F106
:10C7F000100808AF914246D1CDF800A05B46102248
:10C80000D9F8000018A922F05CFA4FF0000A83461C
:10C8100018AFD34541D1544B9845DAD10122514B41
:10C820001A704FF0810A4FF00008DFF858B1A4F5F4
:10C830000627A7F550635B095BF8232004F01F016E
:10C84000CA40D2073DD4494A52F82330CB40DB07D7
:10C850002AD5B8F1000F08BFA0468123A7F6FF47ED
:10C86000B7FBF3F303EBC313FF1A07F50624BAF182
:10C87000010A04F55064DAD1039BBBB1B8F1000F93
:10C8800014D0444619E057F8040BCDE90612FFF71F
:10C8900025FF079A06990132ACE757F8040BFFF71A
:10C8A00039FF0AF1010AB4E7039B13B96FF08B005B
:10C8B0007EE7B8F1000F18BF4446349B00201C608F
:10C8C00076E7329B13B10023329A13600EB1002336
:10C8D00033601023DFF8A89000932A4600232146F6
:10C8E000D9F80000FCF714FD60BB32992A68204B90
:10C8F000C9B99A4206D02146D9F80000FCF78AFD52
:10C900000028D3D1D5E90223DDE90410834208BF12
:10C910008A42A2D1039B002BCFD06B68012BCCD1D4
:10C920006FF0840044E7102032999A420860E2D107
:10C93000002EE7D033462146D9F8000018AAFCF7AC
:10C940002DFD40B10B4B9842D5D06328D3D00A4B74
:10C950009842D7D02AE7329A336812689B1A33601C
:10C96000D0E700BF4D2C0020007108004C1E0020B5
:10C97000105D175EFFDF00F0FEDF00F0006D0800C5
:10C98000D0300020601E00202DE9F04F87B0824695
:10C99000894698461646DDF840B02AB1002B4FD0A4
:10C9A00040F26C739A424ED8BBF1010F4ED800246E
:10C9B00006F1100739460120059423F057FD05467E
:10C9C000002846D021463A462EF0B5FE05ABCDE90B
:10C9D000014300942B46012250464946FFF7BEFE14
:10C9E000044680B110F18C0F08BF6FF08D043A46F9
:10C9F000002128462EF09FFE284623F019FD2046F0
:10CA000007B0BDE8F08F144BC5E902A92B60C5F84B
:10CA100004B02EB13246414605F110002EF093FECF
:10CA2000059E0E483B462A4631460068FCF7ECFB63
:10CA300018B93046FFF752FED9E76FF09104D6E7F8
:10CA40006FF08604DBE76FF09104D8E76FF08504A0
:10CA5000D5E76FF08C04D2E7105D175ED030002070
:10CA60002DE9F0438DB08146DDE914780E46154678
:10CA70001C469BB1B8F1000F05D16FF08606304619
:10CA80000DB0BDE8F083002FF7D0B7F1005FF4D30D
:10CA9000C3F1005303F580239F42EED810220021FA
:10CAA00008A82EF048FE002207AB029305AB0193C5
:10CAB00006AB31460093484608ABCDE90522FFF7A7
:10CAC0004DFE06460028DAD1059BA4B1AB4215D82D
:10CAD00053EA0504D1D1069B0B48C8F800400094E6
:10CAE0003A46079900682B44FCF712FC002818BF4F
:10CAF0006FF09106C3E7AB42EDD2BEE75B1B9C42F1
:10CB000028BF1C46E7E700BFD030002030B58DB00D
:10CB10000C4605461022002108A82EF00CFE00222B
:10CB200007AB029305AB019306AB21460093284661
:10CB300008ABCDE90522FFF711FE0446D8B9099BE1
:10CB4000012B1BD0079D104B29461868FCF762FC8F
:10CB5000B8B90122A5F506230C49A3F550635B097A
:10CB600005F01F00824051F823004240284641F85A
:10CB70002320FFF7CFFD20460DB030BD6FF08404B9
:10CB8000F9E76FF09104F6E7D0300020601E002036
:10CB90002DE9F04F95B00446DDE92075DDE9226806
:10CBA0009346DDE91E028A46DDF8909029B96FF0C0
:10CBB0008604204615B0BDE8F08FBBF1000FF6D01B
:10CBC0000FB9002DF3D108B9002AF0D116B9B8F188
:10CBD000000FECD1B9F1000FE9D02C4A934251D1AA
:10CBE0002388B3F5105F4DD1242200210BA82EF02D
:10CBF000A2FD2022002103A82EF09DFD0BA822F00B
:10CC000077FC10B16FF09204D3E720465A465146A4
:10CC100003AB00F00DFA04460028CAD1039822F0B5
:10CC2000C5FF04460028C4D115B9C9F80050C0E7B3
:10CC3000B74224D27B199E4221D24545B7D8394606
:10CC40002A4630462EF05DFD374615F00F0AAED16C
:10CC5000CDE900762B46524603A90BA8FFF7A6F9AB
:10CC600007460028E1D04246514630462EF063FD8B
:10CC7000012FC9F800A0C5D16FF08B0499E7454595
:10CC8000E3D994E76FF0850493E700BF00444004C4
:10CC90002DE9F047C2B00C4607460021154668460C
:10CCA00020229A464A9EDDF83091DDF838812EF038
:10CCB00042FD202200210DEB02002EF03CFD20223F
:10CCC000002110A82EF037FD2422002118A82EF0F4
:10CCD00032FD0021802222A821912EF02CFD3CB1B2
:10CCE00035B12EB1B9F1000F02D0B8F1000F05D166
:10CCF0006FF08604204642B0BDE8F0872188628844
:10CD000001F4E043B3F5804FF2D02C4B2C483B406C
:10CD100043F01063834202D06FF08504EAE7D31D2D
:10CD2000BAEBD30F4FEAD307E2D34D9B9F423FD8D4
:10CD300047F212139942EFD1B2F5807FECD1214B2B
:10CD40004B98089384230230013620F0030015939A
:10CD50007B000C960D90119320466B465246294657
:10CD600021AE149600F064F904460028C2D10A9B53
:10CD7000109043F4005318A80A9322F0B9FBD0B9DD
:10CD8000694610AB08AA18A8FFF778FB054610B152
:10CD90004828ADD1C0E73A46314648462EF0D3FC8C
:10CDA0002B4673550135842DFBD1C8F80070A1E7DF
:10CDB0006FF089049EE76FF092049BE70000FFF696
:10CDC00000000209200000802DE9F0410D461446C4
:10CDD0001E46C4B010B96FF086000DE00029FAD0ED
:10CDE000002AF8D0002BF6D0038803F44F42B2F5A6
:10CDF000824F04D06FF0850044B0BDE8F081DAB214
:10CE0000122AF7D123F0FF03B3F5E24F27D143886D
:10CE10003360FBB9E3003360B3F5807FEAD10023D0
:10CE2000184642492E19214411F8014D16F8012DDA
:10CE30001043121B0CBF4FF0FF340024B54203EA2D
:10CE4000040343EA0203EFD10028C4D0002BC2DA66
:10CE50000020D1E7DA1DB4EBD20FDDD0BBE7B3F58C
:10CE6000824F5FD10B78042BB5D12422002119A861
:10CE70002EF061FC19A822F03BFB00284FD10027BF
:10CE80008422394623A822972EF055FC01234FF027
:10CE9000880820223946013C01A88DF888300135E8
:10CEA0002EF049FC20223946069409A8E400059595
:10CEB00064082EF040FC22AD2022394611A80D95C1
:10CEC000CDF838802EF037FCE02CCDE915583460D1
:10CED00003D0B4F5807F7FF47EAF154B0734019308
:10CEE00009934FF4005303934FF48043E4080B93EA
:10CEF00001AA11AB640009A919A81294FFF7BEFAA0
:10CF000033680733DB085A0033B10021531E013B5D
:10CF1000297005F10105FAD2002899D05BE76FF07E
:10CF2000920069E76FF0960066E700BF700504089D
:10CF300020000080F8B5134642880C460732072AC5
:10CF40004FEAD20101D0A1426DD1D0E90167058835
:10CF50002022184600212EF0EEFB360A034626B1A9
:10CF6000012E11D06FF08B00F8BD002C5BD041F288
:10CF70000102954205D0B5F5885F02D0B5F5905F06
:10CF80001BD15C600020EFE7C660002C4BD041F263
:10CF9000010295420BD15C60B90707F001021FD472
:10CFA000002AEFD19A6842F080729A60EAE7B5F5FC
:10CFB000885FF0D0B5F5905FEDD0B5F5105F0AD180
:10CFC000182C03D0202C01D0102C2CD1C3E9004404
:10CFD000002ED7D0E0E705F44F42B2F5824F02D0E1
:10CFE0006FF08500C0E7EAB2122AF9D1202CF7D100
:10CFF0000E4A25F0FF05B5F5E24F1A600CD0B5F5E5
:10D00000824F10D14FF4005217F4705F09D017F41B
:10D01000864F04D09A60E3E74FF48042F4E742F48D
:10D0200080629A60D4E76FF086009DE72000008060
:10D030002DE9F041174600221C4643688CB01B0ABC
:10D0400080460D46009204D0012B56D06FF08B0025
:10D050008EE0008820F0FF03B3F5824F15D1B8F8B9
:10D0600002200732D208009222F0ACFD002800F026
:10D07000E1800B78042B05D1013FB7EB420F05F19E
:10D08000010503D06FF0860072E00097009E2246F3
:10D0900031464046FFF74EFF002869D1FA1CC4E92B
:10D0A000030522F003026261002E00F0A48020221A
:10D0B000002101A82EF03FFB3146404601AAFFF7B0
:10D0C00039FF002840F097802368019A9A4240F087
:10D0D00092806368029A9A4240F08D80A368039A16
:10D0E0009A4240F08880A369079A9A4240F0838070
:10D0F000E369089A9A423BD07DE0032FC2D90B78AE
:10D10000012B40F09A80497800294BD0F739082943
:10D110009CD801A353F821F081D100083DD100082B
:10D120004DD0000877D100084DD000089BD10008F1
:10D130004DD000088BD1000893D100084FF4105651
:10D14000F8253F4F1C22002102A82EF0F4FA0323F9
:10D150000197CDE90435039601AA09AD134603CB27
:10D16000AB42206061601A4604F10804F6D1002049
:10D170000CB0BDE8F08110274FF08076FA25E1E78A
:10D1800020274FF00076F725DCE7FE252C4F2D4EAB
:10D19000D8E7FF252A4F2C4ED4E74FF41056FC2534
:10D1A000274FCFE72B2F7FF66DAF202220462EF0A2
:10D1B000C2FA05F110032361AB070DD001AB05F1F5
:10D1C00028061A4628686968083503C2B54213461E
:10D1D000F7D1286801AD10606B68103F2360AB6821
:10D1E00069466360EB682046A36001236761E360E2
:10D1F00022F08DF928B12022002120462EF09BFA42
:10D2000040E7B8F80030009E03F44F42B2F5824F79
:10D210000ED1DAB2122A0BD123F0FF03B3F5824FFD
:10D2200006D1730062691C339A42BFF43DAFE2E756
:10D230003346F7E76FF085009AE76FF0910097E7C4
:10D240002000008000440002004400032DE9F04F5C
:10D2500091B0DDF8688081460C4692469B461C9F43
:10D26000B8F1000F05D16FF08604204611B0BDE87B
:10D27000F08F002FF7D00028F5D02422002107A836
:10D280002EF059FA07A822F033F910B16FF092048A
:10D29000EBE714F47C1FC4F305452AD0102DE2D827
:10D2A0001B9B9D4233D81D4B24F47E149C4231D1EC
:10D2B000002303AECDE90333CDE9053352465B4687
:10D2C0004946009607A8FEF7C9FE044698B92A46C3
:10D2D000314640462EF037FA234633550134102CA0
:10D2E000FBD100243D6007A822F00CF90028BCD037
:10D2F000CCE71025D4E7212806D0012814BF6FF011
:10D3000092046FF08B04EEE76FF08604EBE76FF0AA
:10D310008904AAE76FF08504A7E700BF0002C003F5
:10D3200070B50E461446054610B96FF0860070BD04
:10D330000029FAD0382200212EF0FDF9094B24F4FF
:10D340007E129A420AD13388B3F5105F06D1C4F336
:10D350000543102BE9D800202C60E8E76FF085002A
:10D36000E5E700BF0002C003F0B50F4616461D46B4
:10D3700004468DB088B302B97BBB2422002103A8E8
:10D380002EF0D9F903A822F0B3F820B16FF092047F
:10D3900020460DB0F0BD2368114A23F47E1393425A
:10D3A00015D135B9002403A822F0ACF80028EFD03D
:10D3B000ECE733463A46009503A9201DFEF730FFFF
:10D3C000012807D00028EDD06FF09204EBE76FF052
:10D3D0008804E8E76FF08B04E5E76FF08604D7E791
:10D3E0000002C0032DE9F0418EB0884616461D4666
:10D3F0000446149F002840D0002A3ED0002B3CD089
:10D40000002F3AD0102B036828BF102513F47C1F7F
:10D41000C3F3054202D0954228BF15461A4A23F4A9
:10D420007E1393422CD12422002105A82EF083F9EB
:10D43000002305A8CDE90133CDE9033322F058F8E4
:10D4400040B9424601AB05A9201DFEF765FE30B18B
:10D4500000233B606FF092000EB0BDE8F08105A89C
:10D4600022F050F804460028F2D12A46304601A99D
:10D470002EF069F920463D60EEE76FF08600EBE79D
:10D480006FF08800E8E700BF0002C0032DE9F0411B
:10D490000E4617469846044600B3F9B1F2B19822F9
:10D4A00000212EF048F93146069A04F16000FFF79A
:10D4B00037FF0546A0B92346424639463046FFF7B6
:10D4C000B7FD054660B97288D208A2F11001102993
:10D4D000E26503D80A4BCB40DB0704D46FF0860526
:10D4E0002846BDE8F08163691C329342F6D304F10B
:10D4F0002003184621692EF026F92061F0E700BFCD
:10D50000010101000023C36001F1380303612023FE
:10D510000A6843618B6D0B4922F47E128A42436094
:10D5200003D001F580718A4208D1102B01D0182B4D
:10D5300002D1036000207047202BFAD06FF08800E2
:10D54000704700BF0001C00370B505460C4631F0BE
:10D5500001FC0C2D064616D80C2D18D8DFE805F076
:10D560001B1B171B1B2A171B2E17311734000123F7
:10D57000194AAB4013421DD1132D2AD00D2D06D1CF
:10D580004FF4F06022E0A5F10D03122BEFD9002338
:10D590002380212409E08020FDF7A6FB4FF6FF73CE
:10D5A000984220800CBF0E240024304631F0CDFB81
:10D5B000204670BD002323800F24F6E74FF48060DF
:10D5C000EAE74FF44060E7E74FF4C060FDF76EFB19
:10D5D000E4E74FF4E060F9E7008063D4B8B1036892
:10D5E00013F4E07F03F03F00C3F382120AD0012A54
:10D5F0000DD1084B41B103F58053012282401A60DE
:10D6000000207047044BF5E703F50053F5E70E20C3
:10D61000704700BF688000506480005070B5744847
:10D620008AB022F0A9FE0646002840F0C0806C4671
:10D63000704D0FCD0FC40FCD0FC495E8030084E8E3
:10D6400003006D4BD3F84C21110340F1B380A3F5D7
:10D65000FE431C88B4F5807F28BF8C248DF81940C8
:10D66000FDF70EFC044484F3080464488DF8184068
:10D67000F9F7B6FF6846FDF743FB3220FDF706FCDD
:10D680005F48FDF705FD5F48FDF776FD5E4C012123
:10D690003620FDF7BBF80020FDF7FEFBFDF7AEFCE2
:10D6A000236F002023F0070343F003032367FDF7F4
:10D6B000CFFC236F23F474432367544BD3F8FC202F
:10D6C000D2017BD4D4F8803023F0030343F001036C
:10D6D000C4F88030D4F88030C4F880304A4CD4F894
:10D6E000203123F0070343F00203C4F82031D4F8BB
:10D6F000283123F0070343F00203C4F82831D4F89B
:10D70000803123F0030343F00103C4F88031D4F8DF
:10D71000403123F0030343F00103C4F84031D4F84F
:10D72000603123F0030343F00103C4F86031D4F8FF
:10D73000403223F0030343F00103C4F84032D4F82D
:10D74000003223F0070343F00103C4F80032D4F899
:10D75000083223F0070343F00103C4F80832D4F879
:10D76000703223F0030343F00103C4F87032D4F89D
:10D77000203223F0070343F00103C4F82032FDF701
:10D780007DFA4FF0E022136943F004031361D4F8EB
:10D79000603223F0070343F00103C4F86032D4F889
:10D7A000943223F0070343F00103C4F89432304667
:10D7B0000AB070BDD3F85041E4B24FE7D3F8FC2073
:10D7C00022F08072C3F8FC20D4F8802022F00302FB
:10D7D00042F00102C4F88020D4F88020C4F88020F0
:10D7E000D3F8FC2042F08072C3F8FC2076E700BF3B
:10D7F000C4050408900504080080E00FC017530218
:10D8000000B4C404C0EA21010080005000ED00E033
:10D8100007B5094B18689A889B7900906846ADF85F
:10D8200004208DF80630FDF73BFE0920FDF770FE61
:10D83000002003B05DF804FBB805040870B500F0E3
:10D84000BDFE0446E8B900F049FF31F01FF84FF47F
:10D85000167343430C4A03F5742303F23F23B3FBCF
:10D86000F2F30A490A480B600A230268094D0E6860
:10D87000013B45F8046B0E6813F0FF033244F6D108
:10D880000260204670BD00BF40420F00A81E00206D
:10D89000781E00207C1E0020012208B5034B1A7060
:10D8A00031F06DFC024B186008BD00BF4E2C00200B
:10D8B000741E002010B530F0E9FF044631F039FA4B
:10D8C000844207D931F067FC20B10122024B186075
:10D8D000024B1A7010BD00BF741E00204E2C002099
:10D8E000F8B51F4C2378E3B131F049FC1D4B1E4DB8
:10D8F0001B68C01A28602B68A3B12B682B6030F01E
:10D90000C5FF4FF416725043184A00F5742000F218
:10D910003F20B0FBF2F02B682B68834204D9002330
:10D920002370F8BD0123E9E71148124E03782968F6
:10D9300056F82320104F511A3A68521A29683A6053
:10D9400046F823100A210932B2FBF1F20B4D0133E4
:10D95000DBB22A60B3FBF1F201FB12330370DEE7A6
:10D960004E2C0020741E0020A41E002040420F00F8
:10D970004F2C00207C1E0020781E0020A81E0020B6
:10D98000014B1868704700BFA81E002070B5022127
:10D990002C2022F0FEFC4FF4801204250E4C0F4B7D
:10D9A0000F4E5A6604F500535E672C205D671E67B4
:10D9B0001D6700F0DFF82C2000F098F804F5805384
:10D9C0005E675D67A36A23F00073A362A36A43F4F2
:10D9D0008053A36270BD00BF0040005A0090005009
:10D9E000010000A0064B074A996D11F0050F01D008
:10D9F000117811B10028F7D170470120704700BF9E
:10DA00000040005A502C0020164B10B51C6F14F02B
:10DA1000040111D0144A1167082191629B6DDA0745
:10DA200001D4FFF747FF00F0D9FC00F0B9FC01205A
:10DA300030F0D0FF31F0B1FBE30706D501220A4BED
:10DA40001A67FFF74DFF00F0ABFC14F000521CBF4B
:10DA5000054B1A67002CBEBF4FF00042024B1A67FD
:10DA600010BD00BF0040005A0060005A0028ACBF43
:10DA700000F16040064B4FEA0111C9B2ABBF00F59F
:10DA8000614000F00F0080F800131954704700BF88
:10DA900014ED00E00028ABBF00F16040054B00F53D
:10DAA000614000F00F00ACBF90F80003185C000963
:10DAB000704700BF14ED00E008B531F04BF90A4B98
:10DAC0001A786AB901221A7031F03FF96FF0040236
:10DAD000104605210132FFF7C9FF4C2AF8D108BDD5
:10DAE000BDE8084031F031B9512C0020002807DB97
:10DAF00001234109034A00F01F00834042F821300E
:10DB0000704700BF00E100E0054B421153F822309E
:10DB100000F01F0023FA00F0C04300F0010070473E
:10DB200000E100E0014608B5EFF31083DB0702D502
:10DB30000122104608BDFFF7E7FF02460028F7D193
:10DB40000846FFF7A7FF0146EFF3118313B1B0EBCF
:10DB5000131FEDD2064B5868C0F308000028E8D028
:10DB60001038FFF797FF88428CBF00220122E0E7C0
:10DB700000ED00E0002808DB01224309034900F022
:10DB80001F008240603341F82320704700E100E02D
:10DB900073B50024684600F0C1F90C4B00981C6076
:10DBA0000B4B0C4D1C600C4E0C4B306018602C6005
:10DBB00022F066FC2046019B3268013BDB08538063
:10DBC0002B6801332B6002B070BD00BFB01E002077
:10DBD000AC1E0020B41E0020BC1E0020B81E002079
:10DBE0002DE9F04F0E460027984689B0054606A855
:10DBF0001446059700F092F9731C14BFB3464FF01A
:10DC0000080BB8F1000F00F0BC80C8F80070002DC0
:10DC100000F0B980079BAB4240F2B58031F09AF832
:10DC2000073505AB25F007053146009381463B4695
:10DC30002246284600F07CF9059E074606B130B919
:10DC4000484631F082F8192009B0BDE8F08FDFF8BE
:10DC50004CA17388DAF80010DA00C0EBC303013975
:10DC6000272BCAF8001074D9002C50D1854205F139
:10DC7000080347D059463046029322F093FB0446EE
:10DC8000029B0590059A02EB030B584622F0F8FB25
:10DC9000059905F10F034A88C3F3CF03D21AABF8F5
:10DCA0000220CA88ABF8043072B3D31A9BB201EBDE
:10DCB000C202ABF8063093808B88ED08A380BBF8D6
:10DCC00004300022314658466580E38000F0A8F910
:10DCD000237843F001032370DAF800300133CAF8E7
:10DCE00000302C4A4846136808343B4413602A4AE3
:10DCF00011688B4288BF136031F027F80020C8F804
:10DD00000040A1E73446BDE7ABF80620D4E7F4189D
:10DD100020460293039222F0B3FB029BF91DC9082F
:10DD200005986180D91DC908A180C18879B1C90051
:10DD3000039ACD1DAA1A3A44C2F3CF020144E280ED
:10DD40008A80013BDB084380A388C380C0E7E18071
:10DD5000F7E7012C19D106F10803B3FBFBF20BFB2B
:10DD60001233A3B15946304622F01CFB04462378F7
:10DD7000012243F0010331462046237000F050F9A0
:10DD8000AFE7222060E721205EE78542EAD13446F2
:10DD9000EDE700BFB01E0020AC1E0020B41E002026
:10DDA0002DE9F3470446684600F0B8F8002C00F06F
:10DDB000AB8030F0CFFF14F8086CF30704D534F8CB
:10DDC00006ECBEF1000F05D130F0BFFF012002B01C
:10DDD000BDE8F0874D494E4D0A68D5F80080A2EBAA
:10DDE000CE020A6034F8041C0EF1010308F10102AE
:10DDF000A4F1080C9BB22A60B9B3ACEBC10292F853
:10DE000000A0B2F806901AF0010F578806F002063B
:10DE10001FD1FEB9A9EB0701012926D80EF1020393
:10DE20001F44BBB2C5F8008034F8026CFEB9013B58
:10DE30009BB214F8081C6FF3000104F8081C0021C1
:10DE400024F8061C53801378D18061F3000313700B
:10DE500031E056B119448BB214F8081C6FF341013C
:10DE600004F8081C00219180DEE76246DCE70CEB39
:10DE7000C608DDE900710F44B845D8D21CF83670E9
:10DE8000414617F001072AD0013B9BB214F8085C09
:10DE90006FF3000504F8085C002524F8065C538045
:10DEA000137865F300031370C2F107030B44C3F347
:10DEB000CF03D3808B8017490B681BB1934201D8E5
:10DEC0005B8803B90A6014490B681BB1934201D304
:10DED0005B8803B90A6030F038FF002077E7A6EBD3
:10DEE0000E06012ED0D8B8F80260A8F802703344AC
:10DEF000B8F806702E689BB2013E1FB108EBC7014F
:10DF00002E60C3E72E6094E7222060E7B01E002059
:10DF1000B41E0020BC1E0020B81E00200249034A87
:10DF20000160521A426070475832002000000420FD
:10DF3000F0B506460020059F4C1C08BF082138603C
:10DF4000BAB91F480568002D38D0B5F802E0DB00EB
:10DF500003EBCE0EC1F1000C2878C0070BD52ABB0D
:10DF6000E888B0B105EBC005B5F802E003EBCE0ED2
:10DF7000F2E71448E6E7B645F1D35AB905F10804CB
:10DF8000B4FBF1F001FB1044A0190CB17045E7D8C7
:10DF90003D60F0BD08290FD06C88013405EBC40446
:10DFA000A01B00EA0C00201A8645F1D2A8880028A0
:10DFB000EFD0A5EBC005D7E73046E9E72846E8E70C
:10DFC000BC1E0020B81E0020134B13B51B6804466E
:10DFD0000846FBB121B96846FFF7A0FF6CB900986D
:10DFE0000378D90707D55CB9C3889BB100EBC300A0
:10DFF0000378DA07F8D402B010BD084B1868EFE7D1
:10E00000012C07D183882BB1A0EBC3000378DB0779
:10E01000F8D4F0E70020EEE7B41E0020B81E002080
:10E02000F8B5154F05460C463B68144EB2B19942FF
:10E0300009D041B13368994204D129460120FFF744
:10E04000C3FF3060F8BD29460020FFF7BDFF3368ED
:10E050003860A342F1D0002CEFD0F3E7994205D10C
:10E060003D603368A34204D13560EBE79842F7D3B3
:10E07000F7E7AB42F8D3E5E7BC1E0020B81E00204E
:10E08000BFF35F8F074B5A6A22F480325A62D3F88B
:10E09000942022F00102C3F89420BFF34F8FBFF306
:10E0A0006F8F704700ED00E038B5FFF7E9FF284AB1
:10E0B0002848D2F8C030284D23F0FF0343F0A003D6
:10E0C000C2F8C030254B04689D4204F101011ED105
:10E0D000234BC2F89840C2F89C3003F57F3303F21B
:10E0E000FE33C2F8A0300160BFF35F8F0522184BEA
:10E0F000C3F894205A6A42F480325A62BFF34F8FB9
:10E10000BFF36F8FBFF34F8FBFF36F8F38BD23F017
:10E110001F03203BB3F1005F09D3C2F89840104CB5
:10E1200043F00103C2F89C40C2F8A03001600D4BDF
:10E130000168074A23F01F0343F00303C2F8981055
:10E14000C2F89C30084B0131C2F8A030CBE700BFC9
:10E1500000ED00E0C01E0020602F0020A02D002058
:10E16000030000207F2F0020E1FF03202DE9F04174
:10E170000D461146DFF8E080D8F80040B4F5807F06
:10E1800034BF00271A27FFF77BFF1F292ED9002154
:10E19000C2061CBF20F01F0020302E4EEB0618BF19
:10E1A00025F01F05CBB29C4235D8D6F8C03020F000
:10E1B0001F0023F47F4343F48073C6F8C03040F05F
:10E1C000030430F0C7FDD8F8003025F01F0141F0FE
:10E1D0000301C6F89830C6F89C40C6F8A01030F08D
:10E1E000B4FDD8F800300133C8F80030BFF35F8FBA
:10E1F0000522184BC3F894205A6A42F480325A62BE
:10E20000BFF34F8FBFF36F8FBFF34F8FBFF36F8F8E
:10E210003846BDE8F081C6F89830D6F89C30D6F87C
:10E22000A02023F01F03984222F01F0201D1954243
:10E230000BD0904201D89D4209D2D6F898300131D6
:10E2400023F0FF03C6F89830ACE70027CEE7282775
:10E25000CCE700BF00ED00E0C01E0020BFF34F8FF1
:10E260000549064BCA6802F4E0621343CB60BFF372
:10E270004F8F00BFFDE700BF00ED00E00400FA058E
:10E2800038B54160044630F05CFD0546214604483F
:10E2900020F028F92846BDE8384030F04DBD00BFD9
:10E2A000C41E0020014820F01AB900BFC41E00207F
:10E2B00070B530F046FD184E0546184822F05CF85F
:10E2C0003378DBB900F07AF9044620B1284630F003
:10E2D00033FD204670BD00F0E7F9FFF7E3FF30F0B3
:10E2E00013FC0F4B1C6030F0D1FA0E4B0E4A186035
:10E2F000536F43F00103536722F0CCF800F0A2F80B
:10E3000022F0DFF8094B00241860012328463370FF
:10E3100030F012FDDDE700BF5F2C0020CC050408C3
:10E32000C81E0020F01E002000400050CC1E00201F
:10E3300038B5044630F005FD0F4D02462B78FF2B13
:10E3400004D1B4B1BDE8384030F0F6BC1BB9002CA4
:10E35000F8D0012103E0002C0CBFFF2101210B4468
:10E36000DBB22B70B3FA83F304495B0910460B70E0
:10E37000E8E71946F3E700BF5B2C00205A2C002089
:10E38000054B1B685843054B00F5742000F23F20F5
:10E39000B0FBF3F0704700BFF01E002040420F00BA
:10E3A00010B5094B1B786BB1084C237853B130F092
:10E3B0005DF80023064A237013700123054A137089
:10E3C000054A137010BD00BF5E2C0020582C0020A1
:10E3D000572C0020532C0020522C0020034B1B787C
:10E3E00013B10122024B1A70704700BF5E2C00204F
:10E3F000582C002073B5114E0446337883420FD059
:10E400004FF400730E4DADF8043058B101A8FCF77D
:10E4100031FF4020FFF7B4FF2B68181A28603470D2
:10E4200002B070BD8DF8050001A8FCF723FF402065
:10E43000FFF7A6FF2B681844F0E700BF3532002035
:10E44000F41E002073B5002401A88DF80440FCF7E9
:10E45000C7FF2046FFF7CEFF364B37491A6F3748C4
:10E4600002F007020A60D3F80011354D01F00301F4
:10E4700001604FF480103349032A48664FF400309E
:10E48000486601F5983189692F4A01F00200C1F30D
:10E49000400129702D4D15D0D3F8201101F007014E
:10E4A00002290FD0D3F8281101F00701022909D061
:10E4B000147080BB1F20FFF763FF2B6803442B60A1
:10E4C00002B070BD012313700028F3D0194BD3F8AC
:10E4D000003103F00303022B26D0032B27D0012B9E
:10E4E000E8D12FF0C9F902460028E3D0184B194EA5
:10E4F000DC6800231946C4F30B04013404EB8404E4
:10E500000138E4FB060119F023FFFFF739FF2B6800
:10E5100003442B60CEE7D3F8003103F00303591E08
:10E520004B424B411370D1E72FF0F8F9DBE72FF0A6
:10E53000A9F9D8E700800050F81E0020FC1E00203A
:10E54000622C002000900050632C0020F41E00205C
:10E5500000C0015040420F000122114B10B55A6714
:10E56000104B114C1B78A3B1022030F018FE80B183
:10E5700030F01AFA68B1A36DD90302D5E36D9A079A
:10E5800003D4094B9B6DDB0704D54FF48032044B59
:10E590009A6210BD0122054B1A70FFF77DF9F4E76E
:10E5A0000050005A632C00200040005A602C0020CC
:10E5B0000122014B1A707047632C002070B530F0B7
:10E5C000C9FB144E05463478FCB9134B1C60134B41
:10E5D0001C60134B1C6000F031F8012030F0F4FD9A
:10E5E00030F0DEFA0F4B0246186020B9284630F0B2
:10E5F000ACFB232070BD234640F2E7310A4819F0F6
:10E60000A7FE0A4B186001233370284630F09DFBAB
:10E610000020EFE7662C0020101F00200C1F0020B8
:10E62000181F0020141F002018FCFFFF081F0020E7
:10E63000014B1868704700BF081F002010B5012368
:10E64000002486B01648CDE903448DF80440ADF8A7
:10E6500008308DF80A40059421F08EFEBFF34F8FED
:10E6600001A8FDF745FB204602A98DF80840FDF7FB
:10E670004FFB20460F212FF023FA0F2120462FF0C9
:10E6800025FAFDF71BFB2FF00BFA064B43209C618C
:10E69000FFF770FA4320FFF729FA06B010BD00BF5C
:10E6A000C405040800800A5008B50A4821F064FE39
:10E6B00040F6015200210120FDF704F94FF4967253
:10E6C0000021012020F084FE034A936C43F4807300
:10E6D000936408BDC805040800800A5008B50948BD
:10E6E00021F04AFE40F6016200210220FDF7EAF81F
:10E6F0004FF492720021022020F06AFE024B9A6CC5
:10E700009A6408BDC805040800800A50024A0349FB
:10E71000034811F01FBF00BFEC0504082C060408D5
:10E72000A40604084FF08052014B5A60704700BFA6
:10E7300000ED00E070B5012886B00D468DF80700A9
:10E7400003D92124204606B070BD284B284E1968F5
:10E750003068FAF78FFC04460028F3D1254B0622D7
:10E7600018689B88029002A92846ADF80C300494E2
:10E77000ADF814402CF0B5FF28B10622284604A9B4
:10E780002CF0AFFF70B91C493068FAF743FE08B1AE
:10E790002D2828D119493068FAF73CFE2D2818BFDA
:10E7A0000446CFE79DF80730012B0DD16B799B090B
:10E7B000032BC6D10123104930680DF10702FAF787
:10E7C00023FD04464CB1BDE7002BF3D10A49306864
:10E7D000FAF720FE2D280446F4D106232A460749DD
:10E7E0003068FAF711FD0446ACE700BFB0300020F6
:10E7F000D03000205D0504083C0004002C0004001B
:10E80000F8B50E460546D0B1C9B10E4B0E4F19688A
:10E810003868FAF72FFC044678B9062332460B49CC
:10E820003868FAF735FD044638B901232A46084905
:10E830003868FAF72DFD00B12C702046F8BD212470
:10E84000FBE700BFB0300020D03000202C000400D7
:10E850003C00040010B50A46044619B1024B0021E1
:10E860001B68984710BD00BFE43000200E4B0340EA
:10E87000B3F1607F06D1B1F5885F14BF6FF08600F9
:10E8800000207047B3F1707F0BD101F4E043B3F582
:10E89000005F06D111F4E06F0CBF6FF0860000201E
:10E8A00070476FF0860070470000C07F8A42F8B55D
:10E8B00006460C4600F0DB806F4922F4FF7323F01C
:10E8C00001038B420ED06D4B22F0FF01994209D01B
:10E8D0006B4822F47F7323F00303834202D0694B19
:10E8E000994228D1684B24F0FF0199420FD114F0CE
:10E8F000FF000BD0654B40F00070984240F0B980AB
:10E9000082EA0400FF288CBF00200120F8BD5B4B89
:10E910009942ECD0A3F588539942E8D024F4FF73D0
:10E9200023F00103B3F1062FE1D056488142DED037
:10E9300053498B42DBD004F0FE43B3F1A06F14D1F6
:10E9400002F0FE43B3F1A06F40F0938082EA04032B
:10E9500033F47E1340F08D8014F40040D6D0C4F31D
:10E960000540C2F305429042CDE7B3F1407F6AD142
:10E9700002F0FE43B3F1407F7BD182EA040535F417
:10E980007E1576D131462046FFF770FF002870D102
:10E990003F4B12F47C1703EA02031BD0B3F1607FF4
:10E9A000C2F305473FD13B49D3B243F000738B42DA
:10E9B0003DD003F17E43043B0F2B01D83649CD5C9B
:10E9C00014F47C1FC4F3054333D1BD4214BF0020AF
:10E9D00001209BE7B3F1607F0DD12E49D3B243F004
:10E9E00000738B421DD003F17E43043B0F2BDAD81A
:10E9F0002A49CF5CD7E7B3F1707FE1D106F4E04359
:10EA0000B3F5005F03D10127C6F302239F4006F44C
:10EA1000E043B3F5005FD3D10125C6F302218D4059
:10EA2000CEE71027BFE7B3F1707FC9D1EFE710251C
:10EA3000C6E712F47C1F01D1AB4218D022047FF547
:10EA400065AFBB425FE7B3F1106F12D124F01F60D6
:10EA500020F4702068B902F0FE43B3F1106F7FF428
:10EA600055AF0F48104040F01060A042AEE70120C3
:10EA70004CE700204AE700BF000200060013000632
:10EA8000000400060009000600030006FF00000263
:10EA90000000C07F03000002020704080207040808
:10EAA0000000FFF637B50D4D0C466B78022B12D1E6
:10EAB0002B78072B0FD100230A460193014601ABA7
:10EAC000281D21F057F820B9019BA34218BF6FF011
:10EAD000930003B030BD6FF08800FAE71C1F0020E0
:10EAE0002DE9F843884617461C4600F0C7FA05464C
:10EAF00088BBD8F80060B6F8009009F4E043B3F59D
:10EB0000804FB36808BF27F0010737EA03031AD123
:10EB10000CB3254B24F0FF029A421FD114F0FF03DF
:10EB200004D0224A43F00073934232D02246484632
:10EB3000F168FFF7BBFE074668B9224648463169CF
:10EB4000FFF7B4FE70BB6FF0840500233046C8F8B1
:10EB5000003022F003FD2846BDE8F883144B9A42AA
:10EB6000DCD0A3F588539A42D8D024F4FF7323F065
:10EB70000103B3F1062FD1D00E498A42CED00E4AFE
:10EB80009342CBD004F0FE43B3F1407F04D1230481
:10EB9000CCD56FF08605D8E7B3F1A06FF7D0034B63
:10EBA0009C42C2E73D46D6E700030006FF00000294
:10EBB00000130006000900060004000638B500F046
:10EBC000FE43B3F1407F04460D4602D06FF086004D
:10EBD00038BDFFF74BFE0028FAD114F47C1F12D089
:10EBE000C4F30543032B137022D9284A2240B2F103
:10EBF000607F3DD1264AE4B244F0007494422BD1A8
:10EC0000102BE5D9E2E7214B2340B3F1607F15D10A
:10EC10001F49E3B243F000738B4202D110231370FB
:10EC2000D6E703F17E43043B0F2B04D90023137076
:10EC30006FF08500CCE71749CB5CD3E7B3F1707F69
:10EC4000F4D101F4E043B3F5005FEFD10123C1F348
:10EC500002218B40DBB2C5E704F17E44043C0F2C5B
:10EC6000B4D80D4A125D9342B0D8142BB0D9DFE767
:10EC7000B2F1707FAAD105F4E042B2F5005FA5D1F0
:10EC80000122C5F30225AA40EDE700BF0000C07FC6
:10EC9000030000020207040802070408002307B566
:10ECA0001A460091024921F0C3FF03B05DF804FB4E
:10ECB0001407040810B5114C2378580744BF23F0FB
:10ECC000040323702378990705D500F07DF9237894
:10ECD00023F00203237063781BB10023084A6360AA
:10ECE00053600023082106486370FFF7B3FD2378C3
:10ECF000DA0744BF23F00103237010BD1C1F00205E
:10ED0000201F002038B51E4C62782378022A01D1DA
:10ED1000072B11D0DD0712D52378980707D400F010
:10ED20004BF92378054643F00203237078B96278E3
:10ED30002378CAB15A071FD50025284638BD20F0D0
:10ED40000EFF054630B1237843F001032370FFF72F
:10ED5000B1FFF2E720F00CFF2378054643F00103F2
:10ED600023700028F3D1D7E7D907E3D505496260BE
:10ED70004A6002226270DDE743F004032370DBE7A0
:10ED80001C1F0020201F00202DE9F04F9A46002371
:10ED9000904601F0FE4293B0B2F1806F0E46DDE97D
:10EDA0001D97CDE90833CDE90A33CDE90C3305D001
:10EDB000184622F0D3FB6FF086042EE00B464FF48A
:10EDC000807208A9FFF78CFE0446089814B122F05F
:10EDD000C5FB22E0038803F4E042B2F5005F1ED1D8
:10EDE00013F4E06FC3F3022119D0544C26F480725F
:10EDF000A2420AD004F50074A64206D0504CA642A6
:10EE000003D0A4F53F44A24209D101258D40102D25
:10EE100010D922F0A3FB6FF08304002574E042F2C6
:10EE20000402934202D1474B9E420AD0464B9E4277
:10EE300011D10D25A94506D222F090FB6FF089046F
:10EE4000EBE70C25F6E729460EA8FFF72BFE044654
:10EE500010B10898BBE700255146404609AA21F0A9
:10EE6000C5FF04460028F4D149461C980BAADDF8DA
:10EE700024B022F098F804460028EAD10898DDF87A
:10EE80003080D0E90812B8F1000F1FD008EB050C54
:10EE90004468A9EB0503240A012C42D0022C17D0A8
:10EEA000002C86D1CDE905370EAB0093CDE903AC3C
:10EEB0003346CDE9015B21F089F910F1860F064652
:10EEC00012D1089822F04AFB3446A6E7C446DFE791
:10EED000CDE905370EAB0093CDE903AC3346CDE960
:10EEE000015B21F073F90646089822F037FB0446CF
:10EEF000002EE9D1002890D125B12A4640460EA91E
:10EF00002CF021FC3B681D4409A83D6021F086FFE0
:10EF10000BA822F05EF8002808BF204613B0BDE819
:10EF2000F08FCDE905370EAB0093CDE903AC334646
:10EF3000CDE9015B21F0EFF8D5E700BF0010C00478
:10EF400000FF4004000180040013C00400F14043AE
:10EF5000032B70B505460E460CD82822154C02FB33
:10EF60000344237E022B02D16369834218D06FF0E1
:10EF70008B001AE0012122F0CBFAB8B10D4B002230
:10EF80001C46197E022902D15969A94205D00132D5
:10EF9000042A03F12803F4D1E9E7282303FB024400
:10EFA000204622F0A8FA00B9346070BD6FF08700E7
:10EFB000FBE700BF281F00200122024B002083F83E
:10EFC000A0207047281F00202DE9F0410A4C0025A1
:10EFD00026464FF0010803272046C4F81C802776F8
:10EFE000013521F0CFFC042D04F12804F4D10023D5
:10EFF00086F8A030BDE8F081281F0020F8B51E4D2E
:10F00000064695F8A0300F4683B300242B462246CF
:10F01000197ED1B13CB9022905D1D96919B919793B
:10F02000002918BF1C460132042A03F12803EFD13E
:10F0300014B96FF08C0006E0204622F05CFA2046FE
:10F0400021F0A0FC10B100240EE01C46237E83B901
:10F05000012323763EB1651BED1003F1CC335D43F4
:10F0600005F18045356000203C60F8BD6FF08800F8
:10F07000E9E76FF09600E6E7281F0020F7B50026C5
:10F080002C4B0E6093F8A03007460D46002B4ED057
:10F09000FFF75CFF10F18C0F044645D1294630463E
:10F0A000FFF7ACFF044600283ED101232E68CDE9CE
:10F0B0000000694630467761736001AA22F0D1FAF8
:10F0C000044670B1DDE9000122F0C9FA286821F098
:10F0D00059FC14F18C0F08BF6FF0870400232B60DC
:10F0E00022E0DDE90012304621F0CFFB0446DDE9E5
:10F0F000000122F0B4FA002CE8D128688368D90412
:10F1000044BF43F48063836083689A0444BF43F43C
:10F1100000638360037E012B04BF0223037622F089
:10F12000EAF904460028D9D1204603B0F0BD6FF0BB
:10F130008804F9E7281F002030B40D4D2C681C60AE
:10F140006C685C6000249C605468DC6014881C82DD
:10F1500054885C8294685C61D4689C61126930BC9C
:10F16000DA6119620A46014603F124002CF0EBBA79
:10F17000180704082DE9F843232904460F46914651
:10F180009846089E04D86FF098052846BDE8F88395
:10F19000082219492CF0A5FA05460028F3D1A368E6
:10F1A000002BF0D1216A243F8F42C8F80010EAD327
:10F1B000B1F5005FE7D271B9C9F80000E368736088
:10F1C000238A3380638A73806369B360A369F360C1
:10F1D000E3693361D9E7012021F048F9C9F800005B
:10F1E00030B1D8F8002004F124012CF0ACFAE5E7A6
:10F1F0006FF08C05C9E700BF18070408F7B505468E
:10F200006B461646174A0C461068516803C395F8BA
:10F210002A3008336B4413F8087CB5F84830DA0616
:10F2200009D4334622463946284622F09DFE00F591
:10F23000FA7003B0F0BD20462CF0A4FCB5F84830BD
:10F2400000F10A049B074FEAC40405D030462CF0B5
:10F2500099FC04F50C740444E823781E584304FB1D
:10F260000700E4E7200704089422144B10B51C683B
:10F27000002102FB004420462CF05DFA104B04F103
:10F2800008001B680021DB78637624F0F2F94FF068
:10F2900008236362072384F82A30236A094A43F06B
:10F2A00013032362084B2046A364084BC4E91D32B4
:10F2B000C4E92132BDE8104022F0B7BACC1F0020CB
:10F2C00098200020555555001300FFFFD6BE898EAB
:10F2D000014B9868704700BFCC1F0020F0B5104B61
:10F2E00002461E6893F804C035464FF0FF340023F1
:10F2F0009C4508DC91B1631C10D0942303FB04608F
:10F3000080F84A20F0BD95F84A7028469742F9D017
:10F31000FF2F08BF1C4694350133E9E70020F1E7D1
:10F32000CC1F002070B50446234D002842D0083081
:10F3300002F034FD0026FF2304F1300084F84A3047
:10F34000E6612CF092FB04F134002CF08EFB04F10A
:10F3500038002CF08AFB04F13C002CF086FB04F111
:10F3600054002CF082FB2868144B201A801058435C
:10F37000C0B222F000FA0146304622F0F3F9606C88
:10F3800010B101F099FE6664A06E18B123F0C9F9BE
:10F390000023A366E06E22F023FA0023E36670BD2B
:10F3A000286806FB0400FFF7BDFF01342B79A34258
:10F3B000F6DCF4E79426F9E7CC1F0020AD1B4C9156
:10F3C000F7B5044627F0AEF9C0F30F23542B3ED90E
:10F3D000AA2B34BF01230223C0B27E288CBF022295
:10F3E000012203218DF804301344B3FBF1F000EB4C
:10F3F00040001B1A8DF805301344B3FBF1F202EB09
:10F4000042029B1A8DF80630002318461D461A4604
:10F41000104901AF4B7517F8016B44FA06FC1CF05C
:10F42000010F06D053009E40012330430132C0B289
:10F43000D2B20135EDB2032DEDD103B148754B7D4C
:10F4400043EA82134B75FF230B7503B0F0BD002315
:10F45000C2E700BFCC1F0020064B1B68D97ADA78C0
:10F46000437E5B1A9342A8BFDAB20021427622F0B3
:10F4700018BA00BF98200020B0F864302BB9836818
:10F4800013F4601F08BFA0F8643011B1012913D034
:10F4900070474369417E23F010034361084B1A68AB
:10F4A000D37A92780B449342D8BFDAB2C3694276DA
:10F4B00023B1012122F0F5B9FFF7CEBF704700BF9D
:10F4C000982000202DE9F0410025354E8AB033798F
:10F4D000AB4203DC01200AB0BDE8F081942334681C
:10F4E00003FB054494F84A30FF2B0DD0236A9801A2
:10F4F00006D504F1540840462CF034FB074628B9E1
:10F50000226A12F0A06F1ED10135E0E7BB7908A98D
:10F510000C333B44D8689A7A1B8AC2F38012ADF848
:10F52000243000238DF81F2008901A460DF11F008B
:10F5300022F05DF938469DF81F2094F84A1008AB78
:10F5400024F08EF9D7E7B4F848301D2B18D13C23AE
:10F55000FF210020CDE90431CDE902000121CDE9F0
:10F56000000004F15B03C2F3802224F031FF002885
:10F57000B1D04FF0A06104F1200022F0CCF8C3E735
:10F5800012F0807F08BF3C214FF0000218BF4321DA
:10F5900094F8293094F84A0024F0E9FBE7E700BF2B
:10F5A000CC1F00202DE9F0411F46C36904460D46DB
:10F5B00016468BB169B92FF0CDFB06462946E06EA1
:10F5C00022F0FDF82046294622F054F930462FF06B
:10F5D000BCFB0020BDE8F0810029FAD0036A03F0EB
:10F5E0001203022B00F0BC80236ADD0700F1C0800B
:10F5F00094F84A30FE2B0CD104F14C0003F04AF889
:10F6000003F040F828B14FF4800104F1200022F00B
:10F610007AF8256A624B2B40B3F5807F00F0BB80FF
:10F62000A80531D5C5F3802504F15B0800224146C9
:10F63000284622F0E4F8002184F84B0022F0F2F88A
:10F6400041460022284622F0DFF8B4F8481020B1E5
:10F6500094F94B00002880F297804FF4007104F178
:10F66000200022F058F8B4F8482002F00302012AE2
:10F670000AD14146284622F0C7F828B14FF400616C
:10F6800004F1200022F03FF8236AD90600F18180BE
:10F69000D4E90C122046FFF7B1FD012F0ED040F245
:10F6A0007123A28C5A43904208D9E28C5A4390426B
:10F6B00073D800F51C70B0FBF3F0A084394BE36104
:10F6C000002384F82930236AE168B4F8645023F4F5
:10F6D000803284F82870226221613DB913F0100F46
:10F6E0000CBFC8253C25257605F2B3154EB140F276
:10F6F0007121E38C42F48032C3EB06134B43226248
:10F70000E362236A43F400232362274B1B68DB7800
:10F7100063762FF01FFB6369074643F0100304F183
:10F7200008002946636123F0A4FF012006F034FE9F
:10F7300028B963691A075CBF43F00403636126B10B
:10F7400027F02CF8E36A0344E362204606F02EFE1D
:10F7500038462FF0FAFA0121E06E22F030F838E74F
:10F76000406B2CF00FFA00287FF43EAF0C2031E7FD
:10F77000636C002B7FF43CAF01F048FC6064002810
:10F780007FF436AF092025E701F0010122F04AF8A5
:10F7900069E7064B93E712201CE745201AE700BFF4
:10F7A00000014000A920030898200020ADF80008BF
:10F7B00070B500249426094D2B79A34200DC70BD5E
:10F7C000286806FB040090F84A30FF2B04D0002381
:10F7D0001A461946FFF7E6FE0134EDE7CC1F00207C
:10F7E0002DE9F04304468F798BB00C370DF10409F5
:10F7F000CD1901220E460DF10300494622F00CF806
:10F80000636C8046039300236364236AE879C3F33F
:10F8100000138DF825302989F75907F055FF224B41
:10F8200007441B6805975B7905F11802637601238D
:10F8300006928DF8103005F10C03B8F1000F28D0B6
:10F840009DF80330CDF81C908DF820309DF82520D0
:10F8500094F84A308DF821300123FAB98DF822301E
:10F8600094F8933003F00F038DF823306B7903A8DD
:10F870008DF8243001F0D4FC26F034FF012120461D
:10F8800021F0F8FF304619F08DFA01200BB0BDE8E9
:10F89000F0830793AB7AC3F38013D5E7AA7AC2F358
:10F8A00040128DF82220DFE798200020012810B5B3
:10F8B0000C461ED0022824D040BB084622F000FA95
:10F8C00040F27121A38CE28C94F82A00D21AE368EA
:10F8D00003F59C53083301FB02332361FFF770FDEE
:10F8E0000B4B20469968236BBDE810400B6006F077
:10F8F000CFBF06F0DDFE844208D1BDE8104026F0FF
:10F90000F1BE0846BDE81040FFF7A6BD10BD00BF20
:10F91000CC1F002038B50A4D0020FFF703FDAB686F
:10F9200013B100221A60DA8024F01CF800242B792D
:10F93000A34200DC38BD2046FFF796FC0134F6E711
:10F94000CC1F002070B52B4C0546A06818B119F0EB
:10F9500029FA0023A360FFF7DDFF002021F013FF49
:10F9600055B9032025712560E58219F08BF92079BE
:10F9700021F009FF28B970BD02202CF042FAA060E6
:10F9800048B90025A0682571256070BB002021F0D2
:10F99000FAFE0720EFE70026032025712660E682A5
:10F9A00019F070F9B542E2DD05EBC50105EB810107
:10F9B000890033460122032089B219F01FF9064657
:10F9C0000028DED1032019F07FF920600028D8D06C
:10F9D000942231466A432BF0AEFE2379B342C6DD52
:10F9E0003046FFF741FC0136F7E719F0DBF9A56077
:10F9F000CCE700BFCC1F0020034B1B68C01A034B91
:10FA000080105843C0B27047CC1F0020AD1B4C91F2
:10FA100030B5094B1C791A680023D9B28C4201D841
:10FA2000C82008E011468D6E0133854202F1940230
:10FA3000F3D1B1F9620030BDCC1F002006222DE9C0
:10FA4000F341354B06469C688846A5790C35635DC5
:10FA5000671903F04F036355B0F848307A70103BD4
:10FA60000D2B31D8DFE803F055305107300C303022
:10FA700030303030300C635D6FF30303635523E0A7
:10FA80000123625D006A63F3030262550C2210F4E5
:10FA9000006F7A7006F15B0107F108020CD0019249
:10FAA0004FF0FF32C0F3802000921A4621F0AAFEE8
:10FAB000635D43F08003E1E7D6F85B30BB608B8881
:10FAC0009380336A5B05F3D4B6F84820635D304613
:10FAD00062F345136355B91C22F090FC635D60F33B
:10FAE00086136355A3797A7802331344E371B6F829
:10FAF000483003F01403142B04D0B8F1000FC4BF36
:10FB000042447A7002B0BDE8F081635D62F30303A2
:10FB1000B4E70222635DF9E7CC1F00202DE9F04332
:10FB20008B7906460C33CC18237985B0DA0737D5A4
:10FB3000E77A252F34D8484B9A6893790C33D1183B
:10FB4000D35CA27AC3F38013B3EBD21F28D1056A2A
:10FB50000622EB064CBF0231043104F112002BF0F7
:10FB6000C0FDE8B994F80A9021F050FE05F4C045B4
:10FB700080F001032A1EC9F3801904F10C084146E4
:10FB800018BF01224846DBB226F02CFE014650B1D8
:10FB9000A37A03F00F03032B1BD1336A980712D407
:10FBA0004FF0FF3012E021F039FE0028F8D1A37A9F
:10FBB00003F00F03002DEED0032B85F4C0451CD1BC
:10FBC000A904EDD5E9E70C2FEAD1032005B0BDE883
:10FBD000F083052BE4D1306AC207E1D500F01403AD
:10FBE000142B0FD0012202A90DF1070021F014FE01
:10FBF00008BBA17AC1F3801121E0052BD0D16B04A1
:10FC0000E9D4CDE706F15B052946C0F3802021F059
:10FC1000F2FD0028E6D1A27A336AC2F38012C3F360
:10FC200080239A42BCD10622294640462BF059FD3A
:10FC30000028B5D1D6E79DF807100DF10808404619
:10FC400001F068FA0028ABD104F1180022F090F816
:10FC50000028A5D00520B9E7CC1F002070B50546C7
:10FC60000C4CB0F85860237DE16806F5FA7606FB87
:10FC70001311A06800F048FB217D6B68002006FB93
:10FC800001316A7E26F090FDA068BDE8704008F062
:10FC90003BB900BFCC1F002038B50446104B0D46C1
:10FCA0001B68627ED87AA9B19B781044984200DC28
:10FCB000C3B22046216B637622F0AAF820B100215E
:10FCC00094F8920022F0FBFD29462046BDE838401A
:10FCD00021F0E7BDDB78121A9A42A8BFD3B2E8E759
:10FCE0009820002070B5002494260C4D2B79A34257
:10FCF00000DC70BD2B6806FB043393F84A20FF2A12
:10FD000003D0D86E18B121F06CFD0134EEE7986E87
:10FD10000028FAD022F0BBFCF7E700BFCC1F002080
:10FD20002DE9F74F1646884699460546FFF7D0FA63
:10FD300004462846FFF760FE21F01DFD0190304685
:10FD400098F800702BF01EFFDFF85CB10021BBF9C2
:10FD50001030C61A384600F0B9FA7B0748BF0730A2
:10FD600026EAE6763318FF2BC4BF47F01007C0F130
:10FD7000FC0617F0100A0CD026F0D4FC2523B0FBAB
:10FD8000F3F101FB13010020C9B200F013FE85F866
:10FD90009200B9F1000F01D095F8489000234A462F
:10FDA0003946204622F0DDF92946204622F04EFB56
:10FDB0002946204622F0FFF92046019922F024FA34
:10FDC0002946204622F07BFABAF1000F4DD095F873
:10FDD0009320204695F8921002F00F0200F04CFAA2
:10FDE0002946204622F07BFA70BBD5F88C30002BD8
:10FDF00056D0B3F90010204622F074FA204601993B
:10FE000022F044FA2946204622F069FA20B1E86E31
:10FE100010B1214621F0D6FC3146204622F076FA78
:10FE2000BAF1000F0AD095F89300FF2100F00F00FF
:10FE300022F0A8FA0146204600F066FA304688F81B
:10FE4000007003B0BDE8F08FDBF80C306968E27930
:10FE50001944A379E86ED21A0C3353FA82F2224481
:10FE6000A0B9A86E00F0F4FA12E095F883202046BD
:10FE700095F8821002F00F0200F0FEF929462046A4
:10FE800022F02DFA0028DFD1EB6FB0E721F098FCCB
:10FE9000C1B220462BF0B9FDBAF1000FA5D1F3E7AE
:10FEA00047F6FF71A7E700BFCC1F00202DE9F347FD
:10FEB000984690F89330044603F00F038DF807102E
:10FEC0001646002190F89220B0F9620022F0F8FC6A
:10FED00004F184050146284626F072FC284607F006
:10FEE000A5FF00221146104621F02BFC9DF807507B
:10FEF0006B0709D52046FFF77FFD21F03CFC002170
:10FF00000246042021F01DFCFFF7E2F925F0100560
:10FF10008146324620469DF828300DF107018DF8C4
:10FF20000750FFF7FDFEDFF858A00746AAF81200B9
:10FF3000B8F1000F17D19DF8075015F0100015D13A
:10FF40000C4B6168E361DAF80C30627E194426F0EC
:10FF50002BFC3B4631464846BAF9102008F000F821
:10FF600002B0BDE8F0870220034BEAE74046034BAE
:10FF7000E7E700BF97200308B7200308E100010866
:10FF8000CC1F002073B5044690F85A50806E05F0DF
:10FF9000EF0548BBE06E002830D1204645F008064A
:10FFA000FFF72AFD21F0E7FB48B1C3799B0606D590
:10FFB000A36E23B9838845F00C06013383800022A9
:10FFC0000121114B20461A82236A226B13F0020F83
:10FFD00018BF002213F0030318BF0B4600913146EF
:10FFE000FFF764FF02B070BD22F0BAFB0028D1D049
:10FFF000236A9A07D1D145F02005CEE721F0DBFB3B
:020000040801F1
:100000000028F5D1C9E700BFCC1F0020436910B517
:1000100023F010034361B0F8643004462BB98368C1
:1000200013F4601F08BFA0F864300D4B2046E36155
:1000300006F0DEFB20B12046BDE81040FFF70EBE03
:100040002046216B21F0E4FE20B12046BDE810409F
:10005000FFF798BF2046BDE810400121FFF71CBE06
:10006000A920030837B5044621F02AFE28B120460E
:10007000216B21F0EFFE84F85A00174D94F82A0006
:10008000FFF79EF9B4F858306A7D03F5FA739209C8
:100090005343204603F59673EB6006F0A9FB0F4B24
:1000A00094F85A10E3616369204643F001036361E9
:1000B00021F0E6FE01238DF80700002220460DF115
:1000C0000701FFF72DFE00222046AB681A6003B03F
:1000D000BDE83040FFF7C2BDCC1F0020A9200308B7
:1000E000032837B50C4622D1134D91F893002B8A83
:1000F0006A8AFF21134400F00F002B8222F042F99C
:10010000EB6894F85A100344EB60B4F84830D4E933
:100110000C0213F0020F4FF0000308BF02460093D9
:10012000204601F04801FFF7C1FE03B030BD03B027
:10013000BDE8304021F08CBFCC1F0020F0B5002777
:1001400087B04FF0FF31044605A8059707F08EFCF5
:10015000059949B12046FFF7E1FC032806D00528A0
:1001600053D005A82BF081FC012048E0FFF7B0F840
:1001700009230546617E38468DF8133007F09EFF4F
:100180000123626B0DF113012046FFF7C9FDAA7927
:1001900003461544AA7B616B67F38712AA73324D3D
:1001A0003A466882A8682F8207F0DAFE9DF813307D
:1001B0002E4A13F0100F2E4B18BF13460598E3611B
:1001C00007F00AFD059A93790C33D0180189C0799C
:1001D000D65807F079FA6368C3F1960333440344B1
:1001E000EB60236ADB040CD5059904F154002BF075
:1001F0002BFD4FF00071204621F032FB002007B0AC
:10020000F0BD05A82BF031FCF8E7059E3846B37920
:10021000617E154F0C331E4407F050FF154BB86834
:10022000E361B17A06F10C038679256A0644367BD0
:10023000C5F3402CC5F3C02215F4800518BF04F1A6
:100240004C05C6F38016CDE901C5C1F380110096B7
:1002500022F076F90023B868036007F055FE059890
:10026000206407F0B9FCC9E7CC1F0020E1000108B9
:1002700097200308091E03087FB50E461021054686
:10028000144621F061FFE0B10F4B18681B79029012
:100290008DF80C300023ADF8043066F305038DF8BB
:1002A000043063180DEB03044FF0000314F8082C1E
:1002B000284662F3471301A903228DF806302BF07C
:1002C000B0FB04B070BD00BF3007040803460D4A00
:1002D00082B01068009090889279ADF804008DF893
:1002E000062013B9481C02B070476A460220D9079D
:1002F00048BF117802F1010248BF40185B08F6D1EF
:10030000F1E700BF2807040838B583790C460C33A1
:10031000C518C35C03F00F03072B25D1AB789A06F1
:1003200022D0E878C3061FD5012100F00F00FFF7A7
:10033000CDFF0E4B02359C4295BF1E234FF49673A2
:100340000021012194BFB4FBF3F4B4FBF3F42B5C64
:100350002A1861F3C7132B549378547023F01F03AA
:10036000C4F304242343937038BD00BFC3BF03000C
:10037000F8B51646BDF818205B08028200224380BB
:1003800002704270D1F80130044643604B79079DFA
:1003900003F01F0303729DF8207007F0A3FE237A79
:1003A00043EA40132372334653F8042BC4F8092060
:1003B000B288A4F80D209B78E373D7B9164B9D4201
:1003C00016D8164B9D4203D9637843F0200363701F
:1003D000637813F0200F14BF4FF496721E22B5FB02
:1003E000F2F523F01F032570C5F304252B4363703A
:1003F000F8BD0B4B9D42FBD8084B9D42E8D9637872
:10040000B5F5161F43F020036370E1D3DBB2A5F509
:10041000161543F04003DAE7D47E2500C3BF03007E
:10042000D4FE4A00002230B5084B1C791B68944268
:1004300001DC002005E09D6E03F19401854201D1AD
:10044000184630BD0B460132F1E700BFCC1F00203B
:10045000F7B50D461646044600283CD0036A13F053
:1004600001033AD0C76907BB22F0DDF81C4BE361FA
:1004700026F094F900F5BB5010306060A763204669
:10048000FFF7C6FA014604F1300026F099F904F1AD
:10049000200252E8003F43F0040342E80031002903
:1004A000F7D14FF4800010F045FA6168A28D4B1B24
:1004B00005F6B8356D1A002D06DB40F27120616A31
:1004C000013200FB013392B20021204600913146F7
:1004D00022F013F9122003B0F0BD1846FBE700BF6D
:1004E000F107010873B50D46044618B949B9002053
:1004F00002B070BD036A03F001038B42F7D00029FC
:1005000061D0236A590678D5636A94F83F100B2BA3
:1005100098BF0C234FF0C80298BF636201F00F012F
:10052000002008F043F80646684600F0EDF96A46F8
:1005300004F14001012000F0F3F924F097FA0025BE
:10054000206320460321A58540F8345F03F0B8FA04
:10055000314604F1300026F033F907F0C3FDE561C0
:1005600084F82E0004F1200252E8003F43F001031A
:1005700042E800310029F7D152E8003F43F0400340
:1005800042E800310029F7D141F288330125C4E95E
:1005900003331B4B65611B6804F108005B796376CC
:1005A000184BD98A002908BFE62123F062F82846B3
:1005B00005F0F2FE00289AD163691A0797D443F038
:1005C0000403636193E72EF0C5FB064604F10800BF
:1005D00001F0E4FB2046294605F036FF203444F8BC
:1005E000045C54E8003F23F0010344E80032002A91
:1005F000F7D130462EF0A9FB79E70C2078E700BF51
:1006000098200020CC1F00202DE9F84315460E4607
:1006100099460746FEF75CFE044628462BF0B2FAE0
:10062000DFF89C800021B8F80430C51A3078FFF755
:100630004DFE25EAE5752B18FF2B08DD317801B951
:100640000130033041F010013170C0F1FF05089B0B
:10065000C9F800001D603378DB060DD526F062F87E
:100660002523B0FBF3F202FB130107F14000C9B2EE
:1006700000F0A0F988F80600002320461A463178D9
:1006800021F06FFD2046099921F0BEFD97F83F202B
:10069000204698F8061002F00F02FFF7EDFDBB6B45
:1006A0005BB1B3F90010204621F01CFE204629461C
:1006B00021F02CFE2046BDE8F88347F6FF71F2E7F3
:1006C000E41F00202DE9F04186B0044621F0A3FF8D
:1006D0000746002504F1300007F0A8FB3A46002148
:1006E000032021F02EF82F4E8DF80F50002F52D0FE
:1006F000FB7913F0200250D0F27903F01F039B1A0C
:10070000AB4209DD012B14BF14230423BD798DF8FE
:100710000F3005F01F05ED00236A01979A0748BFC7
:100720009DF80F300DF10F0144BF43F040038DF8E9
:100730000F3005AB0093E26E04AB2046FFF764FF79
:10074000059F0499804694F83F00394400F00F005B
:1007500021F018FE9DF80F300544DB061FD5294611
:100760004046FFF7D1FD104B6168E3613368627E5C
:100770001944002026F018F83B464046B288E16E46
:1007800007F0EEFBB3883B44B38033682B443360FF
:1007900006B0BDE8F0813D46BEE71546BCE7034B19
:1007A000E2E700BFE41F0020C9080108F1070108C3
:1007B0000E4B10B5DA8A044622B9826812F4601F23
:1007C00008BFDA82A38D20460133A385012105F0FD
:1007D0003BFE40F271216368626A204601FB0233EE
:1007E0006360BDE8104005F0E1BD00BFCC1F0020F4
:1007F00070B50C46062862D8DFE800F004242C3ED1
:1008000061612C0000260B6A2D4D1A07AE802E6008
:1008100009D523F008030B6201F16C002BF025F9D8
:10082000236FC4E91B360023226BA18D04F1400025
:10083000EB7100F0C9F884F83E002046BDE8704036
:10084000FFF740BF05F034FF844238D1BDE8704067
:1008500007F00CBD0B6A4FF4800043F0A0030B625D
:1008600010F068F8174B1B68D97A5A79637E5B1AC7
:1008700093421EDBDAB21CE0114DEB790133EB71D0
:100880000B6ADB060DD5C86E2BF07CF9AB8898425D
:1008900007D1236A4FF4800043F02003236210F055
:1008A00049F8084B617E1A68D37A12790B44934257
:1008B000E0DD62762046BDE87040FFF779BF70BD8D
:1008C000E41F00209820002003280B4609D1064A87
:1008D0001846D1790131D171927983F83E20FFF722
:1008E000F1BEFFF785BF00BFE41F002048407047FE
:1008F00000EB0010084480B2704700BF90FAA0F0EF
:1009000000BA80B2704700BF044BD3F801200260E8
:100910005B7903F01F030371704700BF672C002051
:10092000234B2DE9F041002914BF0C461C4600253D
:100930000646174613688AB0C4F80130137925704B
:1009400063715FFA85F84146384621F0ACFF38B153
:10095000237803F128026A44013302F8288C2370BB
:100960000135252DEDD194F800803EB1424669460F
:10097000A01D2AF0E8FE0AB0BDE8F081B8F1000F32
:10098000F9D00534F5B22946384621F08CFF40B93C
:10099000B5FBF8F308FB13550AAB53FA85F515F8C8
:1009A000285C0136252E04F8015FEBD1E3E700BF98
:1009B000672C0020034B002818BF03460B4498798E
:1009C000704700BF672C0020F8B50D4682EA12423E
:1009D00096B2314603462846FFF788FFFFF78EFFA1
:1009E000FFF786FFFFF78AFFFFF782FFFFF786FF1B
:1009F000FFF77EFF0546FFF779FF164C002B14BF6B
:100A00001F4627460446144B781CA3FB0423E21A16
:100A100003EB52035B0903EBC30203EB8203E41A0B
:100A2000E4B2214621F03FFF40B93B786E40B6B2B8
:100A300006FB03F307EB1347B879F8BD7B1D2A3794
:100A400001E09F4204D013F8010F8442F9D1F4E78A
:100A50002046F8BD672C00204D91CFBA30B5174B1A
:100A6000826A1B681206597926D5028F1C79436B5E
:100A70001203B2FBF3F2631AB2FBF3F2B0F89C304C
:100A800003B1013BD0F8A05005B15B101B02B3FBD2
:100A9000F2F35B180CD090F895200F2A08D91209B0
:100AA000B3EB820FB8BF00234FEA8201A8BF5B1AE5
:100AB0009C42A8BF1C46E1B2417630BD9820002080
:100AC000084B9A7E82420AD94FF4A4721B6802FB3B
:100AD0000030836A13F0100F08BF00207047002019
:100AE000704700BFEC1F0020084A09491368C31A69
:100AF000D810002B01FB00F005DB937E8342D8BFAA
:100B00004FF0FF3070474FF0FF307047EC1F002070
:100B1000199C8FC170B504460E462EF01BF9314664
:100B2000054604F1300021F000FF2046FFF7DCFF0E
:100B300001218140054821F0F8FE4FF480700FF04C
:100B4000F9FE2846BDE870402EF0FFB810200020C6
:100B5000F3292DE9F84304460D468D4E1ED1338D01
:100B60005BB9A36813F4601F6ED0238F626B1B0107
:100B7000B3FBF2F3F32D9FB225D1204621F076FF8F
:100B8000B4F89C30002B38D1A26A984612F0800F3E
:100B90000CBF3E22082284F8772030E073695906A2
:100BA0004BD5836A1A0748D5336900F14001436089
:100BB00023F04CFF338D002BD3D0238F626B1B01AE
:100BC000B3FBF2F39FB2618FB4F89C209BB25B1A27
:100BD0009A423BDC736994F836019B074CBF0021B5
:100BE000022121F06CFE40F2022372699343C4D1CA
:100BF0002046A4F89C7021F03AFF4FF001082046EF
:100C0000FFF72CFFFFF770FF87B2384620F0CFFDCB
:100C10008146384620F0C9FD30B1384620F0BBFD92
:100C20000021384620F0C0FDF32D04D0A36A180738
:100C300001D5628F8AB9012334E0318D238F626B35
:100C400000298ED01B01BBE733858EE7737F002B15
:100C5000C9D0032194F83601C3E713F4C05FEAD189
:100C6000726912F00C0FE6D140F202239343E2D1F5
:100C7000D4F8A430002BDED12046FFF735FF80B238
:100C800020F08DFD0028D6D12046A18F24F075F8E4
:100C9000031E6CDD628F0132934268DC012BCAD0E7
:100CA000013B9BB2A4F87C30384620F076FDB4F8C6
:100CB0007C301844A4F87C00384620F06DFD236B8E
:100CC000590409D54FF4804104F1300021F035FE7C
:100CD00000212046FFF71EFFA58FB4F87C302B447F
:100CE000A387B8F1000F07D0204620F02EFD204644
:100CF000A18F23F0F6FE8046384620F058FD484587
:100D00000DD0A36A1A070AD43846A58720F045FDFE
:100D1000A38F013080B2A4F87C001844A087A38F71
:100D2000AB4202D2384620F03EFDA36A1B0702D434
:100D3000184B1B689847B4F87C20B4F89C3094F8A2
:100D400070109B1AA4F89C3094F86F3002FB0133AA
:100D50002522B3FBF2F102FB113384F86F30B8F1B6
:100D6000000F07D02046BDE8F84321F03CBF638F59
:100D7000013396E72046082123F0EFFE20460221AA
:100D8000FFF7C8FE2046BDE8F843012105F05CBB33
:100D9000EC1F0020202000200022074B10B55A77BE
:100DA000202204465A6121F00CFE84F836012046C8
:100DB00021F084FF10BD00BFEC1F0020012810B5FA
:100DC0000C462AD0022830D000283DD191F8953029
:100DD00060F3071381F895300846FFF7DDFFA36A3B
:100DE00020461B0716D505F0E9FE042001F0F4FCAF
:100DF00050B3164A937F3BB3D37F0133DBB2D37733
:100E000092F821209A421FD8BDE810404FF0806030
:100E10000FF090BD06F0BCF8E7E705F049FC84420E
:100E200012D1BDE8104005F0BDBE91F895302046C6
:100E3000C3F30312013262F3071381F89530BDE862
:100E40001040F321FFF784BE10BD00BFEC1F00204F
:100E500010B501F021FDFB22114B10F0020F1A77A3
:100E60000CBF012203224107197E48BF42F0040251
:100E700062F3030119761A7EC2F3030161F30712CC
:100E80001A764FF4417100221984DA76DA835A62B5
:100E90001A611A85034BBDE810401B68184700BF54
:100EA000EC1F0020182000202DE9F843504C054687
:100EB000A06818B117F076FF0023A360022017F096
:100EC000E1FEEFB2002020F05CFC384621F095FDF9
:100ED0000646002838D1384621F09AFDA0BB002DE7
:100EE00052D005EB850105EBC101C9003346012253
:100EF000022089B217F082FE00BB4FF4A4790220D1
:100F0000A77617F0E1FE09FB05F83146424620605E
:100F10002AF011FC32462368681E03EB0901824265
:100F20002ADB002DA8F5A4724FF00001D8BF0022E3
:100F300038469950636020F02AFC50B30020C4E981
:100F40000000A07620F023FC0025002021F055FDB4
:100F5000002021F05DFD2846C4E90055A57620F06B
:100F600016FC284621F03BFD284620F00AFC022012
:100F700017F088FE072637E009FB02FC013243F830
:100F80000C1001F5A471CAE7C4E90055A57620F05C
:100F9000FEFB284620F0F5FB0028D5D1384621F08D
:100FA0001EFD0028D0D1384621F01DFD074600283F
:100FB000CAD1002D16DD02202AF023FF0223A060F3
:100FC000C37183793946C3F102020C33D2B218449B
:100FD0002AF0B1FB0121A3689A7913441A7B61F3CB
:100FE00001021A73FFF734FF3046BDE8F88300BFF3
:100FF000EC1F0020014B987E704700BFEC1F0020C3
:10100000014BD87E704700BFEC1F0020F8B5284D7B
:101010002DF0A0FE6C681CB92DF097FE2046F8BD9F
:101020004FF4A476012723686B60EB7E0133EB76E7
:101030002DF08BFE3246002120462AF07CFB04F185
:1010400028004021676121F070FC2B8B0722A4F857
:10105000443194F83731002167F3030384F83731C2
:101060004FF6FF73A4F87A302B7FA4F8866084F8DB
:10107000423144F29023A4F8403194F8853004F1D1
:10108000080062F3030384F885300A4BC4F8883003
:1010900003F1CE5303F59813C4F88C3041F61B339B
:1010A000A4F890301B2384F8923022F0E2FAB5E7DE
:1010B000EC1F00204801480170B50446002621F0CD
:1010C0006EFD04F1080000F069FE104B20461B681D
:1010D0009847C4E90A662DF03DFE4FF4A4723146EC
:1010E000054620462AF027FB09490B4653F8042FF2
:1010F00042B91C60CB7E2846013BCB76BDE87040F0
:101100002DF023BE13461268F2E700BF1C2000201A
:10111000EC1F00202DE9F04106464FF480400F46B9
:1011200001F05AFB044630B90E4B1D6893F81A8043
:101130007135A04502D80020BDE8F08155F8493C42
:10114000DA0609D5C3F38003BB4205D1062229463E
:1011500030462AF0C6FA18B1013405F5A475E8E75F
:101160000B20E9E7EC1F0020B0F8943010B55A1CB2
:1011700062F30B030446A0F89430042001F02CFB2A
:10118000C0B12046FFF7B0FC80B220F002FB78B17E
:101190004188094A937F0B44DBB2937792F8202071
:1011A0009A4207D8BDE810404FF080600FF0C2BBF4
:1011B0000121EEE710BD00BFEC1F002038B58B7990
:1011C00005460B449B7D0C4603F00303032B09D11A
:1011D00001212C3021F0A9FB4FF4006105F128001A
:1011E00021F0A3FB21460548A5602AF02DFDBDE8AE
:1011F00038404FF000500FF09DBB00BFF81F00209B
:10120000014B1877704700BFEC1F0020014B187F7F
:10121000704700BFEC1F00200048704704200020EA
:101220002DE9F04FD0E9027590F9181087B00291BE
:10123000417E046890F80480D0F810A0037D427DC0
:1012400090F816B090F81790002940F0EC80A9F1C2
:10125000030101298CBF0226032603932B8984F8FE
:101260009B202A4652F8101BBBF1000018BF01203A
:10127000C4F8281104F144010193FFF751FB204603
:1012800023F064FC204621F0C5FB21F01EFB4946FB
:101290000246204621F0B8FBC82220460DF1160177
:1012A000ADF8162021F0A1FB0022C4F83021AA8855
:1012B000039BA4F82C21AA7984F82E21DAF80020C7
:1012C000C4F87120BAF8042004F1280AA4F87520A3
:1012D0001BB10421504621F028FBBBF1000F04D0C4
:1012E0004FF40051504621F020FB4FF4607001F0A4
:1012F00073FAC0F3C0134FEA831BC30548BF4BF01A
:10130000800B810548BF4BF4807B2DF023FD4FF40B
:1013100082610390504621F008FB594604F12C00ED
:1013200021F003FB03982DF010FDA8F10203012B1F
:101330007BD84FF40021504621F0F7FA01212046D6
:10134000FFF7E8FB0421204623F007FC6B7D2046D5
:10135000C3F3040384F870306A8952006263697BC6
:101360002A7B42EA01226287E97BAA7B42EA0122C8
:1013700022876A7D84F86F30C2F3421284F83E20DF
:1013800000220523A2870122A4F89C30A4F87C2027
:10139000029921F044FB01F079FA20F40060C4E9DD
:1013A00008012046FFF75AFB3D493E4AB1F828B0F4
:1013B00008F0FD03BBF1000F6CD1002B3BD140F2D4
:1013C000C71B6760E26120460F6121F0BFFAB9F1E7
:1013D000010FE0600AD094F83731204669F3030327
:1013E00084F8373109F00F0121F0E7FC04F108001F
:1013F000594622F03EF9012004F0CEFF28B9636976
:101400001A075CBF43F00403636140F271216B89EA
:101410002046013B594321F0B8FA204604F0C6FFAC
:1014200007B0BDE8F08F012617E7B8F1010F85D1AD
:1014300040F2014183E74FF4D77BE26140F271282B
:10144000019B760006EB430608FB06F6374440F6A0
:1014500008015046676004F1400721F066FA3946FA
:10146000204623F0F3FA33463946204604F134028D
:1014700001F020FAEB7901225B003946204608FB97
:1014800003F323F0E9FA236C20469E0821F05EFA6C
:1014900030449CE76760E261002BCFD193E700BF47
:1014A000EC1F0020BD0D010870B51D46C36A04463F
:1014B0001B07164613D408212C3025F4105521F0B3
:1014C00034FA25F01005064B2D0433402D0C204630
:1014D000C4E90835BDE870404021FFF71BBB70BD73
:1014E0002FCF87F72DE9F04F85B0044601910846CC
:1014F00089B34B799A071FD42AF044FB019D70B938
:101500006B79DB0705D54FF4803104F1280021F019
:101510000CFA01A82AF0A9FA05B0BDE8F08FA36A79
:10152000DF0309D54FF4803104F1280021F005FADA
:101530006B7943F001036B71019E2DF00BFC737905
:1015400031469E0705461ED504F1AC002AF08BFB00
:1015500028462DF0FAFBDFF890912DF0FBFBA36AF3
:101560000746DD0514D5D4F8AC3043B19A7913445D
:101570001B7B3A2B03D829FA03F3D80711D438463A
:101580002DF0E3FBC8E704F1A8002AF05DFBDFE7DC
:1015900094F94631022BF2DCD4E92A2372B9002BEC
:1015A000EDD004F1AC002AF07EFA054638462DF065
:1015B000CCFB2946204621F010FECEE7002BF0D1CF
:1015C00094F89280039304F1A80BD4F8A86096F8DD
:1015D00007A0B379AAEB030A5FFA8AFAC24527DCAF
:1015E00058462AF0BFFA0546A8EB0A086B79294647
:1015F0006FF3C3036B7103A82AF026FBD4F8A8305D
:101600002BB15B79990702D1B8F1000FDDD1039BB3
:10161000002BB4D09B79022B40D800202AF0F1FB9C
:10162000014670BB039904F1A8002AF01CFBA6E751
:1016300000202AF0E6FB054630B9039904F1A80022
:101640002AF011FB03959AE78079B1790C300C31BF
:101650004246314428442AF076F8EB7953FA88F36D
:10166000EB71B379727953FA88F3B3716B794FF0F8
:10167000000862F300036B7173796FF300037371F9
:10168000B4E7039B4A79587960F300024A715A79AA
:1016900003A86FF300025A712AF0E0FAE36A9A0590
:1016A00012D50398034600680028FBD1DB79C3F10B
:1016B0004503DBB2032B07D82AF0A3FB0146002821
:1016C000B0D003A82AF0C0FAD4F8A83013B15B79DF
:1016D000DB0704D5039A537943F008035371384666
:1016E0002DF033FB039965E77C2C020070B5036B8A
:1016F0000446990786B001D521F051FA236BDA0729
:1017000033D5A66A330723D516F4002F14BF03255B
:1017100001252046FFF7E8F994F89B302946059308
:101720000023049394F83E30C6F380020393238F82
:1017300080B20293638F0193636BC3F34F030093F3
:1017400004F1710322F044FE30B9002006B070BDF0
:10175000B50C05F00205DCE7012104F1300021F0B1
:10176000ECF84FF4005121F0E0F8236B980410D509
:101770002046FFF7B9F9A16AC0B2C1F3403122F0A7
:1017800088F80028E1D04FF4005104F1300021F036
:10179000D4F8236BD90409D500212046FFF7A2FE17
:1017A0004FF4805104F1300021F0C7F8236B5A0543
:1017B00012D52046FFF798F9002394F89B50C2B247
:1017C0001946284622F0D3FA0028BED04FF4806193
:1017D00004F1300021F0B1F8236B5B0711D52046EE
:1017E000FFF782F9616B238F628FC1F34F0180B2E3
:1017F00022F0CEFD0028A8D0042104F1300021F011
:101800009CF8236B1E0709D5204623F026FD0028EF
:101810009BD0082104F1300021F08FF8236BDD0606
:1018200018D52046FFF760F9E16A80B211F48051C3
:1018300000F0C580002122F040FE002885D04FF442
:10184000805104F12C0021F078F8102104F13000CF
:1018500021F073F8236B580615D52046FFF744F99D
:1018600094F8773080B20093D4E9082322F008FE80
:1018700000283FF46AAF0023402184F8773004F158
:10188000300021F05AF8236B190516D52046FFF7D2
:101890002BF900230093B4F89830B4F8962094F80C
:1018A0009A1080B221F0A8FF00283FF44EAF4FF409
:1018B000006104F1300021F040F8236B13F48045FF
:1018C00032D19A0516D52046FFF70EF994F8371154
:1018D00094F8772001F00F0180B200F031FE00286B
:1018E0003FF433AF4FF4007184F8775004F13000C7
:1018F00021F023F8236B1B0616D52046FFF7F4F8DA
:10190000B4F88C3080B2009394F89130B4F88A2007
:1019100094F8901022F003FE00283FF416AF8021C7
:1019200004F1300021F009F8236B9E0612D5204601
:10193000FFF7DAF894F8771080B222F0D5FD00288E
:101940003FF403AF0023202184F8773004F1300006
:1019500020F0F3FF236BDD0508D504F130004FF4D0
:10196000807120F0EAFF204623F08AFA236B1804E6
:1019700008D504F130004FF4004120F0DEFF20468E
:1019800021F017FA236BD90308D504F130004FF486
:10199000803120F0D2FF204621F031F8236B9A03EA
:1019A00008D504F130004FF4003120F0C6FF204686
:1019B00021F033F8236B9B0704D40120C6E622F004
:1019C00093FD3AE700222046114621F024F82046F4
:1019D00021F023F82046FFF787F894F8771080B2BB
:1019E00022F038FE00283FF4B0AE022104F13000AE
:1019F00020F0A3FF2046FFF75FFB024B1B689847D0
:101A0000DBE700BF18200020F8B50023124A02F1DE
:101A1000240151E8004F41E80035002DF7D101279E
:101A200034B9BDB10D48294620F07FFF2046F8BDEE
:101A300094FAA4F0B0FA80F007FA00F624EA06045B
:101A4000FFF73EF80028EBD0FFF750FE0028E7D163
:101A50003543E5E70120EAE7EC1F002010200020D5
:101A60002DE9F74F04460190002860D0C5794FF06A
:101A700000080C3505442DF06DF9464600904FF4F2
:101A8000A47A40462B4FBA7E5FFA88F94A4517D9A7
:101A90000AFB09FB3A685A44916ACB0644D5B2F86E
:101AA0009420C2F30B02002A3ED0E279C2F1450233
:101AB000D2B2032A15D802202AF0A3F9044640B96D
:101AC00000230098FB832DF040F9304603B0BDE8B9
:101AD000F08F014601A82AF0B7F80020E5790C350F
:101AE000254404220123002112FB003305F8209035
:101AF000E9543B6802FB005C5B44B3F89430013668
:101B00008CF80230032312FB0032A9543B680130E9
:101B10005B44B3F89420C0B261F30B02A3F89420A5
:101B2000E379F6B20433E37108F10108ABE7064646
:101B3000CBE700BFEC1F0020F7B56846FEF7E4FED8
:101B400000254FF4A477124EB37EAB4201DC03B004
:101B5000F0BD346807FB0544A36A03F01803102B9B
:101B600013D10522694604F1450029F0BAFD60B1A0
:101B70000121204623F0A5F938B901202AF041F9C6
:101B8000014610B1204601F043FB0135DCE700BF00
:101B9000EC1F00202DE9F74F2DF0DCF8424BDA68FE
:101BA00000920022DA602DF0D0F8009B13B903B048
:101BB000BDE8F08F684629F076FF8279876802F1E8
:101BC0000C04044401460190A07A0A3210F0200F60
:101BD00014BF0320022002448A71FA6A52050FD50D
:101BE000E07AA27A42EA0022384621F011FD38B9A3
:101BF00001A829F03AFF3D21384621F0DEFBD4E769
:101C0000BA6A94F80AB012F4007201990BF003005A
:101C100013D003288A79EBD10A44127B3A2AE7D8F9
:101C2000224B23FA02F2D307E2D54A79384642F032
:101C300002024A7100F0BCFFB7E70328F5D04879EB
:101C40000BF0030B62F341004871084694F80690CC
:101C500094F905A029F096FF019D0646AC79384617
:101C6000063CE4B2AC71FEF73FFF0C34C0F3032333
:101C700005EB040843EA0B1388F803302B46F6B251
:101C800088F80200A8F8046005F804A088F801901C
:101C90005A796FF341025A711B68002BF8D128461C
:101CA00021F00EFE81E700BFEC1F00207C2C02001B
:101CB000104B1A7842F0F0021A701A7C42F0F002CF
:101CC0001A7493F8202042F0F00283F8202093F851
:101CD000302042F0F00283F8302093F8402042F0A8
:101CE000F00283F8402093F8502042F0F00283F88D
:101CF00050207047282000200368054A23F07F63A6
:101D000023F4002302EAC14213430360704700BF7B
:101D10000000F80FF8B54488054604F00704072CC6
:101D20001C4E28D12DF016F800221101735C06EB31
:101D300002171B090F2B0AD00132062AF5D1164AC9
:101D40001388013313802DF000F81920F8BD2B689B
:101D500094B27B80112373542CF0F7FF24F01EFD06
:101D600006EB0413D8602B68002023F4E02343EA39
:101D700004432B60EAE72301F15CC1F30312013253
:101D800002F00F02052A28BF002262F30711F15466
:101D9000E4E700BF28200020062C002038B5448846
:101DA000054604F00704072C0FD02CF0D3FF074A98
:101DB0002401135D43F0F00313552B6843F4E02333
:101DC0002B60BDE838402CF0C0BF38BD2820002073
:101DD0002DE9F0474588074605F00705072D894698
:101DE00037D01D4C4FEA051814F8086024F0D6FCD3
:101DF00004EB051ADAF80C30360906EBC506C01AF2
:101E000004EB4606708014F8083003F00F02042A31
:101E10009EBF013262F3030304F80830B9F1030FE7
:101E200014D114F8081004EB0514A01C01F00F01E4
:101E300023F051FC04462CF08DFF3A68074B134009
:101E400023433B60BDE8F0472CF07FBF4FF6FF74A3
:101E5000F1E7BDE8F08700BF282000200000FF7FE9
:101E6000064A08B59268824207D0427922F00302FE
:101E700042F0030242710EF0B7FD08BD8820002039
:101E800010B5064C204629F0F0FD201D29F0EDFD8F
:101E900004F10800BDE8104029F0E7BD88200020CB
:101EA00010B5022029F0ADFF034C6060022029F03C
:101EB000A8FFA06010BD00BF8820002008B5FFF774
:101EC000DFFF0022024BDA60BDE80840FFF7E8BF01
:101ED00088200020014B5868704700BF88200020F0
:101EE000014B9868704700BF8820002038B50C4C23
:101EF000E3681BB1E36898470023E36023686BB194
:101F0000074829F0D0FD054640B123681BB14FF0CA
:101F100000400EF00FFD284622F0DEFB38BD00BF6A
:101F20008820002010B5084CE0604FF000400EF013
:101F300001FD00BF00BF00BF00BFE3681BB1E36845
:101F400098470023E36010BD8820002038B58379CE
:101F5000044603445B7B13F0300F437923F0030303
:101F600008BF43F0010343712CF0F4FE05462146FF
:101F7000054829F069FE4FF000400EF0DBFC2846D2
:101F8000BDE838402CF0E1BE8820002010B50C4C94
:101F900063689A790C321344597901F00302032AD9
:101FA0000CD0B3F8030023F0C3FD0246A068002361
:101FB000BDE8104042F2590121F063BB1122F5E760
:101FC0008820002070B5114C63689A790C32134454
:101FD000B3F80510B1F5FA7F15D243F6F675B3F8EC
:101FE0000720A2F10A0080B2A8420CD8B3F803007F
:101FF00023F087FD0246A0680023BDE870404FF63D
:10200000294121F03EBB1222F5E700BF88200020C5
:1020100010B5084C63689A791344B3F80F0003F0C5
:102020003BFB0023024642F24601A068BDE8104097
:1020300021F027BB882000207FB5684C63689A791F
:102040000C321344DA78013A132A12D8DFE802F08E
:102050000A13262A32113A3E535C6D757D11119593
:102060009DA6AFB85879003818BF012005F0D8FCFC
:1020700048B9122008E05A4AB3F8051012681172E4
:10208000B3F8073053720020024600234FF6074191
:10209000A06804B0BDE8704021F0F3BA587902F0AE
:1020A00035FBF0E71A79042AE3D1D3F8050000F0F4
:1020B00081FBE8E71A79042ADBD1D3F8050000F0A8
:1020C0007FFBE0E7587920F004FCDCE71A79022A6C
:1020D000CFD1B3F805600021F0B2FDF7FFF8054657
:1020E0001FF036FF002876D028461FF031FF310A56
:1020F00020F0D0FBC7E71A79112ABAD8591D384BFE
:10210000186829F020FBBEE7587930B9034602462B
:102110000146009006F018F9B6E7DA79997902F1EC
:1021200008051D4400950833F4E758790128A0D824
:1021300000F0010005F05AFCA6E71A79042A98D1AC
:10214000D3F8050020F0C6FB9EE71A79082A90D143
:10215000D3F80500D3F8091002AA03C2BDF90E3066
:10216000BDF90C20BDF90A10BDF9080022F069FC88
:10217000002814BF1F20002086E71A79082A7FF460
:1021800078AF581D20F035FC7EE71A79022A7FF4DB
:1021900070AFB3F8050001F03DFE75E71A79012A2A
:1021A0007FF467AF93F9050020F0BBFB6CE71A7969
:1021B000022A7FF45EAFB3F9050020F0B4FB63E7B9
:1021C0001A79012A7FF455AF5879003818BF0120D9
:1021D00002F0ACFA58E7422056E700BF8820002002
:1021E00098200020F0B5184E85B07568AB790C3397
:1021F0001D4400F051FBB5F80920B5F807108A42DC
:102200001FD8032A1DD903291BD96F79CFB1C04329
:1022100060F0050010EA070413D1EB78A879CDE946
:1022200001742C79009401F0FFFC00280CBF0C22F3
:10223000002242F24101B06805B0BDE8F04021F053
:1022400062BA1122F5E700BF8820002010B50D4CBE
:10225000626893790C331A441179D078003918BF29
:1022600001210038B2F8073018BF0120B2F805206C
:1022700002F000F842F242010246A068BDE81040B8
:1022800021F041BA8820002038B5134B00229D6808
:102290004FF617410A23284621F0F3F9AC7906F0EE
:1022A000A3F90C342C44E08006F0A6F9208100202C
:1022B00006F072F9608120F008FBC822022106F0C6
:1022C00075F9A081002005F045FAE0812846BDE8B7
:1022D0003840FFF7C5BD00BF8820002010B5084C6E
:1022E0006068837918440F3000F098F90023A068E3
:1022F0001A46BDE810404FF6284121F0C2B900BF90
:1023000088200020242816D80F2805D802280CD8A9
:10231000B0FA80F040097047084B103880B2C340D3
:1023200003F0010383F0010070470538012894BFD2
:102330000020012070470120704700BF2D201100B0
:102340002DE9F04F95B0FFF7C5FD42F236038679CF
:1023500005460C3630F80680841998450ED1FFF7F3
:10236000B9FD022129F051FB7F22A3780233A3702B
:10237000AA55002320222377627063770121E07839
:10238000FCF7ACFF00230646002800F0D180CDE921
:102390001233237AE2888DF84A30E37AADF8482088
:1023A000B4F809208DF84E30E378ADF84C20A288BF
:1023B000FE2B4FF6FF7308BF4FF4804312F0050F5A
:1023C00025D1DDE9120188421DD900251126FFF72C
:1023D00087FD012332464146ACB221F052F9002D6F
:1023E000CCBF0534053C24B2002E40F0A4800A2363
:1023F00094FBF3F4E4B2FFF773FDC3791844C4729D
:1024000015B0BDE8F08F1F28DFD99942DDD8D2067C
:10241000E77D657E04D5012F16D000251226D6E76C
:10242000012F74D0032FD0D16B1EDBB2022BCCD87E
:1024300000F032FA04270742C7D0032D08BF042555
:102440002840C0B20028C0D0E0781FF053FE20B171
:10245000A088FFF757FF0028DFD0384A237F127883
:10246000002A5CD0042BD8D8637F042BD5D8A3884E
:10247000DB065BD420F029FA0121C822084006F0CF
:1024800095F894F91630B4F804E003EB8303B0EB4D
:10249000430F4FEA4302637B677E0F93A37BE18880
:1024A000109304F10F031193637F94F80C9094F848
:1024B00015A094F818B00546E07DC8BF15B2B4F871
:1024C00009200C93237F03280B93E37E08BF04208D
:1024D000032F08BF0427003B18BF01230A93A37EE4
:1024E0001FFA85FCCDE90873119BCDE9060B029319
:1024F000109BCDE904ACCDF80C9001930F9B3046B6
:1025000000935FFA8EF31FF01FFA06465FE76B1E1B
:10251000DBB2022B3FF659AF00F0BEF98BE7002B80
:102520007FF453AF637F002BA1D04EE70020A3E7D9
:10253000054607264BE700245DE700BF922C0020EC
:10254000F8B5074601200D46164629F05AFC044608
:10255000C0B106220C2121F0A7F8691EC9B20329D7
:1025600088BF0022A37998BF074A03F10C0398BFE4
:10257000525C234420469F80DE70DA719A71FFF727
:102580006FFC0120F8BD00BF35070408F8B5FFF760
:10259000A1FC83791844B0F80F60B0B2FEF790FA4E
:1025A0000446C0B120F0D3FD0138C0B2032814D8CE
:1025B00000270B4B1C5CFFF793FC054604233A46AF
:1025C00042F2300121F05DF8AB790C33E818C68097
:1025D00004724472F8BD0227EDE700242746EAE7BB
:1025E000350704080B4610B50649074C062200289B
:1025F00008BF2146184629F074F8B0FA80F0400967
:1026000010BD00BF942C00209A2C0020024B1A68A9
:1026100002609B88838070479A2C002013B50D4C74
:1026200028B1036823608388A38002B010BD24F022
:10263000C5F8CDE900019DF80230BDF80020A37077
:10264000BDF805302280A4F803309DF8073063718F
:10265000EBE700BF9A2C002010B504462CF07AFB63
:102660002268064B1A60A2889A80054A137843F0C4
:10267000010313702CF069FB012010BD942C002085
:10268000932C0020024B1878003818BF01207047A7
:10269000932C0020024B1A6802609B88838070474D
:1026A000942C0020024B186908B10EF043B9704712
:1026B000180B0020002310B53C4A02F1100151E82C
:1026C000001F02F1100C4CE80034002CF5D140EA58
:1026D0000104A10201D503F0D3FE220101D505F0CA
:1026E000F9FD002C01DAFFF701FC630001D501F0D0
:1026F00065FDA00001D5FFF74DFAE10007D5FCF715
:10270000E1FE20B94FF08051294822F0F3F8620130
:1027100007D520F0F0FD20B94FF08061244822F069
:10272000E9F8A30105D520F0C9F8FFF705FA1FF075
:1027300052F8E00108D503F0A3F8072804D14FF0C0
:1027400080711B4822F0D6F8610201D5FDF7CAFA64
:10275000220201D51FF001F8E30207D520F041F96C
:1027600020B94FF48011124822F0C4F8A00507D513
:1027700000F0B4F920B94FF400710D4822F0BAF816
:10278000E10507D5FFF740F920B94FF480710848FB
:1027900022F0B0F8620503D520F071FF20F070FF41
:1027A000230501D522F0AEF810BD00BF180B0020A4
:1027B000280B00200146014822F09CB8180B00208D
:1027C000C043044A52E8003F034042E80031002978
:1027D000F8D17047180B0020014B1B681840704758
:1027E000180B002010B5044BD3E9064204430A43FA
:1027F000C3E9064210BD00BF180B002070B51E4D86
:1028000004462B68002B03DAFFF758FB002031E069
:102810004CF20C000021FFF7E5FF0023174E336058
:1028200024B163682B60A36803B133604FF00040AC
:10283000FFF7C0FF33680BB9114B3360114B1248DF
:10284000AB6000232B7316F0E9FAFFF731FA20464C
:1028500004F032FF70B92CB1B4F90E10B4F90C00C9
:1028600004F060FF20F03DF806F084F901F014F95F
:102870000028C9D070BD00BF180B00209820002090
:1028800038320020A52601081C0B0020014BD3E99B
:1028900006017047180B0020054B9B69DA054CBFF9
:1028A000032001201B0548BF40F00400704700BF13
:1028B000180B0020F8B517461C460D46064605F0D5
:1028C00011FC1C4BBA7A1C4953F8222053F82030D3
:1028D0008C421A4424D9194B9C4214D9184B013C00
:1028E00093FBF2F3002BB8BF03339A1004EBA3045D
:1028F000B4FBF2F371682A68A1EB930102EB430287
:1029000071602A60F8BD0F4B0F49A3FB04435B09BC
:1029100002FB03F303F6C313A1FB0313DB0AE9E78E
:1029200002FB04F3094A03F574338F33A2FB03233C
:102930001B0CDFE7840704084C6210001366660670
:1029400040420F001F85EB515917B7D183DE1B435F
:10295000034600F03F003F2830B51FD090B1194624
:10296000002201321B2A4FEA510105D100212E48D5
:102970000A460124584007E001F03F003F280DD0EF
:102980000028EED130BD012104FA02F5054202F122
:10299000010205D1202AF7D1022907D00020F1E752
:1029A000202A01F10101F7D00229ECD1DAB2C3F3F8
:1029B0000721914225D000211C46084604F003055A
:1029C000013D012D01F1010198BF01301F294FEA9E
:1029D00054041ED11828E1DC052000219B0E03F0D1
:1029E0000304013C012C98BF013101384FEA530325
:1029F000F5D10129C6DD8AB90228D4BF0020012003
:102A0000C0E7C3F307419142D5D1B2EB136FD2D1E6
:102A1000C4E71029D2D10B28D0DDBFE7D30748BFC8
:102A200001305208E7E700BFD6BE898E024B1A6814
:102A300002601860704700BFA02000200022024BF7
:102A40001A6000F053BA00BFA02000202DE9F8431F
:102A5000064620F02CF80446002835D045784DB9BC
:102A60002CF078F9237863701B4B1B68257063602A
:102A70002CF06BF94FF00108677837B923781BB356
:102A80004FF400700DF056FF1EE097FAA7F5B5FA67
:102A900085F508FA05F55FFA85F9636833B90E4BD9
:102AA00027EA050565701B686360E5E79B681BB94D
:102AB00063681B686360F0E7494630469847012821
:102AC00005D163681B6863600120BDE8F8830228B4
:102AD000EED10020F9E700BFA020002070B500254E
:102AE0000D4EFEF787FAA84201D8012012E03068A7
:102AF000FDF7E6FF50B93468FEF77CFA0134B4FB09
:102B0000F0F303FB104401353460EAE7FFF79EFF62
:102B10000028F0D170BD00BF9C20002010B50446F5
:102B2000837903441B7B3A2B96BF044AFF21D15C77
:102B300028F06BFFA0790C30204410BD3907040841
:102B4000F8B5174606460C461D461FF0A8FF0207BB
:102B500013D50221304620F0E4FB70B1112120464C
:102B600022F013F82046FFF7D9FF45708770214601
:102B70003046BDE8F840FEF7B5BC29200B49C5F149
:102B80002002A5F12003E94000FA02F220FA03F343
:102B900011431943CB07E1D40D21204621F0F5FF65
:102BA0002046FFF7BBFF4770E1E700BF000040840D
:102BB0002DE9F34105460C4601911FF068FF83069D
:102BC00005D501A828F051FF02B0BDE8F081019FB2
:102BD000BE790C36BB5D3A2B18D8164A12F8038022
:102BE000B8F1FF0F12D0384628F0CCFF013840452D
:102BF0000CD1114B1E6896B921462846A37923446F
:102C00001A7B02B0BDE8F04121F0D3BF019828F053
:102C10002CFF2846BA5D019921F0CBFFD4E77368F9
:102C20000BB93668E7E72146284698470028F8D0D0
:102C3000CAE700BF39070408A020002037B50446C2
:102C40000D4620211FF025FF294620461FF07FFF5B
:102C50002146012022F054F82146002022F050F8AD
:102C6000012000232146034A009021F0DAFF03B03F
:102C700030BD00BFDF4A030837B5044622F0BEF975
:102C8000032120461FF066FF002503462146012050
:102C9000034A009521F0C5FF284603B030BD00BFB0
:102CA000D74E03082DE9F34104460D4601460120A5
:102CB0001FF0E4FE01210746284621F066FF284662
:102CC000FFF72CFF064600F101084046FDF71CFE09
:102CD000D6F801300221C7F8123073792046BB754F
:102CE0001FF038FF29460746F080204621F04BFFB1
:102CF00020232146009301203B46034A21F091FF07
:102D0000002002B0BDE8F081BD4F03087FB5044646
:102D10000D46014601201FF0B1FE50E8003F43F48C
:102D2000806340E80036002EF7D1204622F05AF9A1
:102D3000D8B320461FF0B3FE430715D533463246BD
:102D400020460DF10F0120F0A1F99DF80F30062B60
:102D50000AD8284616F026F8012200232046FEF75E
:102D6000A3FB002004B070BD0E21284621F00DFF0A
:102D70002846FFF7D3FE0646FFF788FDC6F8051084
:102D8000FFF784FD2946C6F80100204621F0FBFE2E
:102D9000032120461FF0DEFE00220346009221465A
:102DA0000120034A21F03DFFDBE70821DDE700BFFA
:102DB000DB4E0308F7B50D460446174622F012F91C
:102DC00080F001002146C0B21FF058FEC668012DF8
:102DD000B37907D03A462946204603B0BDE8F04013
:102DE00022F02BB90C3320461E44FDF77DFE71897D
:102DF00080B21EF0DFFC1022738921460092002071
:102E0000024A21F00EFF284603B0F0BD3B500308F4
:102E10002DE9F74F074688461FF041FE10F4801653
:102E20005DD1022028F0EDFF0546002859D098F822
:102E3000063031460C334344B3F80490B3F806B07F
:102E4000B3F808A021F0A1FE2846FFF767FE022193
:102E5000044638461FF07EFEA4F804906081A4F872
:102E600006B0A4F808A023F05DFC09F10109B0FB4D
:102E7000F9F303FB1900022360806370AB7988F8D3
:102E80000630EA7903F10C0088F80720D21AD2B292
:102E90002918404428F057FC394601201FF0EEFD68
:102EA000C0F80C803846FDF71FFE618980B20139F9
:102EB0001EF080FC102263893946012000920A4AE4
:102EC00021F0AFFE4FF4803138461FF0EAFD38465E
:102ED000294621F058FE304603B0BDE8F08F23208C
:102EE000FAE70720F8E700BF3B50030810B5054C90
:102EF000054A2046054921F0DFFF2046BDE8104085
:102F0000FFF794BDA4200020C750030879300108C2
:102F1000F7B58B7904460C33CE18CB5C0D46023BDB
:102F20000F2B00F2A080DFE803F0089E9E9E9E73A8
:102F30009E829E9E2C689E9E9E4F2BF00BFF71786A
:102F4000074620461FF003FE202120461FF0A1FD6A
:102F50002146012021F0D4FE2146002021F0D0FEA0
:102F600001230093002321461846404A21F059FED0
:102F7000284615F017FF38462BF0E7FE012003B076
:102F8000F0BDB3887288717820F066F820461FF093
:102F900086FD830708D42946204622F02FF8012118
:102FA000204621F0DAFDE9E7214601201FF066FD09
:102FB0002F4B82689A4203D12146012021F070FEF6
:102FC000284615F0EFFEEAE777780846B67815F060
:102FD000E9FE162F05D132460321204622F07CFA65
:102FE000CCE7214601201FF049FD8368002BC5D0A6
:102FF0003246032120469847C0E7014601201FF0D2
:103000003DFD07462846767815F0CCFEBB68EDE717
:10301000014601201FF032FD07462846767815F05C
:10302000C1FEBB68002BA9D032460421E2E701466D
:1030300001201FF023FD0F4B82689A4203D02846DF
:1030400015F0B0FE9AE7D6F80120D6F805302046F4
:10305000FEF72AFA284615F0A5FE2146012021F0A8
:103060001FFE02219CE7002089E700BFF14F030803
:10307000D74E0308DB4E03082DE9F3410D46044605
:1030800021F0B0FFAB7900287DD00C3315F8038018
:10309000EE18B8F1010F53D0B8F1080F4BD0B8F1CA
:1030A000000F63D12046718921F0A9FDB388728891
:1030B0009A4294BF07460027092B38BF092372782C
:1030C000013B9BB29A421BD8002A08BF002720462A
:1030D000FDF70AFD1FFA80F840461EF05AFB88B142
:1030E0004388B18800930846F388328921F0CDFCEB
:1030F00050B9284615F056FE012002B0BDE8F08117
:103100004746E4E70123ECE7002FF2D021460020F8
:103110001FF0B4FCC5607189404601391EF04AFBBE
:10312000102273890092013B1B4A9BB2214600206A
:1031300021F077FDE0E72946204621F0F1FEDBE7AC
:103140002046F18821F05BFD0746701C1FF0D7FB7D
:103150000028CED0002FCCD0214600201FF08EFCBE
:103160002023C5600093F3880C4ADFE729462046F8
:1031700022F09FFA0028BFD12946204602B0BDE8C0
:10318000F041FFF7C5BE2B441B7B0E2BD3D0294645
:10319000204622F07DFAEDE7B52D0108754F0308B2
:1031A00038B504460D461FF07AFC42070BD4204682
:1031B0001FF075FC830706D429462046BDE8384039
:1031C000034A21F00EBE284615F0ECFD002038BD64
:1031D000792C010838B504460D461FF058FC00F064
:1031E000180010280CD120461FF059FC10F4C02FF5
:1031F00006D129462046BDE83840044A21F0F1BDF9
:10320000284615F0CFFD0C2038BD00BF112E010857
:10321000014A21F0E6BD00BFA52C010870B50546A6
:103220000C46014601201FF029FC064628461FF0E7
:1032300036FC020704D5204615F0B4FD002070BD11
:1032400033685B05F7D4284621F0CCFE40B1214617
:103250002846FFF7A5FF18B928F0D3FD044630B182
:1032600021462846BDE87040024A21F0BABD072039
:10327000E5E700BF0D2D010873B504460E461FF0AB
:1032800006FC00F0300010284FF0020031D128F089
:10329000B8FD054678B34379022143F00203437138
:1032A00021F073FC2846FFF739FC2946467020467A
:1032B00021F069FC162120461FF049FC2021204600
:1032C0001FF0E7FB2146012021F01AFD21460020D6
:1032D00021F016FD204621F0B9FD012120461FF006
:1032E00039FC0346012021460090044A21F099FC54
:1032F000002002B070BD0720FBE700BF054F0308A8
:103300002DE9F04387B004460E461FF0C8FB00F4D9
:10331000C060B0F5C06F06D1022028F072FD0546EE
:1033200010B9072054E00025214601201FF0A6FB1C
:10333000814696F8068000F1120208F10C08B044AC
:1033400008F10F0308F11F0153F8040B8B4242F8F8
:10335000040BF9D10321304621F017FC3046FFF76A
:10336000DDFB0A22074608F10501013028F0C9F902
:103370000C210DEB010000F0A3FB03AB03CBC7F85E
:103380000B00C7F80F10059B07F10B02C7F81330AD
:103390000DB30A21284621F0F8FB2846FFF7BEFBB3
:1033A0002946204621F0EFFB4FF480712046C9F8F2
:1033B0000C601FF06EFB032120461FF0CBFB0025A5
:1033C0000346214601200C4A009521F02AFC28469C
:1033D00007B0BDE8F083204607F11303012120F078
:1033E00076F82046314621F0CEFB2046C9F80C5035
:1033F00020F089F8DFE700BF39510308F0B589B044
:103400000D46044621F092FEAB79002800F0A3801F
:103410000C33EA18EB5C033B082B00F23881DFE841
:1034200013F00900360136018400360136013601F9
:103430005D007E00D2F80100D2F8051003ABB2F8AF
:10344000097003C302F1130301210B32204620F05F
:103450003EF80421284621F098FB2846FFF75EFB42
:1034600006460C2105A800F02BFB05AB03CB334629
:10347000C6F80100C6F80510079A002143F8092F85
:103480002046721C20F023F8214600201FF0F6FA97
:10349000034603AA478303CAC3F81200C3F81610F1
:1034A00020460821FDF736FB4FF4007120461FF03F
:1034B000F0FA204620F027F82946204621F063FB49
:1034C000032120461FF046FB034600202146714A97
:1034D000009021F0A6FB012009B0F0BD0B21284689
:1034E00021F053FB2846FFF719FB2946204621F01F
:1034F0004AFB2BF02FFC05464FF4407120461FF08D
:10350000C8FA4FF4805120461FF0CBFA28462BF022
:103510001CFC4FF4806120461FF0C6FADBE728460A
:1035200015F040FC4FF40071F5E70621284621F024
:103530002CFB2846FFF7F2FA20461FF000FE294632
:10354000204621F020FB204620F003F821460020F1
:1035500021F0A6FBBFE72B441B7B043B072BBBD80A
:1035600001A252F823F000BF89350108AF350108E8
:1035700011360108D9340108D9340108D9340108B9
:10358000D93401082736010820464FF400711FF096
:1035900080FAAA7920460C322A4402F1090300215C
:1035A00001321FF094FF284615F0FCFB93E74FF41F
:1035B0008060FFF711F9B0B100274FF40061204699
:1035C0001FF067FA2046CDE90577FDF78DFA06462C
:1035D00020461FF05AFA39460346009505AAB0B2B4
:1035E00020F0E0FF77E7214601201FF047FA00F1C5
:1035F000120120461FF0C2FF0621284621F0C5FA1D
:103600002846FFF78BFA2946204621F0BCFA62E7EC
:10361000284615F0C7FB2146012021F071FB20460A
:103620001FF097FF57E72BF095FB06464FF400710C
:1036300020461FF02EFA4FF4805120461FF031FA39
:1036400030462BF082FB4FF4C06120461FF02CFA6D
:103650002946204621F097FA214601201FF00EFA54
:10366000C268054682B1937901210C331A4402F1F4
:10367000130320460B321FF02AFF20461FF043FFA2
:103680002046E96821F07FFA0023EB6023E7002061
:1036900022E700BF3951030810B5074C07492046FF
:1036A000002221F009FC2046FFF7C0F9BDE81040D8
:1036B00001200021FFF796B8B0200020FD3301085B
:1036C00038B505460C461FF0E2F900F01800102846
:1036D00006D121462846BDE83840044A21F081BB86
:1036E000204615F05FFB0C2038BD00BF01330108F8
:1036F00038B50C468B7905460C331944E35C142B22
:1037000003D0152B0FD0002038BD013121F0E6FD8C
:1037100015212846224621F029FE2146284621F07F
:1037200032FA0120F0E7014601201FF0A7F90B4B08
:1037300082689A4203D0204615F034FBF1E7A17964
:10374000284621440D3121F0C9FD204615F02AFB01
:103750002946012021F0A4FAE3E700BFC153030882
:1037600037B504460D460A46142121F0FFFD2946CF
:10377000204621F008FA032120461FF0EBF9302201
:103780000346009221460120024A21F04AFA002015
:1037900003B030BDC153030810B5074C074920469C
:1037A000074A21F089FB2046FFF740F9BDE81040A9
:1037B00020200021FFF716B8BC200020F1360108B8
:1037C000C553030873B51E46ADF800208DF80230CE
:1037D000009B044601A801930D46114621F068FDA7
:1037E0009DF80630B34203D1BDF804308B4205D0BA
:1037F000284615F0D7FA122002B070BD20461FF0FF
:10380000DAFA9DF80230827A9A4209D18288BDF8AC
:1038100000309A4204D1284615F0C4FA0020EBE7A4
:10382000694620461FF0F5FD29462046014A21F051
:10383000D8FAE1E7613701082DE9F04116461A434D
:1038400007460C461D46BDF8188005D12046BDE848
:10385000F041114621F009BE4146204621F0BBF956
:1038600078B1214638461FF009F940238674C574A3
:103870002146069338464346BDE8F041024A21F00E
:10388000D0B9BDE8F08100BF2355030873B50446E5
:103890000D461FF059FC0646202120461FF001F975
:1038A000204621F0C5FD3278C2F3030303EA121368
:1038B000184021F0B4FD064678B9284615F072FA92
:1038C00020461FF044FC03F023FF0022014620465F
:1038D00021F0CBFD002002B070BD20461FF037FC68
:1038E00003F016FFB042E8D0204600211FF065FA31
:1038F0001621284621F049F92846FFF70FF92946F5
:1039000046708670204621F03EF9032120461FF0C4
:1039100021F940220346009221460120014A21F06C
:1039200080F9D7E7D954030810B50446002028F0E1
:1039300068FA014610B90723184610BD2046FFF764
:103940006DFC03460028F7D128F05BFA01460028F9
:10395000F1D02046BDE81040014A21F042BA00BF34
:103960008D380108F7B505460E46014601201FF0C7
:1039700085F8036813F0F00F03D02946012021F0E9
:10398000BFF928461FF0E0FBB3790C3333445F786E
:103990009B781F400378C3F3030000EA13103840FC
:1039A00021F03DFD044668B9284621F041FD38402C
:1039B00021F035FD044628B928461FF0C8FB03F066
:1039C000A7FE0446284600211FF0F7F917213046CC
:1039D00021F0DBF83046FFF7A1F8314644708470DF
:1039E000284621F0D0F8032128461FF0B3F84022E2
:1039F0000346009229460020024A21F012F903B042
:103A0000F0BD00BFD95403082DE9FF4107460E461B
:103A10001446DFF838804346694638460A4A05F0BE
:103A200017F80028F7D0102C254628BF102530465F
:103A30002A46694627F087FE641B2F442E44EAD1AC
:103A400004B0BDE8F08100BFB02C0020A02C002005
:103A500030B589B020226946FFF7D6FF6A460C4D83
:103A600004AB144603CC9C4228606960224605F1F1
:103A70000805F6D1074C08AD1A4603CAAA422060D1
:103A80006160134604F10804F6D109B030BD00BFEF
:103A9000A02C0020B02C002010B588B06946202052
:103AA00015F016FB044630B96846FFF7D1FF012236
:103AB000024B83F82020204608B010BDA02C002027
:103AC00070B5134B054693F820300C468CB00BB9FB
:103AD000FFF7E2FF0023CDE90033CDE9023354B90B
:103AE0001C22214605A8049427F025FE04A8FFF710
:103AF000AFFF0CB070BD102C264628BF10262946FB
:103B000032466846FFF780FF3544A41BE7E700BF55
:103B1000A02C002008B581B207481FF0AAFD0120A3
:103B200002F03AFC30B9054A536919075CBF43F00B
:103B30000403536108BD00BFD0200020C82000202E
:103B400001238340DB43064901F1240252E8002FA0
:103B50001A4001F1240C4CE800200028F4D17047F1
:103B6000C82000200123074A03FA00F002F12403D1
:103B700053E8003F034302F1240C4CE800310029D4
:103B8000F4D17047C8200020044A4FF08040536AA7
:103B900043F4002353620CF0CDBE00BFC8200020C8
:103BA00038B54FF010131B4C0122E3624FF4E06371
:103BB0000025238694F86730656262F3030384F876
:103BC0006730154A154B2566C4E91632FEF764FEC8
:103BD0004FF48073A4F84830114B84F85600E36129
:103BE000104B65611A6829461378527804F1080071
:103BF00013445B106376A4F8BC50A4F8B4501FF0D3
:103C000038FD294604F194001FF033FDBDE838402B
:103C100022F05CBEC820002055555500D6BE898EC6
:103C20002F590308982000202DE9F843224C99468B
:103C3000636A0F46DB0715469DF824609DF82880CF
:103C400038D480B30120FFF78DFF636A9DF82020F0
:103C500023F4C07343EAC213052E636284F85460F0
:103C600007D103F0BBFE50B96D00ADB2BD4228BF15
:103C70003D4694F8540021F050FE00F00F0694F8F1
:103C80006730A78566F3030384F86730E585636AC8
:103C900084F83090B8F1000F09D043F4801301206C
:103CA0006362BDE8F8830120FFF74AFFCDE723F404
:103CB0008013F4E70020F4E7C8200020024B586A84
:103CC000C0F38000704700BFC820002010B51D4C15
:103CD000FFF7F4FF636A13F0010313D1A8B994F856
:103CE000663094F83110253BDBB20133DBB2032B95
:103CF00028BF002341FA03F2D207F6D5253384F812
:103D0000663018E094F8543010B194F855201343FD
:103D100003F00503052BE2D103F060FE0028DED19D
:103D200094F8673003F00F02012A05D1032262F3F1
:103D3000030384F8673010BD012262F3030384F8A3
:103D40006730CCE7C8200020024B586A00F0010021
:103D5000704700BFC8200020F8B52C4C18B163692B
:103D600043F01003636122F019FD40F27121E28DEE
:103D7000E66C151F4D43AE42236DA78D18D2A3F5F7
:103D8000967301FB0733E768181A23893B44834283
:103D90000EDA51436369891B43F01003636181426A
:103DA000D4BF216120611948BDE8F84002F0FEBA95
:103DB00040F271277A43A2F5E1722261FFF786FF94
:103DC000236DA28DAE4207FB0233636023654FF083
:103DD0000003E3640E4B0CD31A68616A137B490736
:103DE000617E4CBF927912780B4493420CDC63766F
:103DF000D9E7626A1B685207197B4CBFDA795A7897
:103E0000637E5B1A9342F2DA6276CCE7C820002028
:103E10009820002040B1A0F11003F02B07D8054BEB
:103E2000A3F84800002070474FF48070F7E7122095
:103E3000704700BFC820002038B505460D4C80B142
:103E40000320FFF77DFE002384F845300123A4F80A
:103E500046300420FFF774FEBDE838401020FFF71D
:103E60006FBE0520FFF76CFE012384F8B650A4F85E
:103E7000B830EEE7C8200020274B70B55A6A0D46CF
:103E800009B3160747D503F1450603F1460428B3E5
:103E9000D1061FD52388012B1CD95B080420238061
:103EA000FFF74EFE1020FFF74BFE22F03BFC23886D
:103EB000B0FBF3F202FB1300307055B30320BDE8F2
:103EC0007040FFF73DBE940625D503F1B60603F119
:103ED000B804DCE70420FFF745FEE3E7D20314D57E
:103EE000B3F84610B3F8482091420ED22288102031
:103EF000520092B22280B3F84830934228BF134652
:103F00002380FFF71DFE0420CDE71020FFF72AFED7
:103F1000F9E70520D3E770BDC820002070B58AB04E
:103F200005466B46484AAC7910685168127A03C35B
:103F30000C3408201A702C44FEF74EFC20B10122EC
:103F40002846A11D27F06DFD0021A379CDF8211091
:103F50008DF80F30A37AADF8251003F00F0303F1AD
:103F600028026A4412F8282C8DF82010ADF8102091
:103F7000062B08D8DFE803F0044F07075F074B0064
:103F80000D20FFF7EFFDA37A0DF11301C3F38013AA
:103F90008DF81230E3680DF11200CDF81330238A4A
:103FA00009AEADF8173000231A461DF020FCE37966
:103FB0001C218DF819304FF47F43ADF81A307F2360
:103FC0008DF81C30637928468DF81D300023ADF83C
:103FD0001E30AB7903AC1233AB7127F086FDAB79A1
:103FE0002B440C33224603CAB2421860596014466F
:103FF00003F10803F6D1106829461860134827F02A
:1040000023FE4FF080400CF095FC0AB070BD0D20EF
:10401000FFF796FDB7E7D4F81230CDF82130E38AE8
:10402000ADF82530EB79063BEB71A37AC3F3C013EF
:104030008DF82030A7E7064B5B6A9B0444BF42F033
:104040000102ADF810209EE774070408E820002064
:10405000C820002070B583790C33C4182379DA079F
:1040600002D44FF0FF3070BDA37AE27A03F00F055F
:10407000082DF6D8062D01D92846F4E7911F1F29EF
:10408000EFD8012D1FD10C2AEBD1244E736A13F007
:10409000060F01D1DB05EFD41DF0B8FB20B91DF0F0
:1040A000ACFB0028E8D1DCE7A37A96F83020C3F314
:1040B000C010B2EBD31FD4D104F1120100F0010003
:1040C000FEF790FAEDE7042DD6D11449144A486A58
:1040D0000240002AC5D0C96B0029CDD08A79C3F32C
:1040E00080130C3288188A5CB3EBD21F08D01DF005
:1040F0008DFB0028C0D11DF075FB0028BCDBB0E7AC
:1041000004F10C010622083027F0EBFA04461DF0FA
:104110007DFB0028B0D1002CAED0ECE7C8200020F9
:1041200008000400F0B5244C87B0606B00B3A76BA7
:10413000BE79FCF7D9FC0223FF210C36BA5DCDE92C
:104140000431BD1995F8233000215B090393AB8B33
:10415000D20902936B8B80B201932B8B009305F1F4
:10416000080320F035F9606BFCF7A6FF00236363BA
:10417000A06B14F017FE0023A363636A23F004020C
:10418000DB0762620CD594F85450052D0AD103F078
:1041900025FC38B194F8673065F3030384F8673081
:1041A00007B0F0BD94F8540021F0B7FB94F86730E5
:1041B00060F30303F2E700BFC820002013B5154CDD
:1041C0002AF0C8FD236A0193002323622AF0BDFD73
:1041D000019BA3B9636A1A0406D51FF034FBA0B192
:1041E000636A23F400436362636A1B0305D5FFF728
:1041F00099FF636A23F40023636202B010BD01A833
:1042000027F051FC1FF08AFBE2E74FF080400CF0F2
:1042100091FBE9E7C820002038B50E4D044602F0B6
:10422000D3FEE86B18B114F0BDFD0023EB6300F082
:10423000A9FB0948FDF7B2FDAB6B0BB1FFF7A4FC7E
:104240002146044802F000F9BDE83840034827F051
:104250000CBC00BFC8200020D0200020E820002097
:10426000034B586A10F0050001D1FFF7D5BF704726
:10427000C820002070B53B4C1646636A03F001026B
:1042800070B95AB12AF066FD636A054623F001034E
:104290006362FFF7E5FF28462AF057FD002070BD56
:1042A000002AFBD19B0704D5E36BBBB10120FFF7CC
:1042B000C3FD94F8303003F0FD03012B16D02AF033
:1042C00049FD0546C6B10E20FFF74CFC22F066FA08
:1042D00042F2107303FB0600A06210E0022027F0F8
:1042E00090FDE0630028E1D10720D8E7FEF7CAF986
:1042F0000028E4D11220D2E70E20FFF721FC002095
:10430000FFF730FC636A13F00403C4D140F271225A
:10431000E364E38DE260023B5343236122F002FA3F
:104320000323B0FBF3F303EB4303C31A253384F8F1
:104330006630FFF7CBFC22F031FA60602065B4F8FC
:10434000BC00002808BFF520FFF7E4FB064B05483A
:104350001A681378527813445B10637602F026F8DB
:1043600099E700BFC82000209820002038B51A4CDB
:104370000546636923F01003636102F025FEB4F87B
:10438000BC302BB9A36813F4601F08BFA4F8BC307D
:104390000121114802F058F8104BE361636A5A0496
:1043A00005D485F00100BDE83840FFF7D5BCA26A0E
:1043B0006168521A002AF4DA23F0010343F400433F
:1043C0006362FFF74DFF4FF080400CF0B3FAFFF748
:1043D00075FC0028E5D138BDC82000202F590308FE
:1043E00008B5FFF76BFCB0B10B4B586A20F0040224
:1043F00010F001005A6203D1BDE80840FFF70CBF7E
:1044000002F0E2FD00F0BEFAFFF7BEFBBDE8084097
:104410000020FFF7ABBF08BDC82000202DE9F04FFA
:104420004FF0000B304C89B0A66B636BB779C4E9D1
:104430000DBB0C37F51901936B6A9046824689468D
:10444000039303F013FFF35D05F108073946C3F347
:10445000C01306A88DF818301DF0E2F9FF238DF87F
:104460001930636A01A8C3F380230E358DF81A3022
:10447000CDE904578DF808B08DF81BA08DF81C907D
:104480008DF81D80FCF7CCFE304614F08BFC636A7F
:1044900023F02402DB07626205D40120FFF7BCFE93
:1044A00009B0BDE8F08F114B94F854501A68052DEF
:1044B0001378527813444FEA630363760FD094F86D
:1044C000540021F02AFA00F00F0594F8673001201B
:1044D00065F3030384F86730FFF748FFE0E703F074
:1044E0007DFA0028EBD0F0E7C820002098200020BB
:1044F00037B5054608461146254A526A02F410723D
:10450000B2F5107F04D1022B40D0032B08BF01234A
:104510000193162300F0010200932846052321F0A1
:1045200044FAAC7920F0A2FA0C342C440321C4F8EC
:104530000E0004F11200FFF7C3FABDF8203004F1B9
:104540001E002383BDF82430E38202236375BDF887
:1045500018306383BDF81C30A383FCF7D5F90C2217
:10456000A37CB3FBF2F102FB113394F82320053353
:1045700063F3040284F8232003F0B4FD94F823309D
:1045800060F3471384F8233003B030BD0023BFE746
:10459000C82000202DE9F043054689B000200F46D1
:1045A000904627F02EFC0646002800F0A680544CCA
:1045B0000620676395F8019019F0010900F09280D8
:1045C000FFF7D0FA6A7A636A023A012A93BF43F48A
:1045D000007323F40073002089F0010094BF63622C
:1045E00063621DF01EF905970027AB890797ADF8A8
:1045F0001A306B890DF11202ADF81830414B04A945
:104600001B6805A89847BDF81230EA1C0393BDF853
:104610001030304602932B8A0193EB8900936B7A1A
:10462000A978FFF765FF3846A663FFF705FC2AF077
:1046300091FB636A074643F004036362324B1A68D6
:104640009379D27913445B106376AE7C052E84F89F
:1046500055604AD094F8550021F05FF900F00F063C
:1046600094F8673066F3030384F8673095F90230F5
:10467000002BBCBF042384F85530636ADA072AD4C0
:10468000B8F1000F36D043F48013B4F8BC00636275
:10469000002808BFF520FFF73DFA40F27122E38DB4
:1046A000E2605343A3F5E173236122F03BF8032357
:1046B000B0FBF3F303EB4303C31A253384F86630EE
:1046C00000232366FFF702FB22F068F86060206594
:1046D0000B4801F06BFE38462AF037FB002009B08A
:1046E000BDE8F083FFF72CFA6CE703F077F90028B8
:1046F000B0D0B5E723F48013C7E70720EFE700BF8A
:10470000C8200020242000209820002010B500F0B0
:104710000704204627F02CF8002808BF0724024B86
:1047200083F8314010BD00BFC82000200E4A68B198
:1047300002F1240353E8003F43F4802302F12400F4
:1047400040E800310029F3D10020704702F1240332
:1047500053E8003F23F4802302F1240040E80031B5
:104760000029F3D1F0E700BFC8200020014B93F8E7
:1047700056007047C8200020042808BF032008B551
:10478000FF2102F0A1FF42F21072064B00F5AF705C
:1047900090422CBFC3F89C00C3F89C20C3F898003B
:1047A00008BD00BFC8200020002310B5104CC4F87D
:1047B000A8300123C4F8A030B4F8B430ABB1B4F8D9
:1047C000BC100C481EF055FF012001F0E5FD38B982
:1047D000D4F8A0301A075CBF43F00403C4F8A0303B
:1047E0000120BDE81040FFF7C7BFF521E9E700BF92
:1047F000C82000205C2100207FB56D46224C03F0CC
:1048000035FD04F158030FCB85E80F0094F876309E
:104810009DF80F20002163F303028DF80F2094F818
:10482000AC2003F00F03C8208DF80E201EF048F8CE
:104830000146284621F0C4FF284603F0F7FA1CF091
:1048400096FF0022014604201CF07BFFD4F8B050F4
:1048500021F0A4FF636A2D1A13F4003FD4F8B010BE
:104860000CBF102011208C2D94F8A53001F5FA66AC
:1048700006DC1A46314603F071FC012004B070BD1D
:10488000324603F0A5FCF8E7C820002073B5437951
:1048900001906FF30003437101221C2101A827F04E
:1048A000EDFA48B1144A01A8536A43F40063536215
:1048B00027F0DBF802B070BD019A104C537904F177
:1048C000180643F001035371937913440C332546C2
:1048D00003CDB542186059602C4603F10803F6D1A8
:1048E000286811461860064827F0AEF94FF080405E
:1048F0000CF020F8DEE700BFC820002030210020A7
:10490000E820002010B50A4CD4F8A80020B194F893
:104910008B30012B01D0002010BD21F03FFFD4F8D7
:10492000B030181AB0F57A7F94BF0020012010BD76
:10493000C820002010B5124C636A1B051FD501204A
:1049400027F05FFA28B9BDE810404FF080400BF027
:10495000F1BFB4F86C3023F0600343F04003A4F8D7
:104960006C30FFF793FF04F1240353E8003F23F476
:10497000006304F1240141E80032002AF3D110BDA4
:10498000C820002010B50D4CD4F8A8308BB101F030
:104990008FFE04F18C03834201D103F067FC0021F8
:1049A000074801F051FD0748FDF7F8F90023C4F866
:1049B000A830BDE81040FFF7BDBF00BFC8200020F1
:1049C000542100205C21002010B5044601F070FE47
:1049D000844201D103F04AFC084BB3F8B42032B949
:1049E000D3F8942012F4601F08BFA3F8B420FFF797
:1049F000C9FFBDE810400120FFF7B8BCC820002067
:104A0000F7B5424C05460E46174621F0C7FE94F80E
:104A10008B30022B05D0D4F884301B1AB3F5FA7F03
:104A20002FD23B4B3B4AEE61CDE900323846D4F8F9
:104A3000843094F8882094F8761003F01BFA064628
:104A40001CF095FE0022014604201CF07AFE002096
:104A500003F0D6FCA54209D1D4F8A83033B1012126
:104A600004F18C0001F0F0FCFFF78CFFD4F88430E7
:104A7000C4F8B03094F8883084F8AC30304603B0D5
:104A8000F0BDA54214D1D5F8A8208AB1D5F8B02040
:104A9000121A934205D30021284601F0D5FC0126C5
:104AA000ECE7012105F18C0001F0CEFCFFF76AFF75
:104AB000D4F884300021C4F8B03094F88830284607
:104AC00084F8AC3001F0C0FCD4F88430C4F8A8609D
:104AD000C4F89030637E84F8A530FFF7EFF80E4BF2
:104AE0001B6888B1DB7994F8A52094F8760093428E
:104AF0003CBF02F1FF32D3B284F8A530FFF73CFE91
:104B0000064801F053FCCAE75B78ECE7C8200020B8
:104B100055555500D6BE898E98200020542100207E
:104B20002DE9F04F8D798BB00C350D44EB7A079160
:104B30000390002B3BD017462E7B8B46B20916F014
:104B40003F0618BF6E7B0292012F05F10E029046C0
:104B5000049200F0978140F28081FA1E012A26D843
:104B6000029AB2FA82F94FEA5919B9F1000F1ED030
:104B70002A7B02F03F029A4219DABB4C636A23F4A3
:104B8000003363622B7BC3F38113013BDBB2012B48
:104B90005AD9584603F020F894F88A3083B194F833
:104BA0008B30002F40F08780F2060BD453B107A85A
:104BB00026F05BFF4FF0000948460BB0BDE8F08FD0
:104BC000002F78D17F20DDF81CB02B7B9BF806A04E
:104BD0004FF0FF0C0AF10C0ADA449AF8071084F837
:104BE00078004FF600704FF0000E94F86720A4F89C
:104BF0007600C2F3030002F00F029B09052AA4F815
:104C00006C3084F86EC0A4F87AE084F8750000F087
:104C100033811BB1636A43F400336362F3071CD52D
:104C2000D5F80E30049AC4F86F3092888F4B9A8072
:104C3000AB7A13F0400340F05E82626A22F4805245
:104C4000626284F86E304DE0012FA2D19BF806A07D
:104C50000AF10C0ADA44F10740D4B20746D47307CC
:104C600000F18D80300741BF98F8013008F102084B
:104C7000C3F3031384F87730012F40F091809AF842
:104C80000C3003F0C003402B02D0802B40F0888012
:104C90000023626AB4F86C0022F40032F10620F0BE
:104CA0006000A4F88A30626248BF08F1030880B24D
:104CB000A4F86C0092E0DDF81CB0042F9BF806A06D
:104CC0000AF10C0ADA44C6D1B4F86C30580754BF64
:104CD0000A230E23F107A4F86C30BED594F86E3089
:104CE000FF2B9DD0B20705F11408B8D5BB1E022BCF
:104CF00040F2C48194F83000AA7AB0FA80F35B09DC
:104D0000B3EBD21F00F0BD81003818BF012041462F
:104D1000FDF768FC0346A87A4146C00905931CF0DC
:104D200077FD06901CF065FD616A069A01F4807CAF
:104D300005991346002900F0AF81AB7ADB09002A00
:104D400000F0AD80BCF1000F00F0A980002840F019
:104D5000A980FE2384F87C30D8F8003008F10608DA
:104D6000C4F87D30B4F86C3038F8022C43F00403FA
:104D7000A4F86C303E4B9A8073077FF573AF1CF03C
:104D8000F6FC4FF6FF73CDF804B000930146374BA5
:104D900094F86E20042008F101081CF0DAFC61E7A9
:104DA000344ADAF8003000924146324694F8560010
:104DB0001DF0F0FA8044B4F86C0094F88A3020F0CA
:104DC0006000626A80B2002B3FF472AF94F88930C1
:104DD00040F02000A4F86C0084F8763016F0200A29
:104DE0001BBF98F8023098F80310CDF814A043EADE
:104DF00001231EBFCDF81480A4F87A3008F1120800
:104E0000012F56D006921CF001FDF2060DD4069A31
:104E100080F00100C2F3C01BC3B25A46134994F894
:104E20006E0021F0DFFC002855D0042FDDF81CB007
:104E300062D8022F5BD8002F5ED1029B626A022BE0
:104E400000F0FF8194F88B30002B40F04F81BAF1D5
:104E5000000F40F0B681D14654E0029AB2F1030946
:104E600018BF4FF0010980E6C8200020372100203C
:104E7000452100204C210020042908BF032184F88B
:104E80007510C6E69E4AB2F86C90029A09F00309C2
:104E9000A9EB0209B9FA89F94FEA591965E6002820
:104EA0003FF458AF94F83030002B40F07D8102235E
:104EB00050E7530758D4C2F3C01B1CF0A7FC80F086
:104EC00001035A468F4994F86E00DBB221F08AFC48
:104ED000002840F0DF81BBF1000F00F01F81BAF124
:104EE000000F40F090814FF0000907A836E094F8D9
:104EF0008B30002B40F0EE80BAF1000F40F0618162
:104F0000D146626A730648BF98F80030CDF820B0E9
:104F100048BF84F878302B7BD00703F03F081CD5BE
:104F2000002F5FD1F10618D44FF0FF3108A802F02E
:104F30009DFD089802F050FEAB7908A884F86B300C
:104F40006B7908F10D0184F8793026F096FE089807
:104F5000002800F05081C7805BE008A826F085FD9E
:104F600048460BB0BDE8F08F029BD807A3D5DDF80B
:104F70001CB00297C2F3003394F87620012100920E
:104F80000020604A02F06CF98146584602F024FE87
:104F9000B9F1000F40F05E81BAF1000F40F0F480EB
:104FA000029B002B00F00A81D4F824A01CF02EFCF8
:104FB000034683F00103CAF3C012524994F86E000D
:104FC000DBB20AF0800A21F00DFC002840F08B8053
:104FD000BAF1000F89D151461CF020FC002800F0E6
:104FE000828082E74FF0FF3108A802F03FFD089869
:104FF00002F0F2FDAB7908A884F86B306B7908F108
:105000000D0184F8793026F038FE0898002800F069
:10501000F280B4F86C30099003F06003202B636ACF
:105020004FF001020CBF43F4006323F4006363629A
:1050300043791C216FF30003437109A826F01EFF7A
:10504000002840F0F880099E2F4C7379B57943F021
:105050000103737135440FCCE86029616A61AB616B
:1050600007CCE8612962A4F1640031466A6226F047
:10507000EBFD4FF080400BF05DFC9DE508F106086C
:10508000EDE54146D0091CF0C3FB05901CF0B1FBD7
:10509000616A059B01F4807C33B1BCF1000F7FF4A1
:1050A00055AE00287FF4FEAED4F8A8307BB101F0F5
:1050B000FFFA164B834200F0DB800021134801F019
:1050C000C3F91348FCF76AFE0023C4F8A830FFF7C1
:1050D00031FC6CE5002203980E49FFF791FC8146F4
:1050E000BAF1000F6FD1DDF81CB00AE703980A4946
:1050F000C2F34042F1E7626A012342F480529FE525
:10510000C820002037210020302100205421002019
:105110005C210020695A0308C952010859465846C3
:105120001CF07CFB00287FF4DAAE042FDDF81CB005
:105130003FF6E2AE022F3FF6DAAE002F3FF47DAE2F
:10514000012F7FF4D9AE626A029B51077DD4012BF7
:1051500004D902F00303032B00F0848094F88B3011
:1051600033B303985549C2F34042FFF749FC034665
:1051700058469B4602F030FDBBF1000F1BD0BAF140
:10518000000FB0D00023029394F877204C4994F894
:105190006E00D5F800B000F0ABF9002840F0818037
:1051A000029B002B9FD0FFE6012B08BF0323D1E514
:1051B000584602F011FDBAF1000F6ED14FF0000910
:1051C00091E74FF0000994F877203D4994F86E007C
:1051D000D5F800A000F08CF9002884D005F10C006F
:1051E00094F876B021F09DF951460346059A584649
:1051F00000F034FB77E7012026F003FE089000283A
:105200003FF4DAAC05E794F877202D4994F86E0066
:105210002E6800F06DF900283FF465AE05F10C0032
:1052200094F8764021F07DF931460346059A2046F0
:1052300000F014FB57E6636A09A843F40063636255
:105240008CE691073FF5FEAD01E6D807B0D5002307
:1052500002938FE65946002001F0EAFFBAF1000FF1
:105260009ED091E7584621F03BFA20B9626A75E773
:1052700002F0FCFF21E7A97A0498C1F3801101F044
:1052800019FF002894D00F4B039A5846D36102F0BF
:10529000A3FC74E7DDF81CB055E7002399460293A0
:1052A00072E705F10C0094F876A021F03AF959461E
:1052B0000346059A504600F0D1FA71E7695A03088F
:1052C000372100208D5A0308042810B50C460FD052
:1052D00006D8032816D02146BDE8104020F08FBB29
:1052E000431F012BF7D82046BDE81040FFF76CBBE9
:1052F0000022064B0120A3F88A2020F09AFB002808
:10530000F1D010BDBDE8104001F0FABEC820002069
:1053100004282DE9F74F0D4617D007D8032879D078
:10532000294603B0BDE8F04F20F069BB431F012BB5
:10533000F6D8831F584258410021FEF79DFD2846AC
:1053400003B0BDE8F04FFFF73FBB4FF0000901A8E5
:105350004FF0FF31CDF8049002F088FB0198DFF8A0
:10536000D48048B102F038FC0198FEF773FE08289B
:105370001ED001A826F079FB01F09AF9854201D1EF
:1053800002F074FF0121284601F05EF8FFF7FAFAF7
:10539000D8F83830002B48D0FEF7F6FBFEF7D4FCE7
:1053A000002842D1012003B0BDE8F04FFEF734BF22
:1053B000019CD8F83870A379BE790C331C441CF0DA
:1053C00014FAE8B11CF00EFA002819DB0C36B85DAF
:1053D00007EB060B0BF1080A4A465146C0091CF0C0
:1053E00019FA68B1D4F80E30CBF80830638AABF8FC
:1053F0000C30A37ABA5DC3F3801363F3C712BA55B6
:1054000002F034FF002294F9051098F87600FFF7B7
:1054100005F8AEE7064B11201B68597802F05EFDD7
:10542000044A536A43F02003536203B0BDE8F08F8F
:1054300098200020C8200020028D30B5456A120354
:10544000B2FBF5F20A4B1B6819795C79B0F8803031
:10545000A142D8BF611C0D1BB2FBF5F21B02B3FBCE
:10546000F2F323448B42A8BF0B46437630BD00BF06
:1054700098200020034B5B68C01A034B001158436F
:10548000C0B2704788210020398EE3387FB51646B8
:105490008DF80700012204460D460DF1070002A910
:1054A0001CF0BAF9104B5A7AB2421AD19B7A003BDF
:1054B00018BF012388B19DF8074002AD003C18BF1A
:1054C0000124A3420DD106222946084826F009F9F5
:1054D000B0FA80F0400904B070BD003C18BF012450
:1054E000EFE70020F7E700BF88210020932100208C
:1054F000F8B50E4C074623680D4616460BB900203A
:10550000F8BD1B6ADB030CD520F0BBFB0028F6D0EE
:10551000A7722B68C4F80B30AB886672A4F80F3002
:10552000EEE7BDE8F840FFF7B1BF00BF88210020DB
:1055300010B504460D220021723026F0FCF80A4B0B
:105540000A4A5B68E31A1B115343DBB2A4F87530B7
:105550007F2384F877304FF67F73A4F8783040F2D9
:10556000FF23A4F87C3010BD88210020398EE33859
:10557000F8B505460026214F384626F076FA092070
:1055800047F8186C07F8105C13F07CFB30461CF0F1
:10559000FCF83046A7F1180420F09CFAEDB105EBB9
:1055A000C501334601220920090113F027FBD8B9B0
:1055B000092013F089FB6060B0B1207A1CF0E5F897
:1055C00090B9284620F086FA70B9024690256368A3
:1055D000217A2033814202DCA2840020F8BD05FB41
:1055E00000F601309A51F5E7092013F04BFB00203B
:1055F000606020721CF0C9F80720EFE7A0210020AE
:1056000038B58368044613B10830FCF7C7FB0025A2
:10561000D4F88C00C4E9075520F069FD074BC4F8A5
:105620008C505868064B201A00115843C0B21CF029
:10563000A0F829461CF096F838BD00BF882100204C
:10564000398EE338074B1A7A824209D990225B6877
:1056500002FB0030036A13F0200F08BF00207047E0
:10566000002070478821002030B570B1094B1C7AAA
:105670005A6800239C4201DC002006E0D2F88C50DE
:1056800002F19001854201D1104630BD0A46013336
:10569000F0E700BF8821002038B5FFF7D3FF0446AC
:1056A00090B129F057FB094B05461B68A34203D173
:1056B00029F04BFB0C2038BD204620F015FA284677
:1056C00029F043FB0020F6E74220F4E78821002080
:1056D0002DE9F843089C0646884615461F46002CCF
:1056E00000F0B280236A180500F1B0805388052BC2
:1056F00003D811252846BDE8F8836B78127803F0AB
:105700001F0152EA012201D15906F2D501202A1DBA
:1057100004F14401FBF704F994F84430012BE8D973
:1057200094F84330002266F3030384F84330D5F83D
:105730000930DFF824916363234643F8382FB5F826
:105740000D1004F108002187E97B99706B885B00DC
:1057500063622B7A5B0984F82E30697C2B7C62763D
:1057600043EA0123A3853A4BB9F82410E36141F2DF
:105770008833C4E903330923636140F2F91391428A
:1057800008BF19461DF075FF012000F005FE28B97D
:1057900063691A075CBF43F0040363616B782E787A
:1057A00003F01F0213F0200F46EA022614BF4FF445
:1057B00096721E2256435B0648BF06F5161608EB86
:1057C000060304F130084146204663601FF03EF9AD
:1057D00033464146204604F12402FDF76BF86B780E
:1057E000012213F0200F0CBF1E234FF49673414685
:1057F00020461FF031F9204699F8093099F80A201F
:10580000144920F069F99FB100F0EAFB064688B11F
:10581000C4F88C00384620F0CFFC054658B939460C
:10582000304620F0E0FC054628B9204600F03EFD59
:1058300000255FE70725236A4FF0807043F40113CA
:1058400023620BF077F855E71F2553E70B2551E747
:105850000F5E0308932100208821002013B5074C18
:1058600024680094FFF734FF28B9204602B0BDE851
:10587000104020F07CB902B010BD00BF882100208C
:105880002DE9F04700274FF09008854C8AB0237A25
:105890009F4210DA42F22003656808FB07552A6A26
:1058A000934326D1022026F0ACFA064690B94FF079
:1058B00080700BF03FF87B4FA669002E58D14FF057
:1058C000900844F22009237A9E4261DB00200AB04E
:1058D000BDE8F08700222B6AD5F88C1023F4205302
:1058E00043F4801322602B6229B10146284600F060
:1058F000CDFB0137CBE795F843E06268CDE90411B1
:10590000CDE90211DFF8A49195F82EC0AA1A121160
:10591000CDF804C009FB02F26B6AD2B2C3F34F0C9C
:10592000CDF800C00EF00F0320F0D9F80146002892
:10593000DFD16368CDE90700CDE90500EA1A95F8E3
:105940002E30121104936B6A09FB02F2C3F34F036A
:10595000039395F84330304603F00F030293524B04
:10596000D2B20193A37A0093637A1DF0D4FEC0E70C
:1059700029F0F0F90646384626F095F805463046F7
:1059800029F0E3F9002D97D028461DF020FF93E77A
:10599000656808FB06552B6A39EA030314D1022017
:1059A00026F02FFA0746002877D02B6A13F48012CE
:1059B0000CD061683D4B691A09115943C9B21DF0F9
:1059C000F7FE2846FFF71CFE01367CE798032260AD
:1059D0000ED419030ED413F4001F14BF07223E2265
:1059E000D5F88C1041B13946284600F04FFBE8E766
:1059F0001A22F5E74422F3E795F843306268CDE9CF
:105A00000411CDE90211DFF8A4A095F82E10AA1A0E
:105A100012110AFB02F20191696A3846C1F34F0183
:105A2000009103F00F033E21D2B220F058F8002875
:105A3000C7D12B6A1C4813F400322CD113F4002F69
:105A400023D04421627202608280A2726368EA1AE3
:105A50000023CDE90733CDE9053395F82E30121137
:105A600004936B6A0AFB02F2C3F34F03039395F8A6
:105A70004330D2B203F00F03CDE90103A37A3846D5
:105A80000093637A1DF047FE9BE713F4001F14BFD9
:105A900007213E21DAE71A21D8E7072017E700BFE0
:105AA00088210020A021002093210020398EE33896
:105AB000036ADA0407D48A7943F480531144C9682D
:105AC000014A03625161704788210020036A014640
:105AD000DA0408D523F480530362034B30315B6949
:105AE00043601EF0B3BF70478821002038B5204BBB
:105AF00005469A8C0C4622B9826812F4601F08BFD2
:105B00009A844121204601F0B1FF216811B94FF07C
:105B1000FF3038BD8B79D5F88C200C3319440B79C4
:105B2000887ADB0700F00F04F1D5EAB1072C0AD11F
:105B3000CA7A002AEBD00B7B03F03F019142E6DAF0
:105B40003F2B08D9E3E7052CE1D11231C009FCF75E
:105B500049FD0028DBD02B8D6A6A1B01B3FBF2F3F1
:105B600020B2A5F88030D4E7072CE1D0CFE700BF02
:105B70008821002038B54379044643F0010343717E
:105B800029F0E8F805462146054826F05DF84FF073
:105B900080700AF0CFFE2846BDE8384029F0D5B81D
:105BA000A02100202DE9F04791F806A0D0F88C3014
:105BB0000AF10C0A8AB001EB0A07002B894603910F
:105BC00004460CBF2321332106AA07F10C001CF068
:105BD0005AFC9DF81E50002D40F08180236A03F48A
:105BE0000163B3F5016F00F08480FF21D4F88C309D
:105BF00084F87910002B40F08C80204659F80A2058
:105C000006A900F0F3F806464FF0FF3103A801F0B3
:105C10002DFF236A5A4D13F4006F08D0002243F47D
:105C200000534FF0807023622A600AF083FE94F9DB
:105C300078307F2B04BF7B7984F8783094F9773003
:105C40007F2B06D19DF822200AB1069B9B5684F833
:105C500077309DF8231009B1069B194420469DF822
:105C600024201FF096FFD4F88C80B8F1000F52D199
:105C70006868DFF81091201A001109FB00F0C0B22B
:105C80001BF077FD6A68039BA21A121109FB02F24E
:105C90000193A38D0146009303204346D2B21BF02B
:105CA00058FD3F7B07F03F0707F10D03452B04D953
:105CB00003A8383F25F05EFFFBB2039882791344B6
:105CC000837195F8223005905BB3012384F87D3011
:105CD00025F058FF38BB05A825F0C7FE15E0069B48
:105CE0002046595D89091FF079FF054600287FF499
:105CF0007DAF0026039B05A8059325F0B6FE236A19
:105D0000A4F8805043F40033236230460AB0BDE863
:105D1000F087002678E7204659F80A1020F073FA39
:105D2000BFE784F87D30236A1B04D4D4059825F09E
:105D300029FF0D21C7B2059825F0D7FE0028CAD04B
:105D4000059D04F17E01AB790C331D442A4604F114
:105D5000720353F8040B8B4242F8040BF9D11B7801
:105D6000D4F88C001370A38D2B8138B120F050FA39
:105D7000A8722F730598FFF7FDFEC6E7FF20F7E72F
:105D800088210020398EE3382DE9F04106460F4680
:105D9000904600240D4D15F8013CFF2B0BD015F853
:105DA000022C424507D1B34205D106223946284686
:105DB00025F097FC38B10834502C05F10805EAD1DC
:105DC0000020BDE8F08102482044FAE7C32C0020FF
:105DD000C12C00200023FF21034A02F833100133B5
:105DE0000A2BFAD100207047C22C002073B50D4653
:105DF00004461646FEF7BAFC297A39B310222B68FE
:105E000019441C4B009333461CF0C4FA236A1B044C
:105E100001D5A879C0B1184D95F82300A0B1EE695D
:105E200020F0BCFC361AB6F5FA7F11DA636B94F8F1
:105E300043100193A36B00200093EB6995F8202099
:105E400001F00F0102F016F802B070BD0A46D8E763
:105E50000021204600F0F8FAEB692046636095F8CF
:105E6000203084F86F30054BE36100F09FFA012089
:105E7000EAE700BFA421002088210020795E030802
:105E800038B50446344BC3611FF075FF2046FFF759
:105E90001DFE20461FF0D4FE00285AD0618D01312E
:105EA00089B2A4F870102046C9B21FF0B0FE0028D5
:105EB00051D1A38DB4F870201344226A9BB25203CF
:105EC000A3850FD5B4F88820D31A1B040AD5012066
:105ED00004F1820204F14401FAF722FD236A23F45B
:105EE00080232362224640F2712552F8241FB4F821
:105EF000703020464B4304F130016B43FCF7DAFC71
:105F0000236B94F843109B0803F54873FF22E3606A
:105F100001F00F0100201CF00BFAE368C8330344C2
:105F2000E360636A2046013B6B432361FFF784FA19
:105F30002046012100F088FA636AB4F870202046F8
:105F40005A43636805FB02336360BDE8384000F0E4
:105F50002DBA0121A5E738BD0F5E03081E4B70B5B1
:105F60001D680923C26923FA01F11C4B01F00101EC
:105F70009A4217D1EB7B99B906262D7C427E5C1B99
:105F800094FBF6F4E4B2012C38BF0124A24232BFE4
:105F90000A46121BD2B295421BD8934228BF134621
:105FA000437670BD6B7B0029FAD10626AD7B447E1B
:105FB0005A1B92FBF6F2D2B2012A38BF0122944258
:105FC00024BFA41AE1B28D4203D88B4228BF0B46EE
:105FD000E6E72B46E4E700BF9820002009630308AA
:105FE0002DE9F04128F0B6FE254B05461878254BE3
:105FF0001A680023984204DC284628F0A6FE0024F4
:1060000025E01168144611F0020702D02432013352
:10601000F0E74FF03C081C4A39461668204608FB5A
:106020000366242225F087FB42463946304625F098
:1060300082FB2368666143F002032360022034621E
:1060400025F0DFFEE06138B9284628F07EFE2046C4
:1060500020F04DF800240AE0022025F0D2FEB062C4
:106060000028F1D0236A2BB1284628F06EFE204686
:10607000BDE8F081FAF7CAFF20620028E4D0F3E718
:10608000112D0020B4210020B021002070B504465D
:106090008AB00D461646FFF7EDF9D4F88C1002468B
:1060A000486994F8433090F8310003F00F030590ED
:1060B000887A0490487A0390097A2846029194F8E5
:1060C0002E100191616AC1F34F01009131461FF01A
:1060D00006FD30BB2046FFF7CDF9D4F88C300246E0
:1060E0005869114990F831000890987A0790587AC9
:1060F00006901B7A2846059394F82E300493636A21
:10610000C3F34F03039394F8433003F00F03029358
:1061100001F10B0301938B7A00934B7A31461DF00A
:10612000FAFA0AB070BD00BF88210020F8B5044615
:106130001FF019FD054620461FF025FD01210646EA
:10614000204600F081F920461FF05DFDC0B12046D9
:106150001FF009FDB0F90E2003468AB9C27A016921
:10616000002A74D0013A8A5C597A586849004A4337
:1061700040F271214A434C494969091A521ADA819D
:106180002046FFF7A3FC284620F042F82B691B7835
:10619000834279D120461FF053FD002859D0618DEC
:1061A00032894B1C0A443281B4F88020DBB2521A87
:1061B000A4F88020002140F27127B5F90E20E98172
:1061C00031686E684B43B61A07FB036628466E605B
:1061D00020F01EF82246697A236B49007943484330
:1061E000A0EBD3003044606052F8243FB4F8700054
:1061F0002E6958432B7B7843334413F8013C3578A0
:106200005B1B01FB1303204604F13001FCF752FB3A
:10621000236B94F843009D08D4F88C3040F20111B0
:106220009E7A40F27123760000F00F005E4301F089
:106230004BFA0023864294BFAD192D18A4F8703094
:106240002046C4E90355BDE8F84000F0AFB8027B32
:1062500088E7012120461FF0DAFC18BB236A5A03A5
:1062600010D5B4F88830A28D9B1A1B040AD50120E2
:1062700004F1820204F14401FAF752FB236A23F489
:1062800080232362012395E76B7AB4F870205B00CA
:10629000534340F27122534362681A44626004F12E
:1062A0002402B0E7F8BD00BF8821002070B50026A9
:1062B0000446D0F88C5001212B6803F002032B60B8
:1062C0006B69986AC68025F0A0FB6B6931469B6AB2
:1062D00028469A7913441E736B6901229B6A20F049
:1062E00043F96B6920469B6ADE80D4F88C101FF05E
:1062F000EAFFD4F88C3062685D695A60094A0A4B3B
:10630000E2610321EB612046FFF728FE03212846C6
:10631000FFF724FED4F88C305A69536943F0080320
:10632000536170BD096303083960030810B5074C59
:106330002368DA0607D523F01003236018B901207B
:10634000A1681BF0FCF90023A36010BDB821002058
:10635000014610B5044602201BF0F1F9054B1B68FD
:10636000D90305D463691A075CBF43F00403636172
:1063700010BD00BFB8210020014BD868DC38704741
:10638000B8210020034B10B5DC6820F007FADC3C94
:10639000201A10BDB8210020034B1B6813EA0043EC
:1063A00014BF012000207047B821002038B5002319
:1063B00003604369044658070DD5204650F8081F6E
:1063C000C90C01F4FC7141F00501FBF795FC636910
:1063D00023F0040363616369D90602D520F0DEF976
:1063E00060601848024652F8043F8BB9236014607D
:1063F00083684BB1617E5A7E914219D26269D2069E
:106400000ED50020FFF792FFBDE838401EF097BA86
:1064100059686568491B0029E8DA1A461B68E4E7F1
:106420005A681B69134462689B1A002BECDBE8E78F
:106430001A895B68D31A62681344E268D342E3D5D1
:10644000DFE700BFB821002038B504460A4D0846F2
:10645000AB68A34201D1FFF769FF6B68074A1BB124
:10646000A342196804D11160BDE838401EF067BA34
:106470001A460B46F3E700BFB8210020BC210020DC
:106480002DE9F047754D2B685B0700F1AF80AB68D5
:10649000002B40F0AB8055E8003F43F0040345E893
:1064A0000032002AF7D16C689CB120F077F9D4E96A
:1064B000043717F0100F0646A26819D010FA82F2BE
:1064C00062602068D4F8048038BBDC334344C5E9FB
:1064D000024355E8003F23F0040345E80037002F4E
:1064E000F7D1AC68002C74D1BDE8F04701F032BCA4
:1064F000606892B2811AFF07A1EB060109D4002956
:10650000DFDAE768DF1BCF4205D432441844831A30
:10651000D6E70029D5DA20464FE041690289CF0647
:10652000D0F804E048BF06EB020EAEEB020211F019
:10653000010C11BF1146D0E90371C91B891808EB82
:1065400003077F1A002F28DDBB4205D9E768A1EBBE
:106550000801DC378F423AD9D4F814A01AF0010FA1
:106560001DD12169D0F80C9027894144A1EB090184
:10657000C91BE768A1EB0E01DC37B9420FDD971BA1
:10658000BCF1000F03D10169A1EB09010F44002FF9
:1065900005DB4B46C0F804E00446006892E7477EFE
:1065A000617E8F42F9D2921BBCF1000F03D1D0E97A
:1065B00003135B1A1A44002A02DAFFF7C9FE72E7D6
:1065C0001AF0100FA7D0C368C0F804E0E4E70B4648
:1065D000E3E7A36813F4601FC3F3C24008D1214668
:1065E0002B6843F010032B601BF0A9F8BDE8F0877F
:1065F00004F108063046FBF78DFB2B68214643F07B
:1066000010032B60F8B91BF09AF8A36813F4601F0D
:106610004FEAD341C3F3C24517D0013DEDB201F4B7
:10662000FC7130462943FBF767FB03213046FBF73B
:10663000CFFB75B1A268237E1344120C9BB21204E7
:106640001343A360D2E73846CEE703213046FBF779
:10665000BFFB3046FBF7A2FBECE700BFB8210020F0
:1066600008B5034B996809B11BF069F808BD00BF74
:10667000B82100200D4B50B153E8002F42F0040226
:1066800043E800210029F7D10120FFF7E9BF53E8D3
:10669000002F22F0040243E800210029F7D1986876
:1066A00008B1FFF755BEFFF7EBBE00BFB8210020D1
:1066B000014B9868704700BFB82100200A4B70B5A5
:1066C0009C6884420FD1214601201BF038F866688F
:1066D000258920F063F8AD1BC54221464CBF002040
:1066E00002201BF02CF870BDB82100200D4B30B5F6
:1066F0009B68834214D1C26803680A4423B144688A
:106700005D681444A54205D30369C2601944016160
:10671000012030BD5D7E447EA54201D31B68EDE7BC
:106720000020F6E7B8210020054B1B681B6A13F018
:10673000100003D013F0030018BF0120704700BF02
:10674000C82100202DE9F34100264FF0FF31044617
:1067500001A8019601F08AF9019949B12046F9F79B
:10676000DDF9032806D005282FD001A825F07DF9F2
:10677000012023E01B4D1C4801F042FE2B683046EF
:10678000597E01F09BFC2F68184E786BD6F8088074
:1067900025F0F8F94146024638461BF015FB2B68F8
:1067A000B0685B6B036001F0AFFB2B681B6ADB0416
:1067B00007D5204601991BF0CFFA002002B0BDE8B2
:1067C000F08101A825F051F9F7E7019801F004FAEA
:1067D000204601991BF056FA0028C9D0304601F036
:1067E0000FFEEAE7C8210020C1690108CC1F002084
:1067F00038B5264904460B7D4A7D0133DBB2B3EB45
:10680000921F0B7503D3032300200B7538BD016A5B
:10681000C9022ED5032390F88220243A92FBF3F389
:1068200003EB4303D21A2532D2B2B4F8481094F8DD
:10683000833011F01001B4F9620084F8822003F073
:106840000F031CD11CF03CF804F1740501462846E6
:106850001FF0B6FF284601F0E9FA00221146104663
:106860001AF06FFF94F8820000211CF028F8012034
:10687000CCE75B001A4102F003022532D5E702465D
:106880001946002001F092FEDEE700BFCC1F002079
:106890001F4B2DE9F04104461860006B25F072F99A
:1068A00001462046F9F7CAF8B4F84830194E03F00B
:1068B0001403142B0CBF0022226BB36820461A600D
:1068C000FFF796FFFFF730FF134B051E134808BF75
:1068D000184601F095FD6369676803F010081FF022
:1068E0005DFF6D000346627EE8B2B8F1000F03D190
:1068F000FF1AB7F59B7F07D5114601F077FBB0680B
:10690000BDE8F04101F000BB61681FF04DFFF6E704
:10691000C8210020CC1F0020AD690108FD690108D5
:1069200070B50546FFF700FF104B041E104808BF66
:10693000184601F065FD2846FFF75AFF0D4E054643
:1069400060B133686000597E00F0FE0001F04EFB3C
:10695000BDE87040084B986801F0D6BA01F050FDD0
:1069600029463068BDE87040F8F786BDAD6901087A
:10697000FD690108C8210020CC1F0020034610B586
:10698000094C052B20680AD0062B0CD1002001F001
:1069900037FD20680121BDE81040F8F76DBDBDE866
:1069A0001040FFF7BDBF10BDC8210020032803D150
:1069B000024B1868FFF7B4BFFFF7E0BFC821002003
:1069C0000C4B032810B51C680FD1206B25F0DAF8AA
:1069D00001462046F9F732F8074B226B9B682046A8
:1069E000BDE810401A60FFF79BBFBDE81040FFF7FD
:1069F000C5BF00BFC8210020CC1F00200E4A0328BD
:106A000010B5146805D0042809D0BDE81040FFF780
:106A1000B5BF617E0120BDE8104001F05FBA20469D
:106A2000FFF790FE30B101F021FC2046BDE8104098
:106A3000FFF776BF10BD00BFC821002038B50D4656
:106A40000446002001F0DCFC01F010FC2946204641
:106A5000FAF77EF80022014B1A6038BDCC210020E5
:106A60000123074A03FA00F002F1140353E8003F40
:106A7000034302F1140C4CE800310029F4D17047B3
:106A8000EC1F0020F8B5244F05467B690C4613F433
:106A9000C07F03D099063BD401200CE039B15A07DE
:106AA00005D4D5F8A43013B90820FFF7D9FF7B69C6
:106AB0009B0601D50020F8BD7B7FAE6A022B06F055
:106AC000080604D916B114B90220F4E7E4B995F820
:106AD000921095F83701063100F00F0000F0F4FD38
:106AE00085B20EB904B16D00FFF74CFCA8420DDB76
:106AF0007B6913F01C0FDDD11EB1002CDAD105200B
:106B0000D9E7002CFBD1D5E70320D4E70420D2E756
:106B1000002CCFD0C3E700BFEC1F002038B50446DF
:106B2000114D4FF480616B69283043F400736B6141
:106B30001FF0E0FD012120461BF0B6FF002120469A
:106B4000FFF7A0FF014620B12046BDE83840FFF71F
:106B500075BF6869617E80F48070C0F30020BDE875
:106B6000384001F0BBB900BFEC1F002038B5044627
:106B70000B4B186000F5947001F058F92046F9F7B6
:106B8000B3FFC4B220461AF0EEFD054620461AF0C7
:106B9000ECFD2946024602201AF0D3FD38BD00BFA5
:106BA000CC21002008B5002001F02AFC01F05EFB9A
:106BB0000022014B1A6008BDCC21002010B504460C
:106BC000FFF7D4FF064801F01BFC6168226C637E6E
:106BD0001120BDE8104001EB920201F0F9BA00BFAC
:106BE000D96E0108454B37B51C680023A26A019392
:106BF0005005D4F8A03012D504F1A400019324F07C
:106C000052FFC4F8A00050B194F846314FF48061AF
:106C1000013B84F8463104F128001FF06BFDD4F8E5
:106C2000A0500DB9364B9D6894F94631022B0DDC0E
:106C3000D4F8A83013B1A36AD90502D5D4F8AC3082
:106C400023B14FF480512046F9F764FFD4F8A41023
:106C5000A36A002914BF01210021AA794FEA830306
:106C600002F10C0203F00C0343EA0113A95C21F0CA
:106C70001C0143EA0103AB540DD1214A02F1140374
:106C800053E8003F23F0080302F1140040E800310C
:106C90000029F3D102E00320FFF7E2FE284601F0CD
:106CA00033F92046F9F720FFAB792B445B7B1BB10E
:106CB000012180B21AF078FD019B53B15B7903F09A
:106CC0000A03082B02D12046FAF74EFA01A824F055
:106CD000CCFE6B799A070ED5A36A1B040BD508204E
:106CE000FFF7BEFE4FF4004104F1280003B0BDE8F9
:106CF00030401FF0FFBC03B030BD00BFCC210020EE
:106D0000EC1F002000232DE9F04385B00446032149
:106D100003A8039300F0AAFE039D35B9F421204691
:106D2000FFF78CFE05B0BDE8F083AB79694F0C33FB
:106D30001D442A797B69D6074FD4DD064CBF072056
:106D40000420FFF78DFE002601212046FFF79AFE62
:106D5000054650B97869617E80F48070C0F30020E8
:106D6000400001F0ABF9FFF73DFF039800F034FF5E
:106D7000DDF80C807A6998F80630510603F10C03AF
:106D800008EB030915D458F8033006203B61FFF7E0
:106D900067FEA36A1A060CD404F1280252E8003FE9
:106DA00043F0800342E800310029F7D10120FFF7CA
:106DB00057FE494620461BF089FE99F80430DB0750
:106DC00040F18480002E52D11DB129462046FFF7A4
:106DD00035FE03A800F0D8FCA4E7012023F010033F
:106DE0007B61FFF73DFEAE7AF0062FD50220FFF75C
:106DF00037FEA36AAA7A83F00203C2F38002C3F3C8
:106E000040039A422FD14FF4006104F128001FF093
:106E100071FC50E8002F42F4806240E80023002B10
:106E2000F7D1A26A82F00202A2627B77AA7AA36AF1
:106E3000C2F3C00203F001018A4284D183F001034E
:106E400016F0030618BF0126A3627DE707F11403BD
:106E500053E8003F23F0040307F1140141E8003236
:106E6000002AF3D1C5E77B7F0133DBB2DDE72046A3
:106E7000F9F73AFEC0B21AF076FC06462046F9F75A
:106E800033FECDF80480A38F82B2009331460023F5
:106E900002201AF05EFC4FF0FF3103A800F0E6FD7F
:106EA000039B9A791344DB7D002B8DD02046F9F7A4
:106EB0001BFE012180B21AF077FC20460399FAF7F5
:106EC0007DF9002D3FF42EAF294628E7002E3FF430
:106ED0007BAFE0E7EC1F002008B50346114A042B06
:106EE00010680BD002D8032B18D008BD053B012B2E
:106EF000FBD8BDE80840F121FFF7A0BDFFF702FF76
:106F0000094A02F1140353E8003F23F0200302F181
:106F1000140040E800310029F3D1E6E7BDE808405D
:106F2000FFF7FCBDCC210020EC1F0020164B0338DE
:106F300010B51C68032818D8DFE800F00702181EF7
:106F40002046BDE81040FFF7DDBE2046FFF7E6FD16
:106F50000E4A02F1140353E8003F23F0200302F12C
:106F6000140040E800310029F3D110BDF121204682
:106F7000BDE81040FFF762BD4FF4806104F12800C6
:106F80001FF0B8FBF221F2E7CC210020EC1F00201B
:106F900010B50446FFF7EAFD054801F031FAFFF7A6
:106FA00021FE627E61680220BDE810401FF0FCBB3C
:106FB0002D6F0108034B5B6A13F0060F0CBFE22034
:106FC000F1207047C820002008B5FFF771FB054B82
:106FD000834206D101F04AF9BDE80840002001F0E3
:106FE0000FBA08BDC820002070B51E4C1E4801F025
:106FF00007FA94F8673094F8662003F00F03002135
:10700000C8201BF05DFC014604F158001FF0D8FBBE
:1070100004F1580000F00AFF0022114610461AF051
:1070200090FB66681FF0BAFB0246FFF7C3FFB61A73
:10703000B6F5FA6F054609DCFFF79EF9627EA0F50A
:10704000E1712846BDE8704001F088B86668FFF736
:1070500093F93146637EA0F5E1722846BDE87040A1
:1070600001F0B6B8C8200020D974010838B501F085
:10707000FDF8FFF787F9B0F5967F0D4C0CDDFFF7B3
:1070800099FF0546FFF778F9627EA0F5E171284681
:10709000BDE8384001F062B81FF080FBE36C626825
:1070A0009B1A0344E3640020BDE838401EF04CBC4A
:1070B000C8200020F7B5104C064694F845500F46FE
:1070C0002DB10020013D84F8455003B0F0BD0B4BBD
:1070D00002201B68597800F0F1FF94F830303A46EE
:1070E000CDE9005331460323E06B1EF05EFCE06BFC
:1070F00000F00AFF0120E8E7C820002098200020C7
:10710000094A02F1240353E8003F43F0080302F167
:10711000240040E800310029F3D1044B01201B6812
:10712000597800F0DBBE00BFC82000209820002066
:107130000289438940F271205B004343D0B25B1A5D
:107140004343120AB3FBF2F3024A1268114458187F
:10715000704700BF4025002030B58C1AE41A002C7F
:1071600008DA124C551A64681D44B5FBF4F505FBAA
:1071700004442144134440F2E242CB1AB3FBF2F33D
:107180009BB242892BB940F27124530004FB0311D6
:1071900013460132B3FBF2F402FB1432028140F2D7
:1071A000E2409B1A00FB131030BD00BF40250020B9
:1071B0002DE97043064618469DF818308946144656
:1071C000E3B9C31E012B8CBF02250325222100F049
:1071D0007BFA40F27128154B6D005B6808FB05F5E2
:1071E00081446BB121463046FFF7A2FF4A46014673
:1071F000ABB23046BDE87043FFF7AEBF0125E5E70F
:10720000738934890133B4FBF3F203FB1244F3793D
:1072100034815B00640008FB03F308FB04F404EB17
:10722000530404EB09002844BDE870834025002086
:1072300070B50A4C636A5B070DD58B790C33CD189A
:1072400050B9E879CE58298900F03EFA0644266400
:107250006B7984F8443070BD0120F3E7C82000202A
:107260002DE9F04F16468DB0021E069108BF002191
:107270001F46954B05929D6B5B6AAC7938460C3482
:107280002A5DC3F3801A61F345122A55314603F093
:10729000400203921AF0BCFA05EB04080790285D3F
:1072A00008F1080B5946C0091AF0B2FA039B81464F
:1072B000002B44D1002844D11AF0A8FA80F0010331
:1072C000DBB252463146384603F001031FF08AFA1A
:1072D0000490002800F08A80039B002B33D1B9F181
:1072E000000F75D1079B002B72D01AF07EFA002890
:1072F0006ED001220AA90DF127001AF08DFA00289C
:1073000074D09DF827302A5D591E4B424B41B3EB98
:10731000D21F6BD1062258460AA924F0E2F90028B0
:1073200064D13368C8F80830B388ABF804302B5DFB
:1073300067F3C7132B554FF00009CA4619E0012324
:10734000BFE7039BBDE7604B5B6A13F400791CD178
:1073500015F804A0CAF3801A48461AF062FA336896
:10736000C8F80830B388ABF804302B5D67F3C71357
:107370002B55059B544E002B3ED196F8B630002B72
:107380003AD0013B86F8B63030E01AF02BFA0028EC
:1073900006DA15F804A04FF00009CAF3801ADBE7FB
:1073A0000022114610461AF02FFA15F804A0814663
:1073B000CAF3801A0028CFD0002302211A4608EB16
:1073C00001001EF0CAFA2B5D60F386132B55C3E74C
:1073D0007A1E57422B5D5741B7EBD31F06D10622C9
:1073E0003146584624F07DF90028A4D000230493A8
:1073F00004980DB0BDE8F08F1FF0D0F907461BF0E0
:1074000039FB059B02463946009308F10E009DF8B2
:107410005830FFF7CDFE2D4B059A07461B68A2B9E1
:107420005978022000F04AFEB06B00F06DFDB36B9E
:107430009A7913441F63FFF73BF9254BC361069B01
:10744000BBB9736A23F4806316E0D979002000F099
:1074500035FEB06B00F058FDB36B1E489A791344AB
:107460001F6300F0CDFF069BC3B9736A23F48063EA
:1074700017E0736A43F480637362039B9BB1B9F1B5
:10748000000FB5D0002351461A4608F102001EF045
:1074900064FA2B5D60F386132B55A9E7736A43F4F6
:1074A00080637362EBE72B5D0022C3F3C013594680
:1074B0000AA88DF828301AF0AFF92B5D9DF8282026
:1074C00062F3C7132B55DAE7C8200020982000206C
:1074D000115301088976010804282DE9FF471ED0C1
:1074E00005D8032800F0C28004B0BDE8F087431F30
:1074F000012BF9D805384FF0010118BF0120FCF726
:10750000BBFC1FF04BF95E4AD36C51685B1A034415
:107510000020D36404B0BDE8F0471EF015BA002384
:1075200003A84FF0FF31039300F0A0FA0398DFF8AF
:10753000508158B1FCF78EFD0828074603D8514BFF
:107540001E5C31070AD403A824F08FFAD8F824303F
:1075500013F0060F15D0FFF789FD12E00728D8F8C1
:10756000242015D112F48012EDD140460399FDF785
:10757000D7FA0028EAD0FDF7C5F910B10120FCF7D1
:10758000EBFB0121084604B0BDE8F047FCF774BCF2
:1075900012F00404039D10D016F002040DD0012057
:1075A000AA790C322A44917A0090C1F380130C32EC
:1075B000C1F34011FFF754FE0446284600F00CFBCF
:1075C00029460120FFF734FED8F82430DA072DD5FC
:1075D00003F0800995F806A01AF018F90AF10C0AD0
:1075E000AA4480F001039AF80A00B9F1000218BF1A
:1075F0000122DBB20AF10C01C0F380101FF0F2F897
:1076000060B12CBBD8F8243028469B0733D5F4074B
:1076100010D4730731D5FCF781FC97E7B9F1000F5F
:1076200004D149461AF0FAF80028EAD0284611F0A9
:10763000B9FB18E01FF054F8044648B1A8790C30A3
:107640002844817A0C30C1F38011FFF733FD0446E2
:10765000042F03D1D8F824309907E7D57207E5D570
:107660002846FCF75BFC002C8BD16FE704B0BDE82B
:10767000F047FFF745BD042FCBD111F093FB65E731
:10768000C8200020AA070408032808B50BD1084821
:1076900000F0B6FE0122074B104693F94410BDE8F6
:1076A0000840FCF7BBBEBDE80840FFF715BF00BFB0
:1076B000D9740108C82000200022024BC3E900222F
:1076C000EEF736BED0210020064B10B51B680C46E5
:1076D00010B101F0F1FC034618795B8804FB00301F
:1076E00010BD00BFD0210020084B10B51B680C4610
:1076F00010B101F0E1FC03465A88A2423DBF1B795C
:10770000A41AB4FBF3F0002010BD00BFD02100206C
:107710000138C0B203289ABF014B185C00207047A3
:107720007E0704088BB200294FF00A01B4BF053B65
:1077300005331BB293FBF1F3014A908093717047BC
:10774000D0210020024B9B79C01A40B2704700BF85
:10775000D0210020024B9B88C01A00B2704700BFA6
:10776000D0210020074B186840F20D1338B9002BC8
:10777000C1BF45224433B3FBF2F0C0B2704700688A
:10778000453BF3E7380B00202DE9F041064627F092
:10779000E1FA0746FFF7E6FF35460446286818B1C8
:1077A0006CB9284624F061F931680A4824F04CFA93
:1077B000384627F0CAFA00233360BDE8F081D0F8DC
:1077C000008024F012FB2B68013CC3F800802D6878
:1077D000E4B2E3E7380B0020024BDB6B03B1184740
:1077E000FEF73EBF380B0020C04310B5054A131DFD
:1077F00053E8003F0340141D44E800310029F6D14E
:1078000010BD00BF380B002010B5054A131D53E80A
:10781000003F0343141D44E800310029F6D110BD98
:10782000380B0020F8B516461C4607461946104688
:107830001EF0A9FF3246234638461EF0A9FF564DDA
:10784000D5E9062300EA020401EA030654EA060326
:1078500030D0630104F080601BD56B681F062AD40A
:107860004E4B2340002B76D024F0011323F4A04389
:10787000334370D1EB7A012B69D140F201436A683E
:107880000520934314BF00230323EB72FFF7A4FFEB
:107890000CE0A4F10C0333436BD00D2C76F1000304
:1078A00014D2231F334327D11EF06FFF20463146E9
:1078B0001EF065FFF8BD2B1D53E8003F23F0800349
:1078C000291D41E80032002AF5D1F3E7A4F58043F1
:1078D000083B334326D004F17F433343C0D1EB7AD6
:1078E000022B34D16B689A074AD50423EB722B8C98
:1078F000032001332B840FE0A4F108033343AFD1FD
:10790000EB7A012B23D16B68D90735D50323EB72B2
:1079100004206B8C01336B84FFF75EFF01201EF0A7
:1079200033FFC3E7EB7A012B32D16B68D8072BD535
:107930000323EB726B8C042001336B84FFF74CFF45
:1079400001201EF021FFEB7A012BAFD195E7042037
:107950001EF0FFFEAAE7124B06F02002234013435D
:10796000A4D00420FFF750FF4FF0006008F0E2FFC2
:107970009CE71EF009FFC3E713F40063C8D1C6E714
:1079800013F02003B3D1B1E713F40063D2D1D0E7F1
:1079900004201EF0DEFED6E7380B00200150010067
:1079A0000DD50155014B986A704700BF380B002078
:1079B00010B5064CA06A23F012FA28B9A06A23F089
:1079C00010FA00F0010010BD0120FAE7380B00208A
:1079D000014B986A23F007BA380B0020024B586815
:1079E000C0F34020704700BF380B002010B504469C
:1079F0004FF40070FFF7F8FE084B986A23F0F5F992
:107A000038B10CB9002010BD4FF40070FFF7FCFE38
:107A1000F8E7002CF6D00C20F5E700BF380B00206B
:107A200037B50F4D04462B78834217D078B101202B
:107A3000FEF720FE0023012200934FF00041094B86
:107A4000094822F0DDFE01202C7003B030BD06484D
:107A500022F0E4FE2046FEF70DFEF4E70020F4E7F6
:107A6000122D00201F670308D82300202DE9F04FB6
:107A7000046806468846574D89B0002C48D02046F9
:107A8000A77924F07FF80C3727443C890A38B8F1ED
:107A9000FF3FA4EB000402D04445A8BF4446B5F81C
:107AA0003890B0EB090713D4002C0EDD6D6B3668EF
:107AB0003D44FF2C224629463046A8BFFF2223F032
:107AC000B0FF241A36680544F3D109B0BDE8F08F41
:107AD000A9EB0009A145A8BFA146296BC846D6F865
:107AE00000A001EB000BB9F1000F0DD04246FF2AB8
:107AF00059465046A8BFFF2223F093FFB8EB000879
:107B0000DAF800A08344F1D1A4EB09044F44CBE799
:107B10000321A86A03AA23F0ADF8BDF80E70A146B0
:107B200002940A3702ACE86209E023601B682B600C
:107B30002368C3F800902368002F1C4611DD2B68D2
:107B4000453F002BF1D1012024F05BF90346206072
:107B50000028F1D1019002A823F087FF019B336038
:107B6000B3E72B1D53E8003F43F008032A1D42E80A
:107B70000034002CF5D14FF0006008F0DBFE0298D5
:107B8000BDF8102043790A2143F001034371069B9D
:107B900030606B63059B2A872B638379BDF80E20C9
:107BA0000C3303441C711A812A7ADC719A719DF896
:107BB0000C20072A0BBF0122AB8C1A7101331FBFA7
:107BC000AB846B8C03F1FF336B8423F01EFF3468AE
:107BD00055E700BF380B00202DE9F04187790546B5
:107BE0000C37C419237986B013F002081BD1174E45
:107BF00043F0020323716A46D6E90A0123F03CF8F8
:107C0000238969460333B06AADF8043023F036F8AF
:107C1000009B9DF90E00EB51FFF794FD6071B37A64
:107C2000022B03D8E37106B0BDE8F0819DF8113056
:107C3000012B04D0022B04D02BB90423F2E7032339
:107C4000F0E70123EEE784F80780ECE7380B00202B
:107C500037B5124B00F00F041B88012CADF804302F
:107C600015D0022C15D18DF8044042F222000C4DA3
:107C70006B680340A3420ED0FFF7B6FD2046FFF726
:107C8000C3FDA86A01A922F08DFE03B030BD2024F7
:107C9000EBE70024E9E70020F7E700BFA8070408A6
:107CA000380B00202DE9FF4102234FF00008114C52
:107CB00007461046CDE90218E3720D4616461EF03F
:107CC00060FD00904246617AA06A02AB22F0B1FDED
:107CD0000446804648B93846FFF7BAFF33460446A3
:107CE0004246012128461EF048FD204604B0BDE86A
:107CF000F08100BF380B002037B5144B00F00F04A3
:107D00001B88012CADF8043014D0022C16D00024AE
:107D100041F601000E4D6B680340A34213D0FFF7FC
:107D200063FD2046FFF770FDA86A01A922F050FE0E
:107D300003B030BD04238DF80430E9E78DF804402A
:107D40004FF40064E4E70020F2E700BFA80704084E
:107D5000380B0020002210B5084C104611461EF0CA
:107D60000BFDA06A08F0BCFF1EF011FD204623F0B9
:107D70007CFEBDE810400820FFF736BD380B002020
:107D8000014B986A23F06FB8380B002038B5154CBA
:107D90000546A37A834211D0431E042B08D8DFE89E
:107DA00003F0030E12171900A06A09F043FC28B96A
:107DB0002846A57201F080F90B4B186038BDA06A07
:107DC0001EF0EEFCF3E70121A06A1EF0EBFCEEE7EB
:107DD0000321F9E7FFF702FE0028E9D0A06AFFF7C8
:107DE000CFFFE4E7380B0020D021002037B5044650
:107DF000806800F029FDE07BA37B0B4D00F00F00B5
:107E00002B726B72FFF7C2FF01230093D4E90021AC
:107E1000A37BA86A23F05AF800221146104619F0F5
:107E200090FC03B030BD00BF380B002073B5044692
:107E3000806800F009FD0E4DA07B002628721EF020
:107E400073FC6872E07B00F00F00FFF79FFF009665
:107E5000A37BD4E90021A86A23F038F832463146E2
:107E6000304619F06EFC20681EF090FC02B070BD28
:107E7000380B0020F0B5174D85B0074610462A7222
:107E80001EF052FC1646687202460020CDE90260E0
:107E90000B980C4601900A9801390090C9B2A86A63
:107EA00023F03AF806462046AC7201F005F90124A9
:107EB000094BEC72186016B1002005B0F0BD3846D1
:107EC000FFF71AFF0028F7D18020FFF79DFC20461E
:107ED000F3E700BF380B0020D02100200122094B1E
:107EE00010B50C46DA72FFF707FF10B104201EF040
:107EF00030FC2246002101201EF03EFC19F022FC3D
:107F000010BD00BF380B0020F8B5044619F01BFC6B
:107F10000746A179E279114E521A0C310123B06A59
:107F2000D2B2214422F092FEE579A379ED1A57FAF4
:107F300085F524680CB93561F8BDA179E279002393
:107F4000521A0C31D2B2B06A214422F07FFEE3799A
:107F5000A2799B1A55FA83F5EBE700BF380B002096
:107F60002DE9F04705460C461646984619F0EBFBFE
:107F70008246A979EA79DFF87090521A0C31012310
:107F8000D9F82800D2B2294422F060FEEF79AB790B
:107F9000FF1A5AFA87F734B1E379A2799B1ADBB258
:107FA000B34204D334B9C9F81070BDE8F08724682F
:107FB000F61AF0E7B8F1000FF5DDA179E5790023B5
:107FC0006D1AEDB2AD1B4545A8BF45460C31314495
:107FD0002144D9F82800AAB222F038FE00262468ED
:107FE0002F44A8EB0508DDE7380B0020F8B5022385
:107FF0000E4E0D46F372FFF72BFE044620B1BDE88E
:10800000F84004201EF0A5BB28461EF0BAFB074628
:108010002A46214601201EF0AFFB3B462246717ADC
:10802000B06A22F004FC0028E9D1F8BD380B00202A
:108030002DE9FF41DFF874800546D8F828000E4688
:1080400014461F4622F0B7FE58B94FF400333246AB
:108050002946CDE90200CDE90037FFF723FE80B9BC
:1080600012E00023CDE902330223ADF80040ADF861
:1080700002300197B4B16946D8F8280022F0AAFC72
:1080800028B104201EF065FB04B0BDE8F081324643
:1080900029460120FFF706FE0028F2D12020FFF735
:1080A000B3FBF1E7324629462046D6E7380B0020DD
:1080B000014B986A22F0B1BD380B00200222084B18
:1080C00010B50C46DA72FFF7C3FD10B104201EF0A4
:1080D00040FB2246002101201EF04EFB10BD00BFD8
:1080E000380B0020014B187B704700BF380B002075
:1080F00068B1084B194653F8042F0AB18242FAD2EC
:108100005B1A9B10013BDBB2034A137370470123D8
:10811000FAE700BF84070408380B002000487047C6
:10812000580B00200022024BC3E90022704700BF19
:10813000580B002010B5084C606810F480700AD00D
:10814000A06A22F0C1FD30B90121A06A22F0B8FD79
:1081500080F00100C0B210BD380B00200023F0B544
:10816000012785B0194E00938DF80C30C0F34013F1
:108170008DF80E30C0F3001304461546F7728DF8E3
:10818000047002918DF80D30FFF7B6FD20B1042088
:108190001EF0DFFA05B0F0BD28461EF0F2FA717A43
:1081A00003466A46B06A22F050FB2A46C4F38011A7
:1081B000064638461EF0E0FA19F0C4FA230601D547
:1081C000FFF7B8FF002EE2D1E4E700BF380B002034
:1081D000F0B504460D461E46012100231B4F85B015
:1081E000E006F972019303930095029206D5184BAD
:1081F0001B681B888DF80D1013440293C4F34013C1
:1082000030468DF80E301EF0BCFA6A460346797A85
:10821000B86A22F01AFB20B104201EF09AFA05B0C9
:10822000F0BD2046FFF768FD33460121C4F38012FC
:10823000074628461EF0A1FA19F084FA230601D554
:10824000FFF778FF002FE7D1E9E700BF380B0020E8
:10825000D0210020044B5A68D20503D50021986A2A
:1082600022F02EBD704700BF380B002038B5114CEE
:10827000E37A23B10022114610461EF07DFA002554
:108280002846E5721EF080FA01220321A06A22F03E
:10829000A8FA2A460121A06A22F0F2FCFFF7DAFFD1
:1082A0008020FFF7A1FABDE838404FF44050FFF7B7
:1082B000ABBA00BF380B002008B5FFF7D7FF044A60
:1082C0000620D38C0133D384BDE80840FFF784BA7D
:1082D000380B0020F8B51B4D6B68590704D50420F6
:1082E000FFF782FAFFF7E8FF6B681A070FD526F051
:1082F00031FD0646FFF736FA0446124F24B101203D
:1083000023F07FFD0146A8B9304626F01EFD6B68BC
:10831000DB0615D51020FFF767FA00F0C5FA78B133
:1083200026F018FD0446FFF7C7FF2046BDE8F840D9
:1083300026F00BBD3846013C23F090FCE4B2DDE7AB
:10834000F8BD00BF380B00202DE9FF470C9D1746F4
:108350009846064658B9FFF77DFF274B986A22F0EA
:10836000A3FC4FF48070FFF73FFA002020E00428C0
:108370003FD808293DD8531E072B3AD8002D38D0B6
:10838000B8F1000F35D00023DFF86C908DF809307C
:108390008DF80B30194B8DF80810D9F8280002A978
:1083A0008DF80A20039322F08DFC044618B11F209B
:1083B00004B0BDE8F0874FF0010ACDF800A000211D
:1083C0002B46D9F82800E2B222F072FC01460028C0
:1083D000EDD10134B4423D44EFDB4246D9F82800E8
:1083E00022F064FC0028E2D14FF48070FFF70CFA11
:1083F000BBE72020DCE700BF380B0020FEFFFF01B9
:10840000014BD863704700BF380B002010B4254CD7
:108410002269B2F9001081422DDA034694F814C0A3
:108420000CF18041013932F9210002EB81019842BF
:1084300025DD312B28DDA17D8C4530D902EB810073
:1084400032F921409C4224DB14D001F1804C0CF124
:10845000FF3C32F92CC0E41A002CACEB0303B8BF8C
:108460006442002BB8BF5B42A34203DA0139C9B2B0
:1084700002EB8100024610465DF8044B70470A4645
:108480005DF8044B10467047002BD4BF0021617D7E
:10849000D2E70131CCB2A44500F10400D0D8104697
:1084A0000246E8E710240020042307B58DF80730C2
:1084B000002306481A460DF10701806A22F08AFC63
:1084C0009DF8070003B05DF804FB00BF380B0020E7
:1084D00037B5044626F03EFC0B4B054618689B88D2
:1084E0000090ADF80430094B6946986A8DF8004059
:1084F00022F07EFB47F6FF72054B28469C739A815B
:1085000026F023FC03B030BD082C0020380B0020DF
:108510001024002038B526F01DFC064D04462869BD
:1085200008B123F0F5FD00232B752046BDE8384047
:1085300026F00BBC1024002037B58DF80700F3F7A8
:1085400031FD134C0368134D236083889DF80700A9
:10855000A380FF2803D0FE2809D1FFF7A5FF2070D4
:108560000021A86A08F042FE002003B030BD237845
:10857000A86A8DF8073000230DF107011A4622F092
:1085800029FC10B19DF80700E9E72020EDE700BFC6
:10859000082C0020380B00200346034AB2F90200E1
:1085A0000BB1FFF7D7B8704710240020084B10B567
:1085B000B3F9004030B903EB4103B3F902309C42F8
:1085C000A8BF1C46A242A8BF2246104610BD00BF4D
:1085D00010240020034BB3F900309842A8BF18467E
:1085E000704700BF10240020024B1B69B3F9000044
:1085F000704700BF10240020034A137D1269013B1D
:10860000DBB232F923007047102400207FB5ADF8AB
:108610000420ADF806304FF0C8124FF08213ADF8C9
:108620000210CDE90223ADF80000FFF7E5FF6A462E
:108630000421144602ADB2F9003035F9026B8342D1
:10864000A8BF03461BB2B342A8BF3346013922F884
:10865000023BF0D194E80300024B83E8030004B02E
:1086600070BD00BF142400202DE9F04FDFF878A181
:1086700089B0DAF80000BAF804300690C0B2FF28DA
:10868000ADF81C3003D1FFF70FFF8DF81800534FE2
:1086900006A9B86A22F0ACFA26F05CFB4FF4FA7136
:1086A0000290B86A22F08BFAB86A08F089FD4C494A
:1086B0000090B86A22F083FAB86A08F081FD4FF0A2
:1086C0001E08484D01904FEA880023F01FFD064622
:1086D00080B14FF000030024DDF804906B75AB759A
:1086E000009B4B451EDA234647F6FF72434571DB7C
:1086F0002E612C75029826F028FB64231A46194631
:108700001846FFF783FFFFF777FF2B6928801B8848
:1087100000206B8047F6FF73AB810C23AB7309B06D
:10872000BDE8F08F9AF80030ADF81690FF2B34D1E9
:108730004FF00C03B86A8DF815300DF115020023C7
:108740000DF1160108F036FF9DF815B0AB7B5B45C7
:1087500002D05846FFF7BCFE4946B86A22F02FFA0D
:108760000028C7D1B86A08F02BFD019B83422CDC9E
:10877000009B834229DB34B104F18043013B36F98D
:108780002330834221D0A0450AD8304608F105089D
:1087900023F0BEFC5FFA88F895E78DF81530D3E733
:1087A000002802DA6C75AC7501E03128FBDD06EBC0
:1087B000840326F8240083F802B0B86A039322F0F9
:1087C000FCF9039B0134D870E4B209F101090FFAF6
:1087D00089F985E726F82320013387E7380B002045
:1087E0000CFEFFFF10240020082C002010B5094CBF
:1087F0002369B3F900108142B8BF0146FFF7FCFEC0
:108800008842A8BF084600B2FFF700FE03886380D5
:1088100010BD00BF1024002010B50146FFF7ECFE8C
:1088200088420346A8BF0B46064C18B22269B2F92B
:1088300000209042B8BF1046FFF7E8FD0388238070
:1088400010BD00BF1024002070B5044608B3114DC0
:10885000B0F90030B5F90C209A421AD026F07AFA15
:10886000AB7B0646A078834201D0FFF731FEB5F915
:108870000C20B4F900309A4206D0074BE178986A90
:1088800022F08AF92388AB813046BDE8704026F09B
:108890005CBA70BD10240020380B0020014B186E0C
:1088A00080B2704700C001B80A4BD86800F0706011
:1088B000B0F1106F0CD008D8B0F1E06F08D0B0F173
:1088C000006F14BF002001207047B0F1406FF8E73F
:1088D00001207047000002B82DE9F04F87B007462D
:1088E00091469A46ADF80C1023F04CF9B0F100080F
:1088F0003DDD002F3ED03C464FF0000B264EA379C5
:10890000E57903F10C01ED1AEDB2214406EB0B0001
:108910002A4622F018FF2468AB44002CEFD19DF8C2
:108920000C101E4801F023010091C0F808900DF1D1
:108930001409424653461849CDF80490A04626F043
:108940001CFB3C46A379E57903F10C00ED1AEDB26E
:1089500006EB080120442A4622F0F5FE2468A844CC
:10896000002CEFD104224946384623F048FB07B0DB
:10897000BDE8F08F9DF80C10084801F02301C0F805
:1089800008900DF114090091534642460249CDF872
:10899000049026F0F2FAE5E728240020E8300020D1
:1089A0002DE9F04784B0904699460390ADF8081041
:1089B00023F0E8F8071F002F25DD039D002D40D090
:1089C0004FF0000A204EAB79EC7903F10C01E41A68
:1089D000E4B2294406EB0A00224622F0B4FE2D68D8
:1089E000A244002DEFD11948F119C0F80880019177
:1089F0009DF808104B4601F0230100913A461249B8
:108A000026F0AFFA18B1002004B0BDE8F087039D4E
:108A10007DB10746AB79EC7903F10C00E41AE4B2BE
:108A2000F1192844224622F08EFE2D682744002D9D
:108A3000F0D103A8042123F047F9012004B0BDE8D8
:108A4000F087014ECFE700BF28240020E830002047
:108A500030B514460D460246064883B00195802184
:108A600083602346009426F094FAB0FA80F040091F
:108A700003B030BDE83000200023F0B50E46D168C9
:108A80008BB009BA0291C17890F800C061F3070376
:108A900081781A4D61F30F23417802AF61F31743D8
:108AA0006CF31F630993936851681BBA039383683F
:108AB00009BA1BBA0793136842681BBA0593C368C7
:108AC00012BA1BBA06AC0491AF6008920693234613
:108AD000802229460120009426F05EFA0028F6D173
:108AE000DDE90810DDE9063200BA09BA12BA1BBA8C
:108AF00030607160B260F3600BB0F0BDE830002010
:108B00002DE9F84FDFF868908246D9F800B0884622
:108B10001746BBF1000F28D0002699F80450B54243
:108B200007D13D7099F80400A84214BF012002202B
:108B300017E074196110C1EBC10159448879C4F37D
:108B4000470400F00100B8EB000003D106225046B4
:108B500022F0C7FD002806DB02D0661CF6B2DEE775
:108B60003C70BDE8F88F2546D9E70320F9E700BF40
:108B7000382500200022014B1A717047382500204B
:108B8000F8B5054626F0E6F8104C85F3070563793D
:108B90000646AB4205D10024304626F0D6F82046E2
:108BA000F8BD002720686571277110B123F0B0FA75
:108BB00027606379002BEED0C5EBC50010F058FAA2
:108BC00020600028E7D160710724E5E73825002000
:108BD000064B074A01201A60064B074A1A60074BEA
:108BE000074A1A60074B084A1A6070472420002081
:108BF0006F68030820200020CB6803081C20002099
:108C00006D68030818200020C968030838B50546B8
:108C1000074B5C6804B938BDA379E2792946D21ABA
:108C20000C33E018D2B222F086FD2468F2E700BFD0
:108C30006C25002008B5084864211AF01AFD0120AF
:108C4000FDF7AAFB30B9054A536919075CBF43F029
:108C50000403536108BD00BF542500204C250020AB
:108C600010B50C4CB4F91200FFF7B4FC14340146F3
:108C700020461DF0A5FD2046FFF7B8F818F07DFD51
:108C8000044618F07CFD21460246012018F059FDEB
:108C900010BD00BF6C250020012808B50BD00228AC
:108CA0000DD038B91DF07AFD084B986000F072FACB
:108CB0001DF06DFD08BDBDE8084000F075BA00F07C
:108CC00073FABDE8084000F065BA00BF6C250020CB
:108CD0002DE9F74F272881460F4616469A469DF8FC
:108CE00030509DF834B000F21C81904C2368D906B6
:108CF00000F1198150461DF0EAFD804620B911258A
:108D0000284603B0BDE8F08F18F039FD002846D0A2
:108D1000291E18BF0121C27961F34512C271920662
:108D200020D430232360BDF94030814D638294F814
:108D3000233084F822906AF3030384F823307D4BB8
:108D40000337C4E9053500237B4DE361238201200D
:108D500023F057F8014628BB2060774822F085FEB3
:108D60000725CDE7BBF1020FC9D8AA1E122AC6D823
:108D7000827905F01F0502F0200245EA8B151543A4
:108D800085710F9A9DF8381018F0EAFC0546002806
:108D9000B6D118F0E0FC05460028C2D0B0E7002D9F
:108DA000BFD0ACE7452F3B46A8BF4523453FC37125
:108DB000284622F049FF002FC9DC6768BB790333DE
:108DC000BB71072E08D8DFE806F07E7604077A7CB0
:108DD00078745520FFF71AFF18F0D1FC07460028D9
:108DE00000F09C80C37903F02003002B0ABF02250A
:108DF00003254FF00008EDB22946606822F075FEA9
:108E0000D4F804A006F00F069AF80690504609F12F
:108E10000C090AF8096022F0B5FE0AEB090B401BA9
:108E20008BF80100B8F1000F08D01AF8093043F0B0
:108E300020030AF80930BB798BF802303F4E404BD3
:108E4000F36101237361FFF70BFF606822F09AFE64
:108E500001460020FEF738FC054618F090FC38B1BA
:108E6000C379990642BF837903F01F0305EBC3055D
:108E700040F2712305F2693595FBF3F54FF49672D4
:108E80005D434FF4C873E560C6E90323FFF7D2FEE4
:108E900025F060FF04461DF081FC33890025643312
:108EA000034426487360FDF781FA204625F04DFF04
:108EB00026E7AA208EE70F208CE7F0208AE7FF2024
:108EC00088E7002086E74FF0FF3ABB7997F80790D4
:108ED00003F10C05A9EB0309B34600233D4455FA01
:108EE00089F9A94503D13F68002FEED174E70AF450
:108EF000887210460193009222F03AFC009A00F02A
:108F00000100019B40EA4A0A100AC001013340EA0D
:108F10005B0B580708BF05F801BBE2E78046022556
:108F200069E71225ECE60C25EAE600BF6C25002077
:108F30005555550029417671702500204C2500209B
:108F4000998C010827282DE9F84306460F469046DC
:108F500099466ED8394D2B68D9066CD438461DF029
:108F6000B6FC10B91120BDE8F88318F006FC002803
:108F70005BD0B8F1000318BF0123827A63F30412B7
:108F80008272D3B2D20633D45023DFF8C8802B606C
:108F90002B4B0024C8F81C300423C8F8143095F873
:108FA0002330284A67F3030385F82330264B85F8DE
:108FB0002260C5E90532EC612C82FFF751FE23499E
:108FC000234BC8E90313FFF735FE25F0C3FE054622
:108FD0001DF0E4FBB8F80830643303444046C8F899
:108FE0000430FDF7E3F9284625F0AFFE2046BAE746
:108FF000B9F1020FB6D8A8F10202122AB2D89DF830
:1090000020209DF8241062F3030380F804800A9A5C
:1090100080F80590837218F0A1FB0028A3D10120ED
:1090200018F099FB0028AFD09DE7B8F1000FABD046
:1090300098E7122097E70C2095E700BF6C250020E9
:10904000998C0108555555002941767100E9A435E0
:1090500000CA9A3B4C25002070B525F07BFE134CCE
:1090600006461348F8F79AFE00F09EF800211148D2
:10907000FDF7EAF92368258A9B0606D54FF4803070
:10908000F9F7AAFB002808BF0025002323822360EC
:1090900018F073FB044618F072FB0146204618F0E6
:1090A00061FB304625F051FE284670BD6C2500203E
:1090B000542500204C250020052808BF0320062247
:1090C000024B013802FB0030704700BFB4070408B0
:1090D00038B50D4C226812F020050CD0D4E90213EB
:1090E000002219441046A1601DF05EFB6068BDE8D7
:1090F0003840FEF709BFFDF73FF92A46BDE8384082
:1091000001460220FFF72AB86C25002030B504285C
:1091100085B011D003D8032809D005B030BD05387B
:109120000128FAD805B0BDE83040FFF7D1BF184A92
:10913000138A01331382F5E700254FF0FF3103A8AE
:109140000395FEF793FC039B002BE6D09A7913441A
:109150001B7CDA0718D518F010FB044680B1837A1F
:10916000DB060DD50398FEF737FD039B40F6FF7233
:10917000CDE9005321462B46012018F0EAFA18B138
:10918000034A138A0133138203A822F06EFCC4E75A
:109190006C25002008B50348FFF732F9BDE8084008
:1091A000FFF796BF0D91010810B5084C2368DB0648
:1091B0000BD5FFF75BF80020FFF722F9636823B1B6
:1091C000201D22F052FC0023636010BD6C2500209E
:1091D0000022034B1A609A80FF229A71704700BFE9
:1091E000352D0020064A1379834207D901231268DE
:1091F0008340134214BF01200020704700207047B5
:1092000090250020054A03461068002208B91A601C
:109210007047C10748BF01324008F7E7902500209A
:10922000014B1879704700BF90250020024B1B6846
:1092300003600020704700BF90250020F0B541EA90
:10924000002087B040F4902606200F461546F3F71D
:109250003DFA22F05BFF044640B901461A2011F0A6
:1092600071FA6FF08C05284607B0F0BD436846617F
:10927000DAB222B923F0FF0343F001034360F2F7AF
:1092800079FD052804BF40F201136360062F1A4BD5
:109290000CBF40F201114FF4807120461DF02EFBEF
:1092A000E360164B2A46236002AB1E4605F1100709
:1092B0001D4610685168083203C5BA422B46F7D1E3
:1092C0001021304622F0DDFE10223146204601AB4F
:1092D00017F0ADFD054620B1014640F2074011F000
:1092E00031FA1021304622F0DAFE204618F00BF851
:1092F000204622F00DFFB6E7004440040024800021
:10930000102A2DE9FF4706460F46154623D80024AC
:109310004FF00109DFF84480DFF844A0D8F80020BE
:1093200009FA04F3134213D046EA042040EA0A0083
:109330006A46E9B280B207F08FFB48B92A4639463F
:10934000684622F0CEF918B960B204B0BDE8F087E3
:109350000134202CE2D14FF0FF30F6E790250020B9
:109360000080FFFF2DE9F3411D4E05460146062210
:10937000304622F0B6F920B996F9060002B0BDE8F1
:10938000F0810024A046EF1C2046FFF72BFFD8B148
:109390003B88CDF80080ADF80330BB786946E0B279
:1093A0008DF8053023F0A4FD21280DD0A8B90322A3
:1093B0002946684622F095F930B92B6860B23360CF
:1093C000AB88B071B380D9E70134202CDCD12B6895
:1093D0003360AB88B380FF23B3714FF0FF30CDE72C
:1093E000352D0020034B93F90630013301D1FFF7EF
:1093F000EFBE7047352D0020F7B5044621F0EDF89B
:10940000631C58D1FFF7E4FE0024624E3379A34277
:109410002CD84FF400410024084607F07DFB2022A1
:109420004FF0FF315C48346022F085F9204601F0AE
:10943000C1F8FF260446594D5CBB594817F0BFFAE6
:10944000014630B110F1880F03D040F2074011F00F
:1094500079F90C214F4A43F6FF7007F0E1FA202119
:1094600038204D4A07F0DCFA00202AE02046FFF7BA
:10947000B9FE60B165B2052128461DF041FA03210D
:1094800028461DF03DFA062128461DF039FA013420
:10949000BCE794F97530013305D02B7843B913211B
:1094A000204623F01FFC204601F084F80446C3E761
:1094B00084F87560F7E72046FFF794FE18B940F28C
:1094C000064003B0F0BD6B460622002120461DF089
:1094D0005AFA002845D049238DF806304FF47F41D1
:1094E000304840EA0420084007F016FB05212046DA
:1094F0001DF006FA032120461DF002FA062120463F
:109500001DF0FEF901222349E3B29A400B6823EAD9
:1095100002030B60244B93F90630A34201D1FFF7FD
:1095200057FE002005460B791B4A013BC1B2994208
:1095300021DBFF260020D65401F03CF80546174FEA
:10954000002D86D095F97530A34205D13B78EBB953
:109550001321284623F0C6FB284601F02BF80546C8
:10956000EEE76B460622012120461DF00CFA00288A
:10957000B4D07223B0E75656A64200D025B1551894
:1095800095F90150555401250130CFE785F87560F4
:10959000E2E700BF90250020152D0020132D0020AC
:1095A000370004000080FFFF352D0020202828BF51
:1095B0002020012838BF01200322F8B54300B3FB67
:1095C000F2F30D4D0D4A0F4613702B79044683427A
:1095D00006460DD82C716F710C21BDE8F84043F69A
:1095E000FF70054A07F01CBA70B2FFF705FF01369D
:1095F0002B79B342F8DCEDE790250020142D0020F4
:109600002DE9FF41354C064601A8FFF7FBFD237904
:10961000019A93421ED86279012A40D100274FF067
:10962000FF383D4610E02368EB40D9070BD50822F0
:1096300002AB114668B21DF0A6F920B1039B434569
:109640003CBF2F469846013523799D42EBD378B233
:10965000FFF7D2FE236813F0010529D0002501226F
:109660000135202D18D002FA05F71F42F8D13B43EF
:109670002360A3680C21013343F6FF70174A73611E
:10968000A36007F0CDF9A8B1236823EA070323609C
:10969000A368013BA36073614FF0FF3519E0022A14
:1096A000FAD10F4A134413F9010D421CFBD0CFE746
:1096B0000127DCE722790A4C013A2146D2B2601C2C
:1096C00022F01FF86DB2224620213820257007F0C5
:1096D000A7F9284604B0BDE8F08100BF902500201E
:1096E000152D00202DE9F043002489B0AF4D042151
:1096F0003F2001AA2C7007F0AFF900B10194019F3F
:10970000002F4FD00026781E4742474100242C707E
:10971000A74D0C212A4643F6FF7007F09DF9C0B112
:109720000D23AB80019B2C60032BAC6011D803ACE4
:109730002246142143F6FF7007F08EF948B994E8E9
:10974000070085E807002A460C2143F6FF7007F062
:1097500067F9019B042B06D004213F200DEB010289
:10976000019107F05DF920213820924A07F074F941
:1097700028B120224FF0FF318E4821F0DCFF032278
:109780002B795B00B3FBF2F38B4A1370FFF720FDDC
:10979000F5F7B8FA014618B140F2074010F0D2FFD1
:1097A000002413E001263746B0E72B68E340D907D1
:1097B0000BD508224FFA84F81146404603AB1DF042
:1097C000E2F810B94046FFF717FE01342B799C42AE
:1097D000EBD38EB11021372003AA07F03DF9002802
:1097E00053D10620F2F772FF22F090FC044680B9B4
:1097F00001461A2010F0A6FF3FB13D2007F048F9BE
:1098000000242B799C42C0F0AC80002009B0BDE858
:10981000F0836A4A43684261DAB222B923F0FF0357
:1098200043F001034360F2F7A5FA052804BF40F2B4
:1098300001136360624B40F2011120461DF05EF897
:10984000E360604B1021236003A822F01AFC102271
:1098500002AB03A9204617F0EAFA0646102103A836
:1098600022F01DFC204617F04EFD204622F050FC51
:10987000372007F00DF946B140F20740314610F0AD
:1098800061FF4FF0FF30FFF7B7FD002623E03046C1
:10989000FFF7A8FCF0B174B210220321204603ABFD
:1098A0001DF071F81028814620D10321204603AA1B
:1098B000FFF7C4FC8046494603A822F0F0FBB8F14C
:1098C000000F0CD040F20740414610F03BFF20460D
:1098D000FFF792FD01362B799E42D8D38CE748F2F0
:1098E000030040EA062080B207F0D2F810220521DA
:1098F000204603AB1DF047F81028814613D10521FF
:10990000204603AAFFF79AFC8046494603A822F0A6
:10991000C6FBB8F1000FD5D148F2050040EA062099
:1099200080B207F0B5F810220621204603AB1DF0E7
:109930002AF810288146CDD10621204603AAFFF738
:109940007DFC8046494603A822F0A9FBB8F1000F30
:10995000B8D148F2060040EA062080B207F098F835
:10996000B8E72046FFF73EFCF0B166B204220C21B6
:10997000304602AB1DF007F804280AD1029B0122F1
:10998000C3F300238DF80C300C21304603AB1CF0E0
:10999000CCFF00231022CDE90333CDE905330D219F
:1099A000304603AB1CF0C1FF01342AE7132D002021
:1099B00090250020152D0020142D002037000400D4
:1099C0000044400400248000F8B5104B0446187988
:1099D0000F4B00221D46D1B2884204D913F9017BF6
:1099E000561CA74204D10B4B1B788B4202D9F8BD01
:1099F0003246F0E70649481C21F083FE2C702021F6
:109A0000BDE8F8403820024A07F00AB89025002047
:109A1000152D0020142D002038B50488FA2C28BFFD
:109A2000FA24204601F042F9051E044818BF00241C
:109A300000F0E8FC8580C48038BD00BF2004090028
:109A400010B500781FF0C6FF0446024800F0DAFCAB
:109A5000848010BD2002090130B50446457887B0E6
:109A60002A46811C01A821F06EFE01A920780595E7
:109A70001FF0BAFF0446034800F0C4FC848007B01E
:109A800030BD00BF2002090210B5D0F801100078E7
:109A90001FF0BEFF0446024800F0B4FC848010BDF5
:109AA0002002091010B5D0F8011000781FF0BCFF9B
:109AB0000446024800F0A6FC848010BD2002090381
:109AC00030B50446457987B02A46811D01A821F0AA
:109AD0003AFED4F8011001AA207805951FF0B0FFD6
:109AE0000446034800F08EFC848007B030BD00BF00
:109AF00020020904002310B5B0F801101A460078BE
:109B00001FF0C2FF0446024800F07CFC848010BDB8
:109B10002002090710B5B0F80110B0F80530B0F810
:109B2000032000781FF0B0FF0446024800F06AFCF2
:109B3000848010BD2002091270B5447986B0057882
:109B4000D0F801602246811D01A821F0FCFD3146BC
:109B500001AA284605941FF0A7FF0446024800F01A
:109B600051FC848006B070BD2002090803460146FE
:109B700010B55A7811F8020B1FF0ACFF04460248EA
:109B800000F040FC848010BD20020911034601460C
:109B900010B55A7811F8020B1FF0AAFF04460248CC
:109BA00000F030FC848010BD2002091610B5B0F81A
:109BB0000110C378021D00781FF0A8FF0446024878
:109BC00000F020FC848010BD2002090930B585B06A
:109BD0000DF10E030093C378B0F80110021D007858
:109BE0001FF0A4FF04460448BDF80E5000F00AFC24
:109BF0008480C58005B030BD2004090A30B587B027
:109C00000DF116030293437901220193831D009302
:109C1000B0F80330B0F8011000781FF0A3FF04463D
:109C20000448BDF8165000F0EDFB8480C58007B0F5
:109C300030BD00BF2004090B10B5417800781FF03B
:109C4000ABFF0446024800F0DDFB848010BD00BF7E
:109C50002002090C10B5B0F80110C27800781FF08E
:109C6000CDFF0446024800F0CDFB848010BD00BF4C
:109C70002002090510B5B0F801104FF6FF72007808
:109C80001FF0F4FE0446024800F0BCFB848010BDC7
:109C90002002090610B5B0F80110B0F803208A427E
:109CA00008D300781FF0E2FE0446034800F0AAFB48
:109CB000848010BD2124F8E72002091410B5B0F803
:109CC000011000781FF07EFF0446024800F09AFB66
:109CD000848010BD2002090E10B5B0F80110C378C1
:109CE000021D00781FF07AFF0446024800F08AFB4C
:109CF000848010BD2002090F10B500781FF058FFB6
:109D00000446024800F07EFB848010BD2002090D4D
:109D100030B587B00DF11603029343790222019307
:109D2000831D0093B0F80330B0F8011000781FF0E5
:109D300019FF04460448BDF8165000F063FB848008
:109D4000C58007B030BD00BF2004091337B50078C7
:109D50000DF106011DF09FF9044610B10023ADF886
:109D600006300448BDF8065000F04CFB8480C580E6
:109D700003B030BD2004091520F00040A0F20540DA
:109D8000F8B5032817D8DFE800F0021728330C795C
:109D90000F78A4F11B02534253414E88CD8801F144
:109DA0000802194899001CF0AEFF20B10771A0F815
:109DB0000560C4710581F8BD0E784D888C8801F16D
:109DC0000802124800211CF09EFF0028F3D0067103
:109DD000A0F80550A0F80740EDE70D480D784C6855
:109DE0001CF05BFF0028E6D00571A0F80540E2E713
:109DF00007480C781CF051FF0028DCD00723437182
:109E0000002304718371D6E7F8070408F4070408F7
:109E1000F007040813B541880DF1020301AA008878
:109E20001EF0D0FABDF802300446F82B84BFF823A8
:109E3000ADF80230019ABDF80210034800F026FB8D
:109E4000848002B010BD00BF20030A0038B50D4B5E
:109E5000018800201C681DF05FFE4FF6FF739842DA
:109E600004F107040AD0214601F092FB00250146C7
:109E70002246054800F00AFB858038BD002141F2EA
:109E80000115F5E7A025002020030A0100232DE994
:109E9000F04788B08DF81630ADF81830ADF81A30AC
:109EA0008DF81730ADF81C30ADF81E300DF11E03E3
:109EB0000088029307AB01930DF11703009306AAE4
:109EC0000DF11A030DF1160101F06EFC04460E4867
:109ED0009DF816A0BDF81890BDF81A809DF817706F
:109EE000BDF81C60BDF81E5000F08CFA848080F82C
:109EF00006A0A0F80790A0F80980C7728681C581E6
:109F000008B0BDE8F08700BF200C0A0537B502880D
:109F100081780DF1060303301DF037FD0446044837
:109F2000BDF8065000F06EFA8480C58003B030BDE5
:109F300020040A067FB5014602460DF10E0331F8F2
:109F4000030B0093927803AB1EF091FD0446064884
:109F5000BDF80C60BDF80E5000F054FA8480C68045
:109F6000058104B070BD00BF20060A09002110B5AC
:109F7000421D03790446084622F06EF8024648B1B5
:109F8000618820881EF04AFA0446034800F03AFA35
:109F9000848010BD1A24F8E720020A02F0B50446B6
:109FA000002385B0B0F80150C778067914F8050B86
:109FB000ADF80E301DF09EF990B10DF10E03224662
:109FC000CDE90073294633461EF03EFC04460548A1
:109FD000BDF80E5000F016FA8480C58005B0F0BDC3
:109FE0002524F4E720040A0337B5B0F80140C5780A
:109FF00000781DF07FF968B1002321462A46CDE99B
:10A0000000331EF05AFC0446034800F0FBF984803C
:10A0100003B030BD2524F7E720020A042DE9F341FF
:10A020000446B0F80150C678878890F8068014F886
:10A03000070B1DF05FF970B1CDE900483B46324691
:10A0400029461EF03AFC0446044800F0DBF98480FF
:10A0500002B0BDE8F0812524F6E700BF20020A1413
:10A0600073B5B0F80140C678051D00781DF042F9BF
:10A0700060B121462B46002200961EF065FB044687
:10A08000034800F0BFF9848002B070BD2524F7E7D3
:10A0900020020A0F73B5B0F80140C678051D00789C
:10A0A0001DF028F960B121462B46012200961EF0D2
:10A0B0004BFB0446034800F0A5F9848002B070BD54
:10A0C0002524F7E720020A1008B50146034631F8B7
:10A0D000030B9A781EF05BFB034800F093F9002312
:10A0E0000371437108BD00BF20020A11002337B578
:10A0F000B0F801400078ADF806301DF0FBF870B103
:10A1000021460DF106021EF085FB04460548BDF808
:10A11000065000F077F98480C58003B030BD252457
:10A12000F4E700BF20040A1238B500781DF0E2F809
:10A13000044648B11DF015F900250446034800F017
:10A1400061F98580847138BD2525F7E720030A155C
:10A1500010B50168406889B2C0B21EF071FC0446B7
:10A16000024800F04FF9848010BD00BF20020A08A9
:10A1700010B50446012000F0D5FE236840EA030133
:10A1800089B200201EF05CFC0446024800F03AF957
:10A19000848010BD20020A0C10B50446012000F096
:10A1A000C1FE236820EA030189B200201EF048FCAA
:10A1B0000446024800F026F9848010BD20020A0DF2
:10A1C00010B5012000F0AEFE0446044800F01AF974
:10A1D0000023C0F806400371437110BD20060A0E2B
:10A1E00038B50488FA2C28BFFA24204600F05EFD1A
:10A1F000051E044818BF002400F004F98580C480BF
:10A2000038BD00BF20040A0A37B500780DF10601F9
:10A210001CF041FF044610B10023ADF8063004489D
:10A22000BDF8065000F0EEF88480C58003B030BD64
:10A2300020040A0B40F2055320F0004098422DE91B
:10A24000F0410BD840F20153984209D840F2014343
:10A2500098420DD040F20A43984214D0BDE8F081F4
:10A26000A0F20350022816D8DFE800F024495C0071
:10A270000D784C882D481CF010FD0028EED005719B
:10A28000A0F80540EAE72A480C781CF006FD0028F3
:10A29000E4D00471E2E727480F784E880D79CC8826
:10A2A0001CF0FBFC0028D9D00771A0F80560C5712F
:10A2B0000481D3E78C684E880D790F7884B1B1F8AA
:10A2C000068001F108021C4800211CF01CFD00283A
:10A2D000C4D00771A0F80560C571A0F80880BDE77B
:10A2E00023462246214614481CF0E8FC0028B5D03D
:10A2F0000771A0F80560C57104724472AEE70F489B
:10A3000091F800804F880E79CD880C891CF0C5FC2F
:10A310000028A3D080F80480A0F80570C6710581DC
:10A3200044819BE70D784C680548A4E7E4080408DD
:10A33000D0080408E0080408DC080408D808040869
:10A34000D4080408044A0346106810B102789A42FF
:10A3500000D170470069F8E79C25002008B51CF083
:10A36000B5FB05F075FF0022014B1A6008BD00BF68
:10A370009C25002038B5094C05462146204616F09C
:10A380000AF84FF48270A847054B014618604FF455
:10A3900082722046BDE8384016F002B890090408E1
:10A3A000A0250020084A136833B94178036141F0C1
:10A3B0000101417010607047197802789142FAD01B
:10A3C00003F110021B69EFE79C250020024B0A46AF
:10A3D0001B680021184700BFFC300020014B1868A3
:10A3E000704700BFA0250020054B186808B1C3685E
:10A3F0001BB1003818BF012070470069F6E700BFA5
:10A400009C25002010B5034C2368186006F01AFA4A
:10A41000206810BDA0250020F8B504460D46014671
:10A42000002017461CF053FB0022174E20463368CD
:10A430001A705A709A70DA701CF023FB18B165B963
:10A440004368220E2BB90F250DE05979914204D0B3
:10A4500008331D68002DF8D1F5E73846A847336862
:10A460001B684BB9012524F47F4020F0C70040F45D
:10A470000070FFF7C7FF85803268012052F8041B87
:10A480001CF025FBF8BD00BFA0250020F8B50E4646
:10A490000502C0F3072305F4E0651D430E4B691E5A
:10A4A0001B680446043300F038075E545818114600
:10A4B0002AB10130904202D0324621F022F9240C18
:10A4C000240435443C4344EA15242D02A8B2204319
:10A4D000BDE8F840FFF796BFA025002070B5044600
:10A4E0000D461B4A13686BB393F87D10586811F042
:10A4F000040129D110608C22184693F8706021F075
:10A500001AF9034680F870602268C0F85A20A288C1
:10A51000A0F85E20A27980F860202868D864AA7923
:10A52000A98883F85220FF2283F8752083F87620CB
:10A5300040F6FF72A3F86E20064AA3F85010116887
:10A5400013605960184670BD1A1D0346CBE700BF63
:10A55000A8250020A4250020054A0346106800B95C
:10A560007047B0F86E209A42FAD04068F7E700BF13
:10A57000A4250020054A0346106800B9704790F8EA
:10A5800070209A42FAD04068F7E700BFA425002067
:10A5900038B50546064B1C680CB9204638BD29461F
:10A5A00004F14C0000F0CEF90028F6D16468F3E71E
:10A5B000A425002010B9024B186870474068704706
:10A5C000A42500200023114A2DE9F0418C211360BD
:10A5D0008046024601200EF011FB044620B90546D4
:10A5E0000B4E3060454502D32046BDE8F081012086
:10A5F0000EF06AFB07468C220021013521F09BF802
:10A6000087F8705037603E1DECE700BFA42500209E
:10A61000A8250020012310B58B4090F87110044646
:10A6200021EA030149B280F87110002949D11FF0D5
:10A630008DFF204622F087FC102104F1180021F044
:10A640002EFD204602F0E8FD04F1380021F00DFA5D
:10A6500020461FF0EFFB214A13681BB19C4259684A
:10A6600030D11160A36859050BD51A0509D443F4FC
:10A670000063A18994F87000A36004F1780205F0EA
:10A68000A9FB00232046636021F009F91CF094FB2C
:10A690004FF48072B2FBF0F2424394F870300344FE
:10A6A000B3FBF2F102FB1133DBB2591EC9B2FD2933
:10A6B000F5D884F8703000236360094B1A6852B9EA
:10A6C0001C6010BD1A465B68002BCBD09C42F9D1B0
:10A6D00063685360C6E7131D5268F0E7A4250020A5
:10A6E000A825002010B5084C206830B9BDE81040FE
:10A6F000064B186001200EF0C5BA436890F871103F
:10A700002360FFF787FFEFE7A4250020A82500209E
:10A7100090F8743003F00B03013BDBB20A2B9ABFB5
:10A72000014AD05C002070479E0904081FB501460D
:10A7300090F870308DF80430FFF7EAFFB1F862301E
:10A740008DF80C00ADF80630B1F8643001AAADF810
:10A750000A30B1F86630054840F20311ADF8083010
:10A7600021F0B1F805B05DF804FB00BFF025002032
:10A7700007B590F870308DF8051001AA40F2072156
:10A7800003488DF8043021F09EF803B05DF804FB17
:10A79000F025002038B50A4B04461B680D462BB146
:10A7A00043699B0702D51CF02CFD30B12A46206876
:10A7B0000421BDE838401FF0AFBAA3699D6138BDE0
:10A7C000AC250020014B1860704700BFAC2500206D
:10A7D000024B1868003818BF01207047AC250020D4
:10A7E00013B50446019120B901A821F03EF92120BA
:10A7F00012E008460029FAD021F0C4F980B20028FE
:10A80000F2D0094B20461B6801994BB1984728B9F3
:10A810002046019901F0B2FD02B010BD0020FBE717
:10A820001EF044F9F3E700BFAC2500200048704754
:10A8300003260020044890F82B1000F10F02083086
:10A84000012918BF10467047F425002038B58379D8
:10A85000044613F0280F25D00368134DC5F80F30B8
:10A860008388A5F81330837900206B750EF09EFD68
:10A8700040B96B68032043F004036B60BDE83840C7
:10A880000FF0E2B8436A13F4404FEFD1226843F06F
:10A890000803C0F80120A288A0F80520A27943622D
:10A8A000C271E3E7212038BDF42500204379024A34
:10A8B0009B09D05C704700BFBF0904080B6810B546
:10A8C00003608B88FF2A0446838002D10723A3718B
:10A8D00009E0032A08D8054B9B5C072B837102D142
:10A8E000FFF7E4FFA07110BD0023F0E7C3090408DF
:10A8F00010B50B68FF2A03608B880446838002D161
:10A900000723A37110BD052A0FD8094B995CCB060C
:10A91000817105D5FFF7CAFF81421CBF0023A371D7
:10A9200020461CF0E4FB0028ECD10023E9E700BF3F
:10A93000B90904088379024A03F00703D05C704721
:10A94000B109040810B582798B79094C02F007022D
:10A9500003F00703A25CE35C9A4206D1062220F0D2
:10A96000C0FEB0FA80F0400910BD0020FCE700BF37
:10A97000A909040838B50EF037FDB8B100B200EBF4
:10A9800080008400002301220A20A1B20EF036F9D3
:10A99000054648B90A200EF097F9064B224629468B
:10A9A000186020F0C8FE0025284638BD014B18600D
:10A9B000F9E700BFB025002038B50C4B05461C68F0
:10A9C00094B1037803EB830304EB8304204621F066
:10A9D0004CF80021287800F025F92046BDE83840E1
:10A9E0001422002120F0A7BE38BD00BFB0250020F2
:10A9F000F0B52D4B07461D6887B015B9002007B08C
:10AA0000F0BD007800EB8004A60005EB84046368C9
:10AA1000990643D49B0708D5002100F01FF90028B0
:10AA2000EDD1636823F022036360636813F0210FA4
:10AA3000E4D0190715D5A07CA389628921890490E7
:10AA4000607C0390207C0290E07B0190A07B0090D2
:10AA5000387800F0BBF80028D1D1636823F00803F0
:10AA600063606368DA070BD50121387800F0F6F8E7
:10AA70000028C4D1636823F0010343F0200363601E
:10AA800063685B07BAD5A959387800F0CBF8002382
:10AA9000AB51636823F004036360B0E71A07B9D5CC
:10AAA00043F001036360B7E7B02500202DE9FF41C3
:10AAB0000F4603A9164680461D460EF0F5FB0246DA
:10AAC00058BB052F37D9052E35D9B74233D81B4986
:10AAD00008EB88030C68039804EB83049DF8283086
:10AAE0006781A3739DF82C30A681E3739DF8303005
:10AAF00023749DF8343063749DF83830A37405F0E6
:10AB000001039B012381636843F009036360436A87
:10AB1000DB0606D5FFF76CFF0246104604B0BDE821
:10AB2000F08185F0020311464046009203F00203D3
:10AB300021F025FFF0E72122EFE700BFB02500203C
:10AB40002DE9F3410E4601A90EF0AEFB0546C0B952
:10AB5000019B1C780D4B04EB84041F684FEA8408AA
:10AB600007EB8404204620F080FF3368019847F803
:10AB700008306368356043F004036360FFF738FF13
:10AB80000546284602B0BDE8F08100BFB025002090
:10AB900037B50D4D04462B6813B9002003B030BD06
:10ABA00001A90EF081FB0028F8D12B6804EB840486
:10ABB00003EB84035A689106EFD542F00202019834
:10ABC0005A60FFF715FFE9E7B0250020F8B5074602
:10ABD0000C4642F286000C2116461D461FF038F83E
:10ABE0009DF81830C77083729DF81C308680C37240
:10ABF0009DF82030C58003739DF824300481437391
:10AC00009DF8283083730648F7F78CF91FF04EF84B
:10AC1000407920B11FF04AF8407940F48050F8BDE7
:10AC2000A53B03080A4610B50321044642F23F0043
:10AC30001FF019F8032303710023C4704371064801
:10AC4000F7F770F91FF032F8407920B11FF02EF8B5
:10AC5000407940F4805010BD2D3D030838B50446BE
:10AC60000D464FF4015002211EF0F2FFC570047131
:10AC70000648F7F757F91FF019F8407920B11FF08F
:10AC800015F8407940F4805038BD00BFD53C03082A
:10AC9000044908B5084615F07EFBF722024B1A80DE
:10ACA00008BD00BFD00904081E320020A0F1170320
:10ACB000E82B9DBF024B188000202120704700BF69
:10ACC0001E32002010B5044670B30068836CA342A6
:10ACD00022D1636883642246144920F0BCFD04F14C
:10ACE0000C0020F0DCFD04F1440020F0BEFEFFF774
:10ACF0006FFD58B1A06948B1143020F0B6FEA069CC
:10AD0000183020F0B2FEA06921F002FA2046BDE81A
:10AD1000104021F0FDB91346002BDCD05A68A24246
:10AD2000F9D162685A60D6E710BD00BF937203087C
:10AD300070B5054648200E4621F0E8F90446014664
:10AD40004822264815F02CFB84B1FFF741FD90B155
:10AD50001C2021F0DBF91C220146A0611F4815F0E0
:10AD60001FFBA3692BB9204621F0D2F9002420460D
:10AD700070BD00221A70032128461CF015F8AB6C38
:10AD800022466360AC641723268100266381144940
:10AD900028462560267766640DF098FE03F07AFF5A
:10ADA0003246014604F10C000DF090FE022323749C
:10ADB000FFF70EFD0028DAD00A4B19881729D6D9DB
:10ADC00020461CF080F80028D1D1132120461CF029
:10ADD00025FA636943F002036361C8E7D0090408F8
:10ADE000937203081E320020F8B5054610B30029FF
:10ADF00020DB114C2468247E8C421BDD3F2919DCAA
:10AE0000032701F0030600EBA10191F83140760021
:10AE1000B74002F0030224EA0704B240224381F85B
:10AE2000312013B100211CF0B6FA2846BDE8F840E5
:10AE30001CF00EBBF8BD00BFE425002070B516461F
:10AE400000221A7032800A7A0D46072A4DD8DFE8B0
:10AE500002F004090D111A1E304AE86830F8023B6E
:10AE6000338043E0EB68981D5B88F9E7EB68981D39
:10AE70009B88F5E7697B1CF0DBFA02221C4B1880EB
:10AE80001846328032E002231A4833802EE01A4CF2
:10AE90002B7BE88923702B88E11C013363702B889E
:10AEA00001331B12A37000F073FB03303080204687
:10AEB0001CE0124CA889EB89020AA3701B0A2070BF
:10AEC0006270E37000F04AFC58B1C3681A88022A25
:10AED00007D19A782271DB786371062307483380A3
:10AEE00004E00423FAE780221A70002070BD00BF3E
:10AEF000552D0020E0090408422D00203C2D0020A3
:10AF0000054A064B1860136843F001031360828BF7
:10AF1000034B1A80704700BFB4250020E4250020B1
:10AF20000E2C002018B9034B1B68588B7047024B3E
:10AF300018887047E42500200E2C002000232DE9FE
:10AF4000F04FDFF8AC9191B0CDE90633CDE908338D
:10AF5000D9F80030054613F008080AD0614B03F118
:10AF6000100253F8041B934245F8041BF9D100204A
:10AF700011E00320F1F7AAFB21F0C8F8074648B119
:10AF80000620F1F7A3FB21F0C1F8064630B9384698
:10AF900021F0BEF81A2011B0BDE8F08FCDE9048889
:10AFA000F3F7B0FE044668B1384621F0B1F83046F8
:10AFB00021F0AEF840F2074021460FF0C3FB40F20B
:10AFC0000740E8E74FF4A053DFF828A11022C6E9B4
:10AFD000023A454B3046336006A904AB15F027FF13
:10AFE0000446A8B952463846049915F009FE0446AD
:10AFF00070B9C3463D4B1FFA88F21B68D98891424D
:10B0000027D810222946384605AB16F06CF80446BE
:10B01000384615F06BFD384621F07AF8304616F0C8
:10B0200072F9304621F074F8049815F0C8FC002C31
:10B03000C0D12C4B05F1100255F8041B954243F882
:10B04000041BF9D1D9F8003043F00803C9F80030E7
:10B050008DE71A681FFA88F4210102EB04142046D8
:10B06000ADF80EB0019100921CF020FE8246204601
:10B0700000F030FB30B3DDE90021AAF5205080B2AA
:10B08000032802D9BAF5245F1FD1525A0020214665
:10B09000ADF828200DF10D030DF10E02ADF82AA038
:10B0A000FFF7CCFEBDF80E2001460BA820F04BFBAD
:10B0B000BDF80E20384604320AA915F042FF0446B6
:10B0C0000028A5D108F1010894E70AF55640FF30A1
:10B0D00080B20428F6D8525AADF82AA0ADF828203C
:10B0E000E6E700BF572D002000248000E425002063
:10B0F000B42500200002C003024B186800B1C088CC
:10B10000704700BFE42500200F4B10B51968CC072D
:10B1100017D40E4BDA899C89944212D9490748BF4B
:10B120000B499C6848BF096824F81200DA894ABFB5
:10B13000C8891046801802F1010248BF80B2DA8146
:10B1400010BD4FF6FF70FBE7B4250020C02500209E
:10B15000E0250020134B01461B6870B513F0040373
:10B1600006D00022104B1C68E38990B2834209D8B4
:10B170000E4A14680022E58990B2854209D84FF63C
:10B18000FF7005E0A56835F8125001328D42ECD110
:10B1900070BDA66836F8126001328E42ECD10344CD
:10B1A00098B2F5E7B4250020E0250020E425002032
:10B1B000094B1B685B070AD5084B1A68D389834281
:10B1C00003D9936833F810007047C01A80B2044B5B
:10B1D0001B689B68F6E700BFB4250020E02500202F
:10B1E000E4250020F0B50E4E0246F18830680023B9
:10B1F00000EB011005464FF00B0C0A4F3C8804EBA6
:10B20000030E01339BB29342A5F800E085F809C014
:10B2100005F11005F3D3144411443C80F180F0BDD6
:10B22000C0250020102C00202DE9F041254C884637
:10B23000A589E3891646EB1A834213DA0A35ADB2C3
:10B2400068000DF015FF074610B90020BDE8F08139
:10B25000E289A168520020F076FAA06820F058FF39
:10B26000A760A581A58AE38AEB1A434511DA0A355E
:10B27000ADB228010DF0FCFE07460028E5D0E28AB9
:10B280002169120120F05FFA206920F041FF276157
:10B29000A582A588E388EB1AB34211DA1435ADB262
:10B2A00028010DF0E5FE06460028CED0E288216890
:10B2B000120120F048FA206820F02AFF2660A580BD
:10B2C0000120C3E7C0250020F8B51D4C0746A6881D
:10B2D000E388F31A83421DDAB0F5FA7F2CBF3618E3
:10B2E00006F5FA76B6B230460DF0C2FE0546B0B1AC
:10B2F000E288216820F027FA124A20681368D18872
:10B30000A5EB000C03EB01118B420AD120F000FFEA
:10B310002560A680E38825681D443B44E3802846D9
:10B32000F8BD5A7A920704D51A7A22B1013A012A55
:10B3300001D91033E8E7DA686244DA60F9E700BF60
:10B34000B8250020C025002010B50E4C206820B183
:10B3500020F0DEFE00232360A3800B4C206818B190
:10B3600020F0D6FE00232360A06818B120F0D0FEA4
:10B370000023A360206918B120F0CAFE00232361D6
:10B3800010BD00BFB8250020C025002038B50546F7
:10B390004FF4FA700DF06CFE134B1860D8B14FF4F7
:10B3A000FA72124C5A6000212022204620F0C3F984
:10B3B00028010DF05DFE206014200DF059FEA06004
:10B3C000A0200DF055FE2368206113B1A36803B1DE
:10B3D00018B9FFF7B9FF002038BD0A232046A58021
:10B3E000A381A382F8E700BFB8250020C025002074
:10B3F0000B4B0C4A10B51888D188136803EB011168
:10B400008B4200D110BD5A7A940707D4DC882042C1
:10B4100014BF42F0040222F004025A721033EFE724
:10B420000E2C0020C0250020034A1368990744BF52
:10B4300023F0020313607047B425002038B5046878
:10B4400005460C222046084920F04BF950B902224B
:10B45000064904F10E0020F044F918B902200C341A
:10B460002C6038BD1020FCE7E3090408F10904084A
:10B470002DE9F743102801910BD0022804D04FF694
:10B48000FF7003B0BDE8F083019B1888FFF762FEF0
:10B49000F7E701A8FFF7D2FF0228F5D01028EED178
:10B4A0001B4B019F1E6816F0040608D00024194BA0
:10B4B000D3F80080B8F81660A5B2AE421AD80025BD
:10B4C000154BD3F80080B8F81690ACB24C45D6D2E4
:10B4D000D8F81000102200EB0510394620F001F9D1
:10B4E00001350028F1D1A0196FEA40406FEA5040C1
:10B4F00080B2C6E7D8F81000102200EB04103946DD
:10B5000020F0EFF801340028D6D145F40040B8E728
:10B51000B4250020E0250020E425002070B5054674
:10B520000C46FFF7A5FF4FF6FF73984229D1022D75
:10B5300004D12088BDE87040FFF7E6BD102D20D172
:10B54000104B1D68EA071CD40F4BDE8A9A8AB24260
:10B5500017D921461A6904F1100002EB061251F8BE
:10B56000044B814242F8044BF9D1D88A421CDA825A
:10B570006B0704D5054B1B68DB8A184480B240F486
:10B58000004070BDB4250020C0250020E02500202B
:10B59000020408B51DD5124BC0F30E001B685B07F3
:10B5A00013D5104B1A68D38A98420CD2136903EB57
:10B5B000001000F1100350F8042B984241F8042BBE
:10B5C000F9D1102008BDC01A80B2074B1B681B6957
:10B5D000EDE7FFF7EDFD0870000A48700220F1E783
:10B5E000B4250020E0250020E425002070B50446A5
:10B5F0000A4B1B68DA881D6805EB021526461034D5
:10B60000A54209D019B920461CF05AFB20B92046A2
:10B610001CF05FFB0028F1D0304670BDE42500200F
:10B620002DE9F0410C461146FFF7E0FF1B4E00F1FB
:10B630001005F2883368074603EB02139D4204D1DC
:10B640002046BDE8F041FFF7CDBD5B1BC3F30F13F0
:10B650001A0129464FEA041805EB041020F051F8AE
:10B6600042460021284620F066F8384600230B2782
:10B670000B49B6F806C00A8802EB030E01339BB2F1
:10B680009C42A0F810E0477600F11000F4D8224464
:10B69000644428460A80F480BDE8F081C02500207B
:10B6A000102C002038B50446094B1B681D68A542C4
:10B6B00009D2204621B91CF003FB30B1103402E05E
:10B6C0001CF007FB08B1204638BD103CEFE700BF77
:10B6D000E4250020437ADA0702D5C3F380007047DF
:10B6E000034BC2881B881A4214BF012000207047F8
:10B6F0000E2C002008B5084B1A8810B907490968B4
:10B70000888B8242188005D0054B1B68DB0701D46B
:10B71000FFF76EFE002008BD0E2C0020E42500205F
:10B72000B42500200A4B1B68DB0708D570B1094B14
:10B730001B68DB88834234BF00200120704728B19A
:10B74000054B1B88834294BF00200120704700BF37
:10B75000B4250020E4250020102C002070B50246FE
:10B76000FFF7E0FFE8B10F4B1968CD88954209D388
:10B7700002F180500B680138040103EB00101B5BE1
:10B7800093420ED0002398B2854201D8002008E0F1
:10B790000E681C01345B06EB0310944203F10103B5
:10B7A000F1D170BDE42500202DE9F3478046DDE9A5
:10B7B0000B7A0D4691461E46FFF7D0FF044618B996
:10B7C000252002B0BDE8F0878288092150481CF08E
:10B7D00012FAA9F80000237A072B1CD100233B8022
:10B7E000AAF8003003230A9A2046137000233380FE
:10B7F0001CF06FFA38B301232B70B4F90430002B1E
:10B8000007DA2046FFF766FF18B1338843F00103DB
:10B8100033800020D5E70DF106033A46214600208B
:10B82000FFF70CFB9DF806300BB100233B80404630
:10B830001BF0F9FEAAF80000237A022BD3D0072BC5
:10B84000D0D00123CFE720461CF030FA42F60203A5
:10B8500098424BD020461CF033FA0746002848D1C6
:10B86000B8F1020FACD9A4F110001CF029FA00289D
:10B8700043D004232B700321A28826481CF0BBF977
:10B88000054640461BF030FE0321024622481CF0CC
:10B89000B2F9120645EA0005ADB225D53946204673
:10B8A000FFF7A4FE074604F110018F421CD308469F
:10B8B0001CF0FCF9B0F5245F1DD100200DF105034B
:10B8C0000DF10602ADF80600FFF7B8FA9DF8053055
:10B8D00053B9BDF80630022B06D10388DB0703D528
:10B8E00045F4807545F00105358092E702232B7001
:10B8F0008FE70323FBE71031D7E705232B70A288DE
:10B900000321064882F400621CF075F9308080E75C
:10B91000180A04080C0A0408000A0408F4090408B8
:10B920002DE9F34100250E46A846174F01903A68CD
:10B93000ABB2D18899421DD91468ABB204EB0314A1
:10B94000B4F90430002B1CDA2046FFF7C3FEC0B167
:10B95000E1680B889E4214D132460198023120F0F2
:10B960004EFBE36882B21B88934207D0114601A8C0
:10B9700020F0AAF9404602B0BDE8F08143441FFA26
:10B9800083F80135D3E700BFE425002010B5094C4A
:10B990002368DB070CD4FFF7D7FC074B1B683BB1D0
:10B9A000064A1360DB88064A0133138001232360B3
:10B9B000002010BDB4250020E0250020E425002053
:10B9C000102C0020064A1368D90706D413F0020091
:10B9D00003D143F002031360704741F20C0070473B
:10B9E000B42500202DE9F04F924B95B01B689B07C2
:10B9F00040F11D8142F602001CF01FF98E4C834677
:10BA0000D4F800A04FF000085546B4F806900AEBB1
:10BA100009130193019BAB423AD1884FBB88434540
:10BA200015D040460DF024FB814680B183464FF08F
:10BA3000000AE2881FFA8AF39A427AD8386820F01E
:10BA400067FBC7F80090A7F80480A7F806800025D8
:10BA50000123DFF8EC8140224FF0FF3104A8A8F861
:10BA6000003025762E461FF066FEA946E3881FFAB1
:10BA700085FA53457DD8E680FFF7D6FCB9F1000F73
:10BA800002D004A801F08AF8002015B0BDE8F08FBC
:10BA90006B7ADF0638D49E0705D528461CF0BDF822
:10BAA00040441FFA80F86B885B452DD1AF89B9F10E
:10BAB000000F2BD05346012600211A88974216D03A
:10BAC000587AC0060DD4B242039208D918460293A0
:10BAD0001CF0FFF8039A029B002818BF1646013697
:10BAE000B6B2013189B2494503F11003E5D1B7423D
:10BAF00038BF3746BFB23E46013189B20AEB011367
:10BB0000894506D8AF81EE81103583E74946012685
:10BB1000EDE7184602931CF0DCF80028F2D1029BF6
:10BB200001315A7A89B2D2065CBF0136B6B21033FF
:10BB3000E6E726681FFA8AF306EB0316737A03F02A
:10BB40001203022B09D130461CF067F8054620B1DC
:10BB5000337A2BB1013B012B02D90AF1010A68E7C4
:10BB600058462A46F1681FF0EEFDC6F80CB0AB440B
:10BB7000F3E72768A9B24FEA011B07EB01114B7AE3
:10BB8000D80651D41A0744BF23F008034B724B7AEE
:10BB900048BF4FF00109980642BF23F0200343F04D
:10BBA00004034B724B7A48BF4FF001095A0644BF59
:10BBB00023F044034B7237F80B30B8F8002048BF2D
:10BBC0004FF00109934202931DD9084601921CF0DF
:10BBD00080F8019AB8B1029BA8F80030564509D206
:10BBE00007EB061301F1100251F8040B914243F8E0
:10BBF000040BF9D1B8F8003001360133B6B2A8F819
:10BC00000030013532E70B7A032B0AD14B7B207EC3
:10BC10003E2B9EBF50336B4403F8400C431C2376ED
:10BC2000487327F80B20D9E74FF00109E9E741F203
:10BC30000C002AE7B4250020C0250020B8250020EC
:10BC4000102C0020F8B5294B1B689A074AD5002212
:10BC5000154627490C68CF8804EB0717A7420AD17D
:10BC60001AB12448C3889B1AC380002D37D1FFF72F
:10BC7000DBFB0020F8BD667A330706D520461BF0B3
:10BC8000CCFF01350244ADB292B226F07006667266
:10BC90001034E3E7A3B202EB03135F7A3F070DD43E
:10BCA000B04209D202EB001203F1100653F8047BF4
:10BCB000B34242F8047BF9D1013080B20134CB8821
:10BCC000A6B2B3420A68E5D85B1B9BB202EB031233
:10BCD000CB8032F8103C084A01331380C7E70024B8
:10BCE0002046ECE741F20C00C4E700BFB425002079
:10BCF000C0250020B8250020102C002070B5154666
:10BD0000012204460E4610460021FFF78DFA78B353
:10BD10002046FFF723FD044660B31BF0DAFF48B36B
:10BD20003046FFF71BFD28B31BF0D3FF10B30122F1
:10BD300020461146FFF774FC04463046FFF70EFD1F
:10BD4000064642F602001BF078FF0B4B60806360F2
:10BD50000623237233880121A3813046FFF746FC76
:10BD60000388E3810DB9002070BD23882B80FAE79A
:10BD70001A20F9E72120F7E70108FFFF2DE9F04F2E
:10BD800087B01C46BDF840309DF850A00293BDF826
:10BD90004430BAF1020F06461746BDF848900591A7
:10BDA00003932AD0994503D9212007B0BDE8F08F2D
:10BDB000B9F1000F02D0139B002BF5D0022F06D053
:10BDC000102FF1D105A8FFF739FB02281AD1022064
:10BDD0000021074614F0300518D09DF85430DA07DA
:10BDE00013D40130A30680B2C4F3001501D545F089
:10BDF00002050123019303230AE0002399461393CC
:10BE00000393DBE701210846E4E7002502230195BF
:10BE1000DBB21A46C0B20493FFF706FA08B91A203B
:10BE2000C3E73046FFF79AFC83460028BCD01BF0DE
:10BE300050FF0028B8D09BF8098018F0040F1CBFF1
:10BE400008F0FB0343F02008BAF1020F51D0039B26
:10BE5000981D80B2FFF738FA06460028DFD001228D
:10BE600004995846FFF7DCFB834642F603001BF0BB
:10BE7000E4FE9BF80920102F48EA02028BF8092003
:10BE8000424AE4B2CBF804204FF00502ABF80200BE
:10BE90008BF808200CBF3846022005998BF80C401F
:10BEA000FFF73CFB9BF81920BAF1010F48EA0203A7
:10BEB0008BF81930029BABF80E00ABF814304FF63C
:10BEC000FF73ABF81200ABF8163014D0BAF1020FC2
:10BED0002AD107238BF818300023CBF81C30169B8F
:10BEE0001BB1BBF81030169A1380019BF3B90020E8
:10BEF0005BE70026B3E702238BF81830039BCBF8EF
:10BF00001C6034707380B9F1000FE8D0139B002BD4
:10BF1000E5D0BAF1010F4A46139908BFA6F804907C
:10BF2000B01D1FF010FCDAE70123E5E742F602102E
:10BF30001BF083FE40F60312029BABF8220013F4C1
:10BF4000805F40F6030318BF1346029A8BF82C500B
:10BF5000920448BF43F40073ABF82430029B0C4AB0
:10BF60005B0442BFBBF8243043F48063ABF8243059
:10BF70004FF6FF73ABF8263003238BF82830137E7F
:10BF8000591C11768BF82D30B1E700BF0108FFFF77
:10BF9000C02500202DE9F04F85B09DF8488005466A
:10BFA000B8F1020F1646BDF83C90BDF84070119CE8
:10BFB0000391019305D04F4503D9212005B0BDE879
:10BFC000F08F0FB1002CF8D0022E17D0102EF4D124
:10BFD00003A8FFF733FA022810D001210020B8F19E
:10BFE000020F1AD0002300930122FFF71DF9B8B900
:10BFF0001A20E3E7002101200226F0E7039B1A88BC
:10C0000042F602139A42F5D1012300211846022676
:10C010000C4600932746A146E6E700240094F9E782
:10C02000019B13F0F50FC8D12846FFF797FB10F8D6
:10C03000075C30F8103C690744BF05F0FB0545F08C
:10C040002005022B8246A0F1100BB6D958461BF0F2
:10C0500037FE0028B1D0B8F1010F43D809F106002E
:10C0600080B2FFF731F903460028C1D00022012138
:10C0700058460293FFF7D4FA8346102E0CBF304681
:10C0800002200399FFF74AFA9BF80920029B154307
:10C09000BDF83820ABF80200ABF804204FF6FF7271
:10C0A000ABF80620009A8BF80950EAB1B8F1020FFC
:10C0B0001DD0DAF80C301A78C2F3001392064FF054
:10C0C000030248BF43F002038BF808201C4A8BF898
:10C0D0000C30137E591C11768BF80D30139B4BBB23
:10C0E00000206BE70023C1E7B8F1020F06D1072358
:10C0F0008BF808300023CBF80C30EFE7B8F1010FD4
:10C10000ECD80CBF022201228BF80820019ACBF850
:10C110000C301A70A3F80290002FDFD0002CDDD075
:10C12000B8F1010F3A46214608BF9F80981D1FF0C5
:10C130000AFBD3E7BBF80030139A1380D0E700BFA7
:10C14000C025002041F6010330B58FB0ADF8243092
:10C1500042F60523ADF8283042F62A33ADF82C30EC
:10C1600042F62933ADF830302A4BDB88002B4ED114
:10C17000FFF728FC002848D1022201200DAB09A9B5
:10C180001BF01EFE002840D14FF400630421BDF8CF
:10C1900034400DF13605CDE90031CDE90505CDE995
:10C1A000030002902023022220460AA9FFF7E6FDA1
:10C1B00058BB40F601031022CDE900320223CDE93D
:10C1C0000505CDE9030002901A4620460BA9FFF7AA
:10C1D000D5FDD0B90DF1230303930123CDE901333C
:10C1E00040F60303CDE905058DF823000490009384
:10C1F00002220A2320460CA9FFF7C0FD28B92046D9
:10C200001BF05EFE08B9FFF7EDFB0FB030BD02205A
:10C21000FBE700BFC02500202DE9F047DFF8FCA0B8
:10C22000202206460D46504600211FF084FA0023C6
:10C23000374ADFF8EC80C2E90033C8F80030012348
:10C24000DFF8E090A9F80030002E52D0314F3B6863
:10C25000DB074ED5304E3368D888143080B2FFF7F4
:10C2600095F8044618B91A252846BDE8F0873668BF
:10C270000068F288316812011FF065FAF388E380E4
:10C28000337EBAF806202376738B6383B38BA38344
:10C290003B6823F001033B60DAF8003003EB021245
:10C2A0009A421FD1FFF7A4F83B6843F004033B60B8
:10C2B000E3880133A9F80030174B1A681C60C8F8EE
:10C2C0000020144A136823F001031360002DCBD023
:10C2D000E388D3B9FFF736FF05460028C4D0FFF73F
:10C2E00055FBC1E7597A103341F0010103F8071CEF
:10C2F000D6E71420FFF74AF804460028B3D0054AD1
:10C30000136823F004031360D6E70025ACE700BFF1
:10C31000B8250020B4250020E4250020C0250020F9
:10C32000E0250020102C00207FB5134B0E4605465B
:10C3300004460393A0B11BF017F878B900223146E8
:10C3400020461BF041F9022807D101233146009312
:10C350002046042303AA1BF064FE0DB104B070BD97
:10C3600020461AF0CDFF04460028F7D01AF0FCFF53
:10C370000028F5D1E2E700BF0100FFFF2DE9F04FF3
:10C3800097B0834609911AF032FF099883790C33EC
:10C39000C45CC5181FF0F6FB202C0646099F26D862
:10C3A000012C28D9C74BA21ED2B2D340DA0722D51E
:10C3B000384697F806801FF0E5FBBBF80A2083B2E9
:10C3C0009A4228D214F0010240F0A78004F07F03C3
:10C3D000522B00F0A2801E2C00F09F80099B21466A
:10C3E0000093584604231AF07FFD21240CE004F04A
:10C3F0007F03522BDCD021460623002258460097AB
:10C400001AF072FD41F2061458461AF0F5FE204665
:10C4100017B0BDE8F08F47443A7B013B202A9BB21E
:10C4200046D8012ACED9023A1E2ACBD801A151F80A
:10C4300022F000BFD1C40108C5C30108D5C401085A
:10C44000C5C30108C9C40108C5C30108BDC40108AA
:10C45000C5C30108D1C40108C5C30108D5C401087A
:10C46000C5C30108D9C40108C5C30108BDC401087A
:10C47000C5C3010807C50108C5C30108C5C3010834
:10C48000C5C301080BC50108C5C301080FC50108D4
:10C49000C5C30108C5C30108C5C30108C5C3010858
:10C4A000C5C3010813C50108C5C30108D9C40108E3
:10C4B000522A28D0D22A85D10D2B06E0062B11D086
:10C4C000142B7FF47FAF0DE0052B7FF67BAF09E0E7
:10C4D000022BF6E7042BF4E7032B7FF673AFDB07A1
:10C4E0003FF570AF022C00F00281DBF800309B6852
:10C4F0009F0516D40BF144001FF0B7FA099BCBF847
:10C500004430002480E7012BDFE7032BDDE7012B1C
:10C51000D7E7002B7FF456AFE4E709A81FF0A5FA90
:10C5200063E71E2C00F0368358461AF01DFF0746BD
:10C53000002840F0828058461AF00EFF00287CD078
:10C5400004F07F03522B00F0CE80082C68D1B6B2E5
:10C55000152E14BF02201020691D1AF0E8FE0028D5
:10C560005ED0DBF81430D8074BBF23F0010343F053
:10C5700001033946012158464CBFCBF81430CBF8A3
:10C5800014301AF008FF09980D901AF01BFC0446AD
:10C59000B0F80180B0F803900D981FF0F3FA152859
:10C5A00014BF02251025053421462846FEF760FFFA
:10C5B0002146039028461AF0BAFE0490B8F1000F05
:10C5C00000F05281C84500F24F81022109200D9AE6
:10C5D0001AF01BFCBBF80A708246023FBFB23E460F
:10C5E00040464FF0FF354946039A1BF0B3F9044625
:10C5F000002800F07B811AF06FFF002800F0938183
:10C600000122214658461BF022F803468DF82E00E1
:10C61000002800F02E810D9A009222460821B2E0F7
:10C62000DBF8143013F001064ED023F00103002193
:10C630005846CBF814301AF0AEFE202C72D8032CDA
:10C6400075D9231F1C2B72D801A252F823F000BF0A
:10C650003DC901082FC701082FCA01082FC70108CB
:10C6600087C501082FC7010819CB01082FC701088A
:10C6700037CB01082FC701084DCB01082FC7010890
:10C680003BC701082FC7010865CB01082FC7010868
:10C690002FC701082FC7010881CB01082FC7010848
:10C6A0008BCB01082FC701082FC701082FC701082E
:10C6B0002FC701082FC7010895CB01082FC7010814
:10C6C0005BCB01085555515043F0010301215846F9
:10C6D000CBF814301AF05FFE12233246214658463A
:10C6E00000961AF001FC09A81FF0BFF909E7099D9F
:10C6F000BA4C28461AF066FB2188B0F801602A4639
:10C7000058461AF006FC2388BBF80A10B34228BF2B
:10C710003346172BB8BF17235846ABF80A301AF028
:10C7200052FDEEE6522C00F02482D22CDBD0099B85
:10C73000002200932146062325E0099F38461AF07F
:10C7400041FB0546B0F80180B0F803A038461FF061
:10C7500019FA15280CBF20460220691DFEF788FE35
:10C76000B5F8053004900793B8F1000F07D0D04515
:10C7700005D81BF07DFA50B91023009701E0012382
:10C7800000974246102158461AF0AEFBB9E63A46E9
:10C79000022111201AF039FB44464FF0FF35BBF857
:10C7A0000A3005909E1E0393063B9BB2B6B20893D7
:10C7B00051462046049A1BF0CDF8814668B3514695
:10C7C000079A1BF014F9044648461AF085FE40B952
:10C7D0004FF6FF739C4201D00134A4B25445E7D90F
:10C7E0001BE04FF000030DAAADF8343049460CAB06
:10C7F00058461AF0C9FF039ABDF83430053A9A42F8
:10C80000089A0690D8BF1346002DADF8343009DBE6
:10C810009D4202D1EB1CB34208DB691C1CD10A23E8
:10C820000097AEE7351F9D42A8BF1D46042211A9FF
:10C830003846ADF84490ADF846401FF0E0FB2A467C
:10C84000384606991FF0DBFB4FF6FF73043E761B5C
:10C850009C42B6B2C0D1E0E73946059B04355D7015
:10C860005846FDF797FF4CE60D9B00930123424687
:10C87000D4E6049B13B120461AF012FE20461AF0AB
:10C8800043FED8B1002D54DC0DA81FF0EEF80823AC
:10C8900058468BF81C3050F80C2B40F2025192F89D
:10C8A00070208DF8483000238DF8442011AAADF88F
:10C8B0004640ADF84A301FF006F822E6ADF84400D5
:10C8C0000DF12E032146584611AA1AF05DFFBDF85E
:10C8D00044300590BB4228BF3B46002DADF84430A4
:10C8E0000ADBAB4202D16B1CB34209DB6A1C0D9B15
:10C8F0001FD100930A23BAE7B51E9D42A8BF1D466B
:10C9000002220CA90D98ADF830401FF078FB2A46A2
:10C9100005990D981FF073FB4FF6FF73023E761BCF
:10C920009C42B6B2E2D0601C80B28145BFF45BAEDF
:10C93000DCE702350D998AF8015091E7DDF8249083
:10C9400048461AF03FFAB0F80330B0F8018004937B
:10C95000B8F1000F44D0984542D84FF6FF774A46C9
:10C96000022105201AF051FA4546BA46BBF80A40A2
:10C970000590023CA4B2294658461BF0CDF850451C
:10C9800006464CD04FF40062294658461AF05FFE26
:10C9900000283FD130461BF087F900280CBF022346
:10C9A00010235745039321D030461BF07DF90690A4
:10C9B00038461BF079F9069B834203D1039B013370
:10C9C000A34214DB38461BF06FF9059B0130194672
:10C9D000587058461AF071FA93E500BF1E320020D5
:10C9E0000123CDF8009042460421CCE637460DF1F4
:10C9F00046013046ADF84450FEF7CAFD039B484659
:10CA00009A1C11A91FF0FBFA039B023CE41A55453E
:10CA1000A4B2D7D0049B0135ADB2AB42ABD24FF636
:10CA2000FF739F42CED10A23CDF80090DBE7DDF8FB
:10CA30002490002448461AF0C5F9B0F80530B0F843
:10CA400003A0B0F801600746484603931FF09AF828
:10CA5000C51FADB2102D0C945AD82A46F91D0DA849
:10CA60001EF071FE002E55D0564553D84A4601217E
:10CA700007201AF0CAF9A046074633460A249A4509
:10CA8000049307D93946BBF80A001AF0A1F9032824
:10CA9000049B04D8B8F1000F1CD0394699E7ADF8D3
:10CAA0004430039B5846ADF848300DAB1393002338
:10CAB0000BAA009311A90DF12E03ADF846A0ADF815
:10CAC00050501AF0C0FF0A280446E3D0BDF82C30BD
:10CAD00030B11E46234632460621CDF8009052E67C
:10CAE000ADF83030BDF82E300CAAADF832303946F2
:10CAF0000423BBF80A001AF076F94FF6FF72BDF86E
:10CB00002E309342C9D001334FF001089BB2B6E7F3
:10CB10000424DFE70124DDE70A23099C8BF81C309D
:10CB200020461AF04FF923460022B0F8011058466B
:10CB30001BF047FBE5E4099C20461AF043F90C235F
:10CB40008BF81C30B0F803202346EEE75A460F213D
:10CB50000E20099B1BF08EFBD3E45A462121202096
:10CB6000099BF7E75846099AB5F801101BF09BFCA2
:10CB7000C7E45846099AB5F801101BF0EFFCC0E471
:10CB8000584609991BF029FDBBE4584669781BF00B
:10CB90008FFDA8E558461BF0ABFDA4E57FB5174A0D
:10CBA0000646136842F6052023F0080313601AF0C6
:10CBB0000CFF054650B16846FEF7C0F900201AF098
:10CBC0009FFB044620B92946FFF7AEFB04B070BDB9
:10CBD0001022684604F121011EF083FD38B10121C5
:10CBE00020461AF0D8FB636923F0010363611EB18C
:10CBF000314620461AF0C1FF2046E0E7B425002068
:10CC000030B585B005461BF06CFF0446A8B9AB698A
:10CC10000B4A01215A604FF42053ADF80C30022327
:10CC20004FF6FF720093284603AB1DF051FA0446FD
:10CC300018B9012128461AF0F1FA204605B030BD96
:10CC40000100FFFF37B505461BF04BFF0446E0B976
:10CC5000AB6912485860234628461BF05BFF044628
:10CC600098B9A8694369C2888188408901909879F8
:10CC70000C300344009328464FF420531DF09AF9DA
:10CC8000044628B128461BF039FF204603B030BDCA
:10CC9000022128461AF0C2FAF7E700BF0100FFFFA1
:10CCA00038B5124B04461B8842898B4228BF0B467D
:10CCB000172BB8BF1723114643811AF084FA636912
:10CCC00023F002036361A3699D693DB100222946F7
:10CCD00020469A61BDE83840FDF75CBD40F209414D
:10CCE00020461AF098FAA3691D7038BD1E32002044
:10CCF0000148FDF767BD00BF21D601082DE9F043CB
:10CD0000044685B000200D46174699461FF079F875
:10CD1000064600285BD04FF0C8134FF00008009380
:10CD2000BDF83030ADF80430BDF83430ADF8063021
:10CD3000BDF83830ADF80830BDF83C30ADF80A30F9
:10CD4000BDF84030ADF80C30BDF84430ADF80E30D1
:10CD500047FA08F3DB0704D51022694630461EF077
:10CD600060FE08F10108B8F1030FF1D132460C2141
:10CD700042F285001CF077FFFF2D057118BF94F873
:10CD800076508773C57080F8059094F8603083F012
:10CD90000803C3F3C003837194F8523083F008038F
:10CDA000C3F3C003C371E36C8360B4F85030838174
:10CDB0000848F5F7B7F81CF079FF807820B11CF02F
:10CDC00075FF807840F4805005B0BDE8F0831A20EC
:10CDD000FAE700BFA140030808B5002142F20E00A7
:10CDE0001CF036FFBDE808400148F5F79BB800BFCE
:10CDF0007140030838B590F872300446032B15468D
:10CE000006D1FFF7E9FF0123002084F8723019E012
:10CE1000C9B9012B2DD9032140F206401CF018FF9F
:10CE2000B4F86E304571A0F803301348F5F77AF87E
:10CE30001CF03CFF8378002BE5D01CF037FF807896
:10CE400040F4805038BDA3B102214FF604401CF0DD
:10CE5000FFFEB4F86E30A0F803300848F5F762F82A
:10CE60001CF024FF4379002BCDD01CF01FFF40792C
:10CE7000E6E70220E6E700BFCF3E03084B3F03088A
:10CE800070B506460D4642F23100032114461CF0EF
:10CE9000DFFEC670057144710548F5F743F81CF0D4
:10CEA00005FF407918B1BDE870401CF0B5BE70BDFB
:10CEB000C1470308F8B507460E4642F23200062184
:10CEC00015461C461CF0C4FEB7F86E304671A0F83B
:10CED00003309DF8183085710372C4710648F5F768
:10CEE00021F81CF0E3FE807820B11CF0DFFE807892
:10CEF00040F48050F8BD00BF5348030838B50546DC
:10CF00000C464FF6054006211CF0A2FEA0F8035087
:10CF1000C0F805400548F5F705F81CF0C7FE407954
:10CF200018B1BDE838401CF077BE38BD8D3F03080E
:10CF300038B505460C464FF6064006211CF088FE23
:10CF4000A0F80350C0F805400548F4F7EBFF1CF0CB
:10CF5000ADFE407918B1BDE838401CF05DBE38BD6B
:10CF6000C53F0308F8B507460E4642F213000E21EE
:10CF700015461C461CF06CFEB7F86E30A0F8056034
:10CF8000A0F80330BDF81830A0F80750A0F80B3017
:10CF9000BDF81C30A0F80940A0F80D30BDF82030D5
:10CFA000A0F80F300648F4F7BDFF1CF07FFE807834
:10CFB00020B11CF07BFE807840F48050F8BD00BFAB
:10CFC000FD3F0308F8B507460D4642F219001C2143
:10CFD0001C4616461CF03CFEB7F86E300F3020F8A9
:10CFE0000C3C2B6804F1100240F80A3C6B6820F8F6
:10CFF000026C40F8063C234653F8041B934240F869
:10D00000041BF9D10648F4F78DFF1CF04FFE807821
:10D0100020B11CF04BFE807840F48050F8BD00BF7A
:10D02000F73D030870B506460D4642F27A0004212A
:10D0300014461CF00DFEA0F803604571847106488B
:10D04000F4F770FF1CF032FE407918B1BDE8704073
:10D050001CF0E2BD70BD00BF1747030810B50446C1
:10D06000022142F230001CF0F3FDB4F86E30A0F85B
:10D0700003300F48F4F756FF1CF018FE437963B9EC
:10D080001CF014FEC088FDF767FA044628B11CF0B6
:10D090000DFE017A2046FDF76BFB1CF007FE407980
:10D0A00020B11CF003FE407940F4805010BD00BF59
:10D0B0008D25010838B505460C4642F215000221BF
:10D0C0001CF0C6FDB5F86E30A0F803300848F4F740
:10D0D00029FF1CF0EBFD83682360037B23711CF0A8
:10D0E000E5FD407918B1BDE838401CF095BD38BD6C
:10D0F0008746030838B505460C4641F20540022133
:10D100001CF0A6FDA0F803500848F4F70BFF1CF034
:10D11000CDFD90F9083023701CF0C8FD407918B19E
:10D12000BDE838401CF078BD38BD00BF1F43030880
:10D1300010B50446022142F216001CF089FDB4F835
:10D140006E30A0F803300648F4F7ECFE1CF0AEFD9C
:10D15000807820B11CF0AAFD807840F4805010BD8A
:10D16000EF42030801481EF09EBC00BF5826002075
:10D1700040F6FF732DE9F3410D46B0F86E100192B1
:10D18000994205D101A81EF070FC02B0BDE8F08103
:10D190001146134601229BBB1E481EF055FDFFF7AA
:10D1A000E1FF04460028F0D01EF0ECFC637907464E
:10D1B00003F001086FF30003637104212046A668A1
:10D1C0001EF023FE4379044668F300034371DB43FA
:10D1D0008179B6F86E200C31866003F00103625449
:10D1E000C2F30322084442EA0312427047802246F7
:10D1F000304629461DF0ABF92046F4F7A7FECEE7EE
:10D200005C79986024F0030414435C7100221B686D
:10D21000C1E700BF5826002070B50546064C2068BF
:10D2200000B970BD8368AB4204D106680BF0BAFD4B
:10D230002660F4E70446F2E758260020014601483C
:10D240001EF002BD5C26002001481EF02CBC00BF71
:10D250005C260020014601481EF0F6BC5426002042
:10D26000034BD86818B103F10C001EF01CBC7047CA
:10D2700048260020044BDA6822B95869003818BFE4
:10D28000012070470120704748260020044B187881
:10D290000130C0B2012838BF01201870704700BFAC
:10D2A000E8250020014800F00FBB00BFB1D2010803
:10D2B0002DE9F04F867987B00C3605900546805BE6
:10D2C000C0F30B00FDF748F9044618B905A81EF095
:10D2D000CCFB4EE090F87230022BF7D1AB5B059A95
:10D2E000C3F30B0103F44053B3F5805F9060A9537F
:10D2F00042D153796FF300035371836B002BE5D058
:10D30000042105A804F138061EF0B7FC3046059943
:10D310001EF09AFCA06B002301465A1CA9BBDBB28D
:10D32000012B01D91EF001FDA06B1EF02BFC032880
:10D330001FD9D4F83890484699F806701EF022FCA0
:10D340000C3709EB070539F80770A0F104084745C9
:10D3500022D9524FD4F838A007F1100957F804BB6E
:10D360005346424629462046D8474F4510D000280C
:10D37000F4D007B0BDE8F08F38301EF076FB059A88
:10D38000537943F001035371BAE713460968C4E7C0
:10D390000028EED130469AE7A06B1EF0F3FB04376D
:10D3A0008742F7D36988A1F140033F2B0BD80421B2
:10D3B00030461EF062FC2046A26B69881CF032FDEC
:10D3C0000023A363D5E705290BD0062961D00429E2
:10D3D000E0D130461EF051FCA16BA06CFDF700FAC5
:10D3E000EEE7294620461CF01BFD02460028D1D15D
:10D3F0002B79122B06D0132B36D0204669791CF0DE
:10D40000E7FCC7E794F87330022BF6D040F67A4079
:10D4100029898B1F9BB2834224D86A89931F9BB2B0
:10D4200083421FD891421DD8AB89B3F5FA7F19D238
:10D4300040F6764CEF89A7F10A0080B2604511D81A
:10D44000B4F86A000290B4F86800CDE90070204694
:10D45000FFF788FD021E18BF0122204669791CF0E3
:10D4600037FC97E70122F8E794F87330012B03D1DA
:10D47000204669791CF0ACFCA3681A048AD523F411
:10D480000043A3602B89012B84D120460CF0D8FCEB
:10D4900080E72046A16B1FF02FFD91E73C0A0408AE
:10D4A0000138C0B20A289ABF014B185C00207047AF
:10D4B0004C0A0408014902481EF0C9B90031002095
:10D4C000F025002010220A4B2821DA826422C3E9C9
:10D4D00006124FF6FF721A8402225A60002283F865
:10D4E0002B200F2283F82D0083F82C20704700BFDB
:10D4F000F42500200128F8B506460D4632D81CF068
:10D5000012FD074680BB194C94F82B30B34227D04C
:10D5100084F82B601EF0F9FF94F82B30012B16D104
:10D5200004F108000DF092F9034618B184F82B704D
:10D530001846F8BD002D08BF0F25636884F82C50ED
:10D5400043F004036360BDE8F8400CF07DBA4FF48B
:10D55000827107481EF046F9636823F00103636097
:10D560000023E5E72123E3E70223E1E7F425002098
:10D57000F025002038B5104C94F82B30D3B16268F8
:10D5800012F0010516D104F108000DF05FF91CF04E
:10D59000CAFC78B14EF6602294F82C304FF48271B8
:10D5A000534306482A460BF06FFA18B9636843F0F4
:10D5B0000103636038BD00BFF4250020F025002082
:10D5C00022F00042052A10B50DD0B2F5827F13D0AB
:10D5D000032A06D1114A536823F0020353600CF06A
:10D5E00085F9002010BD0D4A1B88118D9942F8D194
:10D5F000002313850120F5E7084B5A6893F82B4068
:10D6000022F00102012C5A60F4D11EF07EFFFFF7D8
:10D61000B1FF20460CF018FAECE700BFF42500201B
:10D6200030B5044685B0084603911CF0F3FD83072E
:10D6300008D410F0010003D003A81EF016FA012050
:10D6400005B030BD03998B7903F10C0288188A5C10
:10D65000013A202A00F21781DFE812F021001501BB
:10D66000B1001501B4001501BD001501C40015017C
:10D67000CC001501D4001501DB001501E9001501EE
:10D68000F100150115011501F30015010101150146
:10D69000030115010C01150115011501E2000379C3
:10D6A0000BB103F588534278023A1E2AC4D801A16F
:10D6B00051F822F031D7010839D601083BD70108CB
:10D6C00039D6010847D7010839D6010853D70108D0
:10D6D00039D601085FD7010839D6010883D7010878
:10D6E00039D601086BD7010839D601088FD7010850
:10D6F00039D601089BD7010839D6010839D6010867
:10D7000039D60108A5D7010839D60108B5D70108CF
:10D7100039D6010839D6010839D6010839D60108A9
:10D7200039D6010839D6010839D6010877D701085A
:10D7300017212046FFF7B4FA7EE700222046114663
:10D740001BF0ECFC78E71A46002120461BF093FD05
:10D7500072E70022204611461BF03DFF6CE70022D5
:10D76000204611461BF0E6FD66E71A4600212046DA
:10D770001BF0D3FE60E71A46002120461BF0ECFEAA
:10D780005AE71A46002120461BF0AAFE54E7002261
:10D79000204611461CF012F84EE7194620461CF0B0
:10D7A00076F849E70093002320461A4619461CF0F4
:10D7B00078F841E7194620461CF0C5F83CE7B0F878
:10D7C0000110B6E702338B710A46002341782046E8
:10D7D0001BF0A4FC33E70133002220468B711BF0C1
:10D7E0004AFD2CE702338B714278002320461BF060
:10D7F000F2FE24E701338B71002320461A461BF00A
:10D8000099FD1CE70133002220468B711BF068FE56
:10D8100015E70133002220468B711BF07EFE0EE7D8
:10D820000133002220468B711BF096FE07E702337E
:10D830008B714278002320461BF0C0FFFFE60021D9
:10D84000ACE705338B710023B0F80320B0F801007A
:10D8500000930B46014620461CF023F8EFE600211A
:10D86000A9E703338B710A46B0F8011020461CF07B
:10D8700089F8E4E603338B710A46B0F801102046BC
:10D880001CF089F8DBE60020DAE600BF07B58378F4
:10D8900001916A46082104488DF800301EF013F803
:10D8A00003B05DF804FB00BFF02500200022054B0B
:10D8B000C3E90322C3E905221A70DA614FF6FF7249
:10D8C0005A84704748260020014B1860704700BFFB
:10D8D0004426002082780D4B13B55A60B0F803201F
:10D8E00091B2102910D040F60344A1420CD04179E6
:10D8F0005B8C8DF80210ADF8042005216A460448BF
:10D90000ADF800301DF0DFFF02B010BD482600204A
:10D91000F025002073B5837901900C33C418C35CE3
:10D92000132B0ED8042B10D9053B0E2B0DD8DFE896
:10D9300003F01E0C0C1E0C0C0C0C0C161A0C0C0C10
:10D940002300302B13D03E2B1BD0F4F7C9FA019BD8
:10D95000834202D001A81EF088F802B070BD2046B4
:10D96000FFF7B8FFF1E7E2780E4B5A60EDE720468B
:10D9700001A90CF075FAE8E7204601A91CF0E2FDC8
:10D98000E3E70025084E019B3BB1204656F8043BD7
:10D9900001A901359847102DF5D101A81EF065F8B1
:10D9A000D3E700BF48260020580A040807B5FFF750
:10D9B0004BFC20B103B05DF804EBFFF7ABBFFFF702
:10D9C0004FFC019018B1054B1B681BB1984703B081
:10D9D0005DF804FB01A81EF048F8F8E74426002093
:10D9E000024610B1022804D07047032102481DF0FE
:10D9F00022BFFFF7DBBF00BFF0250020024B1A78E3
:10DA0000024B53F82230184748260020980A040891
:10DA100010B504460120FFF7F1FF034B00201C70F6
:10DA2000BDE81040FFF7EABF4826002010B50446C5
:10DA3000062142F205001CF00BF92368C0F8033000
:10DA4000A388A0F807300648F4F76CFA1CF02EF90A
:10DA5000407918B1BDE810401CF031BC10BD00BFCA
:10DA6000C739030810B5044606214FF628401CF0BC
:10DA7000EFF82368C0F80330A388A0F80730064801
:10DA8000F4F750FA1CF012F9407918B1BDE81040D3
:10DA90001CF015BC10BD00BFDD22010810B5044606
:10DAA000052142F214001CF0D3F82368C0F80330BB
:10DAB0002379C3710548F4F735FA1CF0F7F840797B
:10DAC00018B1BDE810401CF0FABB10BD053F0308BB
:10DAD00038B505460C4669B9022142F21B001CF01C
:10DAE000B7F8B5F86E30A0F803300D48BDE83840FF
:10DAF000F4F718BA122142F21A001CF0A9F82146D4
:10DB0000B5F86E30053020F8023C04F1100351F8EE
:10DB1000042B994240F8042BF9D10248E6E700BFF4
:10DB20004D3E0308893E030838B5044608200D46DB
:10DB30000BF09EFA024658B10CB144F480541460C4
:10DB4000958040F20231BDE8384002481DF073BEB6
:10DB500038BD00BFF02500202DE9F0419DF82040A0
:10DB60000F46E11D8046C9B242F24F0016461D46DF
:10DB70001CF06EF8E0B19DF818302246C3719DF894
:10DB80001C300999037280F8038007714671857112
:10DB900044720A301DF0D7FD0648F4F7C3F91CF0B3
:10DBA00085F800214079FFF7BFFF0020BDE8F08134
:10DBB0001A20FBE715C103082DE9F8439DF828500A
:10DBC000884605F108018146C9B242F27B0017463A
:10DBD0001E461CF03DF804469DF820302A46C371CD
:10DBE0009DF824300B9980F8039080F804804771E9
:10DBF0008671037245720A301DF0A5FD9DF9303023
:10DC00002C44A3720548F4F78DF91CF04FF800215D
:10DC10004079FFF789FF0020BDE8F8830D910208E5
:10DC200010B5002142F21F001CF012F80648F4F76C
:10DC300079F91CF03BF844791CF038F8C18820468B
:10DC4000FFF772FF002010BD5DC1030870B50C46E0
:10DC500002310646C9B24FF6074015461BF0F8FFE1
:10DC600022462946C670047105301DF06CFD064839
:10DC7000F4F758F91CF01AF8407918B1BDE8704073
:10DC80001CF01DBB70BD00BF3920010810B5044653
:10DC90001248F4F747F91CF009F80346407910B12F
:10DCA00040F4805010BDD9799A7942EA012222804D
:10DCB000597A1A7A42EA01226280D97A9A7A42EA39
:10DCC0000122A2801A7B597B42EA0122E2809A7BE0
:10DCD000DB7B42EA03232381E4E700BF89220108BA
:10DCE00008B5054905481DF0B2FD054905481DF078
:10DCF000AEFD002008BD00BF2031002074260020AA
:10DD000010310020F025002040F2023122F00042C4
:10DD10008A4238B50ED040F203339A4218D10D48EA
:10DD200018F0BBFF20B10023037143718371C371ED
:10DD3000012038BD1C6814B10021074A1170054844
:10DD40009D8818F0AAFF0028F2D08480C580EFE7F4
:10DD50000020EEE7BC0A0408682D00202DE9F04FF2
:10DD6000037805460333DBB2012B85B069D8B0F9DF
:10DD7000036001A81CF0B8F8BDF90640A64204DC17
:10DD8000BDF90440B442B8BF34462F4F2F4E3B7804
:10DD9000327813434FFA83FA002B4CD195F800B038
:10DDA00095F8018095F8029086F800B016F0CBFD4A
:10DDB000BBF1FD0F05461AD0BBF1FE0F3ED1204648
:10DDC00018F007FD5246414628461CF036FD70B358
:10DDD00040F20344002240F203311D481DF02BFDA8
:10DDE0001C48FCF70FFB848005B0BDE8F08F16F0EF
:10DDF000AAFD09F1FF33032B14D8DFE803F0020A70
:10DE00000D1103F017FC68B9204618F0E2FC01225E
:10DE1000D9E703F015FCF6E701211DF01DF8F2E744
:10DE20000321FAE7002341F212043370D2E7022300
:10DE300000243B70CEE741F23A04CBE741F21104F3
:10DE4000C8E72124CCE700BF682D0020672D002003
:10DE50007426002020020E0470B502780446022ABF
:10DE600086B002D9131F032B23D8144D2B7813BB74
:10DE7000A0786178E37894F90460114C24680496E2
:10DE80009CB1E61C0396A6780296667801962478E3
:10DE900000941EF07AF9044608B901232B70094852
:10DEA000FCF7B0FA848006B070BDCDE9024401945D
:10DEB000EEE72124F3E741F23A04F0E7682D002071
:10DEC0006C26002020020E037FB5164D02462B78EB
:10DED00043B11548FCF796FA3A23037110234371B6
:10DEE00004B070BD114B00781B6851789BB11C4683
:10DEF00014F8042B5E780294DC7801949B780093EC
:10DF000033461EF052F90123044607482B70FCF7F4
:10DF100079FA8480E4E70122CDE9013300921A46C0
:10DF2000EFE700BF682D002020020E0170260020C0
:10DF300070B51B4E3378022B27D11A4D2B78FD3B41
:10DF4000012B14D9002341F211042B7016F0FBFCB5
:10DF5000002103F04BF91448FCF754FA00228480A6
:10DF600040F20331BDE8704010481DF064BC16F06B
:10DF7000EAFC1CF065FC044620B1002340F2034497
:10DF80002B70E3E728703070E0E71EF01EF90023E5
:10DF9000044605483370FCF735FA848070BD00BF35
:10DFA000682D0020672D002020020E02742600201C
:10DFB00010B541780078FFF79DFA04460248FCF757
:10DFC00021FA848010BD00BF20020201014610B575
:10DFD00011F8010B1BF0B7FF04460248FCF712FAD8
:10DFE000848010BD2002020213B501468279684682
:10DFF000FCF77EFC9DF8063013F0280F09D0684628
:10E00000FCF724FC04460448FCF7FCF9848002B0C9
:10E0100010BD2124F7E700BF2002020438B5FCF749
:10E0200005FC0446FCF786FC05460648FCF7EAF9C1
:10E030000023037143712368C0F80630A388057379
:10E04000438138BD2009020573B5411D027904469C
:10E050006846FCF733FC684618F08EFC05466846B7
:10E060001EF091FE06460948E47818F016FE0346B5
:10E0700048B104710098DE72C3F80500BDF80420B1
:10E080001D73A3F8092002B070BD00BFF00A040898
:10E0900013B5C37A0093B0F80930D0F80520D0F852
:10E0A000011000781EF05CFA04460348FCF7AAF958
:10E0B000848002B010BD00BF2002040310B5417877
:10E0C00000781EF079FA04460248FCF79BF9848038
:10E0D00010BD00BF2002040410B5064B064A41786B
:10E0E00000781A601EF07FFA04460448FCF78AF9AB
:10E0F000848010BD7826002049E001082002040534
:10E1000010B5D0F8011000780BF094FA04460248DC
:10E11000FCF778F9848010BD20020412002337B583
:10E12000B0F901100DF106020078ADF806301EF0CE
:10E1300078FA04460448BDF90650FCF763F9848078
:10E14000C58003B030BD00BF2004040B37B5447850
:10E150000546FE2C27D06CB91B48FCF753F9212348
:10E1600044710371D5F80230C0F80630EB88438162
:10E1700003B030BD022C17D16946532018F096FF2A
:10E180000446E0B9694628781EF080FA04460E4835
:10E19000FCF738F9034684800098C3F80600BDF800
:10E1A00004205A81E4E7002422466846A91CFCF7B3
:10E1B0009FFB9DF8063013F0180FE3D121240023B4
:10E1C0000093CDF80330E2E72008041010B5007882
:10E1D0000BF086FA04460248FCF714F9848010BD5F
:10E1E00020020411FF2337B50DF107008DF8073029
:10E1F0000BF098FA044604489DF80750FCF702F922
:10E200008480857103B030BD2003040110B500780F
:10E210001EF009FB04460248FCF7F4F8848010BDA8
:10E220002002040210B500781EF0E6FA0446024807
:10E23000FCF7E8F8848010BD2002040A38B54B7959
:10E2400005465B070C460CD414212046054A1CF0F9
:10E250007FF92046217918F0C2FC10B9A3791C443B
:10E26000257438BDF40A0408837810B5132B0C46C6
:10E2700008D1054B1B6803B198472046BDE8104004
:10E280001DF0F3BB10BD00BF7826002010B58378C9
:10E2900004461F2B10D8002100781CF031F868B11B
:10E2A000A37861782078E21C1EF015F90446044832
:10E2B000FCF7A8F8848010BD2124F8E70224F6E7D3
:10E2C0002002560010B50021044600781CF018F812
:10E2D00048B1617820781EF030F904460348FCF715
:10E2E00091F8848010BD0224F8E700BF2002560197
:10E2F00010B5417800781EF032FA04460248FCF767
:10E3000081F8848010BD00BF2002560213B5811C25
:10E31000027A044668461EF023FD9DF806305BB184
:10E32000617820786A461EF040FA04460348FCF7FC
:10E3300069F8848002B010BD2124F7E7200256035B
:10E340000346014610B55A7811F8020B18F003FF86
:10E3500004460248FCF756F8848010BD200258009D
:10E3600013B5044601F00CFE01A901902078FCF7DA
:10E37000E7FB044601A81DF078FB0348FCF742F8D0
:10E38000848002B010BD00BF2002580110B5B0F863
:10E390000110D0F80530B0F80320007818F0F6FE30
:10E3A00004460248FCF72EF8848010BD2002580273
:10E3B00010B50078FCF7ECFB04460248FCF722F8A5
:10E3C000848010BD20025803F8B583780C46FF2BDB
:10E3D00010D1C77846680589074818F05EFC20B15F
:10E3E0000771C0F80560A0F809502046BDE8F84064
:10E3F0001DF03BBBF8BD00BF200B04080020024B02
:10E400001870024B187070476A2D0020692D00208B
:10E4100010B5B0F80110B0F80320002300780BF01D
:10E420002DFA04460248FBF7EDFF848010BD00BFC3
:10E430002002050638B5D0F805300446012B14D863
:10E44000437A032B11D8B0F80320B0F801100078FC
:10E450000BF014FA054618B9D4F80520044B1A70CD
:10E460000448FBF7CFFF858038BD2125F8E700BFC2
:10E470006A2D00202002050710B5417800780BF0C6
:10E48000A9FA044618B9044B1A78044B1A700448C8
:10E49000FBF7B8FF848010BD6A2D0020692D002095
:10E4A0002002050310B50BF0C1FA04460248FBF741
:10E4B000A9FF848010BD00BF200205052DE9F041B1
:10E4C00083780D460D2B90B04FD109AC2646821CA7
:10E4D00000F11A03274610685168083203C79A42B0
:10E4E0003C46F7D113881C213B8028461DF0C5FB14
:10E4F000BDF826402F6814F00C043ED138461DF0BC
:10E5000041FBA0F10208A0450DDA4FF0FF340023D3
:10E510009C428DF81C301EDB01223946A31C07A843
:10E520001DF092FA17E0631C0122394605A81DF080
:10E530008BFA9DF81430012BE9D02346012239468D
:10E5400007A81DF081FA9DF81C3013B101331C445B
:10E55000D9E78DF81C300BF0A9F9012808D0022862
:10E5600037D050B928461DF080FA10B0BDE8F081D0
:10E570009DF81C3013F0010FF4D09DF82F0001F02E
:10E58000B1FE04469DF8300001F0ACFE0DF11C0810
:10E590009DF828200DF12901074605A8FCF78EF902
:10E5A00040469DF836200DF13701FCF787F90D4BF9
:10E5B0001B78DB0712D405A818F0DEF9CDE90105B8
:10E5C0003A4621463046CDF8008005AB00F00CF805
:10E5D000C8E79DF81C3013F0030FCDE74FF0FF3074
:10E5E000ECE700BF692D00202DE9F74FB0F802C01D
:10E5F00006461CF0100F1C460C9F9DF934A0DDF858
:10E6000038B033D05FFA8CF51CF0080F184614BFF1
:10E6100005F0080505F00F051EF0B5FB81463846EC
:10E620001EF0B1FB96F90F3080465A46042113487C
:10E630000193767818F067FB019BA0B10571226801
:10E64000C0F80520A28880F80B90A0F8092080F877
:10E650000CA0437386733B68C0F80F30BB8880F80A
:10E660001580A0F8133003B0BDE8F08FCDE90DABF5
:10E670000C9703B0BDE8F04F00F00CB8480B04084D
:10E6800008B51EF0F3F90020014B187008BD00BF5B
:10E690006B2D00202DE9F04F1D468FB0CDE90812FB
:10E6A0009DF9643004460A9343882846C3F3411316
:10E6B00005931EF068FB069018981EF064FB2C4E24
:10E6C00007901A9B1B6813B90FB0BDE8F08F0DF1CE
:10E6D00033030193E5230122059900931A9802233D
:10E6E00018F03EFB94F90F300D9067880B939DF85E
:10E6F0003330B4F810800393337804211D480DAAF9
:10E70000049394F801B094F80DA094F90E9018F0C9
:10E71000FAFA0B9B38B307F00F0707712A68C0F8A5
:10E720000520AA884373A0F80920069A189BC27294
:10E730000A9A80F80EB002731B68C0F80F30189B5D
:10E740009B8880F816A0A0F81330079B80F81990DA
:10E750004375089BA0F81A80C375099B0376039B39
:10E760000377049B4377337801333370A9E700BF05
:10E770006B2D0020540B0408054B1A88D20705D5D1
:10E780005B88834214BF2920002070470220704715
:10E79000122C002000220068044B00F00101C0F39D
:10E7A00040001A805A80FDF737BD00BF122C0020B0
:10E7B0000B4A38B5138813F001050ED1548843F085
:10E7C00001030134A4B213805480FDF7FBF805481F
:10E7D000FBF718FE8580C48038BD00242E25F6E79F
:10E7E000122C00202004460037B501460088FFF7B0
:10E7F000C3FF4FF6FF730446ADF80630C0B90A797F
:10E80000022A05D141F60103B1F80500984218D05B
:10E810008878CB78B0FA80F0DB074FEA501048BF19
:10E8200040F002000DF10603053119F0C9FA044663
:10E830000548BDF80650FBF7E5FD8480C58003B0B0
:10E8400030BD2124F4E700BF2004460110B5014685
:10E850000088FFF791FF044618B9488819F0FEFABE
:10E8600004460248FBF7CEFD848010BD200246021C
:10E8700037B505460088FFF77FFF4FF6FF73044664
:10E88000ADF8063030B9A98868880DF10602FDF7A9
:10E8900035FA04460448BDF80650FBF7B3FD848002
:10E8A000C58003B030BD00BF2004460310B501464B
:10E8B0000088FFF761FF044618B9488819F0D2FABA
:10E8C00004460248FBF79EFD848010BD20024604EA
:10E8D00030B504468BB00088FFF74EFF4FF6FF734C
:10E8E0000546ADF82630B8B90DF12603069304F1BC
:10E8F00010030593E3890493A3890393E37A0293B6
:10E900000223019304F109030093237AE288A1888A
:10E9100060881BF009FD05460448BDF82640FBF75A
:10E9200071FD8580C4800BB030BD00BF200446055A
:10E9300030B504468BB00088FFF71EFF4FF6FF731B
:10E940000546ADF82630B8B90DF12603069304F15B
:10E950001E030593A38B0493638B0393637E02933F
:10E960001023019304F109030093237AE288A1881C
:10E9700060881BF0D9FC05460448BDF82640FBF72B
:10E9800041FD8580C4800BB030BD00BF2004460629
:10E9900010B501460088FFF7EFFE044618B9488815
:10E9A00019F073FA04460248FBF72CFD848010BD71
:10E9B0002002460730B5044689B00088FFF7DCFE28
:10E9C0004FF6FF730546ADF81E30B8B90DF11E03C2
:10E9D000059304F10F030493B4F80D300393B4F8D6
:10E9E0000B300293A37A019302230093E288A1885B
:10E9F000608804F108031BF0F7FC05460448BDF8E5
:10EA00001E40FBF7FFFC8580C48009B030BD00BF0D
:10EA10002004460830B5044689B00088FFF7ACFEF4
:10EA20004FF6FF730546ADF81E30B8B90DF11E0361
:10EA3000059304F11D030493B4F81B300393B4F859
:10EA400019300293237E019310230093E288A1885A
:10EA5000608804F108031BF0C7FC05460448BDF8B4
:10EA60001E40FBF7CFFC8580C48009B030BD00BFDD
:10EA70002004460910B501460088FFF77DFE0446D4
:10EA800018B9488819F005FA04460248FBF7BAFCA1
:10EA9000848010BD2002460A10B501460088FFF7A9
:10EAA0006BFE044618B9488819F00AFA0446024871
:10EAB000FBF7A8FC848010BD2002460B10B5014670
:10EAC0000088FFF759FE044618B9488819F0FCF988
:10EAD00004460248FBF796FC848010BD2002460CD9
:10EAE00010B501460088FFF747FE044618B948886C
:10EAF00019F0EEF904460248FBF784FC848010BD4F
:10EB00002002460D10B501460088FFF735FE044689
:10EB100018B9488819F000FA04460248FBF772FC5D
:10EB2000848010BD2002460E002337B500880DF109
:10EB300007018DF8073019F0E8F8044604489DF8FD
:10EB40000750FBF75FFC8480857103B030BD00BFC8
:10EB50002003461110B50088FFF70EFE044638B9B1
:10EB6000064A138823F001031380FCF73BFF044699
:10EB70000348FBF747FC848010BD00BF122C002027
:10EB80002002460F10B50088FFF7F6FD044638B99D
:10EB9000064A138823F001031380FDF753F8044657
:10EBA0000348FBF72FFC848010BD00BF122C00200F
:10EBB0002002461010461946F8B522F0004340F2F4
:10EBC0000A4293420ED8B3F5806F59D96FF4806230
:10EBD0001344092B54D8DFE803F00D101F305050B8
:10EBE0005050530D40F20152934234D0A3F20253DD
:10EBF000032B45D8FBF71EFB0CE00D784C688A69A7
:10EC000001F108031F48002118F058F810B10571F0
:10EC1000C0F805400120F8BD0E784D880C798A694E
:10EC200001F108031848002118F048F80028F1D035
:10EC30000671A0F80550C471ECE70D784C884A695C
:10EC40000B1D1248002118F039F80028E2D0057198
:10EC5000A0F80540DEE70F784E880D79CC8801F1E9
:10EC600008020B48002118F04EF80028D2D0077196
:10EC7000A0F80560C5710481CCE7FBF77DF8C9E712
:10EC80000020C8E7800B04087C0B0408780B0408FC
:10EC9000740B040800487047B5EB010808B54FF045
:10ECA000FF30FAF7A9FB074B4FF480211868064A9A
:10ECB00001F004FF0548FBF7A5FB00230371437136
:10ECC00008BD00BFD0300020FFFF040020020D016E
:10ECD0000346008810B5A0F58042B2F5005F09D266
:10ECE0009978DA1C01F09CFE04460348FBF78AFB86
:10ECF000848010BD2924F8E720020D021A4BF7B5D5
:10ED00001E680023009303880546A3F58043B3F5EE
:10ED1000005F06F1070622D2144B154F19683868B8
:10ED2000EAF7A8F9044690B929886B46386801AA21
:10ED300041F48021EAF732FB044640B90099FD29ED
:10ED40000FD832462888C9B201F086FE0446324602
:10ED500000990848FBF79AFB848003B0F0BD292492
:10ED6000F5E71A24F3E700BFA0250020B03000200B
:10ED7000D030002020030D03008810B5A0F580439B
:10ED8000B3F5005F07D201F083FE04460348FBF7AA
:10ED900039FB848010BD2924F8E700BF20020D0450
:10EDA00010B500781EF03FF804460248FBF72AFB36
:10EDB000848010BD20020F0410B500780BF0B2FB68
:10EDC00004460248FBF71EFB848010BD20020F00A2
:10EDD00010B504460078FF280ED01DF0D2F9207837
:10EDE0001BF0ACFB94F90000FAF706FB044603485D
:10EDF000FBF708FB848010BD2124F8E720020F06F2
:10EE000070B5FAF70DFA00240646E5B2AE4209D80D
:10EE10004FF0FF30FAF7F0FA04460848FBF7F2FA31
:10EE2000848070BD2046FAF7DDF928B128461DF030
:10EE3000A8F928461BF082FB0134E6E720020F0701
:10EE400010B500781DF0B8FF04460248FBF7DAFA67
:10EE5000848010BD20020F1410B5417800780BF0AB
:10EE6000B1FB04460248FBF7CDFA848010BD00BF19
:10EE700020020F0110B5D0F8011000780BF0F2FB62
:10EE800004460248FBF7BEFA848010BD20020F083A
:10EE900010B500680BF002FC04460248FBF7B2FA1A
:10EEA000848010BD20020F1010B5417800781DF04D
:10EEB0008EFF04460248FBF7A5FA848010BD00BF10
:10EEC00020020F09014610B511F8010B003818BFD8
:10EED00001201DF076FF04460248FBF793FA848078
:10EEE00010BD00BF20020F19014610B511F8013BFB
:10EEF00000F11102181E18BF01201DF064FF044626
:10EF00000248FBF77FFA848010BD00BF20020F1B70
:10EF100070B5007888B0003804AC2246694618BF46
:10EF200001201DF052FF05460E48FBF76BFA6A46BA
:10EF300003468580861D154603CDA542306071606D
:10EF40002A4606F10806F6D1163308AD224603CA52
:10EF5000AA4218605960144603F10803F6D108B0BC
:10EF600070BD00BF20220F1A10B541780078FAF763
:10EF70001DFB04460248FBF745FA848010BD00BF24
:10EF800020020F0210B5417800781DF036FF0446CC
:10EF90000248FBF737FA848010BD00BF20020F0E35
:10EFA00010B5012100200BF0B7FA04460248FBF728
:10EFB00029FA848010BD00BF20020F0F002337B54F
:10EFC0006846CDE90033FAF71DF9044618B901A8DF
:10EFD000FAF72CF90446042101AA0448009DFBF726
:10EFE00055FA8480C0F8065003B030BD20070F15D5
:10EFF000F0B5006885B01F280DF107030DF106027A
:10F000008CBF4FF0FF3040B202A91BF04EFA05460C
:10F0100002A8FBF78FFC044609489DF806709DF88E
:10F020000760FBF7EFF90346858002981C73C3F86D
:10F030000600BDF80C205F735A819E7305B0F0BDC9
:10F04000200B0F160346F0B59B8885B0ADF80C3049
:10F05000492300688DF80E30029002A817F07CFC5E
:10F06000431C044606D1722302A88DF80E3017F017
:10F0700073FC044620460DF107030DF1060202A9B8
:10F080001BF013FA054630B140F2064398424FF0A8
:10F09000FF0408BF2D2507489DF806709DF80760FE
:10F0A000FBF7B0F98580C0F806408772C67205B0DC
:10F0B000F0BD00BF20080F177FB5002501460222D2
:10F0C00002A80095CDF80350FBF712FC9DF80E4006
:10F0D000A4B91E48FBF796F9212203460271447138
:10F0E00000989C73C3F80600BDF80420DC735A81B5
:10F0F000FF221C741A735A7304B070BD02A8FAF789
:10F1000031F9431C04461DD0694617F054FC0646ED
:10F1100090B96846FBF70EFC05460C48FBF772F900
:10F120000346868000981D73C3F80600BDF80420CE
:10F13000C3F80D405A81DFE70095CDF80350FF2555
:10F140002C46EAE7FF252D262C46E6E7200D0F1D6D
:10F1500038B503790446013BDBB2022B11D854F8D1
:10F16000050B0C492246C95C40B217F06CFC10211B
:10F17000054620461CF093FF0748FBF743F98580BE
:10F1800038BD0548FBF73EF9212303710023437185
:10F19000F6E700BF980B040820020F18014817F08B
:10F1A000C1BC00BF6831002010B5104B1B681C7F2C
:10F1B000D4B1102C28BF10241CF09CFB621C81B21F
:10F1C00000230720D2B209F019FD044650B90849BE
:10F1D00008481CF03CFB084808491CF038FB08486C
:10F1E00009F01AFF204610BD0424E5E7AC260020F4
:10F1F00038310020802600207C2600204831002065
:10F200003031002030B5124B0D469942144689B07A
:10F210001BD1930011D505A906A809F0D5FC072339
:10F2200000220393059BE1B20293069B2846CDE999
:10F23000003241F000511CF0DFFA064817F02DFDB6
:10F2400000B10471012009B030BD0020FBE700BF10
:10F250007C260020DC0B040822F00042B2F1A04F13
:10F2600008B504D1034817F018FD012008BD00209F
:10F27000FCE700BFE00B040810B51BF04DF9044695
:10F280000248FBF7BFF8848010BD00BF2002011CBC
:10F2900010B51BF043F904460248FBF7B3F884802D
:10F2A00010BD00BF2002011D10B51BF039F9044646
:10F2B0000248FBF7A7F8848010BD00BF2002011EA2
:10F2C00070B5FFF76BFF90B1FBF7B0FA002604466C
:10F2D0002046FBF72FFB05460648FBF793F8868090
:10F2E0002268C0F80620A2880573428170BD0226FC
:10F2F000014CEDE720090115B80B040810B50446D0
:10F30000FFF74CFF48B12146A079EFF713FA044606
:10F310000348FBF777F8848010BD0224F8E700BFAC
:10F320002002011370B50546FFF738FF0446B8B157
:10F330000E4B2D781C68FD2D04F1070413D82846C8
:10F34000214609F0C5FE002840F2074614BF0025FB
:10F350000026224629460648FBF798F8868070BDAD
:10F3600005460226F5E700252126F2E7A025002024
:10F370002003010B10B50446FFF710FF58B12078A9
:10F38000003818BF012001F04FFA04460348FBF78C
:10F3900039F8848010BD0224F8E700BF2002010C78
:10F3A00073B54278037843EA0223ADF804308378DA
:10F3B000C27843EA0223ADF80630FFF7EFFE88B1CA
:10F3C0000DF1060101A81AF065FD04460648BDF9D5
:10F3D0000460BDF90650FBF715F88480C6800581EE
:10F3E00002B070BD0224F1E7200601172DE9F043B9
:10F3F00085B0FFF7D3FED8B101A81AF075FD044619
:10F400000E48BDF90490BDF90680BDF90870BDF93C
:10F410000A60BDF90C50FAF7F5FF8480A0F8069059
:10F42000A0F8088047818681C58105B0BDE8F083DA
:10F430000224CDE90100ADF80C00E1E7200C011831
:10F4400008B50348FAF7DEFF00230371437108BDD6
:10F45000200201002DE9F04786B005AB019304AB13
:10F46000009303AA0DF10E030DF10A0102A81BF08F
:10F4700036F8DDE9046504460C48BDF808A0BDF87F
:10F480000A90BDF80C80BDF80E70FAF7BBFF8480BF
:10F49000A0F806A0A0F80890A0F80A808781C0F81C
:10F4A0000E60C0F8125006B0BDE8F0872012011BB4
:10F4B00010B50446FFF772FE50B161782078A21CA7
:10F4C0001AF0E6FC04460348FAF79CFF848010BD5E
:10F4D0000224F8E72002010E2DE9F3410546FFF76B
:10F4E0005DFE28B31FF036FC0446F8F717FE02460F
:10F4F0006B460068516803C32B780BB1F8F712FE16
:10F5000020461FF022FC00240B48BDF80080BDF807
:10F510000270BDF80460BDF80650FAF773FF8480EE
:10F52000A0F8068007814681858102B0BDE8F081A0
:10F530000224CDE90000E7E7200A010FF0B585B00D
:10F540000546FFF72BFE002844D02C68002C43DB37
:10F5500000236F686E7A2D7A1A46214845F00051D3
:10F560001CF038F900231E481A4645F080411CF073
:10F5700031F94CB3072009F0BDFB01282ED9631ED9
:10F58000B3F5A37F98BF4FF4A4741FF07FF9A4FBD9
:10F590000003C40B44EA43441FF078F90722A7FB99
:10F5A0000030DB0B43EA4043002E0CBF4FF000510C
:10F5B0004FF08041CDE9023200220948CDE90042F6
:10F5C00029431CF019F904460648FAF71BFF84800A
:10F5D00005B0F0BD0224F7E72124F5E71A24F3E78C
:10F5E0007C2600202002011A08B50AF047FABDE87F
:10F5F0000840024902481CF04EB900BF58310020B3
:10F60000F0250020F8B5054600200D4E0127307189
:10F61000FAF7D0FF04466CB16DB994F872306BB153
:10F6200037711AF07FFF204613211DF05BFB6468E1
:10F63000002CF2D1F8BD20461DF058FB6468EAE7C3
:10F64000162C002038B50023094C2360A3800368E2
:10F65000236020781DF085FA054630B90548064933
:10F660001CF0F5F860880AF081FA284638BD00BF22
:10F67000162C0020F02500205831002022F00042F6
:10F68000B2F5887F2DE9F0471C4600F0E2800ED8E5
:10F6900040F203139A423CD040F209139A4200F020
:10F6A000C2800E2A00F0B3800020BDE8F08740F24F
:10F6B00007239A4247D0B2F5037F56D040F2062383
:10F6C0009A42F1D120684C30FBF734F9256807469F
:10F6D000644895F8736095F870A095F9759095F861
:10F6E0007680A48817F0D9FA0028DDD0EB6C43604F
:10F6F000B5F8503087720381731E5E425E41C67258
:10F7000080F80CA080F80D9080F80E80A0F80F40D3
:10F71000CAE72078FAF72EFF0028C5D0524894F89F
:10F7200000806788A688E588247A17F0B6FA002852
:10F73000BAD080F80480A0F80570A0F80760A0F89F
:10F740000950C472B0E72078FAF714FF0028ABD054
:10F7500060782578FDF7A4FE0446444817F09DFA2A
:10F760000028A1D0057144719EE7A578012D1ED017
:10F77000022D2DD0CDB9E37894F80080023BDBB2A6
:10F78000022B8CBF01253A4A94F90470667998BF20
:10F79000D55C94F90640374817F07FFA28B180F815
:10F7A000048045718771C671047201207DE7E3789A
:10F7B00094F80080023BDBB2022B98BF2C4A94F9EC
:10F7C0000470667998BFD55C94F906402A48E3E74F
:10F7D000E3782A48023BDBB2022B94BF244A01257E
:10F7E00094F80180277898BFD55C94F904906679E5
:10F7F00094F9064017F051FA0028D6D0A0F80480FA
:10F800008771C57180F8089046728472CDE72346EF
:10F810000822002113F8014B194817F04FFA00286D
:10F82000C3D00471C1E7174894F800806788A688A0
:10F83000E588248917F031FA0028B6D080F80480D2
:10F84000A0F80570A0F80760A0F80950A0F80B40D8
:10F85000ABE70D481C7817F020FA00283FF424AFDE
:10F86000047121E7280C0408240C04081C0C04086B
:10F87000E40B0408140C0408100C0408180C040809
:10F880000C0C0408080C0408200C04081FB543895C
:10F89000029303890193C388009383884288018877
:10F8A000FF200AF001F904460248FAF7ABFD848014
:10F8B00004B010BD200206001FB501460078FF28E5
:10F8C00017D0B1F80B300293B1F809300193B1F8B9
:10F8D00007300093B1F80530B1F80320B1F80110FA
:10F8E0000AF0E2F804460448FAF78CFD848004B07C
:10F8F00010BD2124F7E700BF200206067F2337B59D
:10F9000000788DF80730FAF735FEE0B140F6FF7366
:10F91000B0F86E00984218D00DF10701FDF7EAFB30
:10F920009DF9073004467F2B04D140F203430028A1
:10F9300008BF1C4606489DF90750FAF763FD84800E
:10F94000857103B030BD2124F4E70324F2E700BF42
:10F950002003061510B504460078FAF70BFE78B1BF
:10F9600063780121B0F86E003BB1FDF7C7FA044699
:10F970000448FAF747FD848010BDFDF7D9FAF6E791
:10F980002124F5E72002060338B50A4B00781D68EC
:10F990000735FAF7EFFD50B12946FDF78BFB04461A
:10F9A0002A4605210448FAF771FD848038BD2124D8
:10F9B000F6E700BFA02500202003060730B587B07A
:10F9C00082790146054604A81DF0CAF900239DF876
:10F9D0001620039312F0180408D1212503950F482F
:10F9E000FAF710FD8580847107B030BD04A8FAF7DE
:10F9F000CFFD024668B903ABCDE9000304A9084B6B
:10FA0000E8790AF0F7F8024618B90446BDF80C5038
:10FA1000E5E7BDF80C5092F87040E0E720030604DB
:10FA20005D00020810B50078FAF7A4FD40B113217B
:10FA30001DF058F904460348FAF7E4FC848010BD31
:10FA40002524F8E72002060510B50078FAF792FDA4
:10FA500038B11DF04BF904460348FAF7D3FC848013
:10FA600010BD2524F8E700BF2002060F10B541782D
:10FA700000781DF07AF804460248FAF7C3FC848047
:10FA800010BD00BF2002060110B5827841780078D1
:10FA90001DF0BCF804460248FAF7B4FC848010BD9F
:10FAA0002002060810B543780446012B0FD80078D1
:10FAB000FAF760FD68B161784B1E594259411DF05B
:10FAC00019F904460448FAF79DFC848010BD2124EE
:10FAD000F8E72524F6E700BF2002060910B54178B3
:10FAE00001290AD8007801F001011DF07EFE0446CC
:10FAF0000348FAF787FC848010BD2124F8E700BF93
:10FB00002002060A7F2373B541788DF806308DF800
:10FB100007304B1E072B1CD8DFE803F005051B043C
:10FB20001B1B1B19032100780DF107030DF10602C1
:10FB30001DF05DFE044608489DF906609DF90750DA
:10FB4000FAF760FC84808671C57102B070BD042133
:10FB5000E9E72124EFE700BF2004060B10B5417848
:10FB60004B1E072B11D8DFE803F005051004101019
:10FB7000100E032100781DF03CFE04460448FAF7FD
:10FB800041FC848010BD0421F4E72124F6E700BF86
:10FB90002002060C10B50078FAF7ECFC38B1FDF73E
:10FBA000C7FA04460348FAF72DFC848010BD2524CB
:10FBB000F8E700BF2002060D70B50078FAF7DAFC0E
:10FBC000044678B190F87560FAF7A2FD05460B4837
:10FBD000A47CFAF717FC0023857103714371C4718B
:10FBE000067270BD0548FAF70DFC21230371FF234F
:10FBF00044718471C4710372F3E700BF2005060EDF
:10FC000010B5008809F0B2FF04460248FAF7FAFB83
:10FC1000848010BD2002061010B504460078FAF763
:10FC2000A9FC58B1B4F80320B4F8011009F0C2FFE0
:10FC300004460348FAF7E6FB848010BD2524F8E764
:10FC4000200206112DE9F04F044699B0442200210C
:10FC500007A81BF070FD2078FAF78CFC06460028F8
:10FC60007AD004214FF62A4019F0F2FFB6F86E3030
:10FC7000C0F803303F48F2F755F91AF017F8437906
:10FC80000293002B4BD000241AF010F8A2464579BD
:10FC9000A14620462746A04621462346A3462246A3
:10FCA00045F480550194009496F8736006F1FF3C8A
:10FCB000DCF1000646EB0C06CDE904120393FDF7D8
:10FCC000EFFB02900198FDF7EBFB01902A48FAF751
:10FCD00099FB039B059AC0F80B30029B04990375AE
:10FCE000019BC7F340074375DDF83530858083619C
:10FCF0009DF83930C0F806200377009B8672A0F883
:10FD00000FB0A0F8114080F813A0877580F8179005
:10FD100080F81D80C383016219B0BDE8F08F19F02F
:10FD2000C5FF0446811C442207A81BF00CFDA08AD5
:10FD3000A57EB4F806B0A268E36821690090019539
:10FD400094F81680E77D94F81890607E94F820A0CF
:10FD5000029DB4F82140A7E7044682468146074643
:10FD600080460146034683460246252501900090C1
:10FD7000A2E700BF67430308202006140E2330B516
:10FD800087B0054603931CF0FEF9044640B9BDF860
:10FD90000C500E48FAF736FB8580847107B030BDF1
:10FDA00004A817F0D3F903AB01930023009328783C
:10FDB0000122074B04A909F01DFFBDF80C500446B1
:10FDC0000028E6D090F87040E3E700BF2003061655
:10FDD0005D00020870B5144606460D462046142103
:10FDE0000A4A1AF0B5FB2046217916F0F8FE58B9F8
:10FDF000A3790C331C44064BA6711B79A5801BB15B
:10FE0000BDE870401AF08FBB70BD00BF040C040841
:10FE1000162C002037B50078FAF7ACFBA8B9684675
:10FE200017F094F925256846FAF784FD04460C4836
:10FE3000FAF7E8FA0346858000981C73C3F80600B9
:10FE4000BDF804205A8103B030BDD0E91301ADF8EC
:10FE50000410090C002500908DF80610E3E700BFA0
:10FE60002009061738B50078FAF784FB044638B144
:10FE700090F87240631E022B00D90024002500E098
:10FE800025250348FAF7BEFA8580847138BD00BF86
:10FE90002003061808B50448FAF7B4FA0E230371D4
:10FEA0000023437108BD00BF2002061308B50448B3
:10FEB000FAF7A8FA0E2303710023437108BD00BFAF
:10FEC0002002061A08B50448FAF79CFA0E230371BB
:10FED0000023437108BD00BF2002061910B5044677
:10FEE0000248FAF7D3FA848010BD00BF2003FF0058
:10FEF00073B504460D461748002116F0BCFE01906C
:10FF000040B1224629461CF07AF8844204D001A868
:10FF10001BF0ABFD02B070BD019882790C328358A2
:10FF200085181902C3F3072601F4E06123F47F4327
:10FF3000314323F0C703214443F0800343EA1123F4
:10FF4000090289B20B4383502C71017916F047FEE8
:10FF5000E0E700BF2C0C040810B504460248FAF78D
:10FF600051FA848010BD00BF2002FF0110B5044685
:10FF70000248FAF78BFA848010BD00BF2003FF030C
:10FF800010B51EF0E7FE0022034B1C681A601EF03D
:10FF9000DCFE204610BD00BF8426002038B5044694
:10FFA000104816F0BFFDC0B12246002112F8013BF7
:10FFB00008461CF051F8044688B11EF0CBFE0546F9
:10FFC000214609481BF040FE28461EF0BEFE0024D4
:10FFD0000648FAF717FA848038BD0224F8E71A2495
:10FFE000F6E700BF683100208426002020020112BD
:10FFF00010B50A4816F096FD70B11EF0ABFE04462F
:020000040802F0
:1000000007481BF032FD20461EF09FFE00240548E5
:10001000FAF7F8F9848010BD0224F8E7683100206F
:100020008426002020020114024B00201A68024B93
:100030005A607047A42600206831002010B500F0F7
:10004000AFFA044630B9044816F042FD044608B938
:1000500000F0ACFB204610BD683100207FB51C4687
:1000600040F20A6322F000429A4206D8B2F5C06F0D
:1000700006D8032A20D00D2A4CD0002004B070BD31
:100080006FF4C0631A44092AF7D801A353F822F089
:100090007F0102082D0102085101020861010208D6
:1000A000770102087B00020897010208AD010208EF
:1000B000CD01020819020208002402A8EBF744FE51
:1000C00001A8BDF80850019410F067FA00B101943E
:1000D0005348019C16F0E1FD0028CED00023437167
:1000E0008371C37143726FF0010383724FF0FF336A
:1000F000C3723E2383746FF011030922C3746FF03F
:1001000063030271037501224D230272C4600582EC
:100110004375B2E723460422002153F8044B4148BB
:1001200016F0CCFD0028A8D08480A6E72078FAF746
:1001300021FA0028A1D03C48267894F90150A478EF
:1001400016F0ABFD002898D006714571847194E7D4
:100150002478364816F0A1FD00288ED004718CE773
:1001600025783348646816F098FD002885D005711D
:10017000C0F8054081E725782E486468F3E72E48EB
:100180002578646816F089FD00283FF476AF057184
:10019000A0F8054071E729482578646816F07DFDD0
:1001A00000283FF46AAF0571447166E7637824481C
:1001B0000D2B96BF234A0125D55C247816F06DFDE2
:1001C00000283FF45AAF0471457156E76378002167
:1001D0000D2B98BF1B4A1C4898BFD55C6368A2785A
:1001E00088BF0125267816F069FD08B106714571B2
:1001F0006378012B3FF641AF8DF8083001220021D2
:10020000114802AB247816F059FD00283FF435AFB1
:1002100001230471437130E724780C489AE700BF4A
:100220006C0C0408680C0408540C04085C0C0408EA
:10023000600C0408580C0408500C04084C0C04080A
:10024000480C0408300C0408440C0408400C040852
:100250001422002101481BF06EBA00BF882600203E
:1002600070B505461EF076FD1A4C064663795B07AD
:100270000ED414212046184A1AF06AF92046217932
:1002800016F0ADFC20B13046BDE870401EF05DBDFB
:10029000A3790C3323442DB91A79FF2AF3D0013204
:1002A0001A71F0E7012D05D15A79FF2AEBD00132FE
:1002B0005A71E8E7022D05D19A79FF2AE3D001327D
:1002C0009A71E0E7032DDED1DA79FF2A1CBF0132F3
:1002D000DA71D8E788260020640C040800487047CB
:1002E0003EEE9C4D042828BF0020014B185C70474F
:1002F000700C040810B58278417800781CF0E0FAA0
:1003000004460248FAF77EF8848010BD20025700A8
:1003100010B501210446007819F0F2FF60B12246C1
:100320006378002112F8020B1CF0D5F8044603484C
:10033000FAF768F8848010BD0224F8E7200257011C
:1003400013B50446FFF71CFE01210190207819F037
:10035000D7FF70B12078002101AA1CF093F8044661
:1003600001A81BF082FB0448FAF74CF8848002B025
:1003700010BD0224F4E700BF2002570210B501218E
:100380000446007819F0BCFF48B1617820781CF071
:10039000E5FA04460348FAF735F8848010BD0224D4
:1003A000F8E700BF20025703002313B50093D0F8ED
:1003B0000220417800781CF0E2FA04460248FAF77D
:1003C00021F8848002B010BD2002570430B585B0FA
:1003D00002AD027B811D044628461CF0C1FC9DF83D
:1003E0000E3073B10095D4F8022061782078012393
:1003F0001CF0C5FA04460448FAF704F8848005B0F6
:1004000030BD2124F7E700BF2002570538B5054667
:10041000008809F0FBFE0446F8B1AD78032142F2F2
:10042000590019F015FC0DB1012D19D12388457122
:10043000C3F30B03A0F803300A48F1F773FD19F07A
:1004400035FC447924B119F031FC447944F48054EA
:100450000548F9F7D7FF848038BD40F20A44F7E732
:100460002124F5E78D1F01082002420370B50446E0
:10047000008809F0CBFE054600B306214FF629405F
:100480006688A48819F0E4FB2B88A0F80740C3F322
:100490000B03A0F80330A0F805600A48F1F742FD0D
:1004A00019F004FC447924B119F000FC447944F4B7
:1004B00080540548F9F7A6FF848070BD40F20A44D5
:1004C000F7E700BFC51F01082002420410B5022152
:1004D000044642F2460019F0BBFBA0F80340064870
:1004E000F1F720FD19F0E2FB407920B119F0DEFBB5
:1004F000407940F4805010BD1120010870B50646C7
:100500000D4609F023FE0446304609F06BFE034811
:1005100016F0C3FB08B18580C48070BDAC0C040824
:1005200010B500881AF037F804460248F9F76AFF58
:10053000848010BD2002420108B50548F9F762FF2A
:1005400000230E22437102718371C37108BD00BF85
:100550002004061270B50E4615460446A8B10DF0EB
:1005600073FD98B90A4B1C600A4B1E600A4B1D6054
:100570000FF0EBFF08F076FDF9F7F0FE0748F9F70A
:10058000F9FEBDE87040FFF74FBD212070BD00BFF0
:10059000AC260020A8260020A42600207190020886
:1005A0002DE9F041764D88B008F030FD0E207549F8
:1005B00008F07EFB2B6851215A685423B2FBF3F2FA
:1005C000002392B2184608F019FB0446002840F0B8
:1005D000C18008F0B3FB0A206B4A6C4908F036FA78
:1005E00006460446002840F0B58008F08DF80FF06C
:1005F000E5FF8DF80E608DF8076002AE31460DF113
:100600000700EEF7FDF8002840F09980304619F019
:100610007DFC002800F09380302800F090809DF849
:100620000730012B17D172238DF80E30EBF7B6FB94
:10063000CDE90601030C8DF81230BDF81D30ADF880
:100640001000ADF813309DF81F308DF81530492398
:100650008DF816300AE049238DF80E3096E8030035
:10066000ADF81410090C04908DF816109DF80E309A
:1006700013F0280F07D1DDE90401ADF80C10090CC7
:1006800002908DF80E102B68186900285DD12B6838
:100690005A690AB93E4A12683E490A609A690AB91B
:1006A0003D4A12683D490A6093F82220D20755D48A
:1006B0000FF00BFF04A90246074628681AF027F836
:1006C0000446002846D101F03BF90FF023FF044611
:1006D00000283FD10120FCF7F5FE314B18681BF0D4
:1006E000F3FC0446B0BB1CF03EFA044608F07CFE66
:1006F00080461BF044FD41460246204614F003F9B3
:10070000044638BB2B681B689B0511D4B7F5FA7FEC
:100710000ED91EF016FB0121054608461DF082FC8D
:100720000121204A08460FF0CBFE28461EF004FBAC
:100730003046FAF78BF81C4808F082F90AE09DF879
:100740000E3019077FF572AF88E718F071F904468B
:1007500000289CD0204608B0BDE8F08193F8232003
:1007600000234FF0FF3006A9CDE906338DF81A209B
:100770001AF037F9C0B200289AD040F20C44E9E7E9
:10078000AC2600207190020899A6030859E80308D6
:10079000FC060408A0260020F80604089C26002079
:1007A000A826002000110408650802080022032181
:1007B00001481BF040B800BFF02500202DE9F041B2
:1007C000114816F0B3F9E8B91EF046F805460E4692
:1007D0000D4F07F10C082846314619F039FB07F098
:1007E000CFFF0446384616F09DF910B940461BF07D
:1007F0003CF9F9F7F9FD08B9002CECD1BDE8F0415E
:1008000019F092BEBDE8F0816831002008B5054BB3
:100810001B782BB919F05FFFB0FA80F0400908BDD2
:100820000020FCE76D2D0020054A08B511788142B3
:1008300004D0107019F01FFB002008BD0220FCE757
:100840006C2D0020012310B5044C2370044B1B6851
:1008500003B198470023237010BD00BF6D2D002009
:100860009C26002050EA010337B504460D4604D10A
:1008700003B0BDE83040FFF7E5BFB1F1FF3F08BF6F
:10088000B0F1FF3F13D01DF0E7FF221845EB010345
:1008900008490948C1E9002300239D420CBF2146B5
:1008A0004FF0FF31CDE90033044A1EF0E4FB03B002
:1008B00030BD00BF780B002090270020C10802083F
:1008C000D3B51EF047FA04461DF0C6FF0B46104A8A
:1008D000D2E90067B04273EB070107D3FFF7B2FF1D
:1008E000204602B0BDE8D0401EF02FBAD2E9006722
:1008F0000022311A67EB03039342CDE9002213462D
:1009000018BF4FF0FF31034A03481EF0B4FBE7E77E
:10091000780B0020C1080208902700200023044A19
:1009200052E8000F42E800310029F9D1F1F7C2BEC8
:10093000B0270020054A52E8003F034342E8003157
:100940000029F8D1024B1B68184700BFB0270020D0
:10095000A026002037B51C68E10705D519F06BFA11
:10096000164917481AF073FFA20723D5FCF782FC3B
:10097000D0B9144D01901EF0EDF9044628461BF045
:1009800092F8019020461EF0E0F9019890B1437969
:100990009B070CD401A802211BF06FF90198FCF70A
:1009A00059FC19F098FCE6E719F095FCDEE7FCF736
:1009B00045FCF6E7002003B030BD00BF7C310020CD
:1009C000F0250020B427002008B5054807F0A8FE50
:1009D000044B01211870BDE8084007F0B1BE00BF0C
:1009E0008C3100206E2D002038B5044648B11EF031
:1009F000B1F90546214608481BF026F928461EF0A5
:100A0000A4F9064B022193F9000007F099FEBDE816
:100A10003840FFF717BF00BFB42700206E2D00201D
:100A20002DE9F0410A4B0B4F04460E463868196811
:100A30001546E8F71FFB40B933462A46386844F4A8
:100A40008021BDE8F041E8F7DFBBBDE8F08100BFE1
:100A5000B0300020D03000202DE9F0410A4B0B4F80
:100A600004460E46386819681546E8F703FB40B996
:100A700033462A46386844F48021BDE8F041E8F75F
:100A800007BCBDE8F08100BFB0300020D0300020AE
:100A900038B5084D084B044619682868E8F7EAFAA3
:100AA00030B9286844F48021BDE83840E8F7B2BC8A
:100AB00038BD00BFD0300020B03000202DE9F04319
:100AC000134B0E461968134B05468DB01868174630
:100AD000E8F7D0FA80B933460A222846009702A9DF
:100AE0000EF0E6F84FF0000804460DF10809444501
:100AF00005D1002CEFD120460DB0BDE8F08328468B
:100B000059F8041BE8F786FC08F10108EFE700BF7D
:100B1000B0300020D0300020F8B50B4B0B4F06460C
:100B20000C4638681968E8F7A5FA054648B9E24363
:100B300016FA82F2386842F4802246F48021FFF7E8
:100B4000BDFF2846F8BD00BFB0300020D0300020E7
:100B50001046044A1368591E033102D8002111605F
:100B6000184770479C310020034B1868034B00283E
:100B700008BF1846704700BFB8270020341104088A
:100B800008B504481AF0CFF880F00100C0B2400068
:100B900008BD00BFC027002013B50B4C02292260FE
:100BA00005D10A481AF0BFF8002002B010BD0A466D
:100BB00000930146064B05481AF097F8003818BF15
:100BC00001204000F1E700BF9C310020C027002039
:100BD000510B020801481AF0B9B800BFC027002025
:100BE000002101481AF0D4B8C027002008B5064BF0
:100BF0001B68013305D0FFF7EDFF80F00100C0B2A4
:100C000008BD0020FCE700BF9C310020F0B50D4678
:100C100004468BB018B9002420460BB0F0BD1A4E24
:100C20003768002FF7D12022394602A81AF083FD39
:100C3000236801A80193154B1B88ADF81430144BA1
:100C40001B68079300F0C4F804460028E3D0306026
:100C500000F0E4F82046394619F0DDFE204619F090
:100C600019FE38B10020306000F0D8F8204619F0A5
:100C70000CFED0E7204600F0C3FA0028F2D1002D88
:100C8000CAD02046A847C7E7BC270020681104083F
:100C90006C110408024B1868003818BF0120704717
:100CA000BC27002038B50C4602F04CFAA3780B4A5A
:100CB00013705A1E55425541A8420CD0012B04D046
:100CC0002846BDE8384002F01FBA204602F0EEF98F
:100CD0000028F5D038BD0020FCE700BF6F2D0020B4
:100CE000002108B5024B08465B689847002008BD04
:100CF000B031002010B5FFF737FF0D4B0C461A1A24
:100D0000534253418B4201D1002010BD094B1B6857
:100D10003BB9094A064B002C08BF1346074A13602B
:100D2000F2E71AF0FDF90028F3D00220EDE700BF4A
:100D30000C110408BC27002034110408B827002037
:100D4000431E033306D8044B984228BF1846642834
:100D500038BF6420704700BF40420F0038B5194BC0
:100D600005461B680C4603B1984744B1236833B16C
:100D70001B68013303D0E3680BB1A3684BB91AF0C9
:100D8000C9FB00204FF4B672412100F06DFA21201A
:100D900038BD204603F0C4FA00230B4A85F83C31E5
:100DA000C5E93743C2E9003363694BB1074A4221C1
:100DB00010684FF4C572C31A5842584100F054FAF3
:100DC0000020E5E74C2A0020602F0020802A002028
:100DD000F8B504461DF0B5FF002607460E4B1B680C
:100DE00093B19E68AEB196F82420D20711D435464F
:100DF0000FCC0FC50FCC0FC523682B6096F824309D
:100E000043F0010386F8243038461DF095FF304644
:100E1000F8BD1B68E4E700BFA431002010B504460C
:100E200018B9054B054A136010BD00F0B5FFD4F8A2
:100E3000E830002BF6D1F4E773A80308A0310020B6
:100E400008B502460868FFF77BFF08604868FFF7AF
:100E500077FF48608868FFF773FF8860C868FFF70E
:100E60006FFF0B69C860581C03D00B48834228BF32
:100E700003460B614B69581C03D00748834228BFC7
:100E8000034688694B61FFF75BFFBDE80840886156
:100E9000104602F08BB800BF40420F00D0F8E0309F
:100EA0002DE9F04105460C4613B1C38D8B424CD061
:100EB000D5F8DC30002B4BD09E68002E48D0D86887
:100EC000002845D0013800B200281ADB002106E0D6
:100ED000128A591CA24217D209B2884211DB0B18A0
:100EE00003EBD3735B1003EBC30206EB8202B2F891
:100EF0000EC003F1FF3EA445EAD90FFA8EF08842F6
:100F0000EDDA2120BDE8F0814FF6FF7299B29142EF
:100F1000F7D09BB203EBC30306EB83062846B6F972
:100F2000122095F83011D5F8F080EAF74FFF074608
:100F3000B8F1000F04D00023324628461946C047B6
:100F4000EC85C5F8E06085F839710020BDE8F081D6
:100F50000E20BDE8F08100BF2DE9F04782B00446C5
:100F60000F46164602F04EFA002863D14F4D2B680B
:100F7000D4F8DCA0D4F8E0800BB1534576D04FF024
:100F80000009AF6002F0B4FA0128074665D1204697
:100F90001AF018FA002851D12B68DAF80010D8F8A6
:100FA000002013B1186888426BD020461AF092F9DD
:100FB000C5E900A8D4F8F0508DF80760002D67D07F
:100FC0000022204611460DF10703A847204601F0F4
:100FD0008DFB0546B9F1000F0FD076B9D4F88C30EF
:100FE0000BBB012F05D025B1314B002103205B68DD
:100FF0009847284602B0BDE8F087B5FA85F04FF46F
:1010000085623321400900F02FF93146204601F076
:10101000C1FD284B05461B68414620469847D4F839
:101020008C30002BDDD000224FF40073204600F0FE
:10103000C3FED6E700231D4D6B6098E794F825307A
:10104000DA07A9D5D4F894305B05A5D51A4B01224F
:10105000002120461B6898479EE70021012000F0F0
:10106000EBFE02F045FA0128FBD190E76B68002BFC
:1010700085D0434583D1AB689F4215D04FF001091D
:101080007FE7696811B10968914291D059688CE78E
:1010900094F82A1094F839313246994228BF1946FB
:1010A000204601F0A3FA91E70025A2E7602F002077
:1010B000B0310020A0310020502A0020F8B50F46A2
:1010C00005461DF03EFE394606462846FFF7E6FE79
:1010D000044620B130461DF02FFE2046F8BD02F038
:1010E00073F9224639462846FFF736FF04460028A2
:1010F000F0D128461AF066F90028EBD095F8253093
:1011000013F001030DD0D5F8942052050DD5B5F894
:101110002A21BA4205D0B5F82C31DB1BB3FA83F390
:101120005B09034A82F8DC30D4E72346F9E700BFC5
:10113000003E00B037B5204BD0F8DC20D0F8F0509E
:101140001A60D0F8E0200446C3E9012100228DF89E
:1011500007205DBB90F82A1090F839312A46994251
:1011600028BF194601F042FA204601F0BFFAB0FA52
:1011700080F040F24B423321400900F075F8012124
:10118000204601F007FD0D4B05461B682046D4F8AC
:10119000E0109847D4F88C302BB100224FF4007344
:1011A000204600F009FE284603B030BD11460DF17F
:1011B0000703A847D8E700BF602F0020A031002018
:1011C00013B50446694619F026FD204619F0EAFFDA
:1011D000FF28024606D020469DF80010EAF774FE6C
:1011E00002B010BD0048FBE70080FFFF0029034B61
:1011F00008BF0023C0F8F0300020704731AA030870
:101200004FF4007307B50A490DF10602ADF8063038
:1012100019F02EFDBDF80630B3F5007F05D1022888
:1012200008BF002003B05DF804FB2120FAE700BFEF
:10123000D8270020024B1860024B1960FEE700BF60
:10124000D8290020A831002038B5044D044C054BA6
:10125000286021601A60FFF7EDFF38BDD829002013
:10126000A8310020DC29002010B550B90548064BF4
:101270000160064802601868054B18601868FFF79F
:10128000E3FF10BDA8310020BC270020DC2900208E
:10129000D8290020054B1B680BB9184670478342BC
:1012A00001D01B69F8E70120704700BFE429002046
:1012B000094A13680BB918467047834207D11B6966
:1012C00001201360054A1368013B1360704703F166
:1012D00010021B69EEE700BFE4290020E02900208E
:1012E0002DE9F74F06461DF035FDDFF82881012373
:1012F00098F800B0DFF820910190BBF1000F06D004
:1013000089F8003003B0BDE8F04F1DF01EBD3F4F1F
:1013100088F8003089F800B019F08AFD08B119F09A
:1013200085FD3D683A495DB9DFF8F0A0DAF80020A4
:101330000024AA423B682FD84FF0FF3134483BE0ED
:101340006B7D8BB12B68B34202D09A1B8A420BD9BA
:101350006A6813442B60AB68003A18BF0122003B57
:1013600018BF01236A75AB752D69DCE7907D20B14C
:10137000107D88429CBF014614461269002AF5D1AF
:10138000002CD9D0D4E90001A275411AD4E9023267
:10139000204698470135C9E71A46FF21EEE75A7DF6
:1013A0004AB11A68B24224D0921B824221D891429B
:1013B00001D311461C461B69002BF0D15CB12046BD
:1013C000FFF776FF38B13B683C602361DAF8003004
:1013D0000133CAF800303B685A7D6AB919F024FD20
:1013E000064699F80030002B94D1019888F8003017
:1013F00088E71C460021DEE7186800F0D3F80446B1
:1014000019F012FD0646002C84D1EAE7E4290020F9
:10141000FCFFFFBF712D0020702D0020E02900206F
:1014200038B5054608B3182200211AF084F91DF0DA
:1014300091FC02462846FFF72DFF20B110461DF013
:1014400084FC022038BD0A4B1C6854B909491D6050
:101450000B68104601332C610B601DF076FC2046B2
:10146000F0E704F110032469EFE72120EAE700BF69
:10147000E4290020E029002038B50446FFF70AFFE0
:101480001DF068FC05462046FFF704FF637D23B985
:1014900028461DF05AFC0E2038BD00236375064B0C
:1014A0001B68A34203D119F0BFFCFFF719FF2846C0
:1014B0001DF04BFC0020EFE7E42900202DE9F84F58
:1014C000DDF82890984604460D469246FFF7E2FE66
:1014D000DDF830B01DF03EFC074619F0A5FC0646CD
:1014E0002046FFF7D7FE637D23B12046FFF7C4FFF8
:1014F0000023A375BAF1010F23D175B9B8F1000F1C
:1015000021D1B9F1000F03D05A4631462046C847D1
:1015100038461DF01AFC002019E035440D4BAA1B7B
:101520009A4210D8012363759DF82C303046C4E9E7
:101530000058C4F808902375C4F80CB0FFF7D0FE2B
:10154000E6E7AE42EAD138461DF0FFFB2120BDE8B8
:10155000F88F00BFFCFFFFBF2DE9F041074688462A
:10156000FFF798FE1DF0F6FB3D68064619F05CFC9F
:101570007B7D7BB185420DD0094B2C1A9C4209D84A
:1015800030461DF0E2FBB8F1010F08BF25462846A2
:10159000BDE8F08130461DF0D8FB0025F7E700BF1D
:1015A000FCFFFFBF0023024A194600F0A3BE00BFA4
:1015B000F3AD03080C232DE9F74F13700F461446C3
:1015C00002210022064619F0F8FBDFF8648010B112
:1015D000164BC8F8003000254FF00609EBB209FBA6
:1015E00003F3D8F80010CA185079012804D92378D9
:1015F0000C2B14D1212013E031F903B01179B2F989
:1016000002A030460022019119F0D7FB58B1019990
:101610002170B7F900305B4505DB534503DC002042
:1016200003B0BDE8F08F0135D8E700BF7C11040896
:10163000AC310020014919F0FDBB00BF2137020881
:10164000014919F0F7BB00BFF536020870B5164E18
:10165000032804460D4633781ED023FA04F202F024
:101660000102AA421DD053B10122A240A54023EAA3
:1016700002032B43DBB233704BB1012070BD2DB19F
:101680000A4B01201B6898473378EDE73570074B0C
:1016900000201B689847F0E79A07DED003F0FC03B0
:1016A000E9E7002070BD00BF732D0020242A002030
:1016B000F8B505460C461DF044FB104F06463B7836
:1016C00033B1012D04D01CB90D481DF049F83C7010
:1016D00021462846FFF7BAFF0A4B04461B783BB960
:1016E0003B782BB919F054FE10B1074B1B68984793
:1016F00030461DF021FB2046F8BD00BF742D0020B0
:10170000F8290020732D0020B0310020054A0B4637
:10171000117831B100211170034A01215268187803
:1017200010477047742D0020B031002038B5074DA8
:1017300004462B78834207D001F0C4FE20462C706B
:10174000BDE83840ECF7F4BD38BD00BF722D002075
:101750001B4B022910B5187002D0032904D010BD0C
:10176000184B1B78002BFAD1FFF794FA0028F6D01B
:101770004FF00052144BC3F88020BFF34F8FBFF3DC
:101780006F8F01F055FE0028E9D001F09FFC002882
:10179000E5D10E4B1C6834B123689847BDE8104072
:1017A000002001F083BE19F09CFA094B18601DF06F
:1017B000E6FC084B1860204601F042FEEEE700BF51
:1017C0004A320020722D002000E100E0482A00206B
:1017D000202A00201C2A002038B504460D46FFF7B9
:1017E00059FA80B14FF00052124B1A6001F020FEFE
:1017F00048B9012D07D8012001F058FE0E4B1B6897
:1018000023B15B6898470D4B1C7038BD1DF0B7FCC9
:101810000B4B1A68801A18601DF05CF84FF47A724E
:10182000084B1B6802FB003019F05DFA012001F043
:1018300007FEE8E700E100E0482A00204A320020E5
:101840001C2A0020202A0020F0B585B01DF079FA6E
:10185000344D04462B7823B133481CF081FF002817
:1018600052D11DF013F802AA03A919F07BFD03461B
:10187000002838D019F08AFD029B98421CD1002024
:101880002A4B03991B682A4E9942307020D90027B1
:10189000C91A012324482B70264A3346CDE9007724
:1018A0001DF024FC002837D1234A1378D90701D52D
:1018B0003178F9B1204611E019F066FD029B98429B
:1018C00028D0002318461949194A09681370039152
:1018D0000121FFF7BBFE002320462B701DF02CFAE0
:1018E000002005B0F0BD20462B701DF025FA212008
:1018F00005B0F0BD03F0FE031370002BDAD10F4BDF
:101900001B6898472046E9E720461DF015FA0E208F
:1019100005B0F0BD0220B3E7032320462F703370DB
:10192000F3E700BF742D0020F8290020182A0020BA
:10193000493200200D170208732D0020242A0020B0
:1019400038B51DF0FEF9144D04462B78EBB9134A57
:1019500013491370134B144A14481A60144A5A60FE
:10196000ECF78EFC13491448ECF78AFC134A144B2D
:101970001A60144B5B6F03F44073B3F5007F02BF32
:101980000222114B1A6001232B70ECF711FE204646
:101990001DF0D2F9002038BD752D0020742D0020D7
:1019A00090110408B031002049180208E8290020ED
:1019B000B116020898110408F02900202D1702081A
:1019C000242A002000400050182A002010B50446A8
:1019D000D0F818210B4B4FF40061C3F8C42090F8E5
:1019E0002420D20102F4006206F01EFC94F8243098
:1019F00013F0100F4FF4007314BF034A034A5364EB
:101A000010BD00BF003E00B0001002B8002002B8B8
:101A100037B50C46264D69B90A46012106F004FC8B
:101A2000244BEC645C6006F059FC2022224B5A6681
:101A300003B030BD0122114606F0F6FB07221E4B13
:101A40000121DA60237901A885F84C30637901938C
:101A500019F033FE019BC2B2D34000F00F0040EA00
:101A6000031085F84D00A27985F84E20E27985F8BB
:101A70004F20206828650193BBB1012102888B4269
:101A80000CD821794B1E13440C4A1362C2F8CC10B7
:101A900020220B4B5A6606F021FCC9E730F81150A2
:101AA0000131AA4228BF2A46E9E71A46E9E700BF02
:101AB000003F00B04C3F00B0006000B8004000B8EC
:101AC000005000B810B5054C237823B104F0C8F8D5
:101AD0000020207010BD0E20FCE700BF782D0020F4
:101AE00008B504F08BF80122014B00201A7008BDE4
:101AF000782D0020D0F8E43013B11A68032A10D8EA
:101B0000094BDB6BC3F3C20213F0380F03F007007D
:101B100018BF504313F4E07FC3F3821203D0504345
:101B20007047986A400E7047008001B8431C07D088
:101B30006FF0FF02034B10405A62A3F580535862C6
:101B4000704700BF00E000B810B504234FF03A41E1
:101B500001240A4AD1F81801C2F81831C2F8143128
:101B60004C634FF400511163410742BFC2F8143176
:101B7000A2F58052C2F8183110BD00BF002000BA93
:101B8000F8B504460F4616461DF0DBF80546A0479B
:101B9000044620B128461DF0CFF82046F8BD05F0D8
:101BA0007DFC04220549D1F8F03E23EA07033343C4
:101BB000C1F8F03E024B5A64ECE700BF003000B0C1
:101BC000002002B8F8B51C4612F0020318BF043416
:101BD00012F00107064607D16FF41070A4F57422C5
:101BE00002441648824224D9003B18BF0123144AFC
:101BF000144813704FF6FF7399421ABF4A1C92B2F1
:101C00002022114918BF1202FFF7BAFF054670B92A
:101C10008FB9631C08BFD6F8104102F0A1FC014641
:101C2000204604F079FE094BC009C3F8C8002846D5
:101C3000F8BD2125FBE70525F9E700BFBDBDF0FF95
:101C4000762D0020891F020820FFFF00003E00B013
:101C500000F1E40370B5C2E9003143F6787390B047
:101C60009360064619F07AF91446D060072301AA5A
:101C700006F1F8000D4604F06DFE43F6BC732361D7
:101C8000079B63614FF47F53A361089BE36143F6B5
:101C9000C4732362099B636243F6C873A3620A9B01
:101CA000E36243F6CC7323630B9B636343F6D07309
:101CB000A3630C9BE36343F6D47323640D9B6364BB
:101CC0000D4B93F90030C3F11C030DB195F926506B
:101CD00096F927205B1B9B1A4FF4FF220749DB0272
:101CE000C4E91212064A03F4FF2304F158002265E6
:101CF000636510B070BD00BF772D002020E000A804
:101D000020D000A8F8B507460C461E4615461AB165
:101D100013680BB15B68B3B91DF013F80146384680
:101D2000FFF7E8FE074608461DF006F8B772AB89D4
:101D30000698E11A89B2D5E90132034402FB013366
:101D400031817360F8BD1A68032AE5D99F6A7F0E56
:101D5000ECE700BF00F01803182B0AD003070AD4E1
:101D600040F2011310F0100018BF1846034BD8675B
:101D700070470020FAE70120F8E700BF003F00B0FD
:101D8000044B1868830654BFC0F30F204FF6FF7052
:101D9000704700BF502B002038B10368044A002B65
:101DA00008BF1346034A13607047014BFAE700BFB0
:101DB0005BAF0308C031002010B4D0E95441224089
:101DC0000B4052EA030104D003495DF8044B096853
:101DD00008475DF8044B7047C0310020024B986EF5
:101DE00000F00F00704700BF003F00B00F2938B56A
:101DF00005460C460ED801F07BFB01280CD1074AA2
:101E00002846936E23F00F032343936619F0DDFAFF
:101E1000002038BD2120FCE70220FAE7003F00B097
:101E2000014BD86E704700BF003F00B0014B00204F
:101E3000D9667047003F00B003282DE9F347884674
:101E400065D8344B13F80090334B1E5C334B13F8BA
:101E500000A01CF076FF074605F040F9054640B1AA
:101E600000230022CDE9003301200023002104F0EB
:101E700063FF05F03BF948B100230022CDE90033B0
:101E8000002000234FF4004104F056FF002E3CD008
:101E9000234BDC6C04F00804224B31464846DC64DA
:101EA00005F05AFB012352463146484605F0F8FB3F
:101EB0001D4BDC64DDB11D4B1868D0F89410F83070
:101EC00003F0E4FB1A490868FFF730FE4FF0FF33D8
:101ED0000B60184B1A68511C06D06FF07E401649F3
:101EE000C863A1F58051CA634FF0FF321A60B8F1A0
:101EF000000F04D0114B002103205B68984738463F
:101F000002B0BDE8F0471CF017BF3446C4E702B08A
:101F1000BDE8F087A8110408A4110408A011040862
:101F2000004000B8006000B8005000B8BC27002096
:101F3000BC310020B831002000E000B8B0310020F2
:101F40000F4A536C13F0A00F15D1906C10F00400E1
:101F500013D10C4BD3F8F03E23F07F4323F0FF0363
:101F60005BB1D368C3F30362092A07D0B2F10C0056
:101F700018BF01207047002070470120704700BF44
:101F8000000002B8003000B008B501F0D5FA0146F3
:101F900010B10221084608BDFFF7D2FF0028F8D093
:101FA000054B1A784FF400531AB1044AC2F8FC33B7
:101FB000F0E7034AFAE700BF762D0020001002B8D0
:101FC000002002B8F8B507460D46164683B1FFF764
:101FD000BBFD29463846BC8A01F0ACFDB44228BF9F
:101FE000344629462246094801F0B8FE2046F8BD8D
:101FF0004FF03A420124D368D26A03F00703063354
:102000009C40C2F30C03E41AA4B2E7E70C0000BA48
:10201000074A084B30B10221C2F864120422C3F807
:10202000642270470421C2F864120222F7E700BF5D
:10203000006001B8005001B870B50D46064620B9E1
:102040001C4B1B68D3B10E2017E001F051FA012898
:102050002DD1194B93F90040D6F8E430C4F11C049B
:102060000BB193F92630E41A641BC4F12B03002B47
:10207000B8BF5B42232B0CDD212070BD01F10F03A3
:10208000002BB8BF5B42232BF6DC0B4B19700020F2
:10209000F3E786F827501CF054FE084A136A23F42D
:1020A000FF2343EAC42313621CF046FEEFE702203D
:1020B000E3E700BFBC270020772D002000C000B858
:1020C00010B5FFF783FC04F003FB1CF03AFE0A4A4C
:1020D0000121D2F8C03E044623F02003C2F8C03EDE
:1020E0000222064B08469A60054B5B6898472046DB
:1020F0001CF022FE002010BD003000B0001002B81D
:10210000B0310020094B08461A6D91020BD4D3F868
:102110004021D20708D4D3F8803013F4706F14BF75
:102120000120002070470120704700BF004001B827
:10213000F8B50D46D0F8943002EA010423EA010311
:102140002343C0F894304D4A01F00B0323EA040105
:10215000D1642340A2F580526F070646D36410D5A0
:102160000121FFF7CFFF60B105F098F94FF400733C
:1021700014F0040F14BF424A424A13650422424B32
:102180005A64E90606D514F0100F14BF00221B2272
:102190003E4B5A652A0618D5230611D54FF4001276
:1021A000374BDA641CF0CDFD0E210746032003F007
:1021B000F5F940F20122354B3846DA621CF0BCFDDD
:1021C000214606F1F80003F061FAEF0503D5E005BA
:1021D0003DD503F0D1F9A90503D5A2053AD503F001
:1021E000D7F915F48C6F1DD014F4806237D096F8AF
:1021F0002530DB070CD5F28DB6F82A3193422CD06E
:10220000B6F82C319F1A7B427B41214A82F8DC30A0
:10221000D6F8E410304618F0A1FE80221D4B9867D6
:102220001D4B1A612B0510D505F038F91B4A14F423
:10223000006FD2F8F03E14BF43F0006323F0006358
:10224000C2F8F03E0422104B5A640020F8BD03F09F
:102250008DF9C0E703F096F9C3E70123D5E76805D8
:10226000D6D596F82530D907D2D5094B114683F833
:10227000DC200B4B30461B689847C9E7006000B86C
:10228000005001B8006001B8002002B8004000B85A
:10229000003E00B0003F00B0000002B8003000B0C7
:1022A000502A0020014B1868704700BF382A0020D0
:1022B00037B51CF046FD002401230022CDE900348F
:1022C000002305461946104604F036FD022002F0B0
:1022D00087FC064B21461C60054B02205B68984733
:1022E00028461CF029FD204603B030BD402A0020BE
:1022F000B03100202DE9FF4102290D4616469846CF
:10230000039004D1FFF7D4FF04B0BDE8F0811CF0C6
:1023100018FD1E4F04463B683BB1B34205D01CF08C
:102320000BFD002321203B60EEE7194B0022C3F890
:1023300000803E60002301264FF000081046194639
:10234000CDE9006604F0F8FC124B022083F800800F
:1023500002F046FC43462A46022003A902F05EFC36
:102360000D4B039A1A6008B92046D8E70B4D2B682D
:102370009847212804D020461CF0DEFC0020C3E74B
:1023800031466B6802209847F5E700BF402A0020DD
:102390003C2A00207A2D0020382A0020B03100206D
:1023A000044B5B6E5B054EBF0120034B187800F0B9
:1023B0000100704700C001B87A2D002090F8263047
:1023C0005A1F012A01D9082B05D14B7C2BB1012BB7
:1023D00005D0022B05D018F0A6BE0348704703486D
:1023E00070470348704700BF20A1070048E801007C
:1023F00040420F000A78022A11D0101F4242424187
:1024000052004B781201022B0BD0191F4B424B414B
:102410005B000549054842EA8312FFF7B1BB012280
:10242000EFE70123F5E700BFF0FFFF0039350208B1
:102430000B78022B10D0181F434243415B004A78AF
:10244000022A0BD0111F4A424A4152000F21044870
:1024500043EA8202FFF794BB0123F0E70122F5E78C
:10246000653502082DE9FF474B684A880C46098804
:102470008146FFF7A7FB0528054628D1D4F804803C
:10248000B8F1000F3CD0082341464846A27A18F024
:102490007EFD002708F10C060290C8F808600DF1D7
:1024A0000C0AE368CDF804A003EBC70233F8373019
:1024B000314600935368484602AA18F08BFD054642
:1024C00048B10023012219464846FFF77BFB284606
:1024D00004B0BDE8F08798F801300137BB4206F13F
:1024E0000806DED2238960684FF46D6200EB83003A
:1024F000029B302183428CBF00200120FEF7B4FEF6
:102500006268024B0025C3F8C820E0E7003E00B037
:102510002DE9F8430E780446042E0D4690F83081DC
:102520000BD100275FFA87F9484601F09BFF08B1FD
:102530004E4602E00137042FF4D1304601F092FFFD
:10254000002849D094F83031B34209D1AA88D4F890
:10255000A4309A4204D16A88B4F832319A4238D011
:1025600084F83061AB883046A4F834316B88A4F825
:102570003231AB8804F59875C4F8A430FF2384F891
:102580002B3018F0D0FF84F82A00284601F0FAFE1C
:1025900018BB284601F05CFFF8B9D4F8E03053B11D
:1025A00094F83011414506D02046B3F91220E9F7DE
:1025B0000DFC84F83901204601F0D8FF0949A4F840
:1025C00034010123084AD1F8FC1004F1F80004F0AA
:1025D000C1F90020BDE8F88321200C2384F83031B4
:1025E000F8E700BF004F00B0A43F00B070B505464B
:1025F00090F830010C460C281FD0FF2901D1212072
:1026000070BD1AB14FF0FF320D4B1A6018F08BFFFE
:10261000064695F8300101F095FF844228BF044634
:10262000E4B2B44238BF3446E0B285F82B0002F081
:10263000BBF8FF28E3D00020E2E70220E0E700BF7C
:10264000CC31002010B590F8303104460C2B44D02A
:10265000D0F8E03080F82A10DBB3D0F8F020D2B9FF
:1026600090F839318B421CD300222046FFF7BEFF81
:1026700048BB1B4B1B7813F0FD0F23D1204601F004
:1026800075FF18490123184AD1F8FC1004F1F8002D
:1026900004F060F916E0B0F94220B3F912309A4222
:1026A000E2DD0022204694F83911FFF79FFF50B970
:1026B000C4F8E000204618F05DF94FF6FF73984229
:1026C000014601D1002010BD2046BDE81040FEF7B4
:1026D000F5BCFF2380F82B30F4E70220F3E700BFBE
:1026E00022320020004F00B0A43F00B0F0B50446F5
:1026F0008FB001F0D7F9D4F89C300546012B00D0FB
:1027000010B128460FB0F0BD6C49204618F061FFAB
:10271000D4F8E0600146E58DC4F8E4003EB13368CA
:102720002BB15B681BB11A68032A00F2A4801CF06D
:1027300008FB01462046FFF7DDF9074608461CF076
:10274000FBFAD4F8E410B3898DF80E70EB1A9BB243
:10275000D6E9012000FB03225948ADF80C3003688C
:102760000292994207D0204618F0F8FB8022554982
:10277000554B88671A61554D534E00F0B9FE01283C
:10278000FBD12B6CDB07F8D4736CDF01F5D4D4F8E4
:10279000E41020460D919DF80E20029908AB03F03D
:1027A00059FD002847D100F0A3FE0128FBD1464A7D
:1027B0004649536CD801FCD40B6CDB07F9D408A94B
:1027C00001A803F0CDFE0546002834D1E28D404B30
:1027D0005A6494F8243060F3410384F8243001F003
:1027E00053FAD4F8E0305969431E0E68DBB2FD2B72
:1027F000049624D84B680128059330D10126DF1CAC
:1028000006D90133334B5B6846D0DA1C41D80593B7
:10281000024604A9204601F0F9F9002E7FF471AFB9
:10282000D4F85431990529D494F8243043F00203A4
:1028300084F8243065E7022528460FB0F0BDF71C68
:1028400013D9244B01361B6818BF0126DA1C1BD88C
:1028500004934B68FF280593D1D00020D8E70246A7
:10286000204604A901F0D2F94BE74B68FF280593F5
:10287000C4D02A46F4E79F6A7F0E64E720464FF4EF
:10288000803118F0CEF93CE7FF284B6813D0059350
:10289000C3E7FF28C1D1E0E7DE1C06D80246204688
:1028A00004A9059301F0B2F9BAE7FF28B8D10022D4
:1028B000204604A9F6E701200593A0E7FC4F00B0ED
:1028C0002C2A0020003F00B0000002B800C002B86F
:1028D000008001B8D431002038B590F83C5104464E
:1028E000002D37D01CF02DFA1F221B4B013D1A651D
:1028F0001540A3F580531D65D4F84021A3F58053FE
:102900009A67D4F84421DA67D3F84031DB071AD547
:10291000D4F8E430DBB11A68122A18D9196D4FF0D7
:10292000FF3320290A4628BF202219B1C2F1200214
:102930009340DB43084AC2F84431D4F8A020134046
:10294000064AC2F84431BDE838401CF0F5B94FF0F2
:10295000FF33EFE738BD00BF006001B8005001B899
:102960002DE9F0410B460646154611B92120BDE878
:10297000F081002AFAD0032905D8002201F01EFCBC
:1029800003460028F2D01C889A78B4F5804F02F0F4
:10299000070180F08680A1F1070C1879DF88DCF14F
:1029A000000343EB0C0305292B7394BF0023C2F3F0
:1029B0000013C2F3801C6B73930985F810C003F0F9
:1029C0000203C2F3C00C43EA0C03C2F34012E874E2
:1029D0006B74AA74D6F89430AF82D8064DD40639F9
:1029E00001294AD8B6F81280F76908F1FF38083C87
:1029F00004EA0804395D2C4B80295B6D08BF6FF039
:102A00007F014FF000031CBF323949B2A973AB609C
:102A100096F82600013404EA080460BB3B5D5B01C4
:102A200003F47E63FF2B9CBFDB43D8B2D6F8EC30B7
:102A300003B19847631CE87303EA0803F95C0133A8
:102A400003EA0803FA5C013303EA080341EA0221BE
:102A5000FA5C013303EA0803F85C41EA024100230F
:102A600041EA00616A7C304603F0F0FF06232860EB
:102A7000AB7100207BE71846DCE700230020EB73F6
:102A80000A4BDA69C2F30723120448BF63F0FF035D
:102A90005AB212F1800F1CBF323B5AB2AA730346DE
:102AA000E5E7022063E700BF004000B800C000B8BF
:102AB000F8B507460E468C88FFF780FC97F826701D
:102AC0000546082F737C0CD1012B0AD80146012042
:102AD00003F0B0FF421C01D10220F8BDE300033334
:102AE0000EE0053FFFB2012F8CBF002001202946D8
:102AF00003F0A0FF431CEFD0012F4FEAC403EED92F
:102B00000E4A0344D2F8AC10326801F01F01A2EB68
:102B1000C10203213260B171002DDDD0B3F5803FD9
:102B2000DAD84FF22440690900FB03132D09B3FBE7
:102B3000F5F3D21A00203260CFE700BF003E00B0AC
:102B400070B54FF03A434FF480640A4DD3F81861E2
:102B50000020C5F81841C5F8144104F079FD4FF480
:102B600000532B67730542BF034BC5F81441C3F8EC
:102B7000184170BD002000BA001000BA082310B13F
:102B8000024A53647047024AFBE700BF001002B8D4
:102B9000002002B82DE9F04104460E4619B990F81C
:102BA00024305A064AD44FF6FF73618ED4F8E4708D
:102BB000994204D0334B1B680BB120469847324DE5
:102BC0002B68BB4256D0314B1B6833B1002F54D019
:102BD000396801B1B968204698474FF00708204688
:102BE00001F0C4FC002E3AD0294B93F90030C3F118
:102BF0001C0317B197F926209B1A062094F9276029
:102C000024499B1B0A6ADB0222F4FF2203F4FF2300
:102C100013430B62D4F8E4201F4B2A60986701F03D
:102C20006FFE002501211D4A1D4B1170204683F8BF
:102C3000845018F0CAFB2846BDE8F0814FF6FF71BA
:102C4000114DD0F8E4702A6866F38613BA424186C3
:102C500080F82430B7D101F089FC4FF00108114A07
:102C60004346D2F8FC1004F1F800A2F65C7203F0BF
:102C700071FEB9E74FF00108B1E7394620469847A1
:102C8000ABE700BF342A00202C2A0020302A002085
:102C9000772D002000C000B8006000B8792D00201A
:102CA000003F00B0004F00B0054A12681AB190F81A
:102CB0001E1119B91047084602F082BC014870473E
:102CC000282A002000FEFFFF3A4B2DE9F7431C683D
:102CD00001F4007900F00103174653EA09020646A1
:102CE0000D4640D04FF0000893B30023002201208E
:102CF0000021CDE9008804F01FF841462046FFF787
:102D0000D3FF012241462086104617F000FED4F87A
:102D1000941004F1F80002F0B9FC27490868FEF7A6
:102D200005FF4FF0FF330B60244B1A68511C06D08F
:102D30006FF07E402249C863A1F58051CA634FF00D
:102D4000FF321A6094F8243043F0040384F82430EE
:102D5000B9F1000F07D00121204617F062FF25F4DA
:102D6000007506430D432B4632462046FFF724F8F4
:102D7000FB070FD51349144A086800211368116036
:102D80000121124A117003B19847114B0021022012
:102D90005B68984717F00E0F08D04FF4FD723B2187
:102DA000002003B0BDE8F043FEF75EBA03B0BDE813
:102DB000F08300BFBC270020BC310020B8310020C8
:102DC00000E000B83C2A0020402A00207A2D002094
:102DD000B031002008B558220021064818F0ABFC9D
:102DE0001022FF21044818F0A6FC05F077FA002015
:102DF00008BD00BFF43E00B0383F00B073B5862177
:102E00006F22A0F814118221C0F80021C0E94112FC
:102E100064220C23C0E9432207224FF0FF3500262D
:102E200080F830314FF6FF730446C28700F14C0240
:102E30008264204AC385A0F840304263038780F84B
:102E40002930438580F82760C0F8A450458680F873
:102E50002C5004F053F92046FFF7BCFF0122164B1B
:102E60002046C3F8382294F92710FFF7E5F86023CD
:102E7000124A41F6FF71D3644FF03A421163116771
:102E80000F4A2946D36440220E4B20465A64D4F898
:102E90009420FFF74DF90E230022CDE9003340F2D4
:102EA00002231046194603F047FF01F0F5FA3046B9
:102EB00002B070BD4000FFFF005001B8004000B8F4
:102EC000005000B8002002B810B50C46FFF782FF92
:102ED000CCB1A378082B18D8E278082A15D843EA91
:102EE000021313F0FF030CBF19466168084AC2F8C9
:102EF000F410217882F84811617882F84B3182F819
:102F0000491105F0EBF9002010BD2120FCE700BFBE
:102F1000003E00B00129F0B51ED8EAB10F4C8B007D
:102F200094F84B0194F84A51184100F00F00002327
:102F3000082828BF082084F84A3104EBC101DEB21A
:102F4000B04203D8002084F84A51F0BDD75CCE18B7
:102F500086F838710133F2E72120F6E7003E00B031
:102F6000012A10B512D8032B10D803EB82020123DB
:102F7000074C934094F84A01DBB221B1034300208F
:102F800084F84A3110BD20EA0303F8E72120F9E76D
:102F9000003E00B0044BD3F8F03E13F0806F14BF36
:102FA00023200020704700BF003000B00246F8B573
:102FB000B0F8344100F1F805FFF7ECFF0B688E68BC
:102FC000013304BFD2F800310B604B68013304BFFA
:102FD000D2F80C314B60771C3BD1D2F80831CF6866
:102FE0008B607E1C3CD1D2F804610F69CE60013742
:102FF00004BFD2F8F8700F614F69013704BFD2F8EF
:10300000FC704F618F69013704BFD2F810718F6176
:103010008F6967BBC0F1640408688C6110B16F28C8
:1030200038BF6F20C2F808314B68C2E94006C2E9D8
:1030300043340B692846C2F8F8304B690F49C2F88F
:10304000FC30D1F8FC1007230D4A03F083FC00206C
:10305000F8BD04F16F031B1AB34238BF3346BEE715
:1030600004F18606361ABE4238BF3E46BDE76F34CD
:10307000241ABC4238BF3C46CEE700BF004F00B028
:10308000A43F00B038B50446074D21462868621CAD
:10309000003818BF012002F07BFD2B680020003BA8
:1030A00018BF0123A37038BD442A002038B5054C51
:1030B000054B417800782568236002F0F3FC00B1ED
:1030C000256038BD442A0020B411040870B51BF0F7
:1030D00038FE05460B4E00F00BFA012805D02846B5
:1030E0001BF02AFE0224204670BDF36813F0706FB7
:1030F000F1D1F46814F08054EDD128461BF01CFE89
:10310000F1E700BF000002B80A4B10B51B68044687
:1031100073B1094B48B10121084A1A60022003F03B
:10312000EDFA0020064B1C7010BD01461860F5E753
:103130000220F9E7442A0020482A0020AC110408A4
:103140007B2D0020014B1878704700BF7B2D00209D
:1031500038B51BF0F6FD4FF6FF710A4A13888B4213
:1031600003D11BF0E9FD0E2038BD074C074D1B04B1
:103170006567A4F58054636711801BF0DDFD0020B6
:10318000F2E700BF20320020006001B80000FFFF1E
:103190002DE9F74304460F4615461E46FEF7D0FEBE
:1031A00028B3204617F078FD78B97A4BD3F8F02E83
:1031B0001EB10E2003B0BDE8F08302F03003102BE7
:1031C000F7D002F0C002402AF3D0DFF8F88103F014
:1031D0007FFAD8F81430D907EBD51BF0B2FD0646BC
:1031E000032001F0FBFD20B130461BF0A5FD0220BD
:1031F000E0E7D8F8142012F00608F5D130461BF0AD
:103200009BFD644B4FF400612046D3F8F09ED3F849
:10321000C86E05F01DF840B14FF4007201215E4BFD
:1032200008465A64424617F072FB94F82530DA07D4
:1032300007D5D4F894305B0542BF4FF40022574BBA
:103240005A6439462046FDF739FF524BC3F8F09EC9
:10325000C3F8C86E0028ADD194F82430980601D484
:10326000002D58D0C5F3400004F0DEF8022315F419
:10327000807F1FBF494A002153644FF03A420BBF81
:10328000454A91615364536304F008F94FF4806335
:1032900015F0040F14BF424A424A15F0400F13655F
:1032A0004FF004023C4B28465A644FF0400314BFD1
:1032B0003D4A3E4AC2F8B830FEF74CFD204617F0B2
:1032C00080FF38B14FF4807315F0010F14BF334AFB
:1032D000314A5364A90647D54FF6FF72B4F840301F
:1032E00093420FD0324A3349526F100CC2F301128D
:1032F0000132B3FBF2F30880294A2A492E481B0405
:1033000048675367003D18BF012594F8243065F3E2
:10331000451384F82430204618F054F8F0B12046C4
:1033200017F04FFFD0B14FF40031204604F090FF6A
:10333000431C03229BB2214801A918F0B1F89DF863
:10334000042002F00703052B9DF8053015D1120764
:103350000DD443F480731A4AC2F8D030002003B071
:10336000BDE8F04318F0DAB8FFF7F2FECAE713F051
:10337000040F09D19DF80630EBE703F03002202A54
:1033800005D113F0010FF4E74FF48073E3E79DF8E4
:103390000630E0E7003000B0002002B8001002B8AC
:1033A000005001B8006001B800D000B800E000B8DB
:1033B000004001B8203200200000FFFF0C0000BADE
:1033C000003E00B000C001B808B50B4BD3F84C115B
:1033D0004B1C10D011F080410DD1084B1B6813B16C
:1033E0000320FEF729FD4FF08062054B1A6501228C
:1033F0005A6102229A6208BD0080E00FBC270020BB
:10340000001002B84FF40022034B586C03F5005330
:103410005A64C0F3C0407047000002B8024B034A30
:1034200000201A60704700BF302A0020111A0208DD
:10343000024B586900F00100704700BF00C001B89E
:1034400008B50D4B5A69D10710D518B9BDE8084029
:1034500001F0A2BB5B69DA070DD401F08FFB0323F7
:10346000064A1364A2F58052536404E05B69DB07EB
:1034700001D40028F1D108BD00C001B800A0095056
:1034800090F92430002B0CDA4FF08053064A29B112
:103490009360A2F58052D36000207047D3609360A0
:1034A000FAE70E20704700BF006001B84FF080635C
:1034B00010B1024A53617047014AFBE7001002B89D
:1034C000002002B8202350B1064AC2F8F433064B5C
:1034D000196C11F0020104D1032003F00FB9034A63
:1034E000F3E77047001002B800C002B8002002B82D
:1034F0000F4BDB68C3F30363013B0B2B0FD8DFE8F3
:1035000003F006060C06060606080A08080802204C
:103510007047042070470520704703207047054B13
:103520005B6913F0060F0CBF01200420704700BF39
:10353000000002B800C001B8094AD368C3F30363AE
:103540000B2B08D06FF49050184100F0010080F070
:10355000010040007047506C10F48030EDD170478E
:10356000000002B80C490D4ACB68C3F30363062B75
:1035700007D8042BD8B20BD8C31E5842584140007C
:103580007047072B06D1D1F868011040ECD1704785
:103590000220704700207047000002B85FFFF9FF6B
:1035A000094BDB68C3F303639A1E012A8CBF002218
:1035B0000122012B02701EBF4FF4026222FA03F3B4
:1035C00003F001030B707047000002B811F0010313
:1035D00011D09AB9552391FAA1F193FAA3F34A08AD
:1035E0001B0F490042EAC37201F00203C0F8A02099
:1035F00080F82830704722B9AA23ECE70023024A5A
:10360000F4E7014AF2E700BFB75635120F2370B551
:103610001B4C11F0010F63671A4B14D09AB90122A9
:103620005A674FF0FF32C4F84421D0F8A020C3F805
:1036300044214FF07042C4F8482190F82820120726
:10364000C3F8482170BD4FF0FF3602255D67C4F80E
:103650004461D0F8A060C3F844614FF07046C4F8EC
:10366000486190F828402407C3F84841002AE9D06F
:10367000836C19604FF03A43C3F8F450E2E700BF9F
:10368000006001B8005001B813B590F82630044628
:10369000033BDBB2072B96BF134A0021D15CFEF738
:1036A000C5FB012001F0DEF94FF4F0620F4B002062
:1036B000DA644FF40072A3F58053DA6494F826308C
:1036C00001905A1F012A0AD80421094B0DEB010071
:1036D0009B6F0193012200F007FC02B010BD093B73
:1036E000012BFAD80121F5E7C0110408006000B8E9
:1036F000004001B8012310B580F816312823C0F826
:10370000FC300423044680F82630044B196817F077
:103710000DF92046FFF7B8FF002010BD582A002001
:10372000012310B580F816312823C0F8FC3002239D
:10373000044680F82630044B196817F0F7F8204645
:10374000FFF7A2FF002010BD40050408012910B5B5
:10375000044604D90239012915D90E2012E00C4B78
:1037600019680523012284F816214FF4BC7284F8ED
:103770002630C4F8FC20204617F0D8F82046FFF782
:1037800083FF002010BD034B19680623EAE700BF42
:103790003805040834050408012310B580F81631F3
:1037A0004FF4BC73C0F8FC300823044680F8263080
:1037B000044B196817F0BAF82046FFF765FF0020A0
:1037C00010BD00BF3005040838B5194B04461D680C
:1037D00045B1EB6833B1286801F00CFEAB6818689E
:1037E00001F008FE134B144A1B6813602BB1DA6812
:1037F0001AB19B68186801F0FDFD104B1B682BB1D6
:10380000DA681AB19B68186801F0F4FD0C4B1B686C
:103810002BB1DA681AB19B68186801F0EBFD2046FD
:10382000FFF77EFF2046BDE83840FFF72DBF00BF01
:10383000400504083C050408582A002038050408FF
:1038400034050408F8B5D0F8403104468B420D46E3
:10385000164603D190F83C31202B0ED03246294633
:103860002046FFF7B3FE202384F83C310023C4F840
:103870004051C4F84431FFF72FF84FF00077074B61
:1038800032465F6429462046FFF7C0FE8022044B83
:103890001A6103F500535F64F8BD00BF001002B861
:1038A000000002B8072330B5144CE363144B61B930
:1038B0004FF480424FF48041C3F80811C3F80C2143
:1038C000C3F81021C3F8142130BD44250D4940F040
:1038D00040004D6388630121D9634FF480414AB1B0
:1038E000C3F80811054BC3F80C11C3F81011C3F845
:1038F0001411E9E7C4F80811F4E700BF006000B84C
:10390000005000B8004000B82DE9F74F90460193F1
:1039100005460F461BF015FA064603F053FE95F8D0
:103920002630033BDBB2072B96BF4B4A4FF0000B10
:1039300012F803B0032F11D8DFE807F002151C239B
:103940000222464BDFF83891D3F800A085F82620F4
:10395000012285F81621BAF1000F17D12124204643
:1039600003B0BDE8F08F3E4B0422D3F800A0DFF88F
:103970001491EBE705223B4BD3F800A0DFF8089148
:10398000E4E7394B0622D3F800A0F7E7D5F8DC20AE
:10399000524507D0504600F0C3FC0022C5F8DCA019
:1039A000C5F8E02041462846FDF778FA044603F0C2
:1039B00049FF5F4507D0D5F8E02028461268DAF8BD
:1039C000041017F087FC019BDFF8C0A0A3F16F0083
:1039D00001F084FAB0F57F4F3FBF244B9B6B01335E
:1039E000C018A0F57F40CAF8CC00484602F020FF7E
:1039F000CAF8D0002CB941462846FDF79BFB044687
:103A000018B130461BF098F9A9E701224FF00209DE
:103A1000174B41465A642846C3F80890FEF750FBFE
:103A2000044618B1134BC3F80890EAE73946284614
:103A3000FEF7FCF928460C9917F01CFA04460028FA
:103A4000DFD10D4907230D4AD1F8FC1005F1F8002C
:103A500002F080FFD5E700BFC0110408400504084C
:103A6000582A0020380504083405040800C001B8AD
:103A7000001002B8002002B8004F00B0A43F00B010
:103A8000D0FB010050BD0100501C0700003E00B0FB
:103A9000034BD3F8F80780F00070C0F34060704724
:103AA000000002B810B590F82630022B08D11B4B4D
:103AB000D3F89C1031B9C28D272A0ED90E2002E00E
:103AC000042B01D0002010BD144BD3F89C30002BE8
:103AD000F8D1C28D272AF1D80121114B1868114B5A
:103AE000984214BF31246FF003040C4818BF002320
:103AF000A0F8B64008BF012350246343282404FBE8
:103B0000013309491944895CFA31A0F8BC1007490E
:103B10000B449A5C064B1A70D4E700BF003E00B01D
:103B2000802A002000F04902B8120408C8110408D5
:103B30007C2D002010B590F82600A0B1304BD3F8B2
:103B4000A42012F0060F01D004280DD94FF47062A2
:103B50002C4BDA604FF48072A3F58053DA600022B8
:103B6000274BC3F8A02010BD02F0020412F004029B
:103B700002D00B789B0637D4002C39D00B7803F099
:103B80000F03072B34D14B78022B31D98B7813F0EC
:103B90003E0F2DD0CC7814F0040F29D014F0010F73
:103BA0000CBF04230A23A40748BF0633CB5CFBB138
:103BB000002A14BF02220122042840F6FF7003F0FD
:103BC0001F0108BF4900013940EA01310E48016573
:103BD0004FF470600B491202C860A1F58051CA60B1
:103BE000074AC2F8A030BEE7002CC7D18B7823B9B2
:103BF0000023054A13650122EAE70222DCE700BF41
:103C0000003E00B0006000B8004000B810B5124B94
:103C10000C68C3F87842C3F87C42C8B1D0F8E030F1
:103C2000B3B15B69A3B1501EC0B2FD2812D90134F3
:103C300004BF6FF0010008600868FF2A186007D110
:103C40004A68013202D16FF001024A604A685A6044
:103C5000002010BD012AF2E7004001B8FF2818BF7C
:103C6000C3434FF0180108BF1023064A18BFDB00FA
:103C7000C2F8FC1318BF03F00803A2F58052C2F883
:103C8000FC337047002002B8024BD3F8F807C0F3AA
:103C9000C0407047000002B84FF03A43D3F81421F7
:103CA000D2031ED54FF480320E49C1F81421A1F57C
:103CB0008051C1F818215A6DD1B2C2F30722C3F85E
:103CC000A410C3F8A4200422C3F8A4200022C3F83F
:103CD000A420C3F8A420C3F8A420C3F8A420C3F8E8
:103CE000A4207047002000BAF0220B4B01219A64F7
:103CF000A022A3F580539A644FF03A43826CC3F834
:103D0000F410FC21C3F8CC10C3F8D0204FF40052BB
:103D1000C3F8F020704700BF006000B8F8B54FF05E
:103D20003A440D46174606461BF00BF801230422C1
:103D30006363084BE76026616561C3F814214FF0A7
:103D40000042054BC3F880211AF0F6FF0DB10223A3
:103D50006363F8BD002000BA00E100E02DE9F04106
:103D600005460124006800F00700063004FA00F35D
:103D7000A868EC685E1EA04262D000EA060E6C687D
:103D800010441E430640A3EB0E000EEB040C8242CF
:103D9000644618D9D31A0EEB030298B1431E052BC3
:103DA00004D94B1CACEB0303022B59D80B46084437
:103DB000ACEB010E03EB0E0113F8014B83420C70C8
:103DC000F8D101466C688AB1531E052B01F101033D
:103DD00002D9E01A022812D80A44611E00E0013319
:103DE00013F8010C934201F8010FF8D11AF0A9FF62
:103DF0000223AE60AB62BDE8F0411AF09DBF0B46F6
:103E0000204622F0030E8E4453F804CB734540F84D
:103E100004CBF9D122F00303D01A920701EB030C73
:103E200004EB0307E2D0CA5C0128E254DED09CF820
:103E3000013002287B70D9D09CF80230BB70D5E7E6
:103E4000042A35D90878043AA86148780431A86171
:103E500011F8020CA86111F8010CA861A8688CE7A0
:103E60000B4620F003070F44ACEB010E1C684EF824
:103E700003400433BB42F9D120F0030310F0030FD9
:103E800001EB030EA0EB03040CEB030728D011F8A1
:103E90000380012C0CF8038022D09EF80130022C04
:103EA0007B7018BF9EF80230084418BFBB7088E7CB
:103EB000013A032A12D8DFE802F00F1507020B4679
:103EC00013F8012B1946AA610A4612F8013BAB61AF
:103ED000114611F8013BAB610B78AB61BDE8F08195
:103EE00008446EE70A46F3E738B50B461546014627
:103EF0004FF03A4468B101221048C4F8F4201A4641
:103F0000FFF72CFF25B14FF03A430422C3F8F42009
:103F100038BD73B1D4F8D8209A4284BF0122C4F8C6
:103F2000F4204FF03A42C2F8D4300223C2F8F43001
:103F3000E8E70123C4F8F430E4E700BFCC0000BA9E
:103F400038B504461AF0FDFE4FF03A420121638F66
:103F5000054651674BB3B3FA83F3C3F11903DBB2E0
:103F6000A069C2F8B410C2F88C300723C2F89000E0
:103F7000C2F8B0304FF4A02302F50052C2F8143159
:103F8000A2F58052C2F8183100220C4B1A600C4B7B
:103F90005B6C5B0209D54FF480020A4B04F1F80018
:103FA0005A64D4F8941001F071FB4FF4E0232846D2
:103FB000E363BDE838401AF0BFBE00BF5C2A0020B2
:103FC000000002B8002002B82DE9F84305460C466F
:103FD000B1B1D0F81880478F1AF0B3FEB5F83CC0E5
:103FE000791E01EA0C0323F00702032C0646DFF8D2
:103FF000F8E042445FD1DEF8004024B91AF09CFE9C
:104000000E20BDE8F88324F00104DEF8000020F063
:104010000100A04254D10023CEF8003023889442FE
:104020006FEA43436FEA534323803FD1EB8F08EBA2
:1040300007091846083880B202F108044C4528BF29
:104040004446082804D9B4F800E0BEF5804F41D2B8
:1040500063440F431B1A3B409BB2AB87E8879478BD
:1040600011884FF03A42C1F30C019165C2F89830C3
:10407000C2F8B0004FF48022174B04F00704C3F8D5
:1040800014214FF00042154BC3F88021FFF704FEC6
:10409000042C0BD14FF48002114B05F1F8005B6C3E
:1040A000104B5A64D5F8941001F0F0FA30461AF02B
:1040B00043FE0020A5E7601E012898BF1446A4E730
:1040C000E88F4344E31A48BFDB1908389842A5DC5F
:1040D000304693E72246ADE7002000BA00E100E059
:1040E000000002B8002002B85C2A0020154B10B571
:1040F0001968CA8F8B8F488F13440138073B8C692E
:10410000034023F007031C4402F108034FF03A4236
:104110009BB2CB87C2F8B0304FF480220A4BC3F871
:1041200014214FF00042094BC3F88021A07800F021
:104130000700042803D1064AD3681B03FCD4054BAF
:104140001C6010BDBC270020002000BA00E100E088
:10415000000002B85C2A002010B5064C216839B175
:10416000CB0703D4044B1868FFF72EFF002323600E
:1041700010BD00BF5C2A0020BC2700204FF4803215
:104180000C4B0D49C3F818214FF03A43C1F81421E4
:10419000D3F8AC10D3F88C20012302F007020632CA
:1041A0009340C1F30C01083B994201D8FFF774BD5D
:1041B000704700BF002000BA001000BA2DE9F04798
:1041C00080460C4616468769458F1AF0BAFDB8F846
:1041D0003C2005F1FF3C02EA0C0323F00701032C0D
:1041E00082463944B8F83E0019D14A4C24689CB93B
:1041F0000244073A02EA0C0222F00702BC183B44D0
:10420000E31A48BF5B19834210DB50461AF094FD55
:1042100000242046BDE8F08724F00104EFE7012CDC
:1042200002D0022CEBD108380C46E8E7002E3FD034
:104230008C4241D14FF03A42D2F858904FF03A4177
:10424000D1F8AC20B8F81270C2F30C02934247DAEE
:104250002588B5F5804FD8D2A378C5F30C0503F0B7
:1042600007037A1EA5EB09053A43052B337005EACF
:1042700002052DD82DB2E84340F23D420421C00F83
:10428000FCF7F2FF7580E3783374D8F81C207B1EAE
:1042900003EA0903D118B160A9B213FA85F5AF4258
:1042A0002FBF0023FF1AB780F26024BFB180F360F4
:1042B00050461AF041FDACE7A4F10802974284BFD2
:1042C000ED0802EBC502B2F80090C9F30C09B5E79E
:1042D000114B5B6D003B18BF0123A5EBC305C9E77C
:1042E0004B6D7A1EA3EB09033A431A400B4915B2F2
:1042F000002DCB680BDCC3F30363D81E434243415C
:10430000DB003370CB6C72801B0A3374BDE708236B
:10431000F7E700BF5C2A0020004000B8000002B8A8
:10432000054BA822D3F84C013121431C0CBF0120BE
:10433000C0F38070FCF798BF0080E00F10B50F4B02
:104340001C78ACB90E4BD3F8F8375B0309D490B1A5
:104350000F23441EB4FBF3F410300444E4B22046AF
:1043600010BD40F61D023F212046FCF77DFFF6E719
:104370000001C4B2F3E71024F1E700BF22320020AD
:10438000000002B838B5294D0446297819B9202211
:10439000274817F0D0F92378264A61881370518096
:1043A0004FF2F0022449C1F8C821244A4BBBA1F5C1
:1043B0000051D1F8F81711F4002F4FF0FF011CBF86
:1043C0001F48C0F8DC3011704FF040731A4AC2F831
:1043D00034311C4BD3F8F83713F480230BD14FF44E
:1043E0007F01C2F830111849C1F8303148F2C801D4
:1043F000164BC3F8F4100723C2F8FC330122124B0A
:104400000DE000240E48022BC0F8DC404FF0FF0006
:104410001070D9D107230422C1F8FC330A4BC3F82A
:10442000FC23012300202B7038BD00BF7D2D002010
:10443000E03F00B022320020002002B84E320020BF
:10444000004001B8000002B8001002B8003F00B000
:10445000034B1A6802609B8883800020704700BF6E
:104460002232002010B5044600F0D6FE094BD3F8E6
:10447000F80734B900F44020B0F5402018BF0120FF
:1044800010BD022C0ABF80F400300020C0F3404071
:10449000F6E700BF000002B82049D1F8FC37FF2B37
:1044A00031D01F48C3F303120270D1F8F81703F09C
:1044B0000F0309035BBFC2EB02120F3B02F1FF3295
:1044C000D2184ABF03EB0213D3B2DBB2154A164926
:1044D00013700978154B1A68E9B1B2F1A06F1AD3BD
:1044E000D3F85012124A134BB1F1FF3F18BF1346D5
:1044F000114A136041F66A02104B1B68B3FBF2F3DA
:104500000F4A13607047D1F8F83713F4002F0CBF2F
:10451000B4235A23DAE7074BEAE700BF000002B8EA
:104520004F3200207F2D00204D3200200080E00F10
:104530005082E00FA8130408602A0020802A00207F
:10454000642A002020B1022804D1034B1878704758
:10455000024BFBE7002070474F3200207F2D0020E8
:10456000014B1868704700BF682A00202DE9F74FFB
:10457000D0F8A4404C22022C38BF02247B49013CD5
:10458000CB6CD1F8DC507A49C3F38213DA400B6864
:104590000646A34290F83071764BDFF800A2DFF8B0
:1045A0000092DFF8008202F0010216D118789042E2
:1045B00013D19AF80000B8420FD1D6F8A80060B124
:1045C000A8420AD196F82B5099F80000854204D1F0
:1045D000B8F8040003B0BDE8F08F98F800001A7036
:1045E0000C60FFF7AFFF0346002A00F09180042320
:1045F0004FF07F41604AC2F8BC30604BC3F8BC103A
:1046000096F82B301B06C2F8BC30002040F2712215
:104610005B4B19211B68B3FBF2F36343182BB3FB0D
:10462000F1F14FEA004400F29380002C00F09B80EF
:10463000B4FA84F2C2F12002C2F10F03012B38BF99
:104640000123D440A14201D2013B6408421C03F083
:104650001F0152008A40121BDFF838B19208CBF8D4
:10466000B0201A0242EA03121343019300EB002325
:1046700000EB0325434B40F6970218682B210038C6
:1046800018BF0120FCF7F0FDFA223E4B02FB04F0BC
:104690001B6840F6FF72B0FBF3F00A2358433A4B15
:1046A00000F57A74C3F8D820019AA3F58053C3F8B3
:1046B000D820364AA3F58053C3F8DC50D2F8F82747
:1046C000520308D4D3F8DC3003F47F02C3F303535E
:1046D0001343CBF8FC30C6F8A8502D4D00F6B83087
:1046E0002C6002F0A5F84FF47A722A4BC3F8A400AC
:1046F000C3F8F8002B68B4FBF2F0B3FBF2F3A8F8B0
:10470000043096F82B308AF8007089F8003061E7A1
:1047100096F82B00984228BF1846C0B22FB1022F3E
:104720007FF473AFFFF70AFE70E7184BD3F8F83742
:104730001903F7D450B10F230138B0FBF3F0013067
:10474000154B1B68034413F8010C5FE70120F7E7E2
:10475000B1FA81F23CB1B4FA84F3D21A002A3FF7DD
:104760006BAF0F236EE70F2370E700BF004001B867
:10477000CC3100207E2D0020001002B8002002B8AD
:10478000802A0020642A0020006001B8000002B8DE
:10479000682A0020003F00B0602A00204C32002030
:1047A0004B3200202232002038B5254B05461A78BE
:1047B000244C0C2A02D1FF20207038BD104616F080
:1047C000B2FE01461046FFF7BDFEA84228BF2846AC
:1047D000C0B2884238BF08462378C0B28342ECD0CA
:1047E00020703ABB184BD3F8F83713F4002321D1CB
:1047F0004FF2F001154AC2F8C811C8B10F230138B1
:10480000C0B2B0FBF3F3591CC3EB0313C01A431C33
:104810000D4A1B01D2F8C80143EA01330343C2F831
:10482000C831D2F8C8210A4BC3F8FC202078C4E76D
:104830000121EDE7074B1868FFF798FEF6E700BF88
:10484000223200204E320020000002B8002002B8C0
:10485000003F00B0BC270020014B1870704700BF1C
:104860004D32002010B50446FCF714FA78B1154B10
:104870001B786BB964B1144B1B784BB1134B1B788D
:10488000013B012B04D84FF40042114B1A6510BDB7
:10489000104B1B6D1B04FAD41AF053FA044602F0B5
:1048A000FDFD4FF400420C4B2046BDE810401A6558
:1048B00002220A4BC3F8D4240422054B5A641AF08E
:1048C0003BBA00BF802D0020812D00206C2A0020E3
:1048D000002002B8000002B8001002B800D0035057
:1048E0000122024B00201A70FFF7BCBF802D002070
:1048F0000022024B01201A70FFF7B4BF802D002068
:10490000054BD3F8843013F0030F4FF4802314BF0A
:10491000024A034A93647047004000B8005000B850
:10492000006000B873B5054600F076FC01213A201E
:10493000E5F76CFF3D4C3E4B00201D70FFF792FFEA
:104940002378013B012B08D8E37B01A88DF80430C4
:10495000237C8DF80530E3F7CFF80022354BC3F800
:10496000D424A5B94FF6FF71334AC2F88410F82158
:10497000A2F58052C2F88410C3F8D4542F4B4FF0E4
:1049800080421A650020FFF7BBFF02B070BD62686D
:104990005AB32B4B1B6803EB5203B3FBF2F3013BFF
:1049A0001B0243F0F80326782349022E254A1ED025
:1049B000032E4FF6FF751F4826D0012E2FD143F04E
:1049C0000203C1F88450C2F884300723C0F8D434FD
:1049D000E37B01A88DF80430237C8DF80530E3F7E4
:1049E00063F80120FFF73EFF17E0F823DBE74FF6FF
:1049F000FF7043F00103C1F88400C2F8843006223E
:104A00000C4BC3F8D424E3E743F00503C1F884500A
:104A1000C2F884300423C0F8D4340B4BAFE7C1F89C
:104A20008450C2F884300023F5E700BF6C2A0020D0
:104A3000812D002000C00350006000B8002002B8A3
:104A4000802A0020005000B8001002B8034B1B6DF4
:104A5000002BBCBF024BC3F888007047000002B8AF
:104A6000004000B84FF0006338B1064A1365064BAA
:104A70004FF40032C3F884207047044A1365044B96
:104A8000F6E700BF001002B8005000B8002002B8DE
:104A9000006000B82DE9F04700F018FC4FF47A767A
:104AA0002D4BB0FBF6F618604FF4FA7373430746CC
:104AB0002A48190E1B021818294A4FF0000341F129
:104AC000000103F045FC274BA0F5807205461A63F0
:104AD00020B946222B21FCF7C7FB01254FF47A723F
:104AE0004FF0000A6A4353465008310203F030FC8D
:104AF0001C4B1D4AB7F57A7F9A601C4B4FEA05683C
:104B000019601B4B8946044618604FEA152505D2EB
:104B10009B222B215046FCF7A7FB01264FF47A730A
:104B2000A8FB030103FB05117308C01841F1000144
:104B30000023324603F00CFC0E4B023419600E4B7E
:104B400049F10009A408186044EA8974054B013C46
:104B50009C63BDE8F08700BF802A002020A10700E9
:104B600040420F0000C001B802110100902A00204D
:104B70008C2A0020882A0020842A00200822044B46
:104B8000C3F884215A600122024BDA60704700BFEB
:104B900000E100E000C001B80822064BC3F8842100
:104BA000C3F88420BFF34F8FBFF36F8F0422024BF3
:104BB000DA60704700E100E000C001B810B50446BB
:104BC000A242A2EB0000A3EB010104D2034B013986
:104BD0009B6B0133184401F0030110BD00C001B804
:104BE00038B501250A4B02019D504FF480730446ED
:104BF000084A834053661AF0A4F8074AA540137880
:104C000023EA05031370BDE838401AF095B800BFD9
:104C100000E101B800E001B88A2D00202DE9F84F2D
:104C2000164605468A461F461AF08BF8022E00F0FB
:104C3000918080461AF08EF85A4B5B4AD3F8209048
:104C400092F869405A6EE4B2520744BFD3F82090FC
:104C5000013404F003041AF078F84846214600F0C5
:104C60002BF98446DAF80000012E04BF01306044BD
:104C7000ACEB000C08BFCAF80000BCF1804F7DD33C
:104C800000F02CF98145A1EB040188BF454BDFF80A
:104C900038C188BF01F1FF3101F0030188BF9B6B70
:104CA000A0EB090E0CF80510A1B1F90742BF41F6BF
:104CB0001F723E4B5A67BA0742BF3C4B3C4A5A6789
:104CC0007B0742BF0022374B9A673C0742BF002256
:104CD000344B9A6511244FF0010A324B05F1100252
:104CE000120103EB051BCBF80C0132499C501A6AE8
:104CF0000AFA05F4586E0B78A2EB0902E4B22343DA
:104D000072450B7025D34FF48073AB40034220D122
:104D10001CF80520002A40D10EB3274AF807536635
:104D200007D541F61F7140F20110204B59675067BB
:104D30005967B90706D51D4B1D4A1F491F485A67B9
:104D400048675A677A0742BF01221D4B1A613B0729
:104D50001AD4404619F0F0FF0120BDE8F88F194A37
:104D60002D0142F805A042F89C3C19F0EAFF1149D8
:104D70000B7823EA04030B7019F0DEFF404619F0AC
:104D8000DBFF0020BDE8F88F2120FFF75FFE4FF426
:104D90008032044B4046DA60DCE7074A40465366FF
:104DA000D8E700BF00C001B8003E00B000E001B885
:104DB00000001F1F8A2D002000D001B80000010153
:104DC000000002B800E101B8822D0020024B1878E3
:104DD000003818BF012070478A2D0020034B103087
:104DE0000001185800F00100704700BF00C001B872
:104DF000044B01F0F071103041F003010001195033
:104E0000704700BF00C001B870B50646FEF710FB42
:104E1000044608B1FFF7C0FE00230A4D3046AB61DF
:104E2000EB612B6200F05AF8074BC9B283F86910A6
:104E300028622CB1FFF7A2FE4FF08062034B5A6448
:104E4000002070BD00C001B8003E00B0002002B8D4
:104E500008B52220FFF7FAFD4FF48022014BDA60FB
:104E600008BD00BF00C001B838B519F073FF084B8A
:104E7000084A1D6A92F869405A6EE4B2520744BF6C
:104E80001D6A013419F061FF284604F0030138BDA2
:104E900000C001B8003E00B00346064A103302EBE2
:104EA00000111B01D1F80C01D158C1F3400116F0DB
:104EB00054BB00BF00C001B8064B1B68434303EB63
:104EC0008171054B1B68A3FB003013F1004341EBDC
:104ED00000007047882A0020842A00200C4A20F015
:104EE0004043014610B5002014684FF00042E4FB37
:104EF0000320084A890F126802FB0300064B9B6BD4
:104F0000984204D901330131C01A01F0030110BDE8
:104F10008C2A0020902A002000C001B840B183688C
:104F200033B10649C268096803F13043032A00D847
:104F3000704743F8041B043AF8E700BFC42A002076
:104F400070B51646054600B3F9B1F2B14268104B90
:104F5000006803321B68920800F13040984704460D
:104F600088B9EA68A86803323146920800F13040F7
:104F700016F013FB044630B9D5E90402214600F1CE
:104F8000304016F0D8FB204670BD2124FBE700BF5F
:104F9000D031002070B50C68651C15D0C4F30266D2
:104FA0009E42C4F3074530D1A4B294422DD804EBFD
:104FB0008506B24229D2141BA50824F003040E5919
:104FC000340F04D0012C08D00022212402E06B1CF5
:104FD00051F82320C0E9002470BD0E4C34F8133082
:104FE00042EA03431A686B1C51F8234001EB83012A
:104FF0004B6822405E4036F0704404D11B0F032BF7
:1050000004BF8B681A430024E4E7013501EB8501F6
:10501000C1E700BFBC13040807B501A8E6F770FCA0
:10502000254B2649D3F86022D2B2FF2A1DBFD1F802
:105030007801130243EA0213D1F878311CBF20F43F
:105040007F621343C1F8F8331C4BD3F8F8371903C8
:1050500054BF09200C20E6F78BFAC822184B42F205
:1050600001015A654FF4C02203F51043C3F86821CB
:105070004FF48032C3F86C21124AC2F8701202F564
:105080002042D2F8F827120308D44FF470610E4A78
:10509000C2F8A0104FF42062C3F8A02001220B4BED
:1050A000C3F8002403F53043D3F86821084B1A6095
:1050B00003B05DF804FB00BF0080E00F000002B801
:1050C000008001B8006001B8002002B8005001B8AB
:1050D000542A0020134B1B78002B20D0124B134A6C
:1050E00000201A60124B134A1A60134B134A1A60BD
:1050F000134B1A68134B1A60134B144A1A60144B63
:10510000144A1A60144B154A1A60154B154A1A6056
:10511000154B164A1A60164B164A1A607047022041
:10512000704700BF8B2D0020D02A0020B01C04083F
:10513000C82A002018140408CC2A002038140408B7
:10514000E4310020C42A0020E82A002000140408CA
:10515000E02A0020B8170408E42A002034140408C8
:10516000DC2A0020E8130408D42A00203C14040898
:10517000D82A0020301404080022012138B51E4B23
:105180005A649A64DA641D4A516102219162DA68B4
:10519000C2F303620D2A01D0002AF8D111220124A2
:1051A000174DDA634FF0FF302C7016F052FA0023DF
:1051B0002B70144D40F2437228685421C01A18BF56
:1051C0000120FCF751F8104B28681A680F4B19683A
:1051D000FFF7B6FE01F056FC0D4B1868FFF79EFE78
:1051E0000C4B1868FFF79AFE4FF08062034B5A6130
:1051F00003F580535C6138BD000002B8001002B8AE
:105200008B2D0020C82A0020CC2A0020D02A002084
:10521000E82A0020DC2A002001230D4A0D49C2F8AB
:10522000803291660C4A53600C4A53600C4A5360BA
:10523000A2F580425360A2F54042536002F5C032AD
:10524000536002F580425360A2F5004253607047FC
:1052500000900050FF0B001600D000B8001000BAFC
:10526000005001B838B50324FFF7D6FF114A124B9E
:10527000124D1A65FFF7D0FE114BC3F81041012300
:105280002B6501F025FA4FF460736B614FF40073E6
:105290002B65FEF7F9FC0021FEF7E0FC4022094BEC
:1052A0001C64A3F580535C64074BC3F884215A60E7
:1052B00038BD00BF0048F000000002B8001002B87E
:1052C000005001B800A0095000E100E008B518F056
:1052D00099FA044B1B6FC3F300430133B0FBF3F0A7
:1052E00008BD00BF008000502DE9F04F044687B094
:1052F0000290894659F8043B5A1C06D12360029B50
:10530000E01A801007B0BDE8F08F3748C3F30161A1
:105310005FEA137B30F8110008BFC3F307429BB26A
:1053200018BF012243EA004016F040F94FEAC20AD2
:1053300005460AF104032D48234483421BD8072362
:105340000127C846CB4003F0010301939300049367
:1053500007FA0BF705EB8203039307F0940304F1BC
:1053600008060593039B08F10408AB4208D1049991
:1053700054444944BDE71E4B9C42E0D80020C1E79D
:10538000059B53B917F0420F19D117F0280F0BD115
:1053900046F8085C58F8042C21E040F6E612322169
:1053A0000020FBF761FFF3E740F6EA123221019893
:1053B000FBF75AFF05F5805246F8082CEAE740F65D
:1053C000F31232210198FBF74FFF05F50052BBF1B4
:1053D000010F46F8082CDDD158F8042CD24346F8CA
:1053E000042C04350836BDE7B4130408DF4F00B0C1
:1053F000E04F00B0F8B50646E0B10024144B254656
:105400001F46144953F8042BAAB91348314600EB40
:105410008500FFF769FF30B940F694323621BDE8C8
:10542000F840FBF721BF0D4B0135281847F82460E1
:1054300023F81400F8BDB242FCD001340C2C02D089
:1054400031F81450DEE740F6AE3236210020E6E7B0
:10545000942A00201A2C0020404000B01C2C002070
:1054600070B5044698B1B1B13A4A52F8043B834250
:1054700013D10023384A116CC907FCD4374800EB1C
:10548000830016F093F8364B106001221A6470BD49
:1054900001330C2B02D1334D2CE0012352F8041BB5
:1054A000A142F5D1304A32F81330E3E7C2F3016389
:1054B00035F81300110C93B211F0FE0F43EA0043CC
:1054C000606820D00434CAB2022A216808D9D4E91D
:1054D0000160033AC3E9001698600C340C33F3E71B
:1054E00004D16268C3E90012083403E0012A01D143
:1054F000043419602268531CD8D10022164B1A605C
:1055000003F58053C1E7120F072AEDD8DFE802F058
:105510000704090D1013181DC04303F5005318604C
:10552000E2E71A6842401A60DEE703F58053F6E7C7
:1055300016F008F8D8E7012203F580538240F2E71D
:10554000012203F500538240EDE71A6830EA0202B7
:10555000FBD1C9E7942A002000C002B8404000B047
:1055600000D002B8BC1304081A2C00200122014B01
:105570001A657047001002B80122014B1A65704786
:10558000002002B84022014B1A657047002002B883
:105590004022014B1A657047001002B8064BDB68C9
:1055A000C3F30363984206D1044A936E23F0F003D9
:1055B00043EA011191667047000002B8003F00B055
:1055C0002DE9F743064615F0B6FF00248046DFF8C4
:1055D000909019F0B6FB0DF1070105460DF106009C
:1055E000FDF7DEFF9DF806308BB9721C29D015F04F
:1055F000A2FFA0EB0804284619F09EFB9DF8063098
:1056000013B99DF807303BB3A642E2D824E0D9F89D
:105610000C3013F4603FE8D0D9F8180016F01DF8EC
:10562000731C074603D015F086FFA0EB080428463C
:1056300019F082FB17F5007FE0D0384603B0BDE8D3
:10564000F083284619F078FB9DF80630002BC0D176
:105650009DF80730002BBCD1004FEEE700FEFFFFA6
:1056600000C000B80122024B98611A61704700BF68
:10567000000001B8044BD3F8B03010B1C3F30332CB
:10568000027003F00F007047000002B8064B01F0F3
:1056900080015B6C03F480030B4302BF4FF40012E4
:1056A000024BDA64704700BF000002B8006001B826
:1056B0000F4B1B788BB1012B11D10E4A012102F542
:1056C00080528B4291600FD80A4A0B49002B08BFC9
:1056D0000A4693689B07FCD47047074AEEE700220E
:1056E0004FF480539A60FFDE00239B68FBE700BF06
:1056F0008C2D0020004003B8000003B838B50B4BD8
:105700000B4C002818BF1C46A569E3691D4007D053
:10571000084B1B682BB12846984704F50054A56137
:1057200038BD6B05F9D5FFF7C3FFF6E7004003B8B6
:10573000000003B8EC2A0020124B197809BB124A6A
:10574000D06C5860D2F88800D860526F1A610F4A46
:10575000D0689861D06BD861D2F808011862D2F88D
:105760000C015862106B9862506BD862926B1A638E
:1057700001221A70064B074AD3F8C00E1060C3F816
:10578000C01E7047F42A0020004001B8004000B855
:10579000003000B0F02A0020164B1A784AB359683E
:1057A000154AD164D968C2F8881019695167996996
:1057B000A2F58032D160D969D163196AC2F80811A3
:1057C000596AC2F80C11996A1163D96A5163196B4D
:1057D0009163012102F5005291641021A2F58052DB
:1057E000C2F8841000221A70044B1A68044BC3F8E4
:1057F000C02E7047F42A0020004001B8F02A002093
:10580000003000B0194A38B5D36C03F4E071C029F8
:1058100021D003F0C003802B23D1154B154A01255D
:105820005A67302203F580535A670522A3F5903357
:10583000DA6003F580539D6419F083FA04460E4B39
:1058400029461D610D4B00205B6898472046BDE846
:10585000384019F071BA23F4E07343F08003D36445
:10586000DBE70023C2F88830D7E700BF004001B86B
:10587000005001B80F00FFFF000002B8B031002057
:10588000012838B501D0042831D11E4BD3F80821A6
:1058900022F48042C3F80821D3F80C2122F480427C
:1058A000C3F80C210122DA6324221A634FF48072B8
:1058B0005A634FF49C729A63102203F50053C3F8A5
:1058C0008420052201250F4BDA6003F580539D6487
:1058D00019F037FA04460C4B29461D610B4B00208A
:1058E0005B6898472046BDE8384019F025BA3F224A
:1058F000074B06285A670CBF064A074AA3F5805390
:105900005A67DEE7004000B8000002B8B03100205E
:10591000006001B83800FFFF1200FFFF4FF60401DE
:105920004FF60502044B01201B6C9BB28B4208BF53
:105930001346024A136670470080E00F00C001B8AA
:105940002DE9F74F81460F464FF0FF35FFF78CFAF0
:10595000002601908A462C463046DFF8D8B006F182
:1059600010031B015BF8033003F00308B8F1010FCB
:1059700015D13046FFF790FA02460B460198514682
:10598000FFF71CF9DBF8643006F10802D340DB07AF
:1059900039D5002F40D000252C463E6040460136C8
:1059A000082EDCD160B3234A0027D2F808C0916BDF
:1059B0000CF440330131A4FB0141641941F10001B1
:1059C000B3F5003F30D1536B0CF4405C013347F129
:1059D0000006BCF5805F22D1156B15F5807505FBBF
:1059E00006F647F1000203FB0266A5FB03323244D0
:1059F000594304FB0212A3FB04341444C9E90034E4
:105A000003B0BDE8F08FA84271EB0403C6D207B122
:105A10003E6005460C46C1E73D463C46BEE73202C5
:105A200042EA13621B02E3E7136B13F5807347F13D
:105A30000002DDE700C001B8F8B5062015F09EFDB4
:105A4000044615F078FD42F21073041B9C42054693
:105A500018D94FF080624F240B4B5A6441F26F7794
:105A60000A4E0BE015F067FD401BB8424FF0FD02F7
:105A700021468CBF00200120FBF7F6FB736C5B0115
:105A8000F0D5F8BD1A24E9E7002002B8000002B8FA
:105A9000034B1A6E596E03F500530A401A6670479D
:105AA00000800A500F28F8B50D4661D800295FD153
:105AB000304C314E84F8651084F86400706940F20F
:105AC00053124B2100F00100FBF7CEFB11231022F3
:105AD000B3662A4B7566C3F888219A6001213B2082
:105AE000E4F794FE94F86510254A94F864300A436C
:105AF0002449063341F82320234B3E201E68E4F757
:105B00009FFE7708F60702462B463046394602F0DC
:105B10001FFC090241EA1061C0F3C05040EA410095
:105B20001A4B6065186B10F5807005D140F2951224
:105B30002B21FBF799FB02200246002300200121C4
:105B400002F006FCA0653E20E4F77AFE40F64943E9
:105B50005843000DFF2828BFFF20022838BF02202D
:105B6000002184F86800012000F0C8FD0020F8BD85
:105B70002120FCE7003E00B000800A5000E100E078
:105B8000020D0C0000800350802A002000C001B8E4
:105B900038B1054B93F86400087093F865001070F5
:105BA000704707230B70FAE7003E00B02DE9F34180
:105BB00005460F4668461146FFF7C2FE0646B0B1DD
:105BC000AFB1DDE900321B0A43EA0263A5FB03849F
:105BD000094B120A05FB02441A6812B9FFF776FB5B
:105BE000024600234046214602F0B2FB38603046B0
:105BF00002B0BDE8F08100BF802A002070B5FFF739
:105C00001BFF0021022000F079FD15F094FC0446F2
:105C10000F4D104ED5F8F4331B070BD519F091F842
:105C2000BDE8704002220C4BDA6001220B4B1A7067
:105C300019F082B815F07FFC001BB04240F2FD1253
:105C40004FF045018CBF00200120FBF70DFBE1E781
:105C5000000002B83F420F0000C001B88D2D0020A7
:105C6000214910B50B78002B3DD001221F4C94F830
:105C700065300133DBB202FA03F31D4A5366136643
:105C800008221C4BC3F8882100230B7003231A4AF7
:105C900039211364A2F580525364184B40F2A922B3
:105CA000586CC0F38060FBF7DFFA4FF48041144A70
:105CB000144BC2F89410144AE16DD26E914202BFA7
:105CC000D3F86C212266D3F86431206E08BFA4F8A3
:105CD0006A30B4F86A1000F0DDF8BDE81040012128
:105CE000022000F00BBD10BD8D2D0020003E00B045
:105CF00000A00A5000E100E000A00950000002B836
:105D000000E001B800C001B800800A5010B5044698
:105D10003E20E4F795FD6043034B00F5F42000F5C9
:105D20009070B0FBF3F010BD40420F002DE9F74F2B
:105D3000FFF7ECFF0446FFF77FFE19F002F80021A1
:105D40004B4F054668463970FFF7FAFD494B8046D0
:105D50009E69494BDB6813F0706F1CD1474B5B6940
:105D600013F0060A17D1E0B1454B611D1868A1FB7D
:105D700000B93E20E4F764FD5346024649465846C2
:105D800002F0E6FA009B090241EA10610002984223
:105D9000019B994105D3284603B0BDE8F04F18F0A8
:105DA000CBBF0021022000F0A9FC15F0C4FB814606
:105DB000DFF8C4B0DFF8D4A0DBF8F4331B0741D51B
:105DC000B8F1000F4DD0DDE900893E20E4F738FD41
:105DD0004FEA182141EA09614FEA1923A0FB019813
:105DE00000FB0388264B1A6812B9FFF76FFA0246C8
:105DF00000234846414602F0ABFA0121214B013411
:105E000093F86530DFF86CC001331F4A361BDFF8AA
:105E100080E0DBB201FA03F30644CEF86030CCF840
:105E20006C605366DCF81820DCF86C60241A921B56
:105E3000A24216D2CEF864300220CEF8603000F0D4
:105E40005DFCA8E715F077FBA0EB0900504540F298
:105E50004E224FF045018CBF00200120FBF704FAD1
:105E6000AAE70222054BDA6001233B7093E700BFEB
:105E70008D2D002000800A50000002B800C001B83B
:105E8000802A0020003E00B000900A503F420F00E0
:105E900000A00A5001232DE9F74F9A4F044697F8C6
:105EA00065208A469340984A0E46936697F8642088
:105EB000964B0546C3F8D8204FF40032944B4FF070
:105EC000000B1A610223DFF85482C8F80C30914BA2
:105ED0009B6903F1FF39A3EB0903002B40F3D48046
:105EE0000BF1010BBBF1020F57D9EC220D21002061
:105EF000FBF7BAF94FF08053874A884F53664FF447
:105F00000031804BC7F86C51C3E917950025C7F8DD
:105F10006461A3F86A6011617C4AC2F8D85093F8B2
:105F2000652001239340784A936618F00AFF2A46B9
:105F30002B464FF4807E3E6AD7F864C002F1100110
:105F40000901795801F00301012910D10EFA02F17B
:105F500011EA0C0F0BD107EB0215B442D5F80C5126
:105F600000F2A580AC4202D2AE4280F0A3800132A2
:105F7000082AE3D16A4D2968012940F29E803BB18D
:105F80006049B1F866201A43A1F86620604A53665A
:105F900003B0BDE8F04F18F0CFBE012397F865209D
:105FA0005C4D9340584A936618F0CBFE4FF08052F8
:105FB000594B01905A66AB6903F10109C5F86C9021
:105FC000D8F83010D8F80830DD036DD5FA6D7E6D45
:105FD000A9EB0202A2FB0626BB6D01F58071A6FBB0
:105FE00003E5A2FB03C313EB0E03A1FB03EC45F196
:105FF000000501FB05CCB2EB0E0266EB0C06120AA3
:1060000042EA06625244B2EB112F4FEA112603D343
:10601000013345F10005921B043E964228BF164607
:10602000C8F8186097F86920D8F82010E318D2B2A1
:1060300045F100058C42D8F8381084BF02F1FF32D8
:10604000D2B2481C0ED04FF0000E01F1010C994263
:106050007EEB050008D20132B3EB0C03D2B265F13E
:106060000005F4E72A44D2B21D4602F0030287F885
:106070006920C8F82030012397F8652001989340E3
:10608000284A936618F058FE224B9B6900BF00BF58
:1060900000BF00BF00BF00BF00BF00BFD8F8642032
:1060A000D2007FF518AF25E756462546E3E7AC4218
:1060B000BFF45AAF19438BB259E71B4A1478142C1A
:1060C00001BF0024194E1470347014780134147018
:1060D000002B3FF45DAF0B4EB6F866401C43A6F8AC
:1060E00066400B4C6366114C23780133DBB2022B04
:1060F00023707FF44DAF00230131296013702370AA
:1061000046E700BF003E00B000A00A5000800350E8
:1061100000D001B800800A5000E001B800C001B80A
:10612000182A002000900A508F2D00208E2D00206C
:106130004FF00052014B1A60704700BF00E100E0D1
:106140004FF00052034BC3F88020BFF34F8FBFF3D3
:106150006F8F704700E100E037B50446FFF75CF849
:1061600001213A20E4F752FBE17822791B4841EA09
:106170000243C0F85C35E579A37943EA0543C0F8EA
:10618000603523784BB18DF8041004218DF805207B
:106190000DEB01000022E1F755FC63785BB10421AF
:1061A000A37900228DF80430E3790DEB01008DF81E
:1061B0000530E1F747FC227801235AB1084AC2F8BA
:1061C0005835627802233AB1054A0020C2F85835A2
:1061D00003B030BD034AF2E7024AF6E700C00350BD
:1061E00000D0035000E00350F8B50B46002213F82E
:1061F000044B944225D91D68854224D106245A793E
:106200001D79124B88181E6804FB0503104F33F8E4
:10621000063C7B43B3420ED900238A5A7A43964206
:1062200002D804FB0300F8BD9D42FAD9013304FBF8
:1062300003F2825AF2E740F244423D210020FBF78C
:1062400013F80020EFE708330132D2E72C2B0020AF
:1062500040420F002DE9F04F4FF0000EA2FB016B02
:10626000DFF8F4C2DFF8F48216EB0C0C1F466BF17A
:106270000003E0457EEB030383B009D240F23E22E7
:106280000E217046FAF7F0FF022003B0BDE8F08F50
:10629000D7F814A00C4615468146BAF1000F04D079
:1062A000DAF80030032B00F29A809E4B9E4A9B6BDB
:1062B000D2F8FCA0C3F314089C4B1B6F5A074EBFC7
:1062C0004FF440039B0503F0E07348EA0308984B42
:1062D000D3F8EC305B0048BF48F0807848EA456866
:1062E00017F0CAFA012D0246CED10028CCD0914B2E
:1062F000984200F0858003F5122303F5F863984275
:1063000000F090808C4B984200F0EB8000250190CB
:106310002B4600204FF0007102F01AF82B46019A2C
:10632000013006FB03F300FB0B33A6FB00600344C4
:10633000C8F31300A0FB0221203300FB05119B09C9
:106340003B607E4BD20C1C6042EA41317C4B18F41E
:10635000801F08BF494219607A4B0C441C60BAF197
:10636000000F5BD000237B60BB60DAF81C5018F094
:10637000807F18BF6408002D46D099F82620093A7E
:10638000012A41D9694ED6F83C21D0027FD4DAF8EF
:106390000000002C00F0A980B4FA84F1072900F372
:1063A000A480C1F1080325FA03F304FA01F10133D3
:1063B000B1FBF3F14B004FEA442C0133E40D01E053
:1063C00002330131A5FB0362B44574EB0202F7D23C
:1063D000C1F30E031B0343F00063BB6016E0042B04
:1063E000DAF828807FF47CAF18F0807F14BF4FF478
:1063F000400308F0E07328F0E07848EA03086FE70C
:10640000002351481D468CE7DAF8000000230628D7
:10641000FB603B6102D9DAF830303BB9002003B0B1
:10642000BDE8F08F002349481D467AE717F024FAAB
:10643000DAF83010FFF7D8FE044610B18378002B4D
:1064400056D117F0D9F9DAF83010FFF7CDFE04462F
:106450000028E3D08378002BE0D040794FF4AE627F
:10646000003818BF01203D21FAF7FEFE207940F2E6
:10647000715200384FF03D0118BF0120FAF7F4FEC9
:10648000237962791B0243EA02133B61C6E781EA82
:10649000E172A2EBE1722E49C8F3815811F808C0ED
:1064A00019464FEA8C6C6008CCFB0201224601F0D1
:1064B0004FFF0346DAF800000E280ED9194A916BF7
:1064C000B26CD6F83C61D20607D501F4801106F40F
:1064D0000016314308BFC3F58013C3F313037B6079
:1064E00057E700231B481D461BE72B4621025FE7A9
:1064F000407940F25552003818BF01203D21FAF78B
:10650000B3FE207940F25652003818BF01203D21D9
:10651000FAF7AAFE237962791B0243EA0213FB60B1
:106520008FE700BF008001B8004F00B0004001B805
:10653000000002B800F04902005A6202342B002029
:10654000302B00202C2B00200A3BB2DF313641DCFF
:10655000C4130408D694BFD6006CCA88807C814AD4
:1065600010B5044686B059B9214B4168D3F8FC30C8
:10657000827A2048059300686B46FFF76BFE6946F8
:106580001D4B0A685A631A4BD3F8FC3033B34B687F
:1065900043B11A4B1A4AC3F83C214A68A3F5805309
:1065A000C3F83C218B6843B1144B164AC3F81C2135
:1065B0008A68A3F58053C3F81C21134AC868D2F82F
:1065C000983123F4EE630343C2F89831D2F8903146
:1065D000096923F4EE630B43C2F89031002022894D
:1065E0000A4B9A6203F5A033186406B010BD00BFD1
:1065F000004F00B0BC270020008001B8006001B847
:10660000FFFF0F0000F0FF0F000002B8004000B8CD
:1066100070B51D4614460E461B6886B00593AA7ACF
:106620006B466968FFF716FE1C4B23602B8963607D
:106630001B4BA360009BE3601A4BC4E90436019B2B
:1066400013BB04F11800029B3BB1174A1749C0E97C
:106650000012174AC0E9022310304FF4EE63154AC6
:10666000C0E90023144A8260039AC260134AC0E959
:106670000423134B203040F8083C049B40F8043CB2
:10668000001B801006B070BD0E480F4A6362C4E95B
:1066900006020E4A04F128002262D4E7284000A82E
:1066A000348001A8448001A800F0FF0F1C6101A8FC
:1066B0001C5101A8982102A8981102A8902102A8B3
:1066C000901102A83C6101A8FFFF0F003C5101A8F6
:1066D000074BD3F88022D20707D55B6E002B4FF40F
:1066E0008043B4BF034A044A13650020704700BFCB
:1066F00000800050002002B8001002B8064B1A6C4F
:106700009207FCD4022240EA01205860034B1A642D
:106710000122034B1A70704700C002B800D002B8C3
:10672000902D002040B10368012B05D90069034B6F
:10673000002808BF1846704700487047CC1304086B
:1067400010B590B10468012C0FD902696AB11168C3
:10675000094B102C196051685960916888BFD26844
:10676000996094BFD960DA6010BD10220021024800
:1067700014F0E1FFF8E700BF3C2B0020064B586FF8
:106780001B6DC0F30112000C02FB000003F01F039D
:1067900001331844704700BF004001B81F4B2DE97A
:1067A000F0410D4616461C6890B34FF47A7343438C
:1067B0008A68A3F6AC539B1A4A689B1A184A92F847
:1067C0006C20D20701D5A3F6B833164AD817116842
:1067D000154FA1FB033201FB002213F1807342F13C
:1067E00000025B0E43EAC213803B33620F4BD3F8C7
:1067F000C43073623B6873B1204614F0E3FD50B1BE
:10680000324629463B68D4F8D800BDE8F041184725
:106810004AF6C873D9E7BDE8F08100BFBC27002065
:10682000003E00B04C2B0020382B0020003F00B071
:10683000084BC1171A68A2FB000302FB013310F1D9
:10684000807043F10003400E40EAC310803820EA14
:10685000E07070474C2B00200722194B70B51A646A
:10686000184B194A1D68194BEC08E005C0184FEA8F
:10687000153141F10001002301F06AFD144B154E62
:1068800018601548FFF7D4FF4042C6F8DC0049F60F
:106890005800FFF7CDFFC6F8A8001048FEF71EFB12
:1068A000024660B1E301500818184FEA15714FF025
:1068B000000341F1000101F04BFDC6F8B40070BDCA
:1068C000000002B8802A002065CD1D00B2E60E004F
:1068D0004C2B0020003F00B07011010040420F001F
:1068E00098B14FF47A735843094BA0F6B830DB687F
:1068F0001844084B93F86C30DB075ABFA0F59C5046
:106900000838A0F6AC50FFF793BF47F23050FAE7D3
:106910003C2B0020003E00B010B5044698B10B4B54
:10692000D3F8FC00FFF70CFF4FF47A7303FB04F07D
:10693000074BA0F6AC50DA689B681044C01ABDE85B
:106940001040FFF775BF4AF6C870F8E7004F00B077
:106950003C2B0020F8B50446084615461E46FFF7B6
:10696000EFFE9CB106F0020716F004060FD16FB1DE
:106970004FF47A7063685843002B4BD1FFF758FFF0
:1069800028636069FFF7ACFFE8623EBBF8BD206991
:10699000002839D04FF47A735843254BA0F6AC50F9
:1069A0009B68C01AFFF744FFA862A08B78B34FF42E
:1069B0007A7358431E4BA0F6AC509B68C01AFFF781
:1069C00037FFE8612A461A49E068FFF7E7FE002131
:1069D000A069FFF7A1FF6863002FC9D1A06800BBC1
:1069E00047F23050FFF724FF68614FF47A70236854
:1069F00058432BB10E4B1B6803F51C53103318443E
:106A0000FFF716FFA861C1E74AF6C870CAE74AF661
:106A1000C870D4E7064B1B6803F51C5310331844A9
:106A2000ACE74FF47A735843A0F5FA50DAE700BFA9
:106A30003C2B002008B9FFF7A1BE034881420CBFE0
:106A40002F20BC20704700BF48E8010038B505463C
:106A500008461C4614F099FD0246D5F8E400FFF7FD
:106A600061FE4368A018002B044AA8BF4FF4FA72D5
:106A70001A44034B92FBF3F2104438BD0CFEFFFFA7
:106A800018FCFFFF70B588B06D46194C0FCC0FC5D0
:106A900094E80F0085E80F004FF48072002115483C
:106AA00014F049FEAC220021134814F044FE2022C9
:106AB0000021124814F03FFE14F0EFFD104B1B783C
:106AC0003BB16D460A4E0FCD0FC695E80F0084E826
:106AD0000F000C4A0C4B1068516803C39068186093
:106AE0000A4BD3F878210A4B5A6608B070BD00BF34
:106AF000E03F00B0543E00B0543F00B0E04F00B063
:106B00007D2D0020DC130408B03E00B0000002B868
:106B1000003F00B008B518F014F90E4B1A78A2B96E
:106B20000D4A126812F4843F0FD10C4A10211165EE
:106B30001B7863B9084B1B68DB0508D4074B202280
:106B40001A65BDE8084018F0F7B8054AEEE7044BAF
:106B5000F5E700BF952D0020B00D0020002002B801
:106B6000001002B80A4B197801F0FF0229B1002188
:106B7000197008499202C1F80821597801F0FF0202
:106B800029B1002159709302024AC2F80C317047B2
:106B9000912D0020005000B8064BD3F8F00E064BA4
:106BA0009B6C1A0103D4054B9B6E1B0401D500F5A9
:106BB00080707047003000B0000002B8004000B89C
:106BC00010B518F0BEF80E2104460320FEF7E6FCCF
:106BD00040F20122034B2046BDE81040DA6218F073
:106BE000ABB800BF004000B8064B00201B6893F80C
:106BF0002430DB0902BF0322034BC3F85022FBF70A
:106C000007BA00BFBC270020006001B80022044B77
:106C10001A70044B197811B11A70FFF77BBF7047D7
:106C2000942D0020952D002038B518F08AF84FF0EB
:106C30008043244C0546C4F88030BFF34F8FBFF328
:106C40006F8F4FF00043C4F88030BFF34F8FBFF316
:106C50006F8F0123C4F88430BFF34F8FBFF36F8F62
:106C60000223C4F88430BFF34F8FBFF36F8F042328
:106C7000C4F88430BFF34F8FBFF36F8FFFF760FA14
:106C80000823C4F88430BFF34F8FBFF36F8F1023F6
:106C9000C4F88430BFF34F8FBFF36F8F2023C4F845
:106CA0008430BFF34F8FBFF36F8F8023C4F88430DD
:106CB000BFF34F8FBFF36F8F2846BDE8384018F001
:106CC0003BB800BF00E100E038B518F03AF80546DF
:106CD0004FF080430B4C23604FF0004323600223AE
:106CE000636004236360FFF723FA082363601023C3
:106CF000636020236360802363602846BDE83840DA
:106D000018F01AB800E100E0012370B5074C2370B9
:106D1000074B1E68074B3240D3E900531940284007
:106D2000FBF7D2FF0023237070BD00BF932D00201E
:106D3000542B0020B00D00202DE9F047DDF820A0F5
:106D400003EA0108099B06460D4602EA000703EA2A
:106D50000A09BAF1000F40F04F81031F0B4300F006
:106D60000F81052871F1000380F0E58050EA0103EE
:106D700000F07581431E0B4300F02581FFF754FF9F
:106D8000B84AD2E9004323EA050324EA06043C4357
:106D900043EA0807B44BC2E900471E6826EA0A0620
:106DA00046EA09061E60FFF7B5FE14F02A4F14BF2D
:106DB00048F202034FF40043AC4AB007D26EAC482D
:106DC00048BF43F4005383EA020122EA0302C26689
:106DD000A84A0B408166D366C4F3804212032103A4
:106DE00048BF42F48072E30648BF42F40052A24B0F
:106DF000A50648BF42F40072600648BF42F48062B4
:106E00002106D96848BF42F4006282EA010323F0F8
:106E100080539A4819401A40C1608360984B17F418
:106E2000007FDA60974B07F4007200F004810122C2
:106E30004FF4802583F88820E30448BF45F480356B
:106E4000A00348BF45F48015A10748BF45F40015CD
:106E500014F4001FDFF8688206D0D8F8000014F0A0
:106E60003EFC08B945F40025E20248BF45F4003570
:106E7000FB06854B48BF45F480051A6A834985EABD
:106E8000020323F001031A400A621D40CB61804BCC
:106E900016F0010F1D627F4B7F4A18BF1A467F4BC9
:106EA0007D071B6F48BF42F000627D4882EA030104
:106EB00023EA020303677B4B0A4041661A677A4A5A
:106EC00004F00103D16CA0F5803081EA030221EACD
:106ED0000301C16482641A40744B2002DA64D8F85A
:106EE000002048BF724B92F8F62058BF714B6107E3
:106EF00048BF43F4806322B114F4C06F18BF43F459
:106F0000807332074FF03A42BDE8F047D2F81811CB
:106F100048BF43F0004383EA010222F4A0226648FE
:106F20001140C0F818111340C0F81421634AC2F888
:106F30001831FFF7C9BEA0F580630B4306D020F4DB
:106F40008063A3F500730B437FF418AF17F0F9FECD
:106F50004449D1E9003223EA060322EA050242EA63
:106F600008023B43C1E90032554A126892F8F61014
:106F7000514A09B313F4C06F1ED04FF4807311E06F
:106F800017F0DFFE374AD2E9003123F004033B4318
:106F900041EA080157EA0807C2E900314FF480636B
:106FA000454A0BD0C2F81431A2F58052C2F818310C
:106FB000BDE8F04717F0C0BE4FF48073C2F8183137
:106FC000C2F81431F4E717F0BCFE264AD2E90031CA
:106FD00023F001033B4341EA0801C2E900310123E8
:106FE000384A57EA08071BBF9364A2F58052D3645E
:106FF000D36408BF9364DBE750EA01037FF4BEAEBD
:10700000BAF1010F7FF4BAAE17F09BFE164A13686F
:1070100023F0010343EA090313604FF48063204A1D
:10702000B9F1000F04D05366A2F580521367BFE791
:1070300013675366BCE793F8881071B183F8882012
:10704000214BD3F8A41003F50053C3F8A410C3F8E0
:10705000A0104FF05023C3F8A4200025ECE6BDE8B3
:10706000F08700BFB00D0020542B0020004000B876
:10707000006000B8005000B8004001B8006001B8DE
:10708000005001B8003F00B0000002B8002002B874
:10709000001002B8041C00030418000300C001B86B
:1070A00000E001B800D001B800C000B800D000B8BE
:1070B0000D0A0A09090A0A09002000BA001000BADC
:1070C000BC27002000E000B800400050024B586888
:1070D000C0F3C000704700BFB00D0020024B18681D
:1070E00000F00100704700BFB00D0020024B58684F
:1070F000C0F3C030704700BFB00D002010B504468B
:10710000FEF7B0F8FFF790FD2046FCF7EDFDFEF727
:1071100033F8FDF7BFFCFDF731FDFFF79DFB134989
:107120000723134AD1F8FC1004F1F800FFF712FC12
:107130004FF080710020FDF75BFE4FF000720D4BA9
:107140004FF400110120C3F80021FDF751FEFEF7B6
:10715000E5FB20B940F275321421FAF785F814F0F6
:107160009AFABDE810400120FDF7DCBB004F00B0EB
:10717000A43F00B000D001B88022074B5A64082217
:1071800003F580535A64054AD2F8C03E23F0200329
:10719000C2F8C03E704700BF001002B8003000B017
:1071A00010B517F0CEFD01210446FFF7E5FF054BB2
:1071B00000201961044B5B6898472046BDE81040E9
:1071C00017F0BABD000002B8B0310020F0B583B0AE
:1071D00014460646FFF77CFAFCF72AF9002800F06F
:1071E000AE805B4B5D6915F0060540F0A88017F096
:1071F000A8FD23790095022B05464AD1237B022B5B
:1072000036D00320FDF7EAFD20B9524BDB685B0462
:1072100040F19780A37B277B003B18BF0123A26826
:107220004D49012F01920B7072D000234B4A4C4CF8
:1072300013702278002A76D10420FDF7D1FC0420B7
:10724000434E3A46736F0DEB000123F0F85323F4DD
:10725000F81343F0506343F4803373670223FDF760
:10726000DDFC002863D0012130223E4B21701A65DD
:107270003D4E336898472128044604D1012100205F
:10728000736898470024284617F056FD204603B03F
:10729000F0BD0320FDF7A2FD002852D12279D6F8D7
:1072A0000031012A226830D0D01A00900020284BEB
:1072B0002E4A2F495A679867637B2E4A23F0400075
:1072C0000028C3F380130B700CBF0123002313703D
:1072D000294B294AD3F8C03E4FF003000CBF43F0BE
:1072E000200323F02003C2F8C03EFDF779FC184BC1
:1072F000224A03205A67694601232279FDF78EFC52
:1073000008B301221E4B1A7078E79A42CDD3CBE71F
:107310002379022B89D0009BD6F8001100270B445B
:107320001344019381E72370FFF7F4FB84E7032004
:10733000FDF756FC28460D4B736717F0FDFC0E2435
:10734000A4E72846F9E7284617F0F6FC21249DE734
:1073500000C001B8000002B8982D0020942D002034
:10736000952D0020001002B8B0310020000001016E
:10737000962D0020972D0020003000B0010C010058
:10738000992D00202DE9F34100240D46074617F002
:10739000D8FC204BDFF88C801C70FFF7EDFE1E4BF5
:1073A0000646C8F87430C8F878406879431E5842D9
:1073B0005841FBF7E3FB40F60143C8F878302A79DF
:1073C0002968012AD7F8083101D1994200D3CC1A93
:1073D000042303200DEB03010194FDF71FFC50B9BA
:1073E00088220E4B30465A6417F0A6FC2124204612
:1073F00002B0BDE8F0810A4D2B6898472128044669
:1074000004D1012100206B6898470024304617F012
:1074100093FCECE7992D002000000101002002B848
:10742000B031002000C001B8F8B5194C05462078ED
:107430004FF49762B0FA80F03E214009F9F714FF4B
:1074400055B960784FF49762BDE8F840B0FA80F023
:107450003E214009F9F708BF4FF440660D4F0E4D2D
:10746000D7F808314FF49762C3F381232370C5F82E
:10747000086160783E21B0FA80F04009F9F7F4FE27
:10748000D7F80C31C3F381236370C5F80C61F8BDE4
:10749000912D0020004000B8006000B8F8B5084CFD
:1074A000084D636C0423084F6B64636C5B0300D46A
:1074B000F8BD042602207E6414F044F86E64F4E7FC
:1074C000000002B8001002B8002002B8A82238B5A7
:1074D0001A4B5D6C03F500535A6410229A60A3F5B1
:1074E000804302F100521A675A66FFF73BFB144BC8
:1074F0001B7813B90320FDF773FB0024114B9C6725
:10750000FFF7CCFF104A114BD2F8F01E0B40C2F827
:10751000F03E04220E4B5A640E4BAA06C3F8C84034
:1075200008D503F580739B6FB3F5817F22BF80225E
:10753000024B1A61BDE83840FBF70ABE000002B8F2
:10754000992D002000C001B8003000B0DF0000FF1E
:10755000002002B8003E00B010B551B920B3154B61
:10756000DB681B0E13F00E0F1ED1134B1B6CD907DB
:107570001AD4FFF725FB0F4C0020FEF77BF80328F9
:1075800001D0092805D1A36ADA07F5D4A36CDB037F
:10759000F2D4FFF783FF0122084B5A6102229A625C
:1075A000042203F580535A644FF4C062044B9A6579
:1075B00010BD00BF000002B800C002B8001002B841
:1075C000006001B808B5FFF7FBFAFFF767FF01227B
:1075D000064B5A6102229A62042203F580535A64D0
:1075E0004FF4C062A3F540439A6508BD001002B88D
:1075F00008B503210920FDF7D1FF2022014B1A61B4
:1076000008BD00BF000002B80D4A10B5D2F8A03086
:10761000D2F8A4100B40B3F1804F0CD34FF0404090
:107620000849094CC1F8A400D467C1F8A0004FF480
:107630008021064AD161034AC2F8A03010BD00BFC4
:1076400000400050006000500000FF01001002B830
:1076500038B5054617F075FB0E4B04461868FCF765
:107660006FFC35B1FFF7D2FA2046BDE8384017F07D
:1076700063BB094B1B78002BF6D0084B1D78002DFF
:10768000F2D1FFF7C3FA2A464FF480400021FFF7FA
:107690003BFBE9E7BC270020942D0020932D002020
:1076A0002DE9F84F594B06460D4614465B6C002AEF
:1076B00040F0A98013F0A00F14BF4FF001094FF064
:1076C0000009FBF745FDA0234FF0000ADFF85881C1
:1076D0000320C8F84430FDF783FA0420FDF780FA50
:1076E0004B4FFFF793FA4B4B4FF0040B7B67C7F8F8
:1076F00078A0FFF7D3FE484B4FF48071D3F8C02E2B
:1077000042F02002C3F8C02EFF22C8F808203F4AEA
:107710001161D3F8F02E41491140C3F8F01EC8F8AA
:1077200044B0C3F8C8AE7B6913F0060F04D0FDF770
:107730008FFB5846FDF754FAB9F1000F08D04FF40B
:107740000062374B5A644FF40042A3F5E0339A6667
:1077500066B1344BDB6C180701D4FFF731FAFFF741
:1077600047FF0420FDF73CFAFFF7FCF9274B5A6965
:10777000D10746D5DA6812F0706FFBD12A4B2B4A3D
:107780005A642B4A936E23F0F003936615B120469A
:10779000FFF75EFF274BD3F84C315A1C01D05B003A
:1077A00002D50122204B5A615CB31E4BDA6E03F501
:1077B00000539A6603F5D0331B6A1B4A23F001037A
:1077C000D3611D4BD96803F50053996003F500534D
:1077D000D3F8841003F5005399674FF03A43D3F878
:1077E000181103F50053C3F81411144BD96C03F5A9
:1077F00000539964124903F5803359664FF60843E4
:107800005364BDE8F88F4FF000095AE7000002B852
:1078100000C001B800000101003000B0DF0000FF2F
:10782000001002B8004000B8002002B8100030007C
:10783000003F00B00080E00F004001B800C000B879
:107840005000002F38B51C4A1C4B1D4C656C5A6704
:10785000FFF724FEFF221B4B15F0A00F9A604FF498
:10786000807222614FF004025A6409D04FF4006222
:10787000A3F580535A644FF40042A3F5E0339A66AF
:107880006369D90717D50E4AD36813F0706FC3F335
:107890000360F9D10C4A936E23F0F0039366FFF76F
:1078A000D7FE0A4BD3F84C315A1C01D05B0002D5ED
:1078B0000122044B5A6138BD0000010100C001B82B
:1078C000000002B8002002B8003F00B00080E00FC6
:1078D0009E4B2DE9F04F9A6EDB6E85B002EA0308ED
:1078E0009B4BC3F868804FF03A43D3F81461D3F848
:1078F00018311E40974BC3F81461974B9A68DB68A8
:1079000002EA030A954BC3F808A003F52043DA699D
:107910001B6A02EA0309924B09F47702DA61914B80
:10792000D3F80422110706D4D3F804311A07C3F39D
:10793000C00740F1E98017F004FA8B4B5A695F6E7B
:107940001B6F12F0060F07EA0307884A27F000733F
:1079500023F4006314BF4FF0010B4FF0000B53668C
:107960007B0706D5824A92F869300133DBB282F890
:10797000693017F0E1F9B8F1000F00F0E38018F476
:1079800000442BD017F0DDF90146FFF705F9044656
:10799000784D2B6818681A689042FCD0186890429D
:1079A000FCD0FFF7F9F8A04240F0B080084617F08D
:1079B000C3F9714B1C60714B5D6C15F4E05240F0E3
:1079C000A78024F07F4424F0DF040CB9FFF77EFD8C
:1079D0006B4B01201B6898474FF0807418F0020F22
:1079E0004FF0000514D0654B5D495B6C03F46042B9
:1079F0004A64002A00F0A0801D0400F1A08013F466
:107A0000005F0CBF4FF000534FF0006300251C4394
:107A1000C8F340384FEA48085A4B3340002B4BD04C
:107A200016F4206F0AD040F6451206210020F9F71F
:107A30001BFC0020FFF70CFE26F48026F00506D57F
:107A4000FF22474B44F4C0649A60FFF7B9F816F080
:107A5000090F0BD040F65A1208210020F9F704FC58
:107A6000FFF7C6FD4FF03A4301225A6316F0106F3C
:107A70000CD040F6631209210020F9F7F5FBFFF75F
:107A8000B7FD002211461046FCF72EFA16F4202FFF
:107A90000AD040F66B1207210020F9F7E5FB002021
:107AA000FFF7D6FD26F48026F10301D5FCF766FB2F
:107AB000002EB8BF48F0080872070ED54FF03A43C1
:107AC0001B6B13F4005F4FF4005317BF214A2E4A7B
:107AD000136344F4000408BF1363730548BF44F004
:107AE000040416F48023019300F0B780FCF7FEFA3B
:107AF000013806284AD8DFE810F03B013E013B017F
:107B00004101440147014701BB4634E7044640E7D1
:107B10000192FFF7DBFC124B019A5A6415F4805373
:107B200007D115F4806F0CBF4FF080544FF0806484
:107B300054E74FF0804451E74FF0007366E74FF091
:107B4000004363E74446454666E700BF004000B88F
:107B5000006000B8002000BA004001B8006001B821
:107B6000002002B800E100E000C001B800E001B868
:107B7000003E00B0C4310020502B0020000002B8AD
:107B8000C8310020090B0B89001000BA40F69C1286
:107B900003210020F9F768FB4FF03A420121D2F8A7
:107BA0008C30D2F8AC0003F00703063301FA03F37C
:107BB000C0F30C001B1A9BB2072B12D97E4B5B6CD7
:107BC00058020ED47D48D36CD26E406D58B103F08C
:107BD000070306339940C2F30C03C91A89B2072977
:107BE00001D844F40074764B1B78002B35D04FF04D
:107BF0003A43D3F8143113F4A02F2ED1714B724AAB
:107C00001B7893B9FB0410D4137873B1E3086F4960
:107C100043EA457383F00103D1F8F01E03F001033A
:107C20005B0021FA03F3980717D10420FCF7D8FF73
:107C3000674B68495967FEF7E9FF634A137843B910
:107C4000654B1B782BB1654B654A1B68234013427B
:107C500001D144F4804427F48057BAF1000F27D0B3
:107C60001AF4805F18BF44F480241AF4807F18BF90
:107C700044F400241AF4005F18BF44F010041AF40E
:107C8000007F18BF44F020041AF4806F18BF44F03E
:107C900040041AF4006F18BF44F080041AF0805FAB
:107CA00006D0504B0021186845F48055FBF7E8FBDF
:107CB000B9F1000F3ED019F4802F18BF45F40075BC
:107CC00019F4803F05D0484B03201B6844F48054CE
:107CD000984719F4801F18BF44F4003419F4001FAA
:107CE00018BF44F0020419F4003F18BF44F4801494
:107CF00019F4800F18BF45F0100519F4002F19D0A2
:107D0000324BD3F8C03E13F0C00F13D02A4AD368C9
:107D1000C3F30363032B01D0072B05D1936CD90662
:107D200002D4D36C1A0736D54FF400222F4B29F416
:107D30000029DA61002F00F019813B0540F19080A5
:107D40002B49DFF88CA0CB782A4A002B58D04FF46F
:107D50000060013BDBB25066CB7033B9264B1B7819
:107D6000E3B140F60142254B5A670023002275E03B
:107D700044F4803410E744F400640DE744F4806474
:107D80000AE744F4807407E7174B02201B6844F0AD
:107D90000804984700E744F40014CBE7DAF8783099
:107DA00013F4A05F15BF4FF4807340F60143CAF887
:107DB0005830CAF87830D8E7000002B8004000B860
:107DC000952D0020942D0020972D0020003000B02C
:107DD00000C001B800000101962D0020B00D002068
:107DE000088D0100BC270020C8310020002002B807
:107DF000822D002000E001B8992D002000D001B8AC
:107E00000320FCF7EDFEDAF81430AA4813F0060F51
:107E100004BF41F61F73A84AA84908BF53674FF42F
:107E20000062A54B5A66DAF8143013F0060308BF57
:107E3000CAF87830B0F8663013F400625CD023F4EE
:107E40000063A0F866300B7803F0FF0A002B57D1CF
:107E5000FCF7FEFFFFF73AFB534620221C43154375
:107E6000B80009D52E20FCF7F1FD4FF00052924BDF
:107E700045F008051A675A66F90606D52B20FCF767
:107E8000E5FD10228C4B1A675A6617F0306F05D14A
:107E9000FA045FD5BBF1000F00F0B4803B0111D5AF
:107EA0002920FCF7D3FDFFF711F948B1844B854930
:107EB000814A53660B6701F54051C968480422D4D2
:107EC00045F0040517F0007B28D00420FCF788FE5D
:107ED0002720FCF7BBFDFFF7F9FA4FF00072764B55
:107EE0005A66794BD3F8F02E520674D40222774B9F
:107EF0009A6045F0020528E00B784FF40053ADE797
:107F00004FF4004332E7136720205366FCF79EFDD1
:107F10002D2045F00C05FCF799FDD3E717F0807F85
:107F2000DFF8ACA142D00420FCF75AFE2820FCF771
:107F30008DFDDAF87830002B35D1FFF7C7FA5E4BAC
:107F40005F4A45F001051A675A66FEF74DFE0022AA
:107F50005F4B9A657B0509D55E4A9378002B00F04C
:107F6000A480013B9370002348EA03084246204660
:107F70002946FEF7C9FE019B0BB1FCF7EDF84FF067
:107F80000042554B06F00436C3F81461534B19F404
:107F9000002FC3F880211EBF4FF400224B4BDA6143
:107FA00005B0BDE8F08FCAF878B0C8E7F904CED5BF
:107FB0000420FCF715FE4A4BCAF87430FCF748FF62
:107FC000DAF8643013F0407FC1D12A20FCF73EFD7F
:107FD000FFF77CFA85E7D3F8C03E9B0689D40222DE
:107FE000404B9A60404B1B6893F82530D80780D5EA
:107FF000304B93F8DC30002B3FF47BAF80223B4BBF
:108000001A6176E7334A13794BB1013BDBB2137146
:1080100013B92C4B364A5A6700231C439AE70420B5
:10802000FCF7DEFD0320FCF7DBFD294B2C4A5A67E9
:1080300016F087FE82460DF10F00FDF71BFB2D4B5E
:1080400083461B780BB1FEF7BBFDBBF1030F0ED1CE
:10805000DFF898B00020FDF70DFB032807D1DBF80F
:108060002830D907F6D4DBF84830DA03F2D49DF88B
:108070000F30032B06D101221F4B50461A7016F009
:108080005BFEC9E74FF03A43D3F8143113F4A02F45
:10809000F1D1FEF7BBFD504616F04EFE174B032004
:1080A0001B6898474FF48043B7E70220FCF798FD20
:1080B000012359E7003E00B000E001B8992D0020EF
:1080C0001000002000D001B8003000B0002002B83D
:1080D00000C001B8822D0020002000BA00E100E0BD
:1080E00000000101001002B8BC270020000002B807
:1080F0000000010D982D0020942D0020C831002093
:108100000122024B1A62DA61704700BF002002B8F8
:10811000094A08B5D369116A0B40084923F47F0066
:10812000DB07C86106D5D1684FF0FF30C1F30361AA
:1081300013F0BCFA08BD00BF000002B8002002B86E
:108140000C4A08B5936CD26C13400B4A9364DB075E
:108150000FD50A4B40F6F5321878122100F00100D5
:10816000F9F782F8BDE80840002201200021FEF75F
:10817000CBBD08BD00C000B800E000B8B00D0020C5
:10818000164B10B51C6C5A6C1440154A24F00201B1
:108190001164E20705D540F6544200201968F9F74A
:1081A00063F8A30718D502220D4B1A640D4AA3F5F4
:1081B000005314685B687CB1DBB2042B07D100224A
:1081C0000121094B18682346BDE810401847052BCC
:1081D00002D100221146F4E710BD00BF0080095013
:1081E00000A00950502A0020BC27002038B50B4CB5
:1081F0000B4DD4F88430DB0706D4A36FD4F8842069
:108200001340084A936738BDD5F804315A06F0D5B3
:10821000FFF7B6FF4023C5F88431EAE7008001B8D4
:1082200000E100E000A001B870B514460D4616F05C
:1082300088FD064BD3F8C06E74402C407440C3F8E0
:10824000C04E16F079FD06EA050070BD003000B0A2
:10825000034BD3F8C03E99430CBF01200020704768
:10826000003000B02DE9F04117460A43012A1D46AF
:108270009DF818409DF81C60DDF8208029D8B44294
:1082800027D2082E25D8032B23D8B8F1000F20D0F1
:108290000A460021FAF764FEFF21EB009940C9432A
:1082A000DFF834C008F1FF38FF00E2B2964202D88E
:1082B0000020BDE8F0813D190CEB8505D5F8F820CC
:1082C00018F8010F0A4098401043C5F8F80001342F
:1082D000EBE72120EDE700BF003E00B0174BD3F8DD
:1082E000C02E12F0010312D0154B93F84C30154AF2
:1082F00043F08073C2F8D0304FF4801302F500527F
:10830000C2F8B430A2F58052C2F8B83070471106F6
:10831000EDD40D4B93F84B1121B1D20602D593F851
:108320004831E4E74FF480120020084B0549C3F8B8
:10833000B820C1F8D000C3F8B4207047003000B0B6
:10834000003F00B0004000B8003E00B0006000B840
:1083500053B94AB9002908BF00281CBF4FF0FF31AC
:108360004FF0FF3000F082B9ADF1080C6DE904CE9A
:1083700000F006F8DDF804E0DDE9022304B0704700
:108380002DE9F04F099D0C46002B4DD18A420F4636
:1083900084469646B2FA82F360D94BB102FA03FEE4
:1083A000C3F120029F4000FA03FC20FA02F21743B7
:1083B0004FEA1E461FFA8EF44FEA1C42B7FBF6F155
:1083C00006FB117701FB04F042EA0742904208D90C
:1083D0001EEB020201F1FF3702D2904200F231811E
:1083E0003946121A1FFA8CFCB2FBF6F006FB10227B
:1083F00000FB04F44CEA024C644508D91EEB0C0C5B
:1084000000F1FF3202D2644500F21E81104640EABC
:108410000140ACEB040C002125B12CFA03F300223F
:10842000C5E90032BDE8F08F8B4205D90DB1C5E931
:10843000000100210846F5E7B3FA83F100294DD188
:10844000A342C0F0F380904280F0F08006462346BD
:108450000846002DE6D0C5E90063E3E7002B40F0B5
:10846000A3808A1A4FEA1E471FFA8EF60121B2FB3B
:10847000F7F407FB14204FEA1C4242EA004206FBD5
:1084800004F090420FD91EEB020204F1FF382CBF1A
:108490004FF001094FF00009904203D9B9F1000FE4
:1084A00000F0CC804446121A1FFA8CFCB2FBF7F0A5
:1084B00007FB102200FB06F64CEA024C664508D981
:1084C0001EEB0C0C00F1FF3202D2664500F2B380C5
:1084D0001046ACEB060C40EA04409DE7C1F12006D3
:1084E0008B4004FA01FE22FA06F720FA06FCF4405B
:1084F0008A401F434EEA0C0300FA01FE4FEA174878
:108500004FEA13491FFA87FCB4FBF8F008FB10444C
:1085100049EA044400FB0CF9A1450ED93C1900F1CD
:10852000FF3A2CBF4FF0010B4FF0000BA14503D9D0
:10853000BBF1000F00F08B805046A4EB09041FFA3A
:1085400083F9B4FBF8F308FB134403FB0CFC49EA82
:108550000444A44506D93C1903F1FF3801D2A445CF
:108560007BD8434643EA0040A4EB0C04A0FB0298EE
:108570004445CC46434602D306D1CE4504D2013809
:10858000B9EB020C68EB0703002D6CD0BEEB0C02BC
:1085900064EB030422FA01F304FA06F6CC4000214E
:1085A0001E43C5E900643DE702FA03FEC3F1200162
:1085B00004FA03F200FA03FCCC404FEA1E4720FA0B
:1085C00001F11FFA8EF6B4FBF7F00A4307FB1044E3
:1085D000110C41EA044100FB06F48C420ED91EEB5B
:1085E000010100F1FF382CBF4FF001094FF00009E5
:1085F0008C4202D9B9F1000F2CD04046091B92B22F
:10860000B1FBF7F407FB141142EA014204FB06F147
:10861000914207D91EEB020204F1FF3801D29142C8
:108620001ED84446521A44EA004120E7861A64EBF9
:10863000030301200DE7F44402384AE7023C724488
:1086400031E702397244CCE6F4440238DFE60238FE
:108650003C4472E702387144D0E7023B3C4481E776
:10866000023C7244DEE72946DCE600BF704700BFEB
:1086700008B5064B044613B10021AFF30080044B4C
:108680001B6803B19847204605F037FF0000000043
:10869000582B002070B50D4D00260D4C641BA41006
:1086A000A64209D10B4D00260B4C16F0C9FD641BE8
:1086B000A410A64205D170BD55F8043B0136984779
:1086C000EEE755F8043B01369847F2E750320020B8
:1086D000503200205032002054320020094A5168A4
:1086E000C84390FAA0F048B1B0FA80F0042805DC45
:1086F000012383400B43536040B270474FF0FF307B
:10870000704700BF842B00200021034B2822034820
:10871000C3E9001113F00FB8842B00205C2B00205C
:1087200038B50546FFF7DAFF04460448294600EB52
:10873000C40013F08CF8204638BD00BF5C2B00202D
:10874000C3B2042B10B515D804230B4A03EBC003A6
:10875000134453E8002F0A4343E80024002CF8D1C7
:1087600001220649824051E8003F134341E80030AE
:108770000028F8D110BD00BF5C2B0020842B002006
:10878000F7B54FF0040C01260827184A1849194D6F
:10879000106800B30B7806FA03F420421DD0E043C2
:1087A00052E8004F044042E8004EBEF1000FF7D1FE
:1087B00017FB03C32B4453E8000F43E800E4002CED
:1087C000F9D1019048B1087801AA0B4905EBC00026
:1087D00013F079F8012003B0F0BD0B7850688342A4
:1087E0002EBF00230133DBB20B70D1E7842B0020B6
:1087F0009A2D00205C2B002078563412024B18680A
:10880000003818BF01207047842B002038B505467A
:108810000C4616F09FFA084B1B6853B1D3E90423AA
:1088200095429C412CBF0124002416F08EFA20466C
:1088300038BD1C46F9E700BF9C2B00202DE9F04114
:108840004FF0FF3425460746884616F083FA144B4E
:108850001E68A6B916F079FAB5F1FF3F08BFB4F16A
:10886000FF3F08D0BC4275EB080316D3E71B65EB4E
:1088700008083C46454620462946BDE8F081726915
:10888000D6E903315B1842F10002A34272EB050105
:108890003CBF1C4615467668DBE734463546EAE7BA
:1088A0009C2B00202DE9F74F109F0E46DDE90CA907
:1088B00015469DF83CB008B1026882B93FB129461F
:1088C0003046B84740F2034003B0BDE8F08F002DBA
:1088D000F8D0002EF6DB284613F01AFCF2E70190E0
:1088E00016F038FA8046584600F0EEF90446404645
:1088F00016F02BFA019B8CB947B129463046B84790
:108900000320314600F09EFB1A20DDE7002DF7D052
:10891000002EF5DB284613F0FBFBF1E7256200256E
:108920002360DFF880800E9BC4E906A9A660E3609F
:10893000A762D8F8003084F824B0656098471AEB35
:10894000000649EB010916F005FA144B0746D3F867
:1089500000E0C4E9046972462AB1D2E90401864202
:1089600079EB010111D2A5B9C4F804E01C600C4BED
:108970001C682CB1D8F800309847FFF75FFFA0477C
:10898000384616F0E2F900209EE7516815460A467F
:10899000E2E76A6862606C60E9E700BF9C2B002038
:1089A0008C2B0020942B00202DE9F74F4FF000086E
:1089B00081460D4692461E4616F0CCF94746DFF832
:1089C0007CB00190DBF800408CB9B8F1000F08D002
:1089D000184B1C682CB1184B1B689847FFF72EFFEB
:1089E000A047019803B0BDE8F04F16F0AEB9226879
:1089F0004A4511D12DB1A268296822F000428A426D
:108A00000AD126B9626857B9CBF8002008E0514670
:108A1000206AB0470028F5D027466468D4E77A601A
:108A2000D4F80480204612F0B6FE44464FF0010808
:108A3000CAE700BF8C2B0020942B00209C2B002029
:108A4000014B1860704700BF8C2B002070B50E469C
:108A5000094904460846154607F09DFC0023074ACD
:108A600030211360064A06201660064A1560224629
:108A7000BDE8704000F0C2B8E85004089C2B00200C
:108A8000942B0020902B002070B504461646184603
:108A90000022002386B0CDE904230B4B0D461B6852
:108AA00013B9212006B070BD04A998470028F8D159
:108AB000DDE904230290CDE9002329463246204611
:108AC00012F0ABFEEEE700BF902B0020F8B5054694
:108AD00010200F46164600F0CBFA0446014610223D
:108AE000074807F05DFC44B101230020E3602B68D8
:108AF000C4E9017623602C60F8BD1A20FCE700BFB2
:108B0000E85004082DE9F84F814688460027DFF831
:108B1000B4A0294E48464146FFF778FED8B916F072
:108B200019F9264B06461B689847FFF787FE05464E
:108B30000C464FB1B1F1FF3F08BFB0F1FF3F03D08A
:108B40001F4B1B6803B19847304616F0FEF82846C5
:108B50002146BDE8F88F16F0FDF8DAF8004084B140
:108B60006368CAF8003016F0F0F8A368346033F098
:108B700000430AD1306812F00EFE00230127336053
:108B8000C8E716F0E2F83460C4E72368002BF1D0A0
:108B90001D68002DEED0A26832F00043EAD0D5E97E
:108BA000007B236A2168A868D8470028E2D1002FFB
:108BB000E0D03D46EFE700BF982B0020942B00202B
:108BC0008C2B00209C2B0020F8B504460D4616F097
:108BD000C1F8094B1B684BB1D3E90667C4E90067CC
:108BE000DB682B60BDE8F84016F0AFB80026002720
:108BF000C4E90067F5E700BF982B00202DE9F04796
:108C00004FF6FC78002416461B4F03311B4B07EB35
:108C1000001501EA08084FEA001A1B686A808146BD
:108C200027F80A8002FB08F0EC60984718FB06F36F
:108C30009BB2024668602B81D8B11149284651F891
:108C4000291007F0AAFB21462A89686812F073FDF3
:108C5000214623469E4204DC002057447E80BDE826
:108C6000F0876A68E868541850500133EC6041445A
:108C7000F0E71A20F3E700BFB0260020A02B002069
:108C8000B851040838B5094C04EB00156B682BB1DA
:108C9000284607F084FB686813F03AFA2846BDE8D6
:108CA00038401022002112F046BD00BFB02600203F
:108CB000034B0201C3E900100021024812F03BBD42
:108CC000A02B0020B026002038B5094B020103EB91
:108CD0000015EC68284621469A5A07F061FB24B13A
:108CE0002368EB606B88013B6B80204638BD00BF7A
:108CF000B0260020024B03EB00139878704700BFAA
:108D0000B026002030B4064C04EB0013DD685A880E
:108D10000D600132184630BCD9605A8007F041BB63
:108D2000B0260020044A010102EB0013505A10B192
:108D30001B89B3FBF0F07047B02600200020124BD7
:108D400010B51870114B124C1860124B206018703F
:108D50006060A060FFF7E6FF80B2A0F10E036380C1
:108D6000A0F11403013060810B49201DE38007F05E
:108D700012FB2046094907F00EFB04F108000849E0
:108D8000BDE8104007F007BB9C2D0020C02B002041
:108D9000342C00209B2D0020F0510408F9510408C8
:108DA0000352040870B5044680B315F0D3FF63790D
:108DB00005466FF382036371237913F0100605D023
:108DC00010232371BDE8704015F0BFBF104903F0B8
:108DD000030331F823203046013A21F823202146AD
:108DE000FFF790FF0B4B0C4E1C681CB90A4B284632
:108DF0001C70E7E7237A1BB933781BB92468F4E7C2
:108E0000012BFBD1204663689847F7E770BD00BF90
:108E1000342C0020C02B00209C2D002010B50446CF
:108E200015F098FF034B1A6822601C60BDE81040E3
:108E300015F08BBFC02B002010B5064B00F0E000F2
:108E40001A78541C1C70044B03F8320003EBC20365
:108E5000596010BD9B2D0020A82B00202DE9F04F5C
:108E60000446460789B048BF00F0F7040492029117
:108E700015F070FF604E04F0030706EB870336F829
:108E800027205B8881469A4204F0EF0A4FEA870860
:108E900030D20020FFF718FF054638B336F82730E8
:108EA0004846013326F8273015F04FFF284612F0C8
:108EB0009CFF029B029AAB71049B85F804A01344AB
:108EC000EB7115F047FF80464C4B1C68002C40F0BE
:108ED0008B80404615F039FF06EB87004522294676
:108EE00007F05EFA284609B0BDE8F08F0122484637
:108EF000434B1A7015F029FF25071DD51F2C1BD9D0
:108F000004F0E003B044039315F024FFB8F80230F6
:108F100036F827904FF0000B99452CBF0023012312
:108F2000DFF8E480019315F010FF06EB870305934B
:108F3000344B1B789B4508D384F004005146C0F3A2
:108F4000800000F07FF80025C6E798F80030039A0B
:108F50001A4204D0D8F80490D9F8003023B90BF1A4
:108F6000010B08F10808E3E707935A79D00708D501
:108F70001A79510705D5019941B98AEA0202920787
:108F800004D099461B68002BEFD1E5E7484612F064
:108F90008AFD0579079007A812F067FD2946002091
:108FA00000F050F815F0D6FE059B36F827205B88B8
:108FB00005469A4234BF01230023019309D20020C1
:108FC000FFF782FE079058B136F82730013326F8B4
:108FD0002730284615F0B9FE079D002DBCD065E767
:108FE0000122074B1A70F4E7237A012B02D12046A5
:108FF00063689847246869E7342C0020C02B002060
:109000009C2D00209B2D0020A82B00200022014B2E
:109010001A607047C42B002010B5044615F09AFE64
:10902000074A13682BB914602360BDE8104015F09F
:109030008CBEA34202D01A461B68F3E710BD00BFE6
:10904000C42B002070B505460E46054B1C6804B9BC
:1090500070BD63683146284698472468F7E700BF2B
:10906000C42B00200149084607F095B910520408A6
:10907000012838BF012038B5C41C24F00304204661
:1090800007F0C4F9054601462246084807F088F96A
:109090002DB921460220FFF7D5FF284638BD2246CC
:1090A0000021284612F047FBF7E700BF10520408E2
:1090B00010B5064C237823B9E5F724FE18B901232F
:1090C0002370002010BD40F20740FBE79D2D0020DB
:1090D00038B50B4B04461B780D464BB1214628464C
:1090E00008F0FCF8002840F2074008BF002038BD17
:1090F00004490548FFF7DCFF0028EFD0F7E700BF81
:109100009D2D0020EFBEADDEBEBAFECAF0B587B021
:10911000E8F7E0FE83790C33C418667AA31993F953
:109120000A307E2B23D07F2B23D003EB83035D00FB
:10913000A37921796279E078049504F10A05CDE9F3
:109140000265257A5F1E0195E479032F88BF00230D
:109150000094EFF7BDFD0446E8F7C2FE0023224667
:1091600042F27B0107B0BDE8F0400AF08ABA024D36
:10917000DEE7C825DCE700BF0CFEFFFF436A70B5E1
:109180005904044616D4154A03F4004392F82B20E0
:10919000012A10D1826A92040DD4002B00F1010142
:1091A0000CBF532014200DF081FF18B9636A43F0FF
:1091B0000803636270BD002BFCD1094D661C294673
:1091C0003046F1F7BFFB0028F4D12B68C4F801301A
:1091D000AB88A4F80530AB79E371E7E7F42500200C
:1091E000032600202DE9F041244E86F82A000028AD
:1091F00041D000EBC000C100002301220420FFF792
:10920000FDFC054658B90420FFF75EFD4FF0480805
:109210002F46306096F82A30AB4203DC0025284602
:10922000BDE8F0813468002108FB05441422A761E1
:1092300004F1340012F07FFAA0224FF4A073C4E9C5
:109240000723072304F1100084F83130E773E77136
:1092500012F00BFC04F1140012F007FC204612F08F
:10926000B6FF40F20113E3857F23A76284F8323012
:1092700067620135CEE73060D0E700BFF4250020FB
:10928000084A034692F82A10814209D9106840B171
:1092900003EBC30300EBC300406A00F0010070471A
:1092A00000207047F425002038B504460D46FFF72E
:1092B000E7FF034640B10020044B04EBC4041B68E5
:1092C00003EBC4032B6038BD2120FBE7F42500200D
:1092D0002DE9F04F0446344A93B0106851680FAB43
:1092E00003C3906812AA1860E37B94F82E7002EB17
:1092F000430333F80C1C636A94F82F60DA0444D4F7
:109300000126374641F0100194F80E80C3F340491E
:109310005B0348BF49F002098BB288F00808012FAF
:1093200094F800A094F831500B9304F1080BD4E9A1
:109330000723C8F3C00894F9324005D0022F03D0A8
:10934000042F14BF00270327012E05D0022E03D0BF
:10935000042E14BF002603265046CDE90C2312F03C
:10936000DAFFDDE90C230121CDE90760CDE90051E9
:109370005046CDE90547CDE903B90B99CDF80880F2
:1093800000F0D0FF13B0BDE8F08FA26A950648BF89
:1093900041F02001500648BF41F04001DA0348BFC8
:1093A00041F00401B0E700BF1A52040837B5044683
:1093B00048B104782046FFF763FF10B9002003B0DE
:1093C00030BD0134E4B2074D95F82A30A342F5D9F7
:1093D000204601A9FFF768FF08B90198EFE70134BB
:1093E000E4B2F1E7F4250020014B93F82A0070471E
:1093F000F42500202DE9F04F054600F1100A87B052
:10940000504605F1140B0C46174612F02EFB584639
:1094100012F02BFB002012F0F4FC0646002800F0AE
:109420000381012F40F2726818BF4FF01F08012C12
:1094300060D0022C0CBF062404240221304612F016
:10944000D0FE0121304612F0CCFE2146304612F00B
:10945000C8FE304612F096FB012384B2A8EB04014B
:109460000A22009389B242F60723304612F009FF20
:1094700004230444A4B2A8EB04010093122242F690
:109480000423304689B212F0FCFE0719BFB2A8EBE4
:109490000709B9F1010F04962EDC0024644F97F8F8
:1094A0002B30002B00F0A080504612F0DEFA6B6AE1
:1094B0002E6143F080026A62DB0400F1A78097F816
:1094C0002B00002840F0A28012F09BFC05900028A1
:1094D00000F09C80414612F08FFE002800F0A08032
:1094E0005846059C12F0C1FA6B6A6C6143F48073B4
:1094F0006B628BE00524A0E7002012F082FC05904F
:109500000028CAD00221F2F70BFAA8F10204E41BEA
:10951000A4B28442074611D224F001018BB2411A51
:1095200005A8039312F0D0FB039B1F4602233FB90B
:109530000598E0B905A812F098FAAEE70323F6E71C
:10954000791C0498C9B2039312F04BFE039B049854
:10955000194612F046FE059904A812F02EFC0020D0
:1095600012F04FFC0590002832D0E41BA4B2022C6C
:1095700038BF0224A31E9BB20F2B30D910210393B6
:10958000F2F7CEF9039B044683421ED223F00F016B
:109590008BB2411A05A8039312F096FB039B1C465D
:1095A0000623611C0498C9B2039312F01AFE039BB0
:1095B0000498194612F015FE059904A812F0FDFB57
:1095C000BB1C1C44A4B23FB968E740B10723E8E7DD
:1095D00005A812F04AFA3C460234A4B25EE705A898
:1095E00012F043FA3C46EEE7A9EB040189B230469B
:1095F00012F002FE0446504612F037FA6B6A2E61F2
:1096000043F080026A62002C3FF456AF686A10F0A3
:1096100010000AD0284607B0BDE8F04F12F0B6BEE1
:1096200005A812F022FAF1E71A2007B0BDE8F08F82
:10963000F42500202DE9F3410D4601A9FFF734FE82
:10964000064658BB019C636A5A040FD46B0704F1A9
:10965000010727D5394614200DF028FD00283AD1FE
:10966000636A43F4004343F008036362A36AE806B5
:109670004CBF43F4005323F40053A362636AA9066A
:109680004CBF43F4003323F400336A064CBF43F469
:10969000802323F4802343F002036362304602B048
:1096A000BDE8F081DFF8348038464146F1F74AF9E9
:1096B00068B9D8F80030C4F80130B8F80430BB807D
:1096C00098F80630BB71636A43F008036362636A0B
:1096D00023F40043C9E70646E0E700BF0326002065
:1096E00013B501A9FFF7E0FDB0B9019A536A13F071
:1096F000100013D159040FD5094923F48043D1F840
:109700000F4043F00803C2F80140B1F81340497D0F
:10971000A2F80540D171536202B010BD0220FBE7F0
:10972000F4250020002370B51349054691F82A401E
:1097300008689C4201DC1A2019E0426AD60717D457
:1097400090F83960760713D4DCB2034603F8014B76
:10975000D1F80F10094EC0F80110B18842F009028B
:109760009980B17999714262FFF7B2FD2C7070BD9A
:1097700001334830DDE700BFF42500200326002038
:109780008378F7B5122B0E4635D10B689A790C32D7
:109790001344DD781F790DB145F48055384601A991
:1097A000FFF782FD88B9019C636A23F010036362AE
:1097B0008DB93946A069621C104B00F00BFB2222C8
:1097C00029460E48A56111F0B6FF304603B0BDE84A
:1097D000F04012F04AB9204612F0F9FC636A5A06CA
:1097E00003D523F040036362EFE7384604F1340108
:1097F000F4F724FDE9E703B0F0BD00BF2226002006
:1098000073B5144D144C6A68236802F0800103F0AC
:1098100002030B431BD053064CBF0126A67AF1F777
:1098200009F80196837983F00803C3F3C00300931A
:10983000E388A288217A607A00F030FD40B923687D
:1098400023F0020323606B6823F080036B60002029
:1098500002B070BDF4250020C82B0020012100209B
:10986000054BA3F10802C3E9000043F8081C4FF0C0
:109870001013517253607047D02B0020032910B58C
:1098800010D9032A0ED991420CD301280AD8064CCC
:1098900020720020A3722368A18043F00203E280BB
:1098A000236010BD2120FCE7C82B0020014B187B52
:1098B000704700BFC82B0020074BDA7A4AB95A7AA2
:1098C00082421FBF1A68587242F002021A60FFF704
:1098D00097BF0020704700BFC82B0020024BD87AEA
:1098E000003818BF01207047C82B002070B5224EE9
:1098F000716811F002013AD1204D2B68580706D546
:10990000084600F0F1FC2B6823F004032B602B6861
:10991000726803F0080302F00402134310D0F0F75A
:1099200089FF83791A071FD5F4F79CF80446C8B954
:109930002B6823F008032B60736823F00403736023
:10994000FFF75EFF044668B9EB7A5BB12B685B07F3
:1099500008D40121084600F0C7FC50B92B6843F039
:1099600004032B60204670BDF4F760F8DEE7112495
:10997000F8E70446F6E700BFF4250020C82B0020D6
:1099800070B5124C257B637B22689D42B8BF1D4693
:109990009207E37AEEB201D4B34215D01BB1002393
:1099A000E372FFF7A3FFE67275B1094B93F82B3012
:1099B000012B05D1236843F002032360F3F7DAFD9E
:1099C000BDE87040FFF792BF002070BDC82B00209B
:1099D000F4250020022938B504460D4601D921207E
:1099E00038BD13F031F80028F9D00E4B1A7BB2B90C
:1099F0001A68D10742BF22F0010242F002021A6047
:109A0000094A525D1A735A7AA2421FBF1A685C72E1
:109A100042F002021A60BDE83840FFF7B1BF0220F1
:109A2000DEE700BFC82B002026520408054A137B3E
:109A3000013B022B03D800231373FFF7A1BF0020C3
:109A4000704700BFC82B0020032805D10A4A1368BD
:109A500043F00803136008E0012808D1064BDA7AC6
:109A600042B11A6842F008021A60FFF73FBF10F0D7
:109A7000FD0FEBD000207047C82B00200020094BC1
:109A800010B55862F0F796FD04461CB9BDE81040C9
:109A9000F0F728BE204641F2160112F0E8FF646894
:109AA000F3E700BFF42500202DE9FF4791420E4661
:109AB00015469946BDF830A0BDF83480BDF8387021
:109AC00003D9212004B0BDE8F08740F67A428B1F0D
:109AD0009BB29342F5D8B5F5486FF2D8B9F5FA7F45
:109AE000EFD240F67642AAF10A039BB29342E8D83D
:109AF00009F101039BB26B43B3EB8A0FE1DAB8457E
:109B0000DFD8FF280BD1184BD9821D83A3F81A90F8
:109B1000A3F81CA0A3F81E801F840020D2E7F0F752
:109B200029FD04460028CCD090F873302A46012B3A
:109B300031464B46CDE90187CDF800A008D1F3F7B7
:109B400011FA0028BED1A4F86880A4F86A70E4E78E
:109B5000F3F708FA4B462A4631462046CDF800A0D6
:109B600010F0FAF8EDE700BFF4250020A0F11B0388
:109B7000E02B10B5044618D8042142F2240010F05E
:109B800067F86FF06F0343714223A0F803408371BD
:109B90000748E8F7C7F910F089F8407920B110F0CC
:109BA00085F8407940F4805010BD2120FCE700BFCB
:109BB000C742030870B506460D4642F22200062150
:109BC000144610F045F8B6F86E30A0F80550A0F82D
:109BD0000330A0F807400648E8F7A4F910F066F84B
:109BE000407920B110F062F8407940F4805070BDA7
:109BF0006F4203082DE9F0439946002387B00F9E7A
:109C0000334C3360636A07460D46904613B1022316
:109C1000336012E010F09EF9074213D037EA0000DB
:109C200010D1012F01D0042F0CD1284633464946CC
:109C30000E9A13F073F8054630B90025284607B090
:109C4000BDE8F0832123E3E73846FFF735FE3060B7
:109C5000002833D194F82B30012B18D16368DB072F
:109C600015D4DFF87090484600F0F0FD306028BB56
:109C70006368A06843F00403B9F80420636099F8AE
:109C80000630C5F85A00A5F85E2085F86030FFF769
:109C90002DFE306090B9238C3A460593E38BFF216B
:109CA0000493A38B28460393638B0293238B019326
:109CB000E38A00934346F3F721F83060336823B119
:109CC00000212846F0F7A6FCB7E76562B6E700BFBB
:109CD000F4250020FC25002037B504460D4612F07F
:109CE000EDFE698820460DF05CF86A7E2B7E2046EA
:109CF00043EA0223A4F862306A7F2B7F43EA0223FF
:109D0000A4F86430EA7EAB7E43EA0223A4F866300E
:109D10001B23A4F86C302D4BDA8B1B8CA4F8682025
:109D2000A4F86A30022384F8723010F00EFC20464A
:109D300013F0E4F894F87330022B15D100F034FCE2
:109D400070B194F9753001330AD105212046A3681A
:109D500043F48053A36003B0BDE8304012F0C2BFAB
:109D6000002120460DF020F800212046F0F7E0FF0A
:109D70004FF6FF73288C984225D000F05FFA0094CC
:109D800000F0E4F96A46ADF8040040F206211048FC
:109D900011F099FD002240F20221204611F04BFD06
:109DA0002046F0F7C3FC204613F0B4F82046F3F742
:109DB00055F9A368012123F480432046A36012F0E3
:109DC00099FF03B030BD0020D9E700BFF425002083
:109DD000F0250020F7B504460F46164668465A7926
:109DE000991D1D46F0F76AFD2CB969463046F0F71B
:109DF00075FB0446A0B140F2032384F87670A4F802
:109E0000723033682946C4F85A30B3882046A4F823
:109E10005E30B37984F86030FFF75EFF03B0F0BDC9
:109E2000032140F206400FF013FF6B88A0F80330C7
:109E30000D2343710148E8F775F8EFE7CF3E0308BB
:109E400007B590F870304FF4887101AA03488DF877
:109E5000043011F038FD03B05DF804FBF02500205C
:109E60002DE9FF4103780446302B0E4639D006D841
:109E7000052B25D0082B41D004B0BDE8F0813E2B46
:109E8000FAD183780C2B4BD8022BF5D9033B092B45
:109E9000F2D801A252F823F0319F02086BA0020809
:109EA000799E0208799E020803A00208799E0208A2
:109EB000799E0208799E0208799E020857A002083E
:109EC000B0F80300F0F748FB28B1617909B141F41B
:109ED000805112F0CCFD304604B0BDE8F04111F0E5
:109EE000C4BDB0F80300F0F737FB0028F3D0A17829
:109EF00009B141F4805112F013FEECE7B0F8030011
:109F0000F0F72AFB0028E6D0627990F8743022B18D
:109F100043F0010380F87430E9E703F0FE03F9E74A
:109F2000212B00F0B780292B1FD0202BD3D0A3E703
:109F30008088F0F711FB0028CDD0E278002ACAD142
:109F4000E179A27942EA0122A0F86220E17AA27ABC
:109F500042EA0122A0F86420227A617A42EA0122D0
:109F6000A0F86620F0F7E2FBB5E7C778851C3C2F28
:109F700002D112F0D6FCAEE790F80680B8F1000FDF
:109F800023D1544A546AC2F82480CFB129462046CE
:109F900047F4805712F092FDE76084F8728040F237
:109FA0000121204601AACDE9014711F08CFCA368EC
:109FB000414643F480632046A360F0F72BFB8AE719
:109FC00029462046FFF788FE85E74FF6FF73408C51
:109FD00098420BD000F032F940B1F0F72BFC2B4641
:109FE0000246FF210020FFF7F5FE74E73A4B2234CA
:109FF00055F8042BA54243F8042BF9D12A881A807E
:10A0000069E7B0F80300F0F7A7FA00283FF463AF60
:10A0100040F20911B4F8053090F87020A0F86C30C7
:10A020008DF80420ADF80630227AE37943EA022362
:10A03000ADF80830A27A637A43EA0223ADF80A3019
:10A04000227BE37A43EA0223ADF80C3001AA2348CD
:10A0500011F039FC3FE78088F0F77EFA00283FF4E2
:10A060003AAFA179F0F784FB35E78088F0F774FA0E
:10A0700000283FF430AF90F870300E218DF8043096
:10A08000D4F8063001AACDF80530D4F80A30CDF85E
:10A090000930DCE78088F0F75FFA00283FF41BAF57
:10A0A00090F870304FF403718DF80430E37801AA12
:10A0B0008DF80530A3798DF80630E3798DF80730F7
:10A0C000237A8DF80830637A8DF80930A37A8DF8F9
:10A0D0000A30BCE7F425002022260020F0250020CD
:10A0E00070B5054608B9002070BD00EB4006B6000B
:10A0F0003046FEF7BDFF134C02462060F8B112490E
:10A100003346084606F049F932460021206811F02E
:10A1100012FB22680023114625710133DBB2AB42EA
:10A12000CB7201F10C01F8D1FF23324402F8013C5B
:10A13000002262714FF6FF722372E280D3E71A2089
:10A14000D2E700BFE83100202952040850B10C22A8
:10A15000064B1B68C31AB3FBF2F3807A40EA032074
:10A1600080B270474FF6FF70704700BFE8310020A3
:10A170000C2370B51A4D44782E6805EB1414821B1D
:10A18000B2FBF3F20534D2B22378FF2B05D0934211
:10A190000FD1C37A2370FF23C37289B96B796A71B7
:10A1A000C372837A01338372437861F30713437078
:10A1B00070BD03EB430306EB830303F10B04E3E7FA
:10A1C0004C1D2C442D682378FF2B01D12270EBE726
:10A1D00003EB430305EB830303F10B04F3E700BF39
:10A1E000E831002040F6FF7210B5044603880146AE
:10A1F00062F30B030380044806F0D3F82046BDE861
:10A2000010400021FFF7B4BF2952040802460A4B50
:10A21000010A1879B0EB122F0CD30C201B6800FB3D
:10A22000013043780F2B05D9837AD2B2934218BFFD
:10A230000020704700207047E8310020024609499D
:10A240000B7A0968FF2B01D10020704703EB430311
:10A2500001EB830031F82330C3F30B039342F4D0B6
:10A26000C37AEFE7E83100200B49034630B50A68AE
:10A2700028B1831A0C20B3FBF0F3DBB201330C24BA
:10A280000979994201D8002030BD04FB03204578AC
:10A290000F2DF9D80133F4E7E8310020F8B507466F
:10A2A0000E4642F24100082115461C460FF0D0FC34
:10A2B0009DF818304771C3709DF81C30867103718A
:10A2C000A0F80750A0F809400648E7F72BFE0FF06A
:10A2D000EDFC407920B10FF0E9FC407940F480506A
:10A2E000F8BD00BFE521010838B505460C4642F22D
:10A2F000420006210FF0ACFC0023C570437183714E
:10A30000C371037204710648E7F70CFE0FF0CEFC30
:10A31000407920B10FF0CAFC407940F4805038BD3C
:10A320004D2201082DE9F041154606460F4642F23E
:10A33000360019211C46DDF824800FF089FC2B0A19
:10A34000C371230A83729DF81830857103739DF8D9
:10A350001C30447243739DF820302D0C240CC670C1
:10A3600087800572C4728373D8F80030C0F80F304C
:10A37000B8F804308676A0F813309DF8283043757D
:10A380009DF92C3083759DF83030C375002303761A
:10A390009DF8343043769DF83830C3760648E7F7A9
:10A3A000C1FD0FF083FC407920B10FF07FFC4079B4
:10A3B00040F48050BDE8F0814123010838B50546DE
:10A3C0000C464FF6194005210FF042FCC570446061
:10A3D0000548E7F7A7FD0FF069FC407918B1BDE823
:10A3E000384012F0DBBC38BD6739030838B5054684
:10A3F0000C464FF61A4005210FF02AFCC570446048
:10A400000548E7F78FFD0FF051FC407918B1BDE822
:10A41000384012F0C3BC38BD9739030870B50D46FB
:10A4200006460121DAB1FFF7C9FF0446A8B90721A2
:10A4300042F235000FF00CFCC6702B684360AB880D
:10A4400003810848E7F76EFD0FF030FC437923B134
:10A450000FF02CFC447944F48054204670BDFFF783
:10A46000C5FFE2E7693B03080A4610B5042104462C
:10A4700042F237000FF0F7FB032303710023C4708F
:10A48000437183710548E7F74DFD0FF00FFC4079EC
:10A4900018B1BDE8104012F081BC10BD5D3A030850
:10A4A0000A4610B50421044642F238000FF0DBFBE7
:10A4B000032303710023C470437183710548E7F7D8
:10A4C00031FD0FF0F3FB407918B1BDE8104012F0F8
:10A4D00065BC10BDA93A0308F8B506460F4642F21E
:10A4E0003900062114461D460FF0B2FB012384718A
:10A4F000240A0371C7704671C47105720548E7F7F5
:10A5000011FD0FF0D3FB407918B1BDE8F84012F00F
:10A5100045BCF8BDF53A0308014B9B68184700BFDE
:10A52000F431002010B504460CF0FDF930B1003CC8
:10A5300018BF01240020024B1C7010BD0E20FCE748
:10A54000D82B00200C4B01461A789AB95B689B0700
:10A5500010D490F97520013218BF012291F85230C1
:10A5600013F0400005D091F8600010F0400018BFD3
:10A57000D0B270470122F1E7D82B0020024B586877
:10A5800000F00200704700BFD82B0020024B586833
:10A5900000F00800704700BFD82B0020014B1B685B
:10A5A000184700BFF431002008B50CF0BCF90228B0
:10A5B00017BF034B0020586800F0100008BD00BF13
:10A5C000D82B002007B502460846042802F00101F6
:10A5D00013D9B1B903200C4B5A6002F080030193E8
:10A5E00002F04003009302F0200302F0040200F0A6
:10A5F000A9FB002003B05DF804FB0029EBD0032881
:10A60000E9D12120F6E700BFD82B002038B50D494D
:10A610000D48FEF74DFD0446054688B90B4B0C4A24
:10A620001A600C4A5A600C4A9A600C4ADA6000F0D0
:10A6300025FC032104462846FFF7C4FF084B1D7084
:10A64000204638BDEFBEADDEBEBAFECAF4310020F2
:10A6500039AD02085DD2030841AE0208BDB9020857
:10A66000D82B002007B50191EFF784FF88B1019B3B
:10A67000094A013393420CD845F21802002101AB7C
:10A6800012F057FDB0FA80F04009400003B05DF8C9
:10A6900004FB2120FAE700BF40420F00054A08B53D
:10A6A000431C934203D800F06DFB002008BD21201D
:10A6B000FCE700BF40420F0038B504460320FEF718
:10A6C000D7FC0546D0B194F87030037094F875301B
:10A6D00043702046F0F71CF82A46A87040F2026149
:10A6E000074811F0A8F8074B2046DB68012198477E
:10A6F00094F97500BDE83840EEF774BE38BD00BF70
:10A70000F0250020F431002070B5054608200E46E3
:10A71000FEF7AEFC044680B195F87030002103705E
:10A72000064B4660DB68284698472246BDE87040E5
:10A7300040F20161024811F07EB870BDF431002092
:10A74000F025002038B5054608200C46FEF790FCA1
:10A75000024638B1C0E90054BDE838400D21024836
:10A7600011F069B838BD00BFF025002038B50546A6
:10A7700008200C46FEF77CFC024650B195F870307C
:10A7800040F20561037044600248BDE8384011F0B2
:10A7900052B838BDF025002013B50446019111468A
:10A7A00012B301A90420FEF793FC019B104A204636
:10A7B000B3FBF2F102FB113345F2180200210193C1
:10A7C00001AB12F0B6FC0820FEF752FC024648B17D
:10A7D00094F8703040F204610370019B43600548B7
:10A7E00011F029F802B010BD45F2180201ABE8E7FC
:10A7F00040420F00F025002010B504460120FEF76E
:10A8000037FC024648B194F8703040F2036103709F
:10A81000BDE81040014811F00EB810BDF025002031
:10A8200038B5054608200C46FEF722FC024650B11A
:10A8300095F8703040F20761037044600248BDE84B
:10A84000384010F0F8BF38BDF0250020014B5B68A0
:10A85000184700BFF431002010B50446006C30B931
:10A860004FF4B07011F052FC206420B910BD4FF4C9
:10A87000B07111F014FCFF23226C82F85E31A368E2
:10A880001B0603D5054B01201360EFE794F8730016
:10A89000034B0449012808BF0B46F4E70FD7030810
:10A8A00089BE020849BA02082DE9F0418AB006AC17
:10A8B000884615460346264600F1100722461868CA
:10A8C0005968083303C2BB421446F7D11021304601
:10A8D00011F0D7FB002306200593E1F7F7FE11F0F6
:10A8E00015FC044610B310274FF4807112F056FB8C
:10A8F000194B1A49036005ABC160324628460293E2
:10A90000CDE900873B46E4F73FFA0546F0B9394602
:10A91000404611F0B6FB3946304611F0C0FB2046E8
:10A9200006F0F1FC204611F0F3FB0BE06FF08C0118
:10A9300040F20740FFF706FF1021304611F0AFFB51
:10A940006FF08C0528460AB0BDE8F081014640F260
:10A950000740FFF7F7FEDEE70024800000444004D4
:10A9600010B50F4C2368D3B10022D3F8A0001A779A
:10A9700083F83D2083F85E2006F021F8206844210A
:10A98000603011F08CFB206821211D3011F087FB15
:10A9900020682121BDE810403E3011F080BB10BD81
:10A9A000E02B002070B50E460446154692B02022DA
:10A9B0003046404910F095FE68B9202228463E49AD
:10A9C00010F08FFE38B93D4B1B681B7D002B5ED00D
:10A9D00040F203401BE0246C2022304604F1540175
:10A9E00010F07FFE38B92022284604F1740110F0DF
:10A9F00078FE0028ECD00620E1F768FE11F086FB17
:10AA0000044630B901461A20FFF79CFE1A2012B006
:10AA100070BD00234FF48041009312F0BFFA284B21
:10AA200006F12002C360274B0360042330468DF8F3
:10AA300004300DF1050350F8041B904243F8041B49
:10AA4000F9D10DF10500202111F01BFB28460DF175
:10AA5000250305F1200250F8041B904243F8041B23
:10AA6000F9D120210DF1250011F00BFB01A96B4656
:10AA70004122204606F0DBF9014650B9204606F097
:10AA800042FC204611F044FB009805F098FF00209E
:10AA9000BDE710F1870F03D040F20740FFF752FEE9
:10AAA000204606F030FC204611F032FB009805F0FD
:10AAB00086FF8DE7E8520408C8520408E02B002006
:10AAC00000000209124100012DE9F04398460023DD
:10AAD00087B0044606200E461746CDE90433E1F759
:10AAE000F5FD11F013FB054638B34FF4805112F019
:10AAF00055FADFF874901B4B214603601022C0F812
:10AB00000C9004AB06F093F9044628BB05AB029306
:10AB100010233246CDE9008349463B46049806F0AF
:10AB200038FB0446C0B9049805F049FF284606F0F2
:10AB3000EAFB284611F0ECFA0AE06FF08C0140F2D3
:10AB40000740FFF7FFFD049805F039FF6FF08C0414
:10AB5000204607B0BDE8F083214640F20740FFF7EA
:10AB6000F1FDE0E7002480000002C003036C53B94C
:10AB700083681B0609D490F87320054B0548012A09
:10AB800008BF18467047186870470348704700BFF1
:10AB900049BA020889BE02080FD703082DE9FF4110
:10ABA000044606208846E1F791FD11F0AFFA05460C
:10ABB00048B901461A20FFF7C5FD6FF08C04204606
:10ABC00004B0BDE8F08122466C4627464FF4807100
:10ABD00012F0E4F9144BC360144B036002F110034C
:10ABE000264610685168083203C69A423446F7D1A7
:10ABF0001021384611F045FA4346102239462846BE
:10AC000006F015F9044620B1014640F20740FFF76F
:10AC100099FD1021384611F042FA284606F073FBE0
:10AC2000284611F075FACAE7004440040024800069
:10AC3000FF282DE9F74318BF354C814618BF44EA79
:10AC400000244FF006000F46164608BF314CE1F7CE
:10AC50003DFD11F05BFA8046002855D001462046A4
:10AC600005F0D2FE0546404606F04DFB404611F089
:10AC70004FFA15F1880F43D1B9F1FF0F42D10620E9
:10AC8000E1F724FD11F042FA044658B901461A20B2
:10AC9000FFF758FD002005463C6006B1356003B063
:10ACA000BDE8F08300231B4A019343684261DAB296
:10ACB00022B923F0FF0343F001034360E1F75AF8A0
:10ACC000052808BF40F2011340F2011108BF63607C
:10ACD000204612F063F9104B01A9E3600F4B23608B
:10ACE000E3F7DCFF014618B140F20740FFF72AFD09
:10ACF000204606F008FB204611F00AFA019CC9E73D
:10AD0000002DC7D02120C8E71A206FF08C05C4E7BA
:10AD10000680040037000400004440040024800042
:10AD2000102828BF1020072838BF0720014B1B68B8
:10AD300018727047E02B0020014B1B68187A70478F
:10AD4000E02B0020003918BF0121003B18BF012370
:10AD500010B50B4C003A246818BF0122A3749DF86B
:10AD600008302070003B18BF0123E3749DF80C30BD
:10AD70002174003B18BF01236274237510BD00BF0E
:10AD8000E02B0020014B1B68D8607047E02B0020AF
:10AD900010B50D4B02461B68187F022810D082B1F7
:10ADA000012201F110001A7703F11D0251F8044B42
:10ADB000814242F8044BF9D1012283F83D20002062
:10ADC00010BDFFF7CDFDFAE7E02B002070B51B4B5F
:10ADD0000D461E681446337F022B2AD128B351B387
:10ADE0004AB3102206F11D0010F07BFC18B31022AC
:10ADF000214606F12D0010F074FCE0B1294606F161
:10AE00003E0305F1100251F8040B914243F8040B84
:10AE1000F9D1214606F14E0304F1100251F8040B5A
:10AE2000914243F8040BF9D1012086F85E0000201E
:10AE300070BD0220FCE72120FAE700BFE02B0020D4
:10AE400001280AD002280ED098B90B4B1A689369D2
:10AE500043F00103002093617047074B1A68936920
:10AE600043F00203F6E7044B1A68936943F00403C6
:10AE7000F0E72120704700BFE02B002010B5194CEF
:10AE8000236833B9A42011F041F9206038B91A249D
:10AE900026E0FFF765FDA421206811F000F90322E8
:10AEA0004FF0FF31236810481A70D960002210213A
:10AEB0001A77197283F83D200C4983F85E201A82B4
:10AEC0009A749A61FDF702FE044648B9E3F71AFF47
:10AED00030B122460549044810F0BDFC40F2074459
:10AEE000204610BDE02B0020E42B0020D1D0030829
:10AEF0002DE9F04383680446590687B040F1B480D9
:10AF000023F040038360FFF731FE734EB04203D05D
:10AF1000724B984240F0AB8094F9758004F134098B
:10AF2000B8F1FF3F1DD10BF0FEFC022872D0636B1D
:10AF300004201A888DF808201A4632F8021B090AE4
:10AF40008DF80910D3F8023002A9CDF80A30536801
:10AF50000A22CDF80E30EEF7D3F9B0F1FF3F80466C
:10AF600058D0A56815F4807554D10620E1F7AEFBE2
:10AF700011F0CCF8074698B901461A20FFF7E2FB1A
:10AF8000204641F20601FFF7BFFB20460021F2F701
:10AF90009FFD04F1340007B0BDE8F04312F0DEB8C5
:10AFA0002046FFF7E3FD864228D14D4D394645EA5C
:10AFB0000825284605F028FD0646384606F0A3F980
:10AFC00016F1880F1BD1474D394645EA082528461A
:10AFD00005F01AFD0646384606F095F9384611F098
:10AFE00097F89EB9606B2A4602A90A30FFF75CFC0D
:10AFF00078B3102102A811F052F8C1E72E4620467E
:10B00000FFF7B4FD354B8342E8D1DCE7314640F22F
:10B010000740B3E794F87430DA0702D4A368DB057D
:10B02000AED5002301A904F118000193FFF7B6FD86
:10B0300018B1019805F0C3FCA2E7606B019A02A960
:10B040000A30FFF731FC0546019805F0B8FC002DE9
:10B05000CFD1204602A9F2F73BFD02A8102111F042
:10B060001EF8484612F07AF807B0BDE8F083636B2B
:10B070001A88002A84D11C4A904203D01B4A90426D
:10B080007FF47EAF0022013313F8011F00297FF403
:10B0900077AF0132082AF7D1206C019100F5987042
:10B0A00001A9FFF77BFD0028C3D1606B019A02A9BB
:10B0B0000A30FFF7F9FB0546019805F080FC002DEA
:10B0C00097D1204602A9F2F703FD02A8102110F043
:10B0D000E6FF04F13400C5E789BE020849BA020858
:10B0E000058004000380040085CB020819DB0208F8
:10B0F00038B504460D460520022111F065FF0246D1
:10B10000C0B18379062103445D7320460EF004FE2E
:10B11000204645F49051FFF7F7FA94F87310064B68
:10B12000064A2046012914BF11461946BDE8384099
:10B1300011F0DBBF38BD00BF49BA020889BE020862
:10B140002DE9F043804693B006200F4616469946F7
:10B15000E1F7BCFA10F0DAFF054648B901461A20BB
:10B16000FFF7F0FA6FF08C04204613B0BDE8F083CF
:10B170004FF4804111F012FF5A4BC3605A4B0360E9
:10B180005A4B1A68137F022B21D102F1600302F19E
:10B19000800153F8040B8B4247F8040BF9D102F1FC
:10B1A000A00153F8040B8B4246F8040BF9D1D2F8F6
:10B1B000A0302846C9F8003006F0A5F8284610F05F
:10B1C000A7FFB8F1000F40F085800024CCE7936919
:10B1D000DB072DD5464B03F1200253F8041B9342A5
:10B1E00047F8041BF9D1434B03F1200253F8041B29
:10B1F000934246F8041BF9D14B4620223E4928468B
:10B2000005F015FE0446284606F07DF8284610F0A5
:10B210007FFF002CD5D0214640F20740FFF792FA7D
:10B22000B8F1000FA0D008214046FFF761FF9BE76F
:10B230004946E3F733FD044690B1014640F207402A
:10B24000FFF780FAB8F1000F03D008214046FFF75E
:10B250004FFF284606F057F8284610F059FF83E7BD
:10B260006B46412201A9D9F8000005F005FF04460C
:10B27000284606F048F8284610F04AFF4CB121460F
:10B2800040F20740FFF75EFAD9F8000005F097FB9F
:10B29000C6E73A460DF105030DF1250153F8040BFD
:10B2A0008B4242F8040BF9D132460DF1450153F8B7
:10B2B000040B8B4242F8040BF9D101A8412110F094
:10B2C000EEFE3846202110F0DCFE2021304610F042
:10B2D000D8FE76E7002245F21601404611F01BFF2A
:10B2E00073E700BF0000020912710001E02B00208B
:10B2F0003352040854520408085304082DE9F74354
:10B3000090F873700446012F056C04D195F8503104
:10B31000002B40F0AB8095F85C3195F85181032B00
:10B3200000F2F080DFE803F00286AFD318F0010FDF
:10B330007BD01121062011F047FE8146002800F045
:10B3400095808679102106440D36304611F0FCFEBA
:10B35000014658B120460821FFF7CAFE002140F2FD
:10B36000074003B0BDE8F043FFF7ECB9A07CC0F1A3
:10B370001002304410F0DFF90BF0D5FA022895F9ED
:10B380005E010BD032460521EDF758FF90B1082140
:10B39000204603B0BDE8F043FFF7AABE33461022B3
:10B3A00005210BF0C2FA28B1002140F21B40FFF743
:10B3B000C9F9ECE70BF0B7FA02280FD1012F0DD035
:10B3C00004F1180306F1100256F8041B964243F8E4
:10B3D000041BF9D1A36843F48073A3604A46062195
:10B3E00020460EF099FC0B21072011F0EDFD81465F
:10B3F00000283BD0867995F95E310C36064443F43B
:10B400003F430821A6F80130F01C11F09DFE0A22EE
:10B41000042195F95E01731C0BF087FA0028C3D153
:10B420004A46062120460EF077FC95F85C31013340
:10B4300085F85C3118F0020F20D01121082011F09E
:10B44000C3FD064690B10023817901AA01440D3164
:10B45000FF20019311F0E3FE58B108212046FFF7C9
:10B4600047FE40F207400199FFF76CF903B0BDE8D1
:10B47000F0833246062120460EF04EFC95F85C31F2
:10B48000013385F85C3118F0020F1BD00821092028
:10B4900011F09AFD81460028E8D086790C360644E2
:10B4A000EFF7C4F983794A4683F00803C3F3C00376
:10B4B000737003680621C6F8023083882046F38043
:10B4C0000EF02AFC95F85C31013385F85C3118F0F8
:10B4D000040F12D011210A2011F076FD0646002833
:10B4E000C4D0807910223044AB210D3010F023F904
:10B4F0003246062120460EF00FFC95F85C310133F0
:10B5000085F85C31012F08D0236C93F85031002B63
:10B51000ACD195F85C31042BA8D1A36C10220B217F
:10B5200095F95E0131330BF000FA78B140F21B411E
:10B530002046FFF7E9F81F4B1F492046012F08BF9F
:10B54000194603B0BDE8F04311F0CFBDA36C012252
:10B550000C2195F95E0120330BF0E7F90028E5D1C5
:10B56000A36C10220D2195F95E0121330BF0DDF95A
:10B570000028DBD1082295F95E01114604F1100381
:10B580000BF0D3F90028D1D1236C93F85E2184F815
:10B590007520FF2283F85E210BF0C5F9022808BF51
:10B5A000A368204604BF43F48073A360FFF784F8C8
:10B5B000C1E700BF49BA020889BE02082DE9F04F71
:10B5C00097B01546DDE9209804AA06468C469246B7
:10B5D0001C46524B229F03F1100B9646186859687F
:10B5E0000833AEE803005B457246F6D16B46202275
:10B5F00061465046FFF768FA8346002871D1484BF0
:10B6000005F11002089365238DF824300DF1250310
:10B61000184655F8041B954243F8041BF9D1102134
:10B6200010F02FFD0DF13503184604F1100254F807
:10B63000041B944243F8041BF9D1102110F021FDA2
:10B6400099F80630062183F00803C3F3C0038DF890
:10B650004530D9F800300DF14600CDF84630B9F844
:10B6600004300124ADF84A3010F00BFD98F8063094
:10B67000062183F00803C3F3C0038DF84C30D8F8DB
:10B6800000300DF14D00CDF84D30B8F80430ADF874
:10B69000513010F0F6FC002335228DF85430684606
:10B6A000239B08A98DF85340FFF70EFA8346C0B9D3
:10B6B0001021239810F0E5FC3B463522684608A986
:10B6C0008DF82040FFF700FA834650B9B27C01465E
:10B6D000C2F11002384610F02EF81021384610F052
:10B6E000D0FC1021684610F0DAFC352108A810F0D3
:10B6F000D6FC1021504610F0D2FCBBF1000F06D052
:10B7000008213046FFF7F4FC17B0BDE8F08F5A4629
:10B7100045F21201304611F0FEFCF5E775520408BF
:10B720000062746C70B51E460423054696B014463C
:10B730008DF8143001F120020DF1150351F8040BBE
:10B74000914243F8040BF9D120210DF1150010F0BE
:10B7500098FC22460DF1350304F1200152F8040B48
:10B760008A4243F8040BF9D120210DF1350010F085
:10B7700088FC04AB0293202301931A9B314600936B
:10B780000E48412305AA05F03AFD0446412105A8CB
:10B7900010F085FC54B1214640F20740FEF7D2FF7D
:10B7A00008212846FFF7A4FC16B070BD224645F2DA
:10B7B0001501284611F0AFFCF6E700BF00000209B2
:10B7C000F8B50446FEF7BEFE266C054628B394F98C
:10B7D00075305F1C0BD086F85E31FEF7CFFE072177
:10B7E000012011F0F1FB024638BB1A2111E020467E
:10B7F000EDF706FF86F85E01236C93F95E310133A5
:10B80000EBD1FEF7BBFE60B1A3685D070FD441F238
:10B8100005212046FEF778FF0DE0FF2386F85E3114
:10B82000EFE794F975300133EED10025D7E7052114
:10B830002046FFF75DFC0020F8BD32498679096893
:10B840000C3691F800C0831983F801C091F81CE010
:10B85000281E18BF0120BEF1010F0DD183F802E0B0
:10B86000D870487C00B3D87800071DD4A3685B0764
:10B87000DDD441F20321CCE78F69BEF1020F07F05E
:10B8800002070ED191F85EE0BEF1000F09D04FF033
:10B89000010E83F802E0D870002FE2D140F00800DA
:10B8A000DEE74FF0000EF4E7BCF1030F07D00969A3
:10B8B00011F0FF1F1EBFD97841F00401D97094F830
:10B8C00074108F0708D5D978480705D4BCF1030F49
:10B8D000CFD041F00401D970002D18BF03251021ED
:10B8E0005D7119719D71216C9059C1F8060098889D
:10B8F00048819B7920460B7306210EF00DFA01203A
:10B900009AE700BFE02B0020F7B52B4F06463B68B7
:10B910000D461B7F1446012B4CD000283DD0FFF76D
:10B920001FF8396810201D31FDF7D2FB28B1FFF751
:10B9300017F840F2074003B0F0BD396801F1A003E9
:10B9400001F180026031FFF7FBFB0028EFD13B687B
:10B9500003F1600203F12D061146CDE900061D3307
:10B9600011F063FE0028E2D102233A681377012325
:10B9700002F12D0182F83D3002F11D0353F8040B52
:10B980008B4245F8040BF9D13D3253F8041B934226
:10B9900044F8041BF9D10020CDE7FEF7E1FF314662
:10B9A000102228460FF0C7FE1022314620460FF025
:10B9B000C2FEF0E70220BEE7E02B0020204B10B5CE
:10B9C0001B6804469B6913F0040310D141B180F851
:10B9D000773090F87010BDE810401A480FF002BFA1
:10B9E00090F87330012B03D18368580705D410BD3C
:10B9F000022B02D183685907F9D494F9772094F87F
:10BA00007730002AF3DBB3B9012384F8773094F858
:10BA100077305B08EBD04FF47A7294F87010534390
:10BA200008480022FDF730F894F8773063F07F0380
:10BA300084F87730DBE75A06E9D45B00E5E700BF1E
:10BA4000E02B0020E42B002045F21E0330B5994284
:10BA50000446154689B010D845F21603994213D80A
:10BA600045F20103994200F0848145F20C039942AA
:10BA700022D0B1F5A04F00F082812A46204609B0BD
:10BA8000BDE8304000F0AEB9A1F5A043173B072B4D
:10BA9000F3D801A252F823F07DBB02087BBA02085A
:10BAA0007BBA02087BBA02082DBD02087BBA0208E5
:10BAB000F5BC020869BB020890F97730002B02DB65
:10BAC0008268530707D520460921FFF711FB41F291
:10BAD000092009B030BDAB792B44914D5B7C2D68BA
:10BAE00003F008016D7CD5B121B90321FFF700FBFC
:10BAF0002120EEE713F0040F03F0010308D042F019
:10BB00000802826093B9A36843F02003A36013E0A6
:10BB1000002BF8D0836843F010038360F3E75807E5
:10BB200044BF42F00802A260DB0703D5A36843F0DC
:10BB30001003A3600029E6D1A368224643F0040362
:10BB4000A36078492046FCF7C1FF022120460BF094
:10BB50002BF947F23053002245F21A012046FCF738
:10BB600093FFA3689D054AD5A368580747D594F865
:10BB7000700009B0BDE8304011F055B990F874304C
:10BB8000D90745D590F9753001333AD094F913109F
:10BB900001291DDCA26893060DD5614B15071B68B2
:10BBA00001D4187C38B1187F10B91878032802D056
:10BBB0009B6998072CD501290AD0594B11071B689E
:10BBC00001D41A7C22B11A7F12BB1B78032B1FD120
:10BBD0000023CDE90433CDE906330AF0A4FE0228A0
:10BBE00001AB2DD1A06AE16A228E03C31A802046E0
:10BBF000BDF8042004AB0DF10601F1F7E3F90020D4
:10BC000067E78368DA0616D4FEF7B8FC0028BDD0D3
:10BC1000434B1B68197F022929D1DA7C3AB393F888
:10BC20005E3023BBA3685A0717D52046FFF760FA9A
:10BC300041F202204DE7FEF785FC0028E4D0E7E75B
:10BC40000A22022194F975000AF09DFE0028CED147
:10BC5000CDE90100ADF80C00C9E7204641F2022110
:10BC6000FEF752FD01212046FFF7A8FEE0E720463F
:10BC7000FEF7F2FDA56860B96B0705D508212046DF
:10BC8000FFF736FA1A2024E71A212046FEF73CFD7A
:10BC9000F8E715F0040508D0FEF778FCC8B1204697
:10BCA00094F97510FEF7BCFDA9E722461D49204610
:10BCB000FCF70CFF022120460BF076F847F23053D8
:10BCC0002A4645F21A012046FCF7DEFEA3685D070E
:10BCD000E2D4226CD2F8583143F020032046C2F857
:10BCE0005831FFF76DFD002889D020460E4911F02C
:10BCF000FCF984E7FEF74AFC00286AD0226C002A8F
:10BD000067D0A368580764D5D2F85831990660D433
:10BD100029780029E0D105212046FFF7E9F96EE7EF
:10BD2000E02B002033D10308ADD1020890F8743025
:10BD3000D80707D42046284911F0D7F929462046CC
:10BD4000FEF7E2FCA36859077FF559AF204645F29C
:10BD50001A010FF047FD2046224620490FF07BFDD7
:10BD6000A368022123F03C032046A360EEF752FCB7
:10BD700045E7024619491A48FCF7A8FE3FE745F295
:10BD80001A010FF02FFDA36823F03E03A360236C7C
:10BD90006BB193F95E01421C09D094F97520013210
:10BDA00003D0D3F858315B0601D5EDF725FB2246C9
:10BDB00020460A490FF04FFD2246084908480FF077
:10BDC0004AFD20460221EEF725FC204611F005FA37
:10BDD00015E702207DE600BF49BA020833D1030807
:10BDE000F025002045F21703994210B5044640D0D3
:10BDF0001AD845F20603994228D019D840F20123F7
:10BE000021F00201994213D190F870101A480FF0F6
:10BE1000E9FC94F873300022012B4FF4A041204636
:10BE200008D1FFF711FE03E045F21A03994204D04E
:10BE300048200AE000F028F8FAE7104911F055F917
:10BE400007212046FEF760FC002010BD93791A44BC
:10BE5000517C41F49051FEF757FC94F87310084A56
:10BE6000084B2046012914BF1146194611F03DF92F
:10BE7000EAE70220E9E700BFE42B00200FD7030820
:10BE800089BE020849BA020845F21E0399422DE90B
:10BE9000F3410446154611D845F21603994214D8C9
:10BEA00045F20103994200F0468345F202039942AC
:10BEB00000F09C80B1F5A04F00F043832A46204655
:10BEC00002B0BDE8F041FFF78DBFA1F5A043173BDD
:10BED000072BF3D801A252F823F000BFFDBE0208E1
:10BEE000BDBE0208BDBE0208BDBE0208F1C4020804
:10BEF000BDBE0208BBC0020881C00208864E33687E
:10BF00001A7F022A11D1DA7C7AB193F85E3063B9D4
:10BF100041F20221FEF7F8FB20460121FFF74EFD1A
:10BF200041F2022002B0BDE8F081A368590701D5B3
:10BF30000220F7E72046FEF705FB3368051E1A7856
:10BF400018BF0125032A07D019696AB211F0FF1F33
:10BF500028D042F0040503E094F87420920729D415
:10BF60009A69960723D41A7F012A20D045F0080544
:10BF700002210B2011F028F8024600B38379034414
:10BF80005D7394F97530013303D094F87430DD0794
:10BF900003D5A36843F00203A360062120460DF0F9
:10BFA000BBFE0CE094F874108F07D2D4D8E75B7C0A
:10BFB000002BDDD041F203212046FEF7A5FBA3684C
:10BFC000224643F00403A36054492046FCF77EFD5B
:10BFD000022120460AF0E8FE47F23053002245F2E3
:10BFE0001A012046FCF750FD00209BE783685807A4
:10BFF00003D494F97730002B05DB236C53B1D3F8CD
:10C000005831D90606D520460921FFF771F841F2CB
:10C01000092087E72046FEF71FFC28B908212046A3
:10C02000FFF766F821207DE7206CD0F8583143F007
:10C030001003C0F85831AB790C332B445A68C0F860
:10C0400006201A89428101229B7A0373236C9A711C
:10C05000A26812F0040610D1224630492046FCF7AF
:10C0600035FD022120460AF09FFE47F2305332464A
:10C0700045F21A012046FCF707FDA3689A05B3D5DF
:10C08000236C002BB0D0D3F85831DB06ACD5FEF7CB
:10C090007DFA94F9751030B1A3689F0703D4204648
:10C0A000FEF7BEFBA0E70846EDF79CF828B194F830
:10C0B0007430DE0701D40521B1E7236C002B3FF477
:10C0C00037AFD3F85831D8067FF532AF99063FF530
:10C0D0002FAFFEF75BFA48B1A3689A0706D42B7816
:10C0E00023B905212046FFF703F87DE7A368256CF7
:10C0F00023F00203A360D5F85831074F43F0200323
:10C10000C5F858313B68AA7A1B7A934202D8A37CBF
:10C11000934205D9062182E7E02B002033D10308A2
:10C1200094F9521094F852300029B2BF012383F0E1
:10C130000803C3F3C003102A28BF10222B7194F800
:10C140006030204683F00803C3F3C0036B71A27410
:10C150006E7AFEF7F7F990B3F30730D594F975309E
:10C16000D4F84080581C20D088F85E3106F00D06C7
:10C170003B689A69910704D41A7F012A01D03207DB
:10C1800001D406F0F7061A78032A1BD01B6913F0B6
:10C19000FF1F01D046F004060721022010F014FF13
:10C1A0000190A8B940F20340BCE62046EDF728FA1A
:10C1B00088F85E01236C93F95E310133D6D106F025
:10C1C0000C06D5E71B7F002BE6D106F0FB06E3E764
:10C1D00090F806C03A680CF10C0C137800EB0C01D7
:10C1E0004B70137F012B06D0022B46D192F85E30A4
:10C1F000003B18BF01238B701023CE7016F0010690
:10C2000008BF32460B711FBFEB7A2A7B03F0030392
:10C210004B71236C14BF02F003024E718A7183F8D4
:10C2200051214A7983F8502150F80C20C3F80D2091
:10C230008A88A3F811208A79DA7406B3206C90F802
:10C24000501111F002061AD194F85210062281F012
:10C25000080190F95E0104F14C03C1F3C0010AF03A
:10C2600064FB60B13146FEF76DFA20460821FEF707
:10C270003FFF01A80FF0F9FB94E70023BBE7019E05
:10C28000002E8FD0FEF77AF995F809C018B994F905
:10C29000753001330FD01CF0010F04D0236C93F9DB
:10C2A0005E31013307D105212046FEF721FF3046DC
:10C2B000FCF778FDB6E63B680CF00802597C29B122
:10C2C00012B12A7C100703D40321EDE7002A70D0B5
:10C2D0002A7C11076DD5D5F8581141F00401C5F835
:10C2E0005811B5F8501121F4807121F00101A5F821
:10C2F0005011187F297A02280FD091B942EA0C0216
:10C3000012F0040240D185F85D211B7C002BDBD1AB
:10C3100094F874309807D7D40DE021B993F85E20D3
:10C320003ABB0221C0E7012283F83D20DA7C32BB10
:10C33000042385F85D3194F91330022B03D1D5F82D
:10C3400058315A07C0D50AF0EEFA02284DD094F9B8
:10C350007500431C49D0002201A9C0B2FEF768FC59
:10C36000002842D1236C93F85021910737D40A2139
:10C370009AE783F83D10DB7C002BD2D1D8E793F805
:10C380005E30002BD4D1CCE7EA791978052A28BF92
:10C3900003227F4801EB810101448A5C85F85D211D
:10C3A0001B7C1BB994F874309907C4D5002AC2D1FC
:10C3B0008AE71A7F012A02D12A7A002AB8D11CF012
:10C3C000040F03D12A7C12F004029CD0EA79197878
:10C3D000052A28BF03226F4801EB8101DCE793F8AF
:10C3E00051319A0701D40A2119E694F97520531C9A
:10C3F0001CD048F20800216C40EA0220D1F85831E4
:10C4000080B243F04003C1F85831F4F741FB0521F5
:10C4100094F975000AF074FA032194F975000AF092
:10C420006FFA062194F975000AF06AFA324606217D
:10C4300020460DF071FC95F85D31206C042B1DD168
:10C440003B6800F5987003F11D022D3352F8041B70
:10C450009A4240F8041BF9D1D5F8583195F85D217E
:10C4600003F004018AB923F00203C5F85831E274DD
:10C47000B9B14949204610F038FEB5E51022002137
:10C4800000F598700FF057F9E6E743F00203C5F89E
:10C49000583141B90123032AE37412D9042A7FF4E5
:10C4A000A3AD3E49E6E7A37C0F2B89BF94F8743017
:10C4B000012343F0080384F8743088BF0223E37437
:10C4C000D7E7012A07D02046354910F00EFE204656
:10C4D000FEF792F988E52046314910F006FE3B68E8
:10C4E0002046D9684D1C6A426A41FEF755F97BE542
:10C4F00090F87430D80707D420462A4910F0F5FD8B
:10C5000029462046FEF700F9A36859077FF56CAD70
:10C5100045F21A0120460FF065F9224620462249CD
:10C520000FF099F9A36823F00403A36002212046C9
:10C53000EEF770F858E502461B491C48FCF7C6FAAE
:10C5400052E545F21A010FF04DF9A36823F03E03BE
:10C55000A360236C6BB193F95E01421C09D094F97E
:10C560007520013203D0D3F858315B0601D5ECF7C2
:10C5700043FF224620460C490FF06DF922460A4936
:10C580000A480FF068F9204610F027FECEE700BFFA
:10C59000865204089F52040899D00208B1C50208C7
:10C5A00009D0020889BE020833D10308F025002013
:10C5B00073B545F20406B142044615460DD045F266
:10C5C0001006B14222D0B1F5A04F38D110F0ECFCEA
:10C5D000236CD3F85831D90720D5236CD3F85821D0
:10C5E000D2070BD4AA7998330C3215446A1D15353D
:10C5F00052F8041BAA4243F8041BF9D1216CD1F86C
:10C60000583113F004030CD00F4904E0016CA83139
:10C6100010F01EFD0D49204610F067FD002002B00D
:10C6200070BD81F85C31012301F1B802009320460E
:10C6300001F1A80301F5987110F084FFEEE702B054
:10C64000BDE87040FFF7CEBB51C60208E9C602083C
:10C65000B1F5A04FF7B5044608D045F21105A9423F
:10C6600036D003B0BDE8F040FFF7BCBB006C102132
:10C67000B83010F069FD60B108212046FEF738FDA2
:10C6800040F207400021FEF75DF840F2074003B09A
:10C69000F0BD256C95F85D6105F1A807013E022EFD
:10C6A00001979CBFD5F82C0195F85C6105F1540108
:10C6B0009EBFF04000F0010040F08000009005F1C6
:10C6C0001402204605F1B80310F0AFFF0020DEE7AA
:10C6D000016CA83110F0BCFC2046024910F005FDA9
:10C6E000F4E700BFE9C6020845F2100330B59942ED
:10C6F000044685B000F0A6800CD8B1F5A04F27D035
:10C7000045F20503994228D0204605B0BDE83040E7
:10C71000FFF768BB45F21103994200F0B08045F283
:10C7200012039942F0D1016C91F85D3113B1043BD1
:10C73000012B03D82046B83110F06EFC236C93F81F
:10C740005D31042B40F2DF80052B03D16F4992E06D
:10C7500010F02AFC002005B030BD9179036C0C313B
:10C760000A44511DC833153251F8040B914243F865
:10C77000040BF9D1206CD0F8583113F0040354D0D5
:10C7800090F85D31042B22D1614B1B6893F85E5009
:10C7900065B1002100F114020091114600F5A0706E
:10C7A00001903E33204610F040FFD3E71021B8300F
:10C7B00010F0CAFC58B108212046FEF799FC40F25F
:10C7C00007402946FDF7BEFF40F20740C3E7216C52
:10C7D00091F85D3101F1C80213B1043B012B12D86D
:10C7E00001F1F803039301F59873029304F15A03DE
:10C7F000019304F15303009301F1B8032046D831AB
:10C80000FEF7DCFEA6E701F5A073019391F85C0149
:10C81000D1F82C31C34003F0010343F080030093AF
:10C82000134601F154021431BCE780F85C3100F189
:10C83000C802009300F5987100F5A073204610F02F
:10C8400081FE87E7056C102205F1980105F5A070BF
:10C850000EF047FF20B104212046FEF749FC79E79E
:10C86000D5F858312B499B0742BF94F8743043F0F8
:10C87000020384F87430204610F037FC6AE7056C38
:10C8800095F85D3105F5A070042B1ED1204B1022C8
:10C8900019684E310EF025FF0028DCD1102105F17A
:10C8A000B80010F051FC216C01F1F803039301F57D
:10C8B0009873029304F15A03019304F15303009314
:10C8C00001F1C80201F1B80398E70146102205F111
:10C8D00098000EF006FF0028BDD105F1B8012046F2
:10C8E00010F09AFB216C91F85C310133DBB2142B10
:10C8F00081F85C31D8D0D1F8583123F00103C1F868
:10C9000058310549B7E70549B5E700BF21C9020815
:10C91000E02B002085CB0208B1C50208D9C9020866
:10C9200045F21403994213B504462BD00CD8B1F547
:10C93000A04F13D045F20E03994232D0204602B0E8
:10C94000BDE81040FFF74EBA45F219039942F5D100
:10C95000137813BB0C21FEF7CBFB10E010F024FB87
:10C96000216C204601F59473019301F1B803009303
:10C9700001F1540201F1C803143110F0CEFC002083
:10C9800002B010BD036CD3F82821114BB2FBF3F1B8
:10C9900003FB1121FDF7EAFEF1E70E4910F0A5FBBC
:10C9A000EDE79179036C0C310A44511D03F5847352
:10C9B000153251F8040B914243F8040BF9D1226C63
:10C9C000D2F8583143F00803C2F85831D7E700BF16
:10C9D00040420F00D9C90208F0B545F20E06B14237
:10C9E000044615468DB00ED045F21306B1425CD018
:10C9F000B1F5A04F40F0BD8010F0D6FA236CD3F80B
:10CA00005831190757D5236CD3F8582112070CD485
:10CA1000AA7903F584730C3215446A1D153552F852
:10CA2000041BAA4243F8041BF9D10023256CCDE96D
:10CA30000833CDE90A3385F85C3195F85D310DF1A5
:10CA4000200C042B2AD14D4B1B6893F83D205AB182
:10CA5000674603F11D022D333E46106851680832C7
:10CA600003C69A423746F7D105F5A073069304F141
:10CA70005A03059304F153030493EB7905F1C802BB
:10CA800003932B7A02936B7ACDE900C305F1B803C7
:10CA9000204605F1F80110F0B4FC0CE0013B022B3C
:10CAA0009CBFD5F82C310893DEE7056C95F85C3116
:10CAB00023B1012B54D000200DB0F0BD102205F59C
:10CAC000A07105F584700EF00CFE20B10B212046FC
:10CAD000FEF70EFBEFE7D5F858310DF1200C9B0760
:10CAE00042BF94F8743043F0020384F87430012399
:10CAF00085F85C310023CDE90833CDE90A3395F898
:10CB00005D31042B25D11D4B1B6893F85E205AB173
:10CB1000674603F13E024E333E46106851680832C4
:10CB200003C69A423746F7D105F58C73069304F194
:10CB30005303059304F15A030493AB7B05F1B80248
:10CB40000393EB7B02932B7CCDE900C305F1C80373
:10CB50009EE7013B022B9CBFD5F82C310893E3E7FD
:10CB600005F58C7110F03CFA2046054910F0BDFA2D
:10CB7000A1E70DB0BDE8F040FFF734B9E02B00208D
:10CB800085CB0208B1F5A04F73B50446154677D0A2
:10CB900045F21B06B14240F0F68090F87430DB0796
:10CBA00066D5056CB5F850312BB1794910F09DFA76
:10CBB000002002B070BDD5F858315E0747D56B7ABA
:10CBC000D80744D52B7CD90741D5A36C10220B2163
:10CBD00095F95E01313309F0A8FE38B140F21B41EE
:10CBE0002046FDF791FD40F21B40E2E7A36C206C6C
:10CBF00001220C2190F95E01203309F096FE0028F5
:10CC0000ECD1A36C206C10220D2190F95E01213330
:10CC100009F08BFE0028E1D10822206C114690F922
:10CC20005E0104F1100309F080FE0028D6D1236CC8
:10CC300093F85E2184F87520FF2283F85E21204658
:10CC4000544910F052FA2046FDF736FDB0E705F5DD
:10CC5000987304F1180205F5A07553F8041BAB4254
:10CC600042F8041BF9D1A36843F48073A360E6E79C
:10CC7000484910F03AFA29462046FDF745FD97E766
:10CC8000036CD3F8582112F0040245D05A7AD20727
:10CC90008ED51B7CDB078BD509F045FE0228206C66
:10CCA0000ED000F59872032190F95E01ECF7C6FAF8
:10CCB00000283FF47DAF08212046FEF719FA92E7DD
:10CCC00000F598731022032190F95E0109F02DFE02
:10CCD00028B1002140F21B40FDF734FDEBE7206C4A
:10CCE000102200F59873052190F95E0109F01DFEF0
:10CCF0000028EED1236C04F1180103F5987203F5B6
:10CD0000A07352F8040B9A4241F8040BF9D1A368BE
:10CD100043F48073A3604BE7D3F8B810C3F8D01086
:10CD2000D3F8BC100192C3F8D410006C01A900F52F
:10CD30009870FDF733FF48B1019803F040FE20469C
:10CD40000821FEF7D5F940F2074032E7206C019A3E
:10CD500000F59871C830FDF7A7FD05460198002D34
:10CD6000EBD103F02CFE236CA07C03F598732946CD
:10CD7000C0F1100218440EF0DEFC216C2046B831E0
:10CD800010F04AF914E702B0BDE87040FFF72AB886
:10CD900099CD020889BE0208B1F5A04F2DE9F041F6
:10CDA0000446154600F01E81A1F5A043DE1F042EA7
:10CDB00000F21F819279083B0C321544026C92F804
:10CDC0005021032B05D8DFE813F047009300C4007F
:10CDD0000A01D10740F1BB8005351022294687485A
:10CDE0000EF07FFC002800F09C8009F09CFD0228DA
:10CDF000206C27D02A46032190F95E01ECF71EFA39
:10CE00000026074609F08FFD022812D194F87330EE
:10CE1000012B0ED12B4604F1180205F1100153F835
:10CE2000040B8B4242F8040BF9D1A36843F48073DE
:10CE3000A360102128460FF032F9002E6CD000219B
:10CE400030462FE02B461022032190F95E0109F0B5
:10CE50006CFD00270646D5E712F0010777D009F0F0
:10CE600062FD022821D0236C062093F95E81DFF752
:10CE70002DFC0FF04BF9064608B91A26DFE70146EC
:10CE80005F4840EA082003F0BFFD8046304604F0CA
:10CE90003AFA30460FF03CF9B8F1000F05D04146A0
:10CEA00040F20740FDF74EFC37E0206C05F1050825
:10CEB00043460A22022190F95E0109F036FDD5F8B9
:10CEC00005300646A362D5F80930E362B5F80D30A7
:10CED00023860028B3D1226C92F8503123EA07034D
:10CEE00082F850312046FEF709FA0020BDE8F081B3
:10CEF00092072CD509F017FD022805F10505206CD5
:10CF000016D006212A4690F95E01ECF797F9102118
:10CF1000074628460FF0C3F8CFB108212046FEF798
:10CF2000E7F820460821FEF7E3F840F20340DDE78A
:10CF300006212B46102290F95E0109F0F6FC064608
:10CF4000102128460FF0ABF8002E7FF478AF0027B1
:10CF5000C1E79307FBD509F0E6FC02281AD0236C41
:10CF6000062093F95E71DFF7B1FB0FF0CFF80646AC
:10CF7000002882D00146234840EA072003F044FD00
:10CF80000746304604F0BFF930460FF0C1F80FB144
:10CF9000394685E7697989B90A466B1D13F8010F8F
:10CFA00060B90132062AF9D194F85210206C81F050
:10CFB000080104F14C03C1F3C00106E000394FF051
:10CFC000060218BF0121206CAB1D90F95E0109F02B
:10CFD000ACFC064600287FF432AF02277BE702F064
:10CFE000040778E70FF0E0FF0022236C83F85C2150
:10CFF00078E7BDE8F041FEF7F5BE00BFB85204087F
:10D00000038004000680040070B545F20406B142B6
:10D010000446134624D045F21806B14206D0B1F5B5
:10D02000A04F32D10FF0C0FF002070BD11684D1C21
:10D0300003D10121FEF75CF8F6E7026CD2F8580143
:10D04000400743BF002182F85C111B68C2F8301111
:10D050002046104948BFC2F82C3110F046F8E3E7EB
:10D060009979026C0C310B44591D9832153351F8E3
:10D07000040B994242F8040BF9D1226CD2F85831D2
:10D0800043F00103C2F85831CEE7BDE87040FEF727
:10D09000A9BE00BFB1C5020845F215039942F7B514
:10D0A000044651D00CD8B1F5A04F19D045F20D036C
:10D0B00099421BD0204603B0BDE8F040FEF792BE77
:10D0C00045F216039942F5D1016C01F1D8030093A2
:10D0D000D1F8943001F134021431FEF723FB01E062
:10D0E0000FF062FF0027384603B0F0BD93790C3390
:10D0F0001A44551D02F1250632462946FDF752FC19
:10D10000074620B10B212046FDF7F2FFEBE7294649
:10D11000236C143351F8042BB14243F8042BF9D19A
:10D12000236C01F12002343351F8040B914243F88F
:10D13000040BF9D1216C204601F1940301F1740232
:10D140005431FDF7FDFFCDE70FF09EFF236C93F800
:10D150005D31052BC6D8DFE803F0190311111E1944
:10D1600020460E490FF0C1FF0D4B20461B68D968C1
:10D170004B1C5A425A41FDF70FFBB3E720460749C3
:10D180000FF0B3FF2046FDF737FBABE7054920461C
:10D190000FF0ABFFA6E70449F9E700BF09D002088A
:10D1A000E02B002051C60208E9C6020845F216032A
:10D1B0009942F7B5044600F0B4810CD8B1F5A04F00
:10D1C0000FD045F20303994210D0204603B0BDE8CA
:10D1D000F040FEF707BE45F217039942F5D1022051
:10D1E00002E00FF0E1FE002003B0F0BD9379056C82
:10D1F0000C33D618F379DF070CD4FDF7BFF918B953
:10D2000094F97530013305D005212046FDF770FFF4
:10D210002120E9E7A44F337A3A68127A9A4202D879
:10D22000A27C9A4201D90621EFE7D6F80530C5F86D
:10D230000E30B6F809306B8202236B7394F95230CA
:10D2400094F85210002BB2BF012381F00803C3F3FE
:10D25000C0036B7194F8603083F00803C3F3C0031C
:10D260002B71337A102B28BF1023A374F379D807BE
:10D270002BD56B7ADA0728D5737AEA7A134085F8CA
:10D280005131B37A2A7B134085F8503195F95E31DC
:10D2900001331ED0206C90F850319B0719D481F0D7
:10D2A0000801062290F95E0104F14C03C1F3C001AC
:10D2B00009F03BFB68B140F21B412046FDF724FA20
:10D2C000A3685907A4D508219FE7002385F85131A9
:10D2D000DAE73B68F079597C00F0080229B112B115
:10D2E0006A7A120703D403218FE7002A73D06A7A7F
:10D2F000110770D5D5F8581141F00401C5F858113F
:10D30000B5F8501121F4807121F00101A5F85011F8
:10D3100093F81CC0B179BCF1020F03D0002937D0BB
:10D32000022172E729B3012283F83D20DA7C52BB47
:10D33000042385F85D3194F91330022B03D1D5F81D
:10D3400058315A07CFD509F0EEFA02285CD094F98B
:10D350007500431C58D0002201A9C0B2FDF768FC3B
:10D36000002851D1236C93F85021960748D40A2104
:10D370004BE793F85E20002AD2D083F83D10DB7C87
:10D38000002BCDD1D4E793F85E30002BD0D1C7E786
:10D39000024312F0040209D185F85D211B7C002BA9
:10D3A000A1D194F8743098079DD4C4E772791878A5
:10D3B000052A28BF03223D4902EB82020A44125C7F
:10D3C00085F85D211B7C1BB994F874309907B2D5A0
:10D3D000002AB0D187E71A7F012A02D1B279002A48
:10D3E000A6D1420703D46A7A12F00402D4D072792B
:10D3F0001878052A28BF03222D4902EB8202DDE7B7
:10D4000093F851319807B2D594F97520511C1CD06E
:10D4100048F20800216C40EA0220D1F8583180B26D
:10D4200043F04003C1F85831F3F732FB052194F97A
:10D43000750009F065FA032194F9750009F060FAA6
:10D44000062194F9750009F05BFA95F85D31206CBE
:10D45000042B00F5987021D13B6803F11D022D3398
:10D4600052F8041B9A4240F8041BF9D1D5F8583100
:10D4700095F85D2103F00401E2B923F00203C5F839
:10D480005831E274002947D0216C204601F1940301
:10D4900001F174025431FDF753FEA4E6102200217D
:10D4A0000EF049F9E2E700BFE02B002086520408A5
:10D4B0009F52040843F00203C5F8583149B90123CB
:10D4C000013AE374032A3FF68EAEDFE802F010184B
:10D4D0001025A37C0F2B89BF94F87430012343F0EF
:10D4E000080384F8743088BF0223E374CCE7204635
:10D4F0000E490FF0FAFD2046FDF77EF973E620464F
:10D500000A490FF0F2FD3B682046D9684B1C5A428D
:10D510005A41FDF741F966E6054920460FF0E5FD61
:10D5200061E60FF0B1FD0349F7E700BF25DF020810
:10D5300001DE020839D5020845F20D039942F7B51C
:10D54000044627D00DD8B1F5A04F1DD045F20403F5
:10D55000994200F08F80204603B0BDE8F040FEF70E
:10D5600041BC45F21103994200F0A68045F2150333
:10D570009942F0D1006C90F85D31052B06D8DFE8B8
:10D5800003F0503A423A55500FF00EFD002738464E
:10D5900003B0F0BD93790C331A44561D02F12505F2
:10D5A0002A463146FDF7FEF9074620B10B212046F9
:10D5B000FDF79EFDEBE73146236C143351F8042B45
:10D5C000A94243F8042BF9D1236C01F12002343332
:10D5D00051F8040B914243F8040BF9D1216C204619
:10D5E00001F1D8030093D1F8943001F134021431E1
:10D5F000FEF798F8CAE720463B490FF076FD204633
:10D60000FDF7FAF8C2E7204637490FF06EFD374BB9
:10D6100020461B68D9684B1C5A425A41FDF7BCF89A
:10D62000B4E7334920460FF060FDAFE72F4B1B688E
:10D6300093F85E5065B1002100F1140200F5A0706E
:10D6400001900091204611463E330FF0EEFF9DE71A
:10D650001021C8300FF078FD00283DD00821204669
:10D66000FDF746FD294640F20740FDF76BF840F212
:10D6700007478CE79179036C0C310A44511DA8339C
:10D68000153251F8040B914243F8040BF9D1256C83
:10D69000102205F1A80105F198000EF022F820B93A
:10D6A00004212046FDF724FD70E7D5F8583143F0FA
:10D6B0000103C5F8583169E70C4B056C1968102255
:10D6C0004E3105F5A0700EF00CF80028E8D11021BD
:10D6D00005F1C8000FF038FD216C2046C8310FF06D
:10D6E0009BFC04499EE700BF25DF0208E02B0020D9
:10D6F00059DD0208F9D6020845F21003F0B5994247
:10D70000044685B000F087800CD8B1F5A04F1CD03E
:10D7100045F2050399421DD0204605B0BDE8F04012
:10D72000FEF760BB45F21103994200F08D8045F28F
:10D7300012039942F0D1036C93F85D31042B40F24F
:10D74000B380052B03D159497BE00FF02DFC00205D
:10D7500005B0F0BD9179036C0C310A44511DB8330A
:10D76000153251F8040B914243F8040BF9D1256CA2
:10D77000102205F1C80705F1B806314638460DF00C
:10D78000B0FF20B904212046FDF7B2FCDFE7D5F851
:10D79000583113F0040332D095F85D31042B13D1C6
:10D7A00005F1F803039305F59873029304F153030D
:10D7B000019304F15A0300933A463346204605F19B
:10D7C000D801FDF7FBFEC2E705F5A07005F11401D5
:10D7D00005F1540201900BB1052B06D100230093F3
:10D7E000204633460FF021FFB1E795F85C01D5F8EC
:10D7F0002C31C34003F0010343F08003EFE785F8C9
:10D800005C3132460093204605F5A07305F598710A
:10D810000FF098FE9BE7056C102205F1A80105F5B5
:10D82000A0700DF05EFF0028ACD1D5F8583120492A
:10D830009B0742BF94F8743043F0020384F87430BD
:10D8400020460FF052FC82E7056C102205F1A8017A
:10D8500005F5A0700DF045FF002893D195F85D31D6
:10D86000013B022B0FD895F85C310133DBB2142B4E
:10D8700085F85C3107D0D5F858310E4923F0010303
:10D88000C5F85831DCE705F1F803039305F5987303
:10D89000029304F15303019304F15A03009305F139
:10D8A000C80205F1B80389E70349CAE7BDD80208F1
:10D8B00019DB020801DE02083DD9020873B545F202
:10D8C0001406B14204461AD045F21906B14221D0DD
:10D8D000B1F5A04F28D10FF067FB216C204601F570
:10D8E0009473019301F1B803009301F1140201F163
:10D8F000C80354310FF011FD002002B070BD036C5D
:10D90000D3F828210B4BB2FBF3F103FB1121FCF7F9
:10D910002DFFF1E713781BB90C21FDF7E9FBEBE7CD
:10D9200005490FF0E2FBE7E702B0BDE87040FEF703
:10D9300059BA00BF40420F003DD90208F0B5B1F519
:10D94000A04F05468DB008D045F21304A14244D043
:10D950000DB0BDE8F040FEF745BA0023046CCDE9F8
:10D960000833CDE90A3394F85D310DF1200C042B16
:10D970002CD11F4B1B6893F85E205AB1674603F108
:10D980003E024E333E4610685168083203C69A4242
:10D990003746F7D104F58473069305F153030593D5
:10D9A00005F15A030493E37928460393237A04F19B
:10D9B000C8020293637A04F1F801CDE900C304F1CF
:10D9C000B8030FF01EFD00200DB0F0BD013B022B8F
:10D9D0009CBFD4F82C310893DCE7016C01F584710D
:10D9E0000FF0FEFA284603490FF07FFBEBE700BF7C
:10D9F000E02B0020F9D90208F0B545F20E06B1423D
:10DA0000044613468DB00BD045F21303994260D003
:10DA1000B1F5A04F77D10FF0C7FA00200DB0F0BDDF
:10DA20009979026C0C310B44591D02F58C72153337
:10DA300051F8040B994242F8040BF9D1256C1022DD
:10DA400005F58C7105F584700DF04BFE20B90B21A6
:10DA50002046FDF74DFBE0E70023CDE90833CDE993
:10DA60000A3395F85D310DF1200C042B2AD1284B97
:10DA70001B6893F83D205AB1674603F11D022D3310
:10DA80003E4610685168083203C69A423746F7D1BD
:10DA900005F5A073069304F15A03059304F15303AB
:10DAA0000493AB7B20460393EB7B05F1B802029312
:10DAB0002B7C05F1F801CDE900C305F1C8030FF097
:10DAC000A0FCAAE7013B022B9CBFD5F82C310893A0
:10DAD000DEE7056C102205F5A07105F58C700DF0E0
:10DAE00000FE0028B3D1D5F8583120469B0748BF27
:10DAF00094F87430074944BF43F0020384F874304B
:10DB00000FF0F3FA89E70DB0BDE8F040FEF76AB90F
:10DB1000E02B002019DB020870B5B1F5A04F0446D8
:10DB2000154688B077D045F21B06B14240F00A8115
:10DB300090F87430DB0766D5056CB5F850312BB121
:10DB400083490FF0D2FA002008B070BDD5F85831E3
:10DB50005E0747D56B7AD80744D52B7CD90741D5CA
:10DB6000A36C10220B2195F95E01313308F0DDFE24
:10DB700038B140F21B412046FCF7C6FD40F21B4085
:10DB8000E2E7A36C206C01220C2190F95E012033A6
:10DB900008F0CBFE0028ECD1A36C206C10220D21E4
:10DBA00090F95E01213308F0C0FE0028E1D108227F
:10DBB000206C114690F95E0104F1100308F0B5FEE7
:10DBC0000028D6D1236C93F85E2184F87520FF22BB
:10DBD00083F85E2120465F490FF087FA2046FCF764
:10DBE0006BFDB0E705F5987304F1180205F5A07513
:10DBF00053F8041BAB4242F8041BF9D1A36843F469
:10DC00008073A360E6E753490FF06FFA2946204678
:10DC1000FCF77AFD97E7036CD3F8582112F0040261
:10DC200055D00022CDE90122ADF80C205A7AD20756
:10DC30003FD51B7CDB073CD508F075FE0228206C25
:10DC40000CD000F59872032190F95E01EBF7F6FA1B
:10DC500078B308212046FDF74BFA8FE700F598735B
:10DC60001022032190F95E0108F05FFE28B1002127
:10DC700040F21B40FCF766FDEBE7206C102200F53C
:10DC80009873052190F95E0108F04FFE0028EED14F
:10DC9000236C04F1180103F5987203F5A07352F890
:10DCA000040B9A4241F8040BF9D1A36843F4807342
:10DCB000A3600023BDF80420CDE90433CDE9063389
:10DCC0000DF1060104AB2046EFF77CF93BE7D3F8F2
:10DCD000B810C3F8D010D3F8BC100092C3F8D41019
:10DCE000006C694600F59870FCF758FF48B1009841
:10DCF00002F065FE20460821FDF7FAF940F20740E0
:10DD000022E7206C009A00F59871C830FCF7CCFD32
:10DD100005460028EBD1009802F051FE236CA07C50
:10DD200003F59873C0F11002294618440DF003FD65
:10DD30002A46CDE90155CDE90455CDE9065504AB98
:10DD400001A9C0E708B0BDE87040FEF74BB800BFBE
:10DD50000BD7030849BA0208B1F5A04F70B50446C5
:10DD6000154607D045F20406B1420CD0BDE870401C
:10DD7000FEF738B80FF018F9236CD3F85831D907EB
:10DD800001D4002070BD236CD3F85821D20718D4D9
:10DD9000AA79A8330C3215446A1D153552F8041BB4
:10DDA000AA4243F8041BF9D1206C102200F1A8010B
:10DDB00098300DF096FC20B904212046FDF798F923
:10DDC000DFE7206C1021C8300FF0BEF958B10821F0
:10DDD0002046FDF78DF940F207400021FCF7B2FC28
:10DDE00040F20740CEE7216C2046C8310FF014F90D
:10DDF000204602490FF079F9C3E700BFF9D60208BF
:10DE0000B1F5A04F13B504460ED0A1F5A043103BC9
:10DE1000012B45D8016C98310FF01AF9204623499F
:10DE20000FF063F9002017E0016CD1F8583101F1CF
:10DE3000C80213F0040328D0102110460FF084F913
:10DE400060B108212046FDF753F940F20740002158
:10DE5000FCF778FC40F2074002B010BD216C204670
:10DE600001F19803019391F85C21D1F82C31D34052
:10DE700003F0010343F08003009301F1140201F168
:10DE8000C80354310FF0D1FBCCE781F85C3101239A
:10DE9000009301F1980301F598710FF053FBC1E76E
:10DEA00002B0BDE81040FDF79DBF00BFB1DE020823
:10DEB000B1F5A04F70B51346044607D045F20406ED
:10DEC000B14207D0BDE87040FDF78CBF0FF06CF891
:10DED000002070BD9979026C0C310B44591DA83299
:10DEE000153351F8040B994242F8040BF9D1256C13
:10DEF000102205F1A80105F198000DF0F2FB20B900
:10DF000004212046FDF7F4F8E2E7204605F1C801B8
:10DF10000FF082F8204602490FF0E7F8D8E700BF7B
:10DF2000F9D60208B1F5A04F70B50346144607D0E4
:10DF300045F21806B14207D0BDE87040FDF752BF68
:10DF40000FF032F8002070BD1268551C03D101217A
:10DF5000FDF7CEF8F6E7016CD1F85801400743BF52
:10DF6000002281F85C212268C1F8302148BFC1F845
:10DF70002C21184601490FF0B8F8E3E701DE02084A
:10DF800007B506480DF08FFD042101900DEB01004F
:10DF90000DF073FE019803B05DF804FBE82B002040
:10DFA000F7B5186810F0020003D0164E316811B9A9
:10DFB000012003B0F0BD0024042223460DEB020033
:10DFC00001940DF041FDBDF80630DB0702D4FFF7E8
:10DFD000D7FF044600250C4F57F8043B23B12146D8
:10DFE000BDF80400984748B13368002BE0D0074BD8
:10DFF000022193F90000FAF7A3FBD9E70135062DBA
:10E00000EAD1F1E7E82B0020EC2B00209E2D002028
:10E0100010B50948FAF784FB0024084B084918702A
:10E0200020200C60FAF708FF064BC3E90044C3E95F
:10E030000244C3E9044410BD043200209E2D002098
:10E04000E82B0020EC2B0020074BDA69D20407D51F
:10E050001B6A40F2044013F0010F18BF0020704704
:10E0600040F20440704700BF0080E00FD8F794BA38
:10E0700008B502F037FAD8F779FAD8F787FA02F03C
:10E080003EFAFFF7F3FF10F037F8F8E708B5D8F7D6
:10E09000B1FEBDE80840D8F7CDBB08B500F088F860
:10E0A000BDE8084000F062B808B5E0F72FFBBDE816
:10E0B0000840F1F7C3BF00B5C3B0F2F77FFB0CF027
:10E0C00000FB48B1D8F7CAFC30B101A80CF0DEFA69
:10E0D00010B901A8D8F77CFC43B05DF804FB10B57B
:10E0E00001213A20DCF792FB012304221846052186
:10E0F000DDF7C8FABDE810400422002311460120D4
:10E10000DDF7C0BA08B5FFF7EAFFD9F77FFCD8F70B
:10E1100017FBBDE80840D8F723BB08B5E0F74EFA77
:10E12000DFF78CFBDFF7C0FF01F0F2FCE0F7EAFD60
:10E1300001F0AEF901F0EEFCBDE8084010F0D0BEF1
:10E1400008B5DDF723FF01F09DF9BDE80840FFF7B2
:10E15000ABBFD9F749B87047D9F786B9FFF7ABBF5E
:10E16000D9F782B800F004B8D8F7FCBDD8F746BF9D
:10E170000120704709B100BEFDE7704708B50020D7
:10E18000FFF7F8FF08BD704780B2F1F7A7BEF1F7BF
:10E19000AFBE37B50D460446D8F726FE00232A4603
:10E1A0004FF4FA7120460093D9F7B6F803B030BDAA
:10E1B000704709B100BEFDE7704708B50120FFF7C1
:10E1C000F8FF08BDF8B50E4617461D46044660B177
:10E1D0005BB110F0B6FDE5600025E780A680256004
:10E1E000A56010F0A9FD2846F8BD2220FCE7F8B58F
:10E1F0000E46044600283DD000293BD0C368002BC2
:10E200003AD010F09EFDA18805466088884215D25C
:10E210002388E2880344B3FBF1F001FB1033E0688C
:10E22000314602FB03000DF08EFA638801336380F0
:10E230000024284610F080FD2046F8BDA368BBB13D
:10E24000E1882288E768204601FB02773946984733
:10E250000028EDD03146E28838460DF074FA238864
:10E26000A2880133B3FBF2F102FB11332380DFE715
:10E270001D24DEE72224DFE71124DDE770B50D461B
:10E28000044610B309B3C3680BB310F05AFD63889A
:10E290000646C3B1E288E3682188284602FB0131C3
:10E2A0000DF051FA2388A2880133B3FBF2F102FB8F
:10E2B000113323806388013B63800024304610F0D3
:10E2C0003BFD204670BD1B24F8E72224F9E711240A
:10E2D000F7E7037970B503F0200304460E4639B919
:10E2E00013B1406A02F0A4F8002584F8206018E019
:10E2F000002BF9D0E369408B5843103002F086F8C8
:10E300000346606278B10022618BA262628410339E
:10E31000A28BFFF757FF05460028E5D0606A02F0A0
:10E3200087F8284670BD1925FBE710B5044690B163
:10E330000379990711D090F8203083B110F001FDD6
:10E34000A36A5A1C1BBF0133A3620124002410F0EE
:10E35000F3FC204610BD2524FBE70F24F9E7022437
:10E36000F7E740B103791B0707D590F8200080F04C
:10E37000010040007047252070470F207047FFF7CD
:10E38000F0BF70B50C460546F0B1F9B112B3037990
:10E3900099061DD5C36993421CD390F82030DBB198
:10E3A00010F0CFFC21460646686AFFF720FF0446BE
:10E3B00028B9AB6A5A1C0EBF01240133AB62304648
:10E3C00010F0BAFC204670BD2524FBE72224F9E7B3
:10E3D0000F24F7E72124F5E70224F3E7F8B50C460C
:10E3E00016460546C8B1D1B1CAB1037903F0280376
:10E3F000282B16D190F82030ABB110F0A2FC2146AA
:10E400000746686AFFF73AFF044608B9EB693360CC
:10E41000384610F091FC2046F8BD2524FBE7222465
:10E42000F9E70F24F7E70224F5E7FEE700239A4215
:10E4300000D1704710B550F8234041F82340013314
:10E440009A42F8D110BD7FB54FF000639E6A044632
:10E4500006F17843B3F5C04F0D460ED2002301A854
:10E460000393D9F7CDF8039B5B0506D529462046D3
:10E47000336C04B0BDE87040184704B070BD1FB5E0
:10E480004FF000639B6A03F17842B2F5C04F04D3AA
:10E4900040F2011005B05DF804FB1B6B03F17843FB
:10E4A000B3F5C04FF4D201238DF80430002301A846
:10E4B000CDE90233D9F7A4F8039BDB03E8D5029B2F
:10E4C0001A0EE5D0012A03D1C3F307430A2BDFD983
:10E4D0004FF000639B6A1B6B1B6C9847DAE70023C5
:10E4E0000360704703680B6001607047036813B9ED
:10E4F0000B60016070471846F8E7FEE738B50D4637
:10E50000044618B311B30378EBB1012B03D0022BEF
:10E5100019D0032B1CD13F236278D340DB0717D5DA
:10E5200010F018FC30222378534303F1A04303F585
:10E5300070331B6C6278D34003F001032B7010F032
:10E5400004FC002038BD40F2FF33E5E72220F9E764
:10E550002120F7E738B50D46044618B311B3037808
:10E56000EBB1012B03D0022B19D0032B1CD13F237D
:10E570006278D340DB0717D510F0ECFB302223780C
:10E58000534303F1A04303F570335B6C6278D340CF
:10E5900003F001032B7010F0D8FB002038BD40F2CF
:10E5A000FF33E5E72220F9E72120F7E7D0E9000370
:10E5B000184783680068184707B503788DF804305A
:10E5C00043788DF80530837801A823B9D9F794FAF8
:10E5D00003B05DF804FBD9F767FAF9E707B50378EC
:10E5E0008DF8043043788DF80530837801A823B97D
:10E5F000D9F75AFA03B05DF804FBD9F77DFAF9E7C9
:10E6000007B503788DF80430437801A88DF80530FC
:10E61000D9F79AFA03B05DF804FB13B50446037802
:10E620000DF103018DF80430437801A88DF8053011
:10E63000FFF764FFA3789DF803000BB980F0010099
:10E6400002B010BD10B588B00C460E99009207912B
:10E650000D99024606919DF8301005910B99049191
:10E660009DF8281003910021CDE901310846234689
:10E67000D9F72EFB08B010BD10B588B004460E982F
:10E68000009207900D98224606909DF83000059064
:10E690000B9804909DF8280003900020CDE90130EC
:10E6A0000B460121D9F714FB08B010BD4369406C3B
:10E6B000DA1C1438B2FBF0F203EBC203CA1DB2FB42
:10E6C000F0F20333B3FBF0F30132023301EBC2018A
:10E6D00000FB0310704738B5054644692146FFF733
:10E6E000E5FF6A6CE31D143AB3FBF2F3013304EB6C
:10E6F000C304204438BD73B506460D460024F36BB1
:10E7000001225B6901A928199847019B013309D1AE
:10E71000736C043462196A405B421A42EFD020469F
:10E7200002B070BD0024FAE770B505460C46DAF772
:10E730001FFFEB6B2046BDE87040DB68184770B5E3
:10E740000025044686B00562E369AB4202D8206A20
:10E7500006B070BD666C2068E36B05225B6901A999
:10E7600006FB0500984701A800F030FC00F053FCC0
:10E7700010B1236A013323620135E5E738B5044659
:10E78000456C006804F1400305FB0101E06B00F0FB
:10E790004FFC05462046FFF7D2FF284638BDF0B5AE
:10E7A0000546002687B0EC69013CB44203D80C460C
:10E7B000204607B0F0BD01B14C1E6F6C2868EB6BB2
:10E7C00005225B6901A907FB0400984701A800F036
:10E7D000FDFB00F020FC0028EAD121460136E2E7EB
:10E7E000F0B504460D46466CE36B006887B0052221
:10E7F0005B6901A906FB0500984701A800F0E6FB4C
:10E8000000F009FC20B101A800F0B7FB07B0F0BD93
:10E8100029462046FFF7C3FF0646676C2068E36B76
:10E8200005225B6901A907FB0600984701A800F0D3
:10E83000A4FB431CEAD0B54238BF0130E6E72DE91E
:10E84000F0434FF6FF79D0F8248004460E46C845C1
:10E8500014BF45460025002787B0E369BB4202D8B4
:10E8600007B0BDE8F083E26B2368606CD2F814C097
:10E8700000FB0530052201A9E04701A800F0A6FB36
:10E88000022806D0C8450CD1721C29462046FFF745
:10E8900075FFE3690135B5FBF3F2013703FB125550
:10E8A000DBE729462046FFF79BFFB0F1FF3F14BF8F
:10E8B000024632460132E8E70368F0B5CC1A436CF1
:10E8C0000646B4FBF3F4002587B0F36937685A1E97
:10E8D0009542706C08D3706C336800FB043007B04D
:10E8E000BDE8F04000F0A2BB0134B4FBF3F203FB3F
:10E8F0001244F36B05225B6901A900FB0470984781
:10E9000001A800F063FB00F086FB0028E3D101358D
:10E91000DBE710B423F0030422449B070A44436C52
:10E9200018BF04325B4282EA0104234203D05DF83F
:10E93000044BFFF7C1BF10465DF8044B70472DE94B
:10E94000F041D0E90A369E42044686B028D114220E
:10E95000C369456802FB1355284606B0BDE8F0813F
:10E960002068676C331AB3FBF7F3E26B07FB030015
:10E97000D2F8148001A90522C04701A800F026FBA7
:10E98000012804D0636C1D44013B3340ED1A31462D
:10E990002046FFF791FF0646A36AB342E0D1DBE7CA
:10E9A0000025F9E708B508301346D1E90012DAF777
:10E9B00065FD012008BD13B50C46002121760093AA
:10E9C000616813462246D9F71FFB18B1E37D03B1F6
:10E9D000A07EA075A07D02B010BD73B5164600F1F3
:10E9E00008050C46284609680DF1070200F0A1F958
:10E9F000032E06D16368834203D12846216800F0C4
:10EA00007FF9012002B070BDD01E009B42424241FE
:10EA1000187E824211D11A688A420ED85A688A42F8
:10EA20000BD35A6901325A61D3E9030282423FBFD4
:10EA3000986840F8221001321A610120704710B521
:10EA4000032A029C07D1A26A5340626C52421342CD
:10EA500001D100F055F9012010BD08B5C3680020B0
:10EA60009847BDE80840DAF78BBD012814BF0420A1
:10EA7000022070B5002442431C70CC7D101D02F0B2
:10EA800002024CB91AB1012220F003001A7000F101
:10EA900008034868184470BD1AB1012220F0030031
:10EAA0001A7000230C7E01F12005DAB2944201D8DD
:10EAB0000020F0E735F833205E1C824206D901EBD6
:10EAC000C30300F10802D8691044E4E73346801A12
:10EAD000EBE773B5054690F842601C4630460DF1F1
:10EAE0000303FFF7C2FFEB6B012E5B690DD13246CA
:10EAF00001A998479DF8033013B1BDF80630019382
:10EB0000BDF80430236002B070BD0122214602B07E
:10EB1000BDE870401847F0B5054600244868EB6B27
:10EB200087B00E4601225B69029402A9083098471B
:10EB3000274695F84230012B40F08480632C02D99F
:10EB4000029807B0F0BD612C08D805AB22463146CB
:10EB50002846FFF7BEFF9DF814301BB305AB2246D5
:10EB6000314628468DF81070FFF7B3FF95F8423014
:10EB7000012B059B55D14FF6FF72934200F0968012
:10EB8000082205A904A800F06DFA059B9DF8101055
:10EB9000C3F30722914240F08980DBB2029A1A4403
:10EBA000029283E095F84230012B30D12246314663
:10EBB000284603ABFFF78DFF3146284604AB621CA5
:10EBC000FFF787FF3146284605ABA21CFFF781FF00
:10EBD000102208230DEB02010DF107008DF807301C
:10EBE00000F040FA102205A90DF1070000F03AFAF2
:10EBF000039BDAB2002A52D19DF80720B2EB132F03
:10EC00004DD1DDE9043203EB0243029347E0302C9F
:10EC10002BD944E09DF80720B2EB134F3FD1049B62
:10EC2000F3E7013342D0102205A90DEB020000F0FA
:10EC300019FA059B9DF81010C3F30742914235D194
:10EC40009BB2ABE7312C3FF67BAF87D005AB2246BA
:10EC500031462846FFF73DFFBDF81430002B7FF406
:10EC60007DAF95F84230012BA0D022463146284690
:10EC700003ABFFF72EFF3146284604AB621CFFF7BB
:10EC800028FF102320220DEB03010DF107008DF862
:10EC9000073000F0E7F9039B9AB2002ABAD095F842
:10ECA0004230012B14BF012302231C44013440E7EE
:10ECB00013B500240194049C0094D9F733FD02B0ED
:10ECC00010BD13B501240194049C0094D9F72AFDCA
:10ECD00002B010BD00234FF0FF3230B544689C42B3
:10ECE00002D10023037230BD016801EBC30541F876
:10ECF00033206A600133F2E7C0E90012FFF7EABF90
:10ED00000023F0B545689D4210D00468DF0054F838
:10ED1000332004EBC306B2F1FF3F08D0C2F3130265
:10ED2000914204D14FF0FF33E3517360F0BD0133E2
:10ED3000E9E70023F0B545689D4202D14FF0FF306E
:10ED40000EE00468DE0054F83340671C09D0C4F3B9
:10ED50001307B94205D1240D147003683344586871
:10ED6000F0BD0133E8E7704770B5940022460546D0
:10ED70000E4610F071FA431C0AD058B922463146AB
:10ED800028460CF0AEFC002814BF3D20002070BDCA
:10ED90006E20FCE77120FAE713B5044601A8DCF702
:10EDA000AFFD9DF8063023804FF480736380DCF75D
:10EDB000BFFD6060002002B010BDDCF767BD08B584
:10EDC000DCF754FD002008BD10B5044644EA0103F9
:10EDD00013F00303084609D1934201D1002010BD6E
:10EDE00054F8231040F823100133F5E72146920030
:10EDF0000CF0A9FCF2E710B5044610F031FA431C00
:10EE000010D088B9DCF794FD234620F0030020449D
:10EE1000984201D1002010BD53F8042B0132F7D0E5
:10EE20003E20F8E76E20F6E77120F4E70A46013944
:10EE30000144DFF79BB913B50023044601461B22AA
:10EE40000DF107008DF8073000F00CF922689DF8ED
:10EE50000730B3EBD26F0CBF0120002002B010BD11
:10EE600013B500230446014620220DF107008DF85A
:10EE7000073000F0F7F80DF107001A22211D00F00D
:10EE8000F1F862689DF80730B3EB926F0CBF012078
:10EE9000002002B010BD0068431C58425841704722
:10EEA000006810F07E0F0CBFC0F3C16000207047F7
:10EEB0000068C0F3D3107047006800F07F0001289D
:10EEC0008CBF002001207047036813F07E0F14BF31
:10EED000042008207047036813F07E0F03D14068B8
:10EEE00020F07C40704713F078001CBF03F07F03D4
:10EEF000D81F7047006800F07F007047032809D0D2
:10EF0000022803D1C1F10201C8B2704700290CBF29
:10EF100007200020704737B5054601F10C0443690E
:10EF20006946012220469847BDF80030012201932E
:10EF30002046AB6901A9984703B030BD37B501F150
:10EF40000C044369012269460546204698474FF65E
:10EF5000FF72009B99B291420DD11B0C1B0443F42C
:10EF6000254343F0A503019301222046AB6901A983
:10EF7000984703B030BD0020FBE737B504460025B5
:10EF80001B22011D0DF107008DF8075000F06AF8F3
:10EF900060689DF80720B2EBD06F03D120F0784075
:10EFA00003B030BD0DF107001B2204F108018DF8FC
:10EFB000075000F057F8A0689DF80730B3EBD06F0A
:10EFC00001D1C043EAE74FF0FF30E9E74BF29A2264
:10EFD000036810B5B2EB134F044613D19BB2012B5B
:10EFE00013D1FFF7CAFF01300CD04FF6FF72E06873
:10EFF000B2EB104F4FEA104309D180B2C01A18BFCC
:10F00000012010BD2368013303D00420F9E702205A
:10F01000F7E70320F5E701288CBF002001207047A7
:10F02000033801288CBF002001207047143070473E
:10F030002DE9F04105469846036908460E461746F5
:10F040009847044638B943463A4631462846DAF7E7
:10F0500007FB044618B131462846FFF75CFF2046FF
:10F06000BDE8F0811F2A0B689EBF4FF0FF31914031
:10F070008B43590801F055315B1A03F033319B087B
:10F0800003F033330B44017803EB13130A444FF0BE
:10F09000013103F00F334B43A2EB13620270704750
:10F0A00030B5C27EC37F85B004460D468DF8002082
:10F0B0008DF8013091B3012204216846D8F7C2FCD3
:10F0C000237F01228DF8043094F82030022101A81A
:10F0D0008DF80530D8F7B6FC94F83530022B18D1EE
:10F0E000637F00228DF8083094F82130012102A8B6
:10F0F0008DF80930D8F7A6FC00220421A37F8DF8F3
:10F100000C3094F822308DF80D3003A8D8F79AFC13
:10F1100001E0032BE4D0002005B030BD0A4668466C
:10F12000D8F790FC237F2A468DF8043094F82030DD
:10F13000294601A88DF80530D8F784FC94F83530BD
:10F14000022B15D1637F2A468DF8083094F82130C0
:10F15000294602A88DF80930D8F774FCA37F2A4607
:10F160008DF80C3094F8223029468DF80D30CCE71C
:10F17000032BD0D1E6E7002307B58DF8033090F8D4
:10F180003530022B0BD1437F0DF103018DF8043094
:10F1900090F8213001A88DF80530FFF7DBF99DF8D4
:10F1A000030003B05DF804FB70B504460FF0D2FD18
:10F1B000A36B05464BB90FF0C4FD01210646084676
:10F1C0000EF030FF30460FF0B7FDA36B2846013339
:10F1D000A363BDE870400FF0B8BD38B504460D46D6
:10F1E0000FF0B8FDA3889BB223B92B60BDE838406F
:10F1F0000FF0ABBD142263889BB202FB03430833BC
:10F200002B606388E2889BB20133B3FBF2F102FB0F
:10F2100011339BB26380A388013B9BB2A380E5E7D7
:10F2200090F8363013B9036898697047022B06BF0F
:10F230000368986C00207047836A9888C0B2704752
:10F2400037B590F835500446022D21D1417E827F9A
:10F2500090F8223049B98DF804208DF8053001A8C6
:10F26000D8F74AFC002003B030BD012907D18DF842
:10F2700004208DF8053001A8D8F716FCF2E7017ECE
:10F280008DF804208DF8053001A80029F4D1E7E7B6
:10F29000012DE7D1037E6BB911238DF80430DAF725
:10F2A00075FD2A46204601A9DAF7EEFC2046DAF77A
:10F2B00085FDD7E71323F0E770B5054614460E46E3
:10F2C0000FF03FFD2B685C4034405C402C60BDE893
:10F2D00070400FF031BD08B50EF0C6FABDE8084029
:10F2E0000021DBF767BA0029CCBF01210021DBF741
:10F2F00061BA02214FF42070DBF70EBE70477047F1
:10F30000704770477047436D0B42FCD1704708B59A
:10F310004368DA0714D58368DB0702D50369D90788
:10F3200007D50A2350218363FFF7EDFF836C9A070B
:10F33000FCD1012200F500535A6043689B07FCD4BE
:10F3400008BD38B50C460121024600F580535960CE
:10F3500004F00F0540F6FF71FFF7D5FF78218563B4
:10F36000FFF7D1FF04F00103610748BF43F0020338
:10F37000916C01F003019942FAD138BD09B9FFF748
:10F38000C6BFFFF7DEBF836C5B06FCD541647047E8
:10F3900070B5054614460E460FF0D3FC2B685C4052
:10F3A00034405C402C60BDE870400FF0C5BC0346A3
:10F3B000142B084604D00AD8012B08D0122B06D1F2
:10F3C000022803D0032808BF01207047002070479F
:10F3D0003AB122F0030202F1A04202F5603209B90B
:10F3E000106070470002FBE770B5044685684FF473
:10F3F0002070DBF725FAA36805F00102E16903F04C
:10F400006003BDE87040DCF7CDBA012200F58053FF
:10F410005A60CB43934003F00A034361416111B941
:10F4200000F500504260704783695B06FCD5C163FC
:10F43000704770B5054614460E460FF082FC2B68E7
:10F440005C4034405C402C60BDE870400FF074BC00
:10F4500021FA00F2D20730B5034600F0FC040FD5C4
:10F4600000220132D2B2042A02D14FF0FF3008E06C
:10F47000831803F00303234421FA03F5ED07F0D4C6
:10F48000184630BDF2F75CBA4FF0FF300BF05FBDAD
:10F4900000207047B0F5802F22D010D8B0F5003F83
:10F4A00020D007D818B3B0F5803F08BF482018BF58
:10F4B00001207047B0F5403F08BF2C20F7E7B0F5BA
:10F4C000302F11D007D8B0F5E02F0FD0B0F5202F96
:10F4D00008BF1020EBE7B0F57F0F08BF0620E6E776
:10F4E0004B2070472A207047112070472120704719
:10F4F00008B528B1242200210CF01DF9002008BD18
:10F500002120FCE708B1FFF7F3BF2120704708B9BD
:10F51000212070470029FBD0036813F0704209D105
:10F52000C3F30E030B601BB94368002BF0D00B60D4
:10F5300000207047B2F1004F07D18268D2040ED587
:10F54000C369002BE4D01B68ECE7B2F1204FF4D084
:10F55000B2F1304FF1D0B2F1404FEED0D8E703F026
:10F560007F03DFE737B50C46054610B9212003B00D
:10F5700030BD0029FAD0002301A90193FFF7C7FF8E
:10F580000028F4D1296811F0704102D1019B236059
:10F59000EDE7AA68B1F1004FC2F38033C2F3403502
:10F5A000C2F3003207D1062103EB450301FB02330E
:10F5B000019A5343EBE7B1F1204F04D12B4402EB06
:10F5C00082021344F4E7B1F1304F02D0B1F1404F61
:10F5D000CCD12B44ECE72DE9F3470D4690469A46F3
:10F5E0000446F0B1E9B106680F6806F07049BE4202
:10F5F0002AD0B9F1004F11D186EA0703B3F1805F39
:10F6000013D3BAF1000F36D1B8F1000F1FD0A368A1
:10F61000AA68534013F4E04F19D002E0B9F1404F0B
:10F62000EAD0212002B0BDE8F0870023204601A9DE
:10F630000193FFF76CFF0028F3D1019AC2F30E0289
:10F6400016431743BE42ECD1B9F1000FD9DB0023BA
:10F65000694620460093FFF75AFF0028E2D1019047
:10F6600001A92846FFF753FF0028DBD1DDE900237D
:10F670009A42D7D0D5E7AA68B8F1000F03D0A368A3
:10F680005340D904CDD49304E1D4CAE72DE9F7431C
:10F690000C46054648B141B100230B60036803F0F6
:10F6A00070430B60C268032A03D9212003B0BDE870
:10F6B000F083012A50D812B143F000632360D5E9EA
:10F6C0000223900102F0407149D5B1F1407F49D049
:10F6D000002BEAD04FF00072236823F040731343ED
:10F6E0002360EA68022A07D12A69032ADDD823F4B5
:10F6F0007F0343EA02432360EB68032B03D12B69AA
:10F70000F62BD2D9A370AB68190442BF236843F427
:10F7100000432360EB68032B09D023682A6823F495
:10F72000FF4323F07F03C2F30E02134323602A68D2
:10F73000AB68002A03F4805603F4806826DA5A0482
:10F7400003F400511AD400296BD1002EADD02368E8
:10F7500043F480532360A8E743F08063AEE7B1F140
:10F76000407F04D1002BA0D04FF04072B4E702F0EC
:10F770008072002BB0D1002AAED096E7226842F406
:10F780008040206000294CD1002E53D12A6802F01D
:10F79000704202F10042B2F1804F06D2B8F1000F80
:10F7A00003D0226842F480622260D5F8009019F0FC
:10F7B000704742D50023284601A90193FFF7A7FE11
:10F7C00000287FF473AF09F05049B9F1004F06D01B
:10F7D000B7F1304F03D0B7F1404F7FF466AF019BD4
:10F7E0002268013B03F07F0322F07F021343236072
:10F7F000AEB1EA69002A3FF458AFB7F1004F3BD1F0
:10F80000117F00293AD0B8F1000F08D043F40073FB
:10F810002360537F1BB1236843F48073236000206F
:10F8200044E722681EB942F400522260AEE742F477
:10F830004052FAE742F4A042F7E713F4C8437FF4DA
:10F8400034AF284601A90193FFF761FE00287FF439
:10F850002DAF002F7FF429AF2368019A23F4FF43D3
:10F8600023F07F03C2F30E0213432360002ED6D091
:10F87000EB69002B3FF419AF0F2017E7537F002BE4
:10F88000CDD0B8F1000FC6D1C9E773B50C46054617
:10F8900008B921201AE00029FBD00123C6684B607B
:10F8A0009E4217D8002301A90193FFF75BFE68B9B8
:10F8B000019B06B11C336A699A4209D32A69002A5E
:10F8C000E7D0226043F000530020A36002B070BD77
:10F8D0001D20FBE7023E012EDBD80023F4E72DE9D3
:10F8E000F0410D46044698B0002869D0002967D041
:10F8F00000234FF000728360C0E90023C36115A9A3
:10F900002846FFF7C3FE002857D1204615990FF06F
:10F9100058FAAB68DB043CD52B68002B52DA4FF069
:10F920000108EE696946376873682046CDF804809F
:10F930000093029700F0D8F8B368204603A9CDF8E9
:10F9400010800393059700F0CFF8F368204606A9CE
:10F95000CDF81C800693089700F0C6F8336920465E
:10F9600009A9CDF8288009930B9700F0BDF87369B9
:10F9700020460CA9CDF834800C930E9700F0B4F813
:10F98000B36920460FA9CDF840800F93119700F07E
:10F99000ABF8284612A9DCF715FE70B9204600F036
:10F9A000A3F8284615A9FFF770FF30B9204615A91E
:10F9B00000F0A4F820460EF0BDF818B0BDE8F081C4
:10F9C0002120FAE70F20F8E770B50E4615460446E9
:10F9D0008AB000283ED000293CD0002A3AD000232B
:10F9E000012229463046FFF7F6FD88BBF3688BBB42
:10F9F000EB68013B012B2DD84FF08073A060C4E968
:10FA00000030E06107A92846FFF740FE00BB204612
:10FA100007990FF0D6F9304601A9FFF736FFB8B9BC
:10FA2000204601A900F060F8284604A9DCF7CAFDC9
:10FA300070B9204600F058F8284607A9FFF725FFBF
:10FA400030B9204607A900F059F820460EF072F8A8
:10FA50000AB070BD2120FBE770B50D46164604467E
:10FA60008AB000283ED000293CD0002A3AD000239A
:10FA7000012231462846FFF7AEFD88BBF3688BBBF9
:10FA8000EB68013B012B2DD84FF08173A060C4E9D6
:10FA90000030E06107A92846FFF7F8FD00BB2046CB
:10FAA00007990FF08EF9284601A9DCF78BFDB8B94C
:10FAB000204600F019F8284604A9FFF7E6FE78B9B9
:10FAC000204604A900F010F8304607A9FFF7DDFE34
:10FAD00030B9204607A900F011F820460EF02AF8A8
:10FAE0000AB070BD2120FBE7436813B9416070473D
:10FAF0005B685A68012AFBD159607047836813B963
:10FB0000816070475B685A68012AFBD15960704771
:10FB1000FFF7BEBC0020704770B506460D46144680
:10FB20008CB0CAB11022002108A80BF004FE0022FC
:10FB300007AB029305AB019306AB00933046294611
:10FB400008ABCDE90522DCF709FE18B9099B636013
:10FB5000059B23600CB070BD6FF08600FAE708B516
:10FB6000FFF796FC002814BF6FF09200002008BD3C
:10FB7000FFF7F5BFF0B51C4600238BB023600F469E
:10FB80001646FFF785FC70B901A8FFF7B1FC0546E2
:10FB900048B93246394601A8DCF706FC10B92660A0
:10FBA0000BB0F0BD25606FF09200F9E720F008037C
:10FBB000102B05D0202814BF6FF08600002070475E
:10FBC0000020704720F0FF03B3F5824F06D1413883
:10FBD000C0B2012894BF0020012070470020704768
:10FBE00010B50024436814601B0A04D0012B0AD00E
:10FBF0006FF0850010BD0088FFF7E4FF00B1013110
:10FC000000201160F6E72C31FAE7406810B5000AD1
:10FC1000029C04D0012807D06FF08B0010BD9342E6
:10FC200009D96FF08C00F9E703F12C009042F8D865
:10FC3000103103F11C020020C4E90412EEE72B2A64
:10FC400003460AD9012200200A8048801A684A60C7
:10FC50005A689B688A60CB6070476FF08900704774
:10FC60002DE9F0470F4692469946054694B078B183
:10FC700071B16AB14288D31D072B4FEAD30859D01E
:10FC8000038803F4E043B3F5805F04D1530708D041
:10FC90006FF0860426E0B3F5005FF7D0B3F5804F30
:10FCA00048D003AE2022002130460BF044FD3246FE
:10FCB00041462846DDF73EF9044698B94346524688
:10FCC000394628460096FFF7A0FF044650B9014682
:10FCD00024220BA80BF02FFD0BA8FFF709FC28B17D
:10FCE0006FF09204204614B0BDE8F08731460BA8AF
:10FCF000FFF7F5FD58B1482814BF6FF092046FF07C
:10FD000085040BA8FFF7FEFB0028EBD0E8E76B6843
:10FD10001B0A06D14A4641462846FFF761FF0446C2
:10FD2000EFE7524639463046FFF789FF0446002880
:10FD3000F0D0E6E76FF08504D4E72DE9F0439BB0FF
:10FD40000D46DDE9228916461F460446002868D084
:10FD5000002966D0002A64D0002B62D0B8F1000FD1
:10FD60005FD0B9F1000F5CD02022002101A80BF078
:10FD7000E2FC20463246294601ABDDF759F904463C
:10FD8000F8B909AD01AE0FCE0FC596E80F0085E8B2
:10FD90000F000B9A7B1C22F080720D9322F480429C
:10FDA00008F1020323F0030342F40052694609A854
:10FDB0000C940E930B920094FFF7D4FB28B16FF0D4
:10FDC000920420461BB0BDE8F083009B01334345FD
:10FDD000009329D82422214611A80BF0ACFC11A8CD
:10FDE000FFF786FB0028EAD109AA01A911A8DCF7D0
:10FDF00003FC012812D058B1482814BF6FF09204B8
:10FE00006FF0850411A8FFF77DFB0028D9D0D6E755
:10FE100004233B70009BC9F80030F3E76FF08B04BC
:10FE2000F0E76FF08604CCE76FF08904C9E7FFF7CD
:10FE300017BFFFF782BF2DE9F04F9DB01546DDE9F2
:10FE400026AB0F4699460646289A002800F09F8068
:10FE5000002B00F09C80BAF1000F00F09880002980
:10FE600000F09580002D00F09280BBF1000F00F0B3
:10FE70008E80002A00F08B800023B0F80080CBF841
:10FE8000003008F44F41EB00B1F5824F13605FD1B1
:10FE90005FFA88F112290ED128F0FF01B1F5824FE7
:10FEA00002BF083B5B0813601368B3F5047F04BF0F
:10FEB00040F20923136000232A4602933946304654
:10FEC00002ABDCF781FF044600283DD1029C40468E
:10FED0000734E408FFF776FE08B1013D01370DF164
:10FEE0000C0820220021404602940BF024FC2146FD
:10FEF00042463046DDF71EF8044628BBC6460DF1E3
:10FF00002C0CBEE80F00ACE80F009EE80F008CE858
:10FF10000F00EB1C214623F00303242213A8CDE994
:10FF20000E4710930BF007FC2B46524649463046CD
:10FF3000CDF80080FFF769FE044628B913A8FFF743
:10FF4000D7FA38B16FF0920420461DB0BDE8F08FAB
:10FF50002C46C4E742460BA913A8FFF735FD98B914
:10FF6000524649464046FFF76AFE04460028EBD158
:10FF70005A4629463046FFF733FE044613A8FFF7DA
:10FF8000C1FA0028E0D0DDE76FF09204F6E76FF0E9
:10FF90008604D9E72DE9F0479AB00C46DDE9229AAC
:10FFA00015461F468046002866D0002964D0002AE6
:10FFB00062D0002B60D0B9F1000F5DD0BAF1000F14
:10FFC0005AD08368DB075AD52022002101A80BF004
:10FFD000B2FB21462A46404601ABDDF729F804462C
:10FFE00038BB09AD01AE0FCE0FC596E80F0085E80E
:10FFF0000F00694609A8B8F800500094FFF7B2FA5C
:020000040803EF
:1000000001462846FFF7DEFD012804BF042307F858
:10001000013B4FF0000308BF09F1FF39CDE90C3770
:1000200009F1030323F0030305460E9329B16FF092
:10003000920420461AB0BDE8F087009B4B4521D8BA
:10004000242211A80BF077FB11A8FFF751FA002822
:10005000EDD109AA01A911A8FFF7FEFC48B9009B40
:100060002B44CAF8003011A8FFF74CFA0028E0D062
:10007000DDE76FF09204F6E76FF08604D9E76FF0E2
:100080008404D6E76FF08904D3E710B4048804F43D
:10009000E044B4F5805F06D0B4F5005F03D05DF8AE
:1000A000044BFFF7DDBD6FF085005DF8044B704732
:1000B00070B40488DDE9035604F4E044B4F5804FDD
:1000C00004D0CDE9035670BCFFF737BE6FF0850052
:1000D00070BC7047F8B51E4603880F4603F44F43C3
:1000E000B3F5824F154610D1089BDCF76DFE044630
:1000F00048B9069B9D420BD82A46394630460BF03C
:1001000022FB079B1D602046F8BD6FF08504FAE7CF
:100110006FF08904F7E7DCF73BBDF0B504461746FE
:100120001E460D468DB0D1B1C8B12022002104A8D1
:100130000BF001FB3A462946204604ABDCF778FF7A
:1001400058B9169B31460293159B04A80193149B42
:100150000093DDE91223DDF779F80DB0F0BD6FF003
:100160008600FAE7DDF792B910B413460C46014653
:1001700040B104B932B9224601F160005DF8044B88
:10018000DDF7F2B86FF086005DF8044B704713B5E9
:100190000C46014650B14CB142B13BB100936030C6
:1001A00013462246DDF71EF902B010BD6FF086003F
:1001B000FAE708B528B1982200210BF0BCFA00201C
:1001C00008BD6FF08600FBE7DCF762BDDCF7E0BC42
:1001D000F0B5044615461F460E468DB019B96FF0AE
:1001E00086000DB0F0BD0028F9D02022002104A81F
:1001F0000BF0A1FA2388CDE90865B3F5105FEED1C5
:100200006388C02B16D0B3F5807F15D0802B15D115
:1002100010208542CDE90400E1D3169B39460293B4
:10022000159B04A80193149B0093DDE91223DDF7CD
:100230000DF8D6E71820ECE72020EAE76FF08500FC
:10024000CFE7F8B50E4614461D46074600283DD0B8
:10025000E1B302B9D3BB5C22002138460BF06BFA44
:1002600031463846069ADDF75BF8A0B97288D208A5
:10027000182ABA6510D0202A1BD0102A26D10F2D9B
:1002800024D907F1380304F1100254F8041B9442F6
:1002900043F8041BF9D1F8BD172D17D907F138031E
:1002A00004F1180254F8041B944243F8041BF9D1DA
:1002B000F1E71F2D0AD907F1380304F1200254F8A1
:1002C000041B944243F8041BF9D1E4E76FF0860065
:1002D000E1E7FFF7B6BF70B50D461646044688B095
:1002E00098B101B98AB90021202268460BF023FA9F
:1002F00021466846DDF706F928B933462A4669469D
:100300002046DDF731F808B070BD6FF08600FAE7DF
:10031000F0B50D4616461F4604468BB0A8B1A1B1F4
:100320009AB193B10021202202A80BF004FA2146D1
:1003300002A8DDF7E7F830B933462A462046009791
:1003400002A9DDF74FF80BB0F0BD6FF08600FAE7B9
:1003500008B528B15C2200210BF0EDF9002008BDA2
:100360006FF08600FBE7DCF793BC00F008B809B13A
:10037000DDF7EAB8222070470121DDF72FB9002010
:100380007047DDF74BB9DDF701BBDDF73DBBD7F7B4
:10039000FDBADDF76BBB0E2070470E20704770472B
:1003A0007047704770B504464518073549420D40FF
:1003B000A5F10806304600F063F8A188331BC3F3AB
:1003C000CF036288194489B2D21A25F8041C25F893
:1003D000062CA28882B1A4EBC202D18051881944B4
:1003E0005180E2887AB1D31A9BB204EBC20425F89B
:1003F000023CA380304670BD15F8082C42F0020282
:1004000005F8082CEDE725F8022CF3E707B50022E4
:100410004FF0FF3101AB0192DDF7E2FB019803B031
:100420005DF804FB13460A464FF0FF31DDF7D8BBF9
:10043000DDF7B6BC70B50D461E46114693B10023DC
:1004400033608DB180B1454332462846FFF7EAFF5D
:10045000044628B9306818B12A4621460BF06BF9DA
:10046000204670BD2224FBE72124F9E707B50022CE
:1004700001AB0192FFF7DEFF019803B05DF804FBCA
:100480000023038043808380C380704708B5DDF775
:10049000E5FE08BD002307B5684600938DF80430DB
:1004A000DAF73CFF03B05DF804FB10B50EF049FC31
:1004B00004460DF059FD2046BDE810400EF03CBC4E
:1004C00070474FF4C870DDF75BBF00F000B807B5A8
:1004D00013200DF10601FFF74AFFBDF8060003B037
:1004E0005DF804FB08B5D6F7F3F8FDF70BFEFDF752
:1004F00014FEFDF725FEBDE80840FDF72ABE08B54D
:10050000FDF729FEFDF728FEFDF728FEBDE80840AF
:10051000FDF726BE08B501F086F901F00BFEE3F702
:100520003FFB02F08EFF04F049F9E4F73DF902F0D9
:10053000A9F8012004F00BFA05F0D3FABDE8084051
:10054000012004F008BAF0F7E9B908B50421202029
:10055000FFF71FFF04212120FFF71BFF04212220AA
:10056000FFF717FF04212520FFF713FF04212420A4
:10057000FFF70FFF04211F20FFF70BFF04212320AB
:10058000FFF707FF6FF001000521FFF702FFBDE84D
:1005900008406FF00100DDF7EDBA30B5002485B0FA
:1005A000054601A8CDE901440394D7F729F8204670
:1005B000029B2B6005B030BDD7F7E8B9704710B586
:1005C000044608B1DEF746F92046BDE81040FFF7C3
:1005D0002FBF00F4E040B0F5805F04D0A0F50053D9
:1005E000584258417047012070472DE9F0411F469D
:1005F00000F0FE4386B0B3F1106F1646DDE90CCE75
:10060000DDF838800BD120F01F6424F4702434B955
:10061000D1E908234C68240A04D0012C0CD06FF0D7
:10062000850006E0CDE903E8CDE9017C0096FFF7FF
:100630009AFE06B0BDE8F081CDE903E8CDE9017C82
:100640000096FFF7C1FDF4E73AB1002918BF002377
:100650002121D21A18440BF06EB8704738B50379CF
:1006600004460D464BB9636900202B60237E012BA5
:100670000AD028606FF0960005E0D0E9081200F07B
:100680009EFF0028EFD038BD02232376FBE72DE93B
:10069000F04F9B46002389B08DF81B30159B924686
:1006A000DDE91278002B89460B460CBF4FF400623F
:1006B0004FF4806207A9149EDEF712FA044620BBAD
:1006C000079D484629880DF11B02DEF777FA04469C
:1006D000D8B99DF81B00404541D8D5E908126B6890
:1006E0001B0A012B30D0022B12D0002B3AD1CDE9BE
:1006F00003064B462846CDE901B7CDF800A0FFF729
:1007000067FD10F1860F04460DD1C6F800800CE09D
:10071000CDE903064B462846CDE901B7CDF800A048
:10072000FFF756FD0446002CEFD1424621463846DD
:100730003368FFF789FF079800F010FF002C18BFFF
:10074000204609B0BDE8F08FCDE903064B462846A8
:10075000CDE901B7CDF800A0FFF7DFFCE2E76FF0CD
:100760008904D2E76FF08604CFE700232DE9F34137
:100770004668D0F8148004460F4630461146136090
:1007800000F0EEFE054688B9304600F0EBFE054667
:1007900060B9F6B276B9B8F1000F05D1A06820F4BF
:1007A0007F4020F0030060B16FF08605284602B05C
:1007B000BDE8F0810146606900F0AAFE0028EDD195
:1007C000F2E74FF6F87362889A4219D894F80480D9
:1007D000B8F1000F00D101A83946DEF70FFC05463D
:1007E0000028E3D10FCC3F683E460FC694E80300D3
:1007F00086E80300B8F1000FD8D1019B7B61D5E7F3
:100800006FF08505D2E741F2052398421AD8B0F57A
:10081000905F09D241F2010398420CD0B0F5885F95
:1008200009D06FF0850070472923A0F5905080B261
:10083000C340DB07F5D511F0070F0CBF00206FF0A8
:1008400086007047B0F5105FEBD121F04003802B9C
:1008500006D0B1F5807F0CBF00206FF08600704796
:100860000020704770B5046A05460E463CB9012069
:10087000FFF7FCFD286228B120466E6270BD6FF064
:100880008A00FBE76FF08C00F8E7F8B50F461146D9
:1008900006461546FFF7E6FF044620B92A463946C4
:1008A000306A0AF050FF2046F8BD2DE9F041089D5E
:1008B00088461F46048802B32046FFF78AFEE0B14F
:1008C0002B680BB9D3002B6020462968FFF79BFFEC
:1008D000044678B9CE1DB2EBD60F11D1069B9A42D1
:1008E00011D8414638460AF02EFF2B68079A073385
:1008F000DB0813602046BDE8F0816FF08504F9E75E
:100900006FF08604F6E76FF08904F3E72DE9F04F06
:10091000456885B02D0A0446DDE90E678946924692
:100920009B46DDF8408006D0012D18D06FF0860080
:1009300005B0BDE8F08FCDE901780096FFF7CAFB5E
:1009400010F1860FF4D15B46524649462046CDE968
:100950000F780E9605B0BDE8F04FFFF7A6BFCDE9C2
:100960000F780E9605B0BDE8F04FFFF764BA10B5EA
:100970000446006A10B1616AFFF721FE0020C4E955
:10098000080010BD38B50546FFF7F1FF2B7E044681
:10099000012B0ED0023B012B0ED8EB69012B18BFA7
:1009A0006FF096042822002128460AF0C4FE204653
:1009B00038BDEB69002BF2E76FF09604F2E713B550
:1009C0000446C0B101A9DEF759FB044698B9019B62
:1009D0001A7E022A12D103221A761A79FF2A10D01F
:1009E0001AB1586900F0D0FD0446019800F0A1FD4D
:1009F000002818BF0446204602B010BD6FF09604D0
:100A0000F3E76FF08404F0E773B5054608460C463B
:100A100000F079FC002328461A4601A9DEF760F8A9
:100A200050B9019E35460FCD0FC495E8030084E808
:100A30000300304600F092FD02B070BD70B5144660
:100A400002881D461046049EFFF7C3FD68B944F2B4
:100A5000010322F44050984207D002F44F42B2F50D
:100A6000824F02D0B2F5844F0ED1B4420FD8224645
:100A700028460AF068FE0021321B28190AF05BFEA6
:100A80000020059B1C6070BD6FF08500FBE76FF0D8
:100A90008900F8E770B514460288049D02F4E0402E
:100AA000B0F5804F1CD144F2010022F4405686423A
:100AB00007D002F44F42B2F5824F02D0B2F5844F14
:100AC0000ED1AC420FD8184622460AF03CFE002157
:100AD0002A1B20440AF02FFE0020059B1C6070BDDD
:100AE0006FF08500FBE76FF08900F8E710B504466A
:100AF000006868B104280CD005280FD06FF086007C
:100B000000232360A38823F4FF7323F00103A38051
:100B100010BD04F10800FFF71BFCF1E704F1080029
:100B2000FFF747FBECE72DE9FF4105469846002318
:100B300003932B6808461746002B52D1B8F1000FDB
:100B4000134603A914BF4FF480624FF40062DDF72F
:100B5000C7FF0446002846D1039E384631882A1D27
:100B6000DEF72CF8044600283DD16B7968F30003CA
:100B70006B717168D6E90823090AB8F1000F1DD01E
:100B8000012911D0022900D0B9BB3146009705F1E7
:100B90000800FFF756FB044628BB042303982B608C
:100BA00000F0DCFC044624E03146009705F1080023
:100BB000DCF76CFC0446B0B90523EFE7012909D046
:100BC000022900D0C9B93146009705F10800FFF7A6
:100BD00080FBE0E73146009705F10800FFF7C2FA15
:100BE000E8E76FF088042846FFF780FF039800F0DD
:100BF000B5FC204604B0BDE8F0816FF08604F2E752
:100C00000123FFF790BF036819430CBF01200020A8
:100C1000704708B50088DDE90221FFF7DAFC20B152
:100C2000BDE808401046DDF73DBF6FF0850008BD08
:100C30002DE9F04F1F46002389B09046129ACDE966
:100C400005331360438805460E46002B00F0CB8029
:100C5000038803F4E043B3F5804F00F0C4803946C5
:100C60003046FFF7D0FF002800F0BD80284606AAD6
:100C700005A9FFF77AFD0446002840F08180059A17
:100C80006B68126A8AB1059B9A46D3F820B06B68EC
:100C90005AF8249F1B0A78D0012B00F09D806FF03A
:100CA00086040598FFF763FE6AE01A0A61D1B5F879
:100CB00000A069885046FFF78CFC80B15046FFF7D2
:100CC000A2FD044600285BD10AF4E043B3F5805F3F
:100CD00002D0B3F5005F0AD10731CA0817E02AF045
:100CE000FF03B3F5E24F37D06FF0850448E00AF414
:100CF0004F43B3F5844FEFD047F201039A450FD12C
:100D000049080131C90801EBC10101F13B02079219
:100D100007990598FFF7A6FD04460028B3D02FE0F9
:100D200044F201039A4503D1C90801F11002EEE72C
:100D300047F202039A4505D1C90801EB410101F1CF
:100D40005A02E4E744F202039A4505D1C90801EBCF
:100D5000410101F14A02DAE72AF0FF00B0F5E24F63
:100D6000BAD0B0F5824F01BFCC1DE4086400621C0C
:100D7000CDE7284607A900F0CAFA04460028C7D0E4
:100D8000059828B3FFF7FEFD22E02B885B040BD407
:100D90003B46424631462846CDE9019ACDF800B09F
:100DA000FFF737FF044609E053464A4659462846AE
:100DB000FFF76BF910F1860F0446E9D00598002C77
:100DC0007FF46FAF1299FFF749FC04460028D7D192
:100DD000204609B0BDE8F08F53464A46594628469A
:100DE000FFF725F8DEE76FF08604F1E7002370B522
:100DF000064615460C46C2E9003351B10121204692
:100E0000FFF734FB286030B1224631466C600AF0AF
:100E10009AFC002070BD6FF08C00FBE710B5044613
:100E20000068FFF705FB0023C4E9003310BD2DE97E
:100E3000F0411E4600238AB0054617460846CDE914
:100E4000043307923360002A75D0B2F1005F75D287
:100E5000394608AAFFF7CAFF044618B108A8FFF7E9
:100E6000DDFF17E0284605AA04A9DDF82080FFF77A
:100E70007CFC04460028F1D1049B1A6AFAB96B681D
:100E80001B0A15D0012B0BD0079208A8FFF7C6FF4D
:100E90006FF086040498002849D0FFF773FD46E000
:100EA000284607A9079700F032FA04460028D5D152
:100EB00007990498FFF7D6FC04460028CED1049B7E
:100EC00041465A882846069206AA029203F1240255
:100ED00001925A6A00921B6A3A46FFF717FD0446D0
:100EE0000028BBD10498069B428852B943804FF634
:100EF000F872934208D908A8FFF790FF6FF08504B5
:100F0000C8E79A42C1D1F2E72B8813B102889A420E
:100F1000BBD16B8813B142889A42B6D13146FFF7F4
:100F20009DFB044608A8FFF779FF002CB2D12046AC
:100F30000AB0BDE8F0816FF08604F8E76FF0850431
:100F4000F5E773B5064633680846154633B342B332
:100F50006A462946FFF74AFF044698B93368009964
:100F6000042B07D0052B13D06FF086043046FFF713
:100F7000BDFD07E02A4606F10800FFF7ACF904467C
:100F80000028F3D16846FFF749FF204602B070BD44
:100F90002A4606F10800FFF7E7F8F0E76FF088044B
:100FA000F3E71446F1E7002370B5C2E900330646C3
:100FB00014460D46936039B101212846FFF756FAD1
:100FC000606018B1A5602660002070BD6FF08C00D5
:100FD000FBE7416810B5044651B1006858B1A268FA
:100FE0000AB10AF0B0FB6068FFF722FA00236360E1
:100FF0000020A06010BD6FF09600FBE770B51E46A4
:10100000002386B00C461546CDE90333059382B321
:101010000122336002A9DDF763FDE8B920462946C5
:1010200003AAFFF7C0FF044650B90298049B446826
:10103000D0E90812240A11D0012C15D06FF08604D3
:10104000029800F08BFA054603A8FFF7C2FF18B913
:10105000002C14BF2046284606B070BDCDE90056CE
:10106000FFF7ECFC0446EBE7CDE90056FEF792FFF4
:10107000F8E76FF08900EFE770B51E46002386B0F1
:101080000C461546CDE9033305934AB31A4633603F
:1010900002A9DDF725FDF0B92046294603AAFFF78E
:1010A00082FF044658B9029803885B0415D5CDE940
:1010B0000056049BD0E9081200F0F2F904460298A9
:1010C00000F04CFA054603A8FFF783FF18B9002C7F
:1010D00014BF2046284606B070BD6FF08604EEE7C8
:1010E0006FF08900F7E72DE9FF411646054601AA92
:1010F000084631461F46FFF756FF044690B10023CD
:101100003E602B712846FFF7F1FC054601A8FFF76A
:1011100060FF00283BD1002C18BF2546284604B0AC
:10112000BDE8F0812B68DDF8088053B36A79D207F7
:1011300027D52A792AB3B24226D8042B07D0052B0B
:1011400018D06FF0860400233E602B7108E03B4608
:10115000414605F10800FFF7DBF804460028F2D10C
:10116000B8F1000FCED03246214640463B68FFF72B
:101170006BFAC7E73B46414605F10800FFF707F861
:10118000EBE76FF08804DEE76FF08904DBE70546E4
:10119000C4E72DE9F0431D4600238BB006460F46F9
:1011A0001046294605AACDE90733DDF84C8009939E
:1011B000FFF71CFE0446B0B94146129807AADDF8B5
:1011C0001490FFF7F0FE044668B901230393149BC3
:1011D0004A46CDE90183089B3946009330462B46A9
:1011E000FFF755FA044605A8FFF718FE07A8FFF712
:1011F000F0FE002808BF20460BB0BDE8F0832DE9C3
:10120000F04F984600238BB0DDE9156907468B4601
:1012100092463146149807AACDE904330693FFF7A6
:10122000C2FE044648B907F0FE43B3F1106F089DB3
:1012300019D06FF08604002D47D10023C9F8003083
:10124000049800F08BF9054605A8FFF7E7FD07A80D
:10125000FFF7BFFE00283FD1002C18BF25462846C7
:101260000BB0BDE8F08F3B464FF48042584604A9CE
:10127000DDF736FC04460028DDD1049A138823F0FC
:10128000FF03B3F5E24F02D0B3F5E44F07D1538823
:101290000733B6EBD30F02D26FF08904CBE7414698
:1012A000504605AAFFF7A2FD04460028C3D1DDE998
:1012B000041243463846CDE901690095FFF795F9D8
:1012C0000446002DB9D00028BAD031462846DDF7B3
:1012D000E9FBC9F80060B3E70546C0E730B585B063
:1012E00001AA0D46FFF75FFE044620B92946029881
:1012F000DDF7D8FB044601A8FFF76BFE002808BF06
:10130000204605B030BD182200210AF014BA426808
:1013100070B5120A0588438806D0012A56D00023EA
:101320006FF086000B6022E005F4E042B2F5805FCA
:1013300002D0B2F5005F05D10733DB0840D16FF072
:10134000850014E005F44F42B2F5844F03D1073312
:10135000DB080AD1F3E747F20102954208D15B08A6
:101360000133DB0803EBC3033B3300200B6070BD8C
:1013700044F20102954202D1DB081033F5E747F24F
:101380000202954204D1DB0803EB43035A33ECE736
:1013900044F20202954204D1DB0803EB43034A33D3
:1013A000E3E725F0FF05B5F5E24FD0D0B5F5824F64
:1013B000C5D10733DB085B000133012BD5D1BEE774
:1013C00025F0FF05B5F5824FCFD1F6E705F4E046ED
:1013D000DC1DB6F5805F25F0FF024FEAD40002D095
:1013E000B6F5005F06D100284AD0B2F5824F07D18A
:1013F000034640E005F44F46B6F5844F02D190B362
:10140000C31C32E047F20106B5420DD15B0801333F
:10141000DB0803EBC3033B330333800723F00303F1
:1014200035D1072C23D132E044F20106B54202D176
:10143000DB081033F0E747F20206B54204D1DB08BF
:1014400003EB43035A33E7E744F20206B54204D103
:10145000DB0803EB43034A33DEE7B2F5E24FCED0BD
:10146000B2F5824F05D00B68033323F003032C330E
:101470007BE743000133012B00D10B68013BCBE735
:10148000B2F5824F0B6806D0033323F00303B2F5A5
:10149000824FECD102E0023323F003030433E6E78A
:1014A0002DE9F34745680446DDE90A672D0A8846B9
:1014B00091469A4606D0012D16D06FF0860002B0F4
:1014C000BDE8F087CDE90067FEF7F2FD10F1860F69
:1014D000F5D153464A4641462046CDE90A6702B057
:1014E000BDE8F047FFF7D6BACDE90A6702B0BDE81C
:1014F000F047FEF79EBC037E022B06D1C3695A1C3F
:1015000003D00133C361002070476FF0960070472D
:1015100003466FF040420846591E914207D338B146
:1015200003F1404393428CBF00200120704701200B
:101530007047034668B1017E8A1E012A0BD8032931
:10154000C26903D1012A01D1FFF71CBA1AB1013ACD
:10155000DA61002070476FF096007047FFF7E9BF2F
:1015600000207047C0B2FF280CBF6FF0860000203B
:10157000704707B500216A46FEF7CEFA8C3018BFD7
:10158000012003B05DF804FB13B500216A46044650
:10159000FEF7C2FA8C3002D1002002B010BD00214B
:1015A0002046DBF7B3FA014610B16FF09800F4E77C
:1015B0006A462046FEF7B0FA8C30EDD0F5E72DE90B
:1015C000FF4107461446884600293FD0002A3DD0F7
:1015D000B2F5005F3DD202F1240631460120FEF74C
:1015E00045FF0546C0B303463A4621464046DDF76F
:1015F000A3FD7F6900243846FFF7BBFF01281FD0F9
:1016000021462B46324638460094DBF7BDF90146A9
:10161000C8B9384602AAFEF77FFA044620B9029BF1
:101620009E4205D06FF0980438460021DBF76EFA31
:1016300031462846FEF7C3FF204604B0BDE8F081DE
:101640006FF08A04F4E76FF09804F1E76FF0860416
:10165000F2E76FF08D04EFE76FF08C04ECE7FEF734
:10166000AEBF2DE9F047D0F814A086B08146884679
:1016700017465046002104AAFEF74EFA044610BB56
:10168000049E01203146FEF7F1FE0546002837D0C2
:101690002146504604AA0394FEF73EFA044670B968
:1016A00003AB02462146CDE9005350463346DBF7F3
:1016B000D7F9039B04469E4209D06FF09804314647
:1016C0002846FEF77CFF204606B0BDE8F0870028DC
:1016D000F5D13B46424631462846CDF80090DDF72D
:1016E00049FD04460028EAD1D8F800302BB13B6808
:1016F000002B08BF6FF09104E1E76FF09104DEE783
:101700006FF08C04DFE750E8003F0B4340E8003205
:10171000002AF8D17047C94350E8003F0B4040E829
:101720000032002AF8D17047431E032B06D8DFE8A9
:1017300003F0020402040320704704207047CB69C1
:101740001847704770470020704770474FF00000FF
:101750007047002070470020704770470020704796
:10176000002070477047002070470020704700201D
:10177000704700207047002070470020704700200D
:1017800070470020704700207047002070470020FD
:101790007047002070477047704700207047002056
:1017A00070477047704770477047002070470020AF
:1017B000704770477047002070471120704770478E
:1017C00000207047704784B001A880E80E0004B084
:1017D00070471120704770470020704711207047F4
:1017E000704770474FF0FF307047002070477047D8
:1017F00070470020704700207047002070474FF06E
:10180000FF3070471120704700207047012070475B
:10181000002070470020704700207047002070476C
:1018200070477047704702F09DB838B504460DF018
:1018300091FAD4E90C1205462046DDF7DFFCA18CB5
:10184000E28CE060521A40F2712101FB020303F5C1
:101850009C53083328462361BDE838400DF075BA23
:1018600008B52030FFF74FFFBDE808404FF080502B
:10187000EFF760B838B50D4604460830E0F78EFA49
:10188000294600252046E4F7DFFD606CE56110B1D4
:10189000DFF712FC656404F15400BDE838400AF03B
:1018A000E4B838B5044619B390F828208AB190F806
:1018B00029300133DBB29A4280F8293009D1012165
:1018C000FFF7D8FF4FF080712046BDE83840FFF7A2
:1018D000C7BF236ADA030BD5E36A62689B1A002B41
:1018E00006DA01212046FFF7C5FF4FF08061EBE7E4
:1018F000236A1B0426D404F015FF1123B0FBF3F375
:1019000003EB0313C01A94F9613085B213FA80F027
:10191000102888BFC5F110056DB2083B2B4484F830
:10192000613020460121E4F78FFD40F27121A28C45
:1019300063682A4401FB023320466360BDE83840F7
:10194000E4F734BD0025ECE72DE9F84F1D46C369E7
:101950008846044616460C9F9DF838909DF840B086
:101960009DF848109DF850A0002B40F0C580EB0674
:1019700000F1B38005F00303032B08BF05F0FD055C
:1019800005F0F705BDF83C30A806A4F862309DF8D4
:10199000540048BF05F0FC05FFF7C6FE00231BF00E
:1019A000020F84F86600E36740F09A801BF0040F92
:1019B00000F0988000F0FD00012814BF03230423E9
:1019C00094F883209DF8580063F3030284F8832081
:1019D000FFF7AAFE00238A0784F86700C4F88C305A
:1019E00000F182804B0740F1818000F0FD0001286A
:1019F00014BF0321042194F89330A06E61F3030314
:101A000084F8933000F0C9FE00222046216BDDF7F8
:101A1000F5FB40F27123734398426FD849F6FF718A
:101A200004F12000FFF777FEFF2384F84B30BAF172
:101A3000000F03D0236A43F480532362290705D59E
:101A40000626B046236A43F484132362236A6A0796
:101A500023F4C04323620CD419F0010F1CBF43F4DC
:101A600000532362236A19F0020F1CBF43F4804322
:101A70002362236AA4F848502B43236204F15B03DA
:101A8000B7B33A68C4F85B20BA889A809DF82C30C6
:101A9000012B03D14FF48061FFF735FE236A9DF8D7
:101AA000282023F4407343EA0223236204F03AFE21
:101AB0009DF84C30C0F30B0040EA03309DF8343001
:101AC000A4F87000A4F824802046E68484F82A3024
:101AD000FFF7ABFE0020BDE8F88F01218B4651E7F0
:101AE00002236DE701236BE7022184E7012182E7EE
:101AF000C4F85B709F80D1E70C20ECE74520EAE753
:101B00002DE9F743894617460446019330B901A8E9
:101B100009F0ABFF422003B0BDE8F083012920D0DB
:101B2000022910D089B9C369C3B900F130054FF457
:101B30000036236AD9061ED55A0726D501A809F012
:101B400094FF0020E7E7806E20B901A809F08DFF1F
:101B50000C20E0E7194600F047FEDCE700F138050D
:101B6000E5E7C36923B900F134054FF48026E0E7C7
:101B700000F13C05F9E79B0707D5B9F1000F04D147
:101B800001A809F072FF1220C5E704F120084046C1
:101B90003146FFF7C0FDF80702D5284609F065FF7A
:101BA000019921B128460AF04FF8002301932868D3
:101BB00009F0E8FF236AD90605D51F2801DC032FA9
:101BC00016D02846DDE740F27262904204DD2846D6
:101BD00009F04BFF07209EE7B9F1000F08D1BF289D
:101BE00006DD9A0704D0284609F03FFF452092E71A
:101BF0002046D4E90E12DDF701FBE3696BB140F238
:101C00007122A38C5343984207D9E38C8342EAD3D1
:101C100000F51C70B0FBF2F0A0840DF09BF8E369B6
:101C200005467BB1BB070DD531464046FFF76BFD3E
:101C30006368C3F57A7604F0B1FDF04202D5204620
:101C4000E4F73CFD28460DF080F87AE708B548B186
:101C5000CB0701D4002008BD4FF400112030FFF75E
:101C600052FDF7E74220F6E708B548B1CB0701D4AB
:101C7000002008BD4FF400112030FFF74CFDF7E7BE
:101C80004220F6E7DDF7ACBD38B5C36904460D4622
:101C90003BB1036A13F0010010D194F84A30FE2BD7
:101CA0000BD004F120004FF48001FFF72CFD012040
:101CB0002B68E364AB88A4F8503038BD0020FCE703
:101CC000036A10B5044613F4602025D09A0307D5A3
:101CD00004F1300009F0C9FEA36B23630023A36362
:101CE000236A5B0307D504F1340009F0BEFEE36B01
:101CF00063630023E3634FF4602104F12000FFF7E6
:101D00000AFD2046FFF791FD0120B4F870305A1CFF
:101D100062F30B03A4F8703010BD10B504464FF405
:101D200000212030FFF7EFFC2046BDE81040E4F72B
:101D3000C5BC38B504460DF00DF800210546204617
:101D4000DDF7CCFA30B1B0F8484028460CF0FDFF82
:101D5000204638BD0446F8E710B50446543009F073
:101D600073FF2046BDE810404FF00071FFF778BDCB
:101D7000012313B54189009304468389C28908462B
:101D800002F083FEE0B1E279531E072B1AD8638973
:101D9000934217D922899A4214D8237C43B9637C91
:101DA00033B9A37C23B9E07C10B9237D0F2B07D96D
:101DB000607D1B3000F01F000B288CBF002001202D
:101DC00002B010BD0020FBE7F8B58D790C460C354C
:101DD0004B5D4F1903F0400343F004034B550623BA
:101DE000B91C7B70164600F009FB635D002E60F3A2
:101DF00086136355A3797A7803F102031344E371E0
:101E0000A4BF06367E70F8BD0846096CDDF7E8BC55
:101E100010B5044609B1012010BD806E80B9E06E96
:101E200098B9B4F848309B07F5D12046DDF7E4FDBA
:101E3000FFF7A1FC0028EFD0C079C0F34010EBE71A
:101E400000F08EFC0028EAD0E5E7FFF7B4FC00289C
:101E5000E7D0E0E710B50446FFF7DAFF002814BF2B
:101E600018200020236A990658BF40F001005A0646
:101E700048BF40F040005B0748BF40F0020010BD83
:101E800010B50C460021FFF7C3FF30B9E3064CBF85
:101E900004F0180004F05B0010BD1820FCE737B513
:101EA0000446C06E0D4698B1D4F89030009304F10A
:101EB00084030ECBFFF787FCE2692946003A18BF7E
:101EC0000122E06EFFF779FC0546284603B030BDDD
:101ED000A06E30B1DEF706FB05462046FFF71DFF7A
:101EE000F3E70C25F1E7F8B51F46036A04469B06A5
:101EF0000D4616462AD4836E93B1A06E00F0AEFB59
:101F0000A8B93B4632462946A06E00F02EFC94F854
:101F10009310A06E01F00F0100F03FFC0020F8BD0F
:101F200000F0FCFBA0660028E7D10720F7E7A06ED1
:101F300000F094FB002201462046DDF75FF940F2F5
:101F4000712169438842DCD94520E8E71220E6E7A1
:101F500000B1806E704700B18166704700B1C06EFD
:101F6000704700B1C16670472DE9F04706468A46C2
:101F7000114690469946FFF76DFF96F89350074635
:101F800005F00F05042D04D196F86730032B18BF18
:101F9000032596F8834004F00F03042B03D196F831
:101FA0006630032B27D104F00F0439463046FFF783
:101FB00067FF0021DEF78AF9C11C2046E5F784FBA4
:101FC0004FF4FA730AF1FF345C43A6F85800FB069D
:101FD00080B20AFB00440BD5B6F8483004F5487AC5
:101FE00003F00303012B08D0022B1FD09BB15446F2
:101FF0002046BDE8F0870324D7E724212846E5F7EB
:1020000063FB102106462846E5F75EFB04F58A646B
:10201000344400EB040A404609F0B4FD2946024668
:10202000384600F085F90AEB0004E1E70E21284666
:10203000E5F74AFB0646484609F0A4FD2946024654
:10204000384600F075F904F58A6434440444CFE757
:1020500010B50C4606281DD8DFE800F00409111C55
:102060001C1711000846BDE81040DDF7FBBFE4F780
:102070001FFB84420ED1BDE81040E6F7F7B82046BA
:10208000BDE810400021DDF707BE0846BDE810405E
:10209000DDF7BCBF10BD03280B4603D10121184654
:1020A000DDF7FABDFFF7D4BF032802D10846DDF7FC
:1020B000ADBFFFF7CDBF042810B50C4609D00528E9
:1020C0000DD0032811D1BDE810400120497EE5F76D
:1020D00005BF0846DEF732F858B1E6F7C7F82046E4
:1020E000BDE810400121DDF7D7BDBDE81040FFF786
:1020F000AFBF10BD70B504460CF02CFE00210646A3
:102100002046DDF7EBF8054628B9002430460CF0F0
:102110001CFE204670BD806E30B9E86E0028F4D0F9
:10212000FFF749FB0446F1E700F01AFB04460028DC
:10213000ECD1F2E708B501F015FCBDE808404FF41A
:1021400080500021E0F74EBB83790C33C21893789E
:1021500013F03F0004D0D378194214BF01200020AF
:10216000704773B54FF440758DF807108179C580BD
:10217000002507260C314552455C441866F30305DB
:10218000455402F001019207A27848BF41F00201D4
:1021900061F38712A2709DF8072002B92BB10122CA
:1021A0000DF1070109F03DFC0123A27863F305025C
:1021B000A27002B070BD70B50D4602210446FFF753
:1021C000C3FF00B3A07900F10C02A35CA1186FF368
:1021D000C713A354E379D5F85B601B1AD8B20E502D
:1021E00051FA83F3B5F85F10204699802B6A0621D7
:1021F00013F4406F1EBFA35C43F08003A354BDE8FB
:10220000704009F002BC70BD38B50D46042104468B
:10221000FFF79AFF30B12046A91D0122BDE83840E2
:1022200009F0FFBB38BDF7B504460F4616461D46FC
:102230000DF10701013301228DF8073009F0DFFEAF
:102240000DF10701012220468DF8077009F0D7FE35
:102250002A463146204603B0BDE8F04009F0CFBE23
:10226000F0B5054614889C4208D2281947782E5D9F
:102270008F4205D1013434449C4205DD002004E046
:1022800001363444A4B2EEE71480F0BD37B50D46F4
:1022900004210446FFF758FF78B140F2FF23ADF860
:1022A000003000238DF80230AB886A46ADF8033069
:1022B000FF2105232046FFF7B6FF03B030BD38B538
:1022C0000D4608210446FFF73FFF38B1204605F1CF
:1022D00070010222BDE8384009F0A3BB38BD2021BF
:1022E000FFF732BF37B50C4640210546FFF72CFFFC
:1022F00050B10A2394FBF3F4012228460DF10701A3
:102300008DF8074009F08DFB03B030BD10B584791E
:10231000C37904F10C021B1B02390244D8B251FAF2
:1023200083F353709378033860F30503937010BD03
:1023300070B505460E4600F06B0000211446DDF72F
:10234000C5FF54FA80F4FF2C05D821463046BDE87D
:102350007040E5F7B9B9FF213046E5F7B5F905F06A
:102360004005FC3D00F5487061190446FF2904EB67
:10237000000304D83046E5F7A7F9204470BD1C4699
:102380002944F3E708B50231C0B2E5F79DF900F53D
:10239000FA7008BD70B505460020049CE07112F08B
:1023A000100001D1A07170BD0122A2718878460988
:1023B000F540EA0720D54A7800F01F0042EA0022E3
:1023C00091F900000028ACBF1E204FF496705043D6
:1023D0000A78252102F03F02B2FBF1F501FB15223C
:1023E000B0F5FA7F227106F1010262712CBF012261
:1023F00002220344E27123600320D4E737B502468A
:10240000136A084603F4007403F40015DB0505D4D1
:1024100074B9E0F7FBF8204603B030BD44B9B5FA13
:1024200085F4D16C64090160B2F850208280F2E733
:10243000019092F94B30B5FA85F4009300231A46C7
:1024400019461846FFF7DEF96409E4E770B50E4651
:1024500001210446FFF778FEA0B1A279E37902F1E9
:102460000C059B1A611951FA83F13046FFF7C6FF3C
:10247000635D062160F3861363552046BDE8704016
:1024800009F0C3BA70BD70B51446054610220E4659
:102490002046002109F04FF92B789A064FD06B1C8B
:1024A00023606A78D30743BFF34303F0010323712A
:1024B000012348BF0723900707D516F0020F0CBF72
:1024C0001946002106336171DBB2500707D516F0BB
:1024D000040F0CBF194600210133A171DBB21007B4
:1024E00007D516F0080F0CBF194600210233E17121
:1024F000DBB2D00607D516F0100F0CBF194600212D
:1025000003332172DBB2900607D516F0200F0CBF03
:102510001946002112336172DBB2510607D516F05D
:10252000400F0CBF1A4600220133A272DBB22A7898
:1025300002F03F029A4282BFD21AE372227370BD48
:102540002DE9F04F064685B015469DF838208B469C
:1025500003929A469DF83C4009F047FC032196F807
:102560000680039A08F10C0806EB080707F1030937
:10257000F970381D82B9BCB9E0F748F807F10A03D1
:10258000BBF1000F15D1ADB9DAF80020C7F80A2069
:10259000BAF804209A801AE034B9109B33B11B6852
:1025A0007B60109B9B8883800124E7E7E0F772F84B
:1025B000FAE775B30393FFF715F9039B0021CDE903
:1025C0000003012308461A46FFF71CF9012507F10D
:1025D0001001A1EB090101F03F021146531C7B7071
:1025E00016F80830A40103F00F0344EAC5141C4395
:1025F00006F808403046BA70033109F006FA08229E
:1026000016F8083062F3030306F8083005B0BDE899
:10261000F08F0125B8E708B5DDF704FFDDF7ECF929
:10262000FFF7A9F808BD70B50546FFF7F4FF98B1AC
:10263000C479C4F34014A400286F95F83F6009F0F2
:10264000A1FA06F00F06024631462046FFF770FE5B
:10265000C830C5E9030070BD0446EDE700B1C06EA7
:10266000704710B504460820F6F70CFB34B1002380
:10267000224674210820F6F7C1FA08B9002010BDDF
:102680000720FCE74FF400500021E0F7ABB8036AE5
:1026900070B513F0010604462ED0590712D50CF080
:1026A00059FB054604F1200252E8003F23F00403E1
:1026B00042E800310029F7D12046E3F777FE2846AB
:1026C0000CF043FB236A9A0616D513F080051CBF55
:1026D00023F080032362236A204623F02003236231
:1026E00018BF3546DDF79EFE2946A28D90F84A00B8
:1026F000BDE8704001F05DBB70BD1FB504460846E3
:102700009DF818100092CDE9013104F13002636A9E
:1027100004F14001DDF72CFE04B010BD0820F6F7EF
:10272000D3BA38B5036A044613F0010516D123F075
:10273000400303626C3009F098F904F1700009F06D
:1027400094F921460820F6F7DDFA2046FFF763FFEB
:1027500001462846FFF706F8012038BD0020FCE7B7
:1027600010B1006A00F0010070471144026A5B0674
:102770004FEA61014FEA41014CBF42F0020222F0F0
:102780000202416240F8202F50E8003F43F040032E
:1027900040E80032002AF7D1704728B190F83F3066
:1027A00061F3030380F83F30704770B505460CF0C5
:1027B000D1FA06462846FFF736FF2B6ADB070ED50F
:1027C000E3F776FFA842044609D1456803F0E6FF27
:1027D0002D1AB5F5FA7F02DB2046E3F76FFF30468E
:1027E000BDE870400CF0B1BA032AF8B504460E46B5
:1027F00015464DD830B1036ADF0703D5032A03D04D
:102800000C2027E0E80703D504F1700009F02DF94A
:1028100004F170073146384609F016FA0021206F9E
:1028200009F083FA206F09F0ADF994F83F100246E1
:1028300001F00F010020FFF77BFD40F27122636A77
:1028400053432289C83B9B1A834204D8384609F077
:102850000CF94520F8BD0CF07DFAE90705D5E36ECB
:102860001BB9236A23F040032362AA07236A09D510
:1028700043F0480323620CF068FA2046FFF795FF07
:102880000020E7E723F0080323620CF05EFAF7E785
:102890001220DFE7036A19B143F0100303627047A7
:1028A00023F03003FAE7CB08C25C012301F00701F3
:1028B0008B401A4214BF01200020704770477047B8
:1028C000024619460020E5F771BE0020704700203F
:1028D0007047704711207047002102460846DEF716
:1028E0001FB807B500214FF0FF336A460846009332
:1028F0008DF80430DEF714F803B05DF804FB38B54A
:102900000546006808F034FF0446287900F01F00EF
:1029100008F02EFF2044C0B2012894BF00200120FF
:1029200038BD0C2070470C20704750E8003F0B4327
:1029300040E80032002AF8D17047C94350E8003F10
:102940000B4040E80032002AF8D1704738B5044601
:10295000D0F8A00010B9D4F8A40058B194F83751B9
:1029600009F0B4F805F00F0581B206312846E4F706
:10297000ABFE80B240F27122B4F8783000F54870B6
:1029800053439842B8BF184638BD38B505460C4683
:10299000FFF79DFF20B149F640439C4228BF1C46EB
:1029A000EA68A2420BD240F27121B5F87A304B436B
:1029B000934238BF1346A34228BF23461A462A61D2
:1029C00038BD03469A6A4430920404D5D3F82821CE
:1029D000998FDDF7F9BF93F86F10DDF7EBBF00209B
:1029E0007047012070470020704701207047C820C1
:1029F00070470C20704700207047002070477047D8
:102A0000704711207047704770470020704770472B
:102A1000002070477047012070477047704790F85A
:102A2000852010B5531C03F00F03072B28BF00238C
:102A3000044663F30302034480F8852083F87E1084
:102A400090F885306F2B4FEA13129EBF013262F36C
:102A5000071380F88530FFF7E1FF94F8371120461F
:102A600001F00F01FFF7CCFF10BD704770477047B2
:102A700000207047002070470020704710B101F11E
:102A8000B000704701F1D4007047F8307047806A99
:102A900070472830FFF749BF2830FFF74EBFC06AA4
:102AA00070472C30FFF741BF2C30FFF746BF00F5D1
:102AB0009C70704790F8851008B50F2904D9090952
:102AC0007E3002F071FE08BD7F20FCE708B50B796F
:102AD000DB0702D4FFF7C9FF08BD91F90510BDE877
:102AE0000840FFF79CBF70B540F2712606FB01F36A
:102AF00045685643826A1D441207044645600ED558
:102B000000F14005294600F13402DFF7D3FE3346D9
:102B100029462046BDE87040012201F09DBF05EB2B
:102B20005605456070BD836A590505D4D0F8A030BC
:102B300013B15B799A0708D4D0F8A40000B97047A4
:102B400043799B0701D40068F8E70120704780F8BB
:102B50007710704738B504460D46DDF7C5FF80B2E3
:102B6000FEF717FE78B14288022DA08F11D0032DF9
:102B70000BD0012D06D1238F626B1B01B3FBF2F347
:102B8000184480B238BD0122EEE74FF47A43626BFD
:102B9000F4E7638F5B00073313FB0200F1E738B5FE
:102BA000044602F053F904F1A40008F05EFF04F1BA
:102BB000A80008F05AFF04F1AC0008F056FF04F139
:102BC000A00008F052FF2046DDF78EFFC4B2204679
:102BD000FEF7C9FD05462046FEF7C7FD014628461B
:102BE000FEF7C0FD38BD38B5836A04461B0713D510
:102BF0000246B0F87C3052F8341F4B4340F271214A
:102C00004B4300F14001DFF755FE236C20469D0841
:102C1000FFF79CFE2844E06040F27125616B20467E
:102C200001396943FFF7B1FE20460121E3F70CFCAF
:102C3000636BB4F87C2020465A43636805FB02337B
:102C40006360BDE83840E3F7B1BB38B5D0F8303148
:102C5000044600F5947553B3B3F90030A4F8343149
:102C60002046DDF741FFC0B2FFF7C1FE94F83731CF
:102C700094F8362103F00F0304F14401FFF720FE1E
:102C80000146284603F09CFDD4F83031B4F93421D4
:102C900083B1B3F900309A420FD0A36A9B030CD5DD
:102CA0002046BDE838404FF40041DDF733BF47F61A
:102CB000FF73D3E747F6FF73EDE738BDFFF7C5BFF6
:102CC000836A0A4600F14401C3F34030DDF728BEB1
:102CD00010B5A0F87810A0F87A200446FFF736FE69
:102CE0002169E0602046BDE81040FFF74EBE38B5D0
:102CF00004460D463AB94FF4C0212830FFF71DFEB7
:102D00009DB9002038BDFFF780FE98B128344FF4FC
:102D1000C0212046FFF711FE1DB14FF40031FFF72F
:102D200004FE4FF48021204601E04FF40031FFF70C
:102D3000FCFDE6E71120E5E72DE9FF41836A044643
:102D40009B0330D5D0F8303183B3B3F90050002065
:102D5000B4F93481E5F720FCA842B4BF002601266F
:102D6000FFF7B3FD94F83711C82201F00F01E5F722
:102D70001DFC07462046DDF7B7FEA5EB0808AF426D
:102D80000FFA88F3CCBF0027012794F8371102937C
:102D9000002346EA47061A46CDE9005601F00F0126
:102DA00080B200F091FD04B0BDE8F08147F6FF75F8
:102DB000CDE7FFF7C1BF86307047F8B504460E4631
:102DC00000295AD040F27123476B30465F43A7F287
:102DD0008A277F083946E4F787FC94F88E30851FF0
:102DE000ADB29D4239463046A8BF1D46E4F77CFC93
:102DF00094F88F20831F9BB29342A8BF1346F21E04
:102E0000012AB4F88610B4F888202BD8B1F5296FC0
:102E100044F29020B8BF4FF429618142A8BF014617
:102E2000B2F5296FB8BF4FF429628242A8BF0246AB
:102E30001B2DB8BF1B251B2BB8BF1B23304684F8A6
:102E4000913084F89050A4F88A10A4F88C20E4F70C
:102E50004BFC831F9BB2AB42A8BF2B46DBB284F86E
:102E60009230F8BDB1F5A47FB8BF4FF4A471B2F5AC
:102E7000A47FB8BF4FF4A472DAE71B23EFE72DE974
:102E8000F341476B490089B28F42044616461D46FE
:102E90003BD040F271224368416302FB073302FBDF
:102EA00011334360DDF720FE4FF0000887B2334650
:102EB0004246012138460195CDF80080FEF771FCAD
:102EC0003846FEF776FC41463846FEF76BFC012398
:102ED000618F228FB1421AD09542668700D0258734
:102EE000238F626B1B01B3FBF2F394F8371120467A
:102EF000A4F89C3001F00F01FFF75FFF042120468A
:102F000002B0BDE8F041DDF705BE0023E0E79542E1
:102F1000E5D1A26A1207E3D5002BE1D102B0BDE8EA
:102F2000F081F0B585B004460E466A4600F186038E
:102F300000F18E07154618685968083303C5BB426F
:102F40002A46F7D11868314628609B882046AB8016
:102F5000FFF733FF9DF80B2094F891309A4211D17E
:102F6000BDF80620B4F88C309A420BD19DF80A20A7
:102F700094F890309A4205D1BDF80420B4F88A3014
:102F80009A4207D04FF48141204605B0BDE8F04099
:102F9000DDF7C0BD05B0F0BD37B5044694F88E50DE
:102FA000BDF818008D420BD1B4F88650954207D178
:102FB00094F88F509D4203D1B4F8885085421DD0BB
:102FC0008DF80610ADF80420019D84F88E1094F859
:102FD000371184F88F30A4F88800C4F84051204697
:102FE000A4F8862001F00F01FFF79BFFB4F88A30A8
:102FF000A4F88630B4F88C30A4F8883003B030BD23
:1030000090F8373170B503F00F03044616460D46AD
:10301000D9B18B4219D00122FFF7F5FC29460022D5
:103020002046FFF7EEFC94F83731204665F30303A2
:1030300084F8373105F00F01FFF773FF2046BDE834
:1030400070404FF48441DDF765BD19462046FFF717
:1030500068FF002EF2D170BDF8B51D46C36A044664
:103060005B070F46164610D404212C30FFF75DFC99
:1030700084F89A702046A4F89660A4F898504FF40B
:103080000061BDE8F840DDF745BDF8BD10B511B1F0
:1030900090F89A400C7012B1B0F89610118013B1EC
:1030A000B0F898201A80C06AC0F3800010BD38B50F
:1030B0000446C8070D4605D54FF4805104F1280099
:1030C000FFF733FCA90704D5402104F12C00FFF7DA
:1030D0002CFC6A0704D5802104F12C00FFF725FCA5
:1030E0002B0707D504F12C004FF48071BDE8384060
:1030F000FFF71BBC38BD38B50446C8070D4605D5DB
:103100004FF4805104F12800FFF717FCA90704D5FC
:10311000402104F12C00FFF710FC6A0704D5802140
:1031200004F12C00FFF709FC2B0707D504F12C0054
:103130004FF48071BDE83840FFF7FFBB38BD4FF456
:1031400000412830FFF7F1BB00F5A270704790F8FE
:10315000370100F00F00704770B504460BF0FAFD20
:103160006568064603F01AFB2D1AB5F5FA7504D505
:103170003046BDE870400BF0E8BD40F27122636B51
:1031800094F870105343B5FBF3F5A38FAAB29B1AC2
:10319000A38794F86F30154602FB1133252193FB6A
:1031A000F1F001FB1033002BB8BF5B1884F86F30CF
:1031B000B4F89C3020469B1AA4F89C300021E3F719
:1031C00043F940F27122636B20465D43636802FB62
:1031D00015336360E3F7EAF8CAE700232DE9F34704
:1031E0004E790446B20758BF06F00106084648BFAC
:1031F0000326ADF8043058BF01360D46FEF7A6FA97
:10320000074607F01F03002BE36A15BF4FF00108C4
:103210004FF000084FF003094FF002099B050CD551
:103220009DF80430294666F3010368F345138DF8D1
:1032300004302046019A00F0D2F9284608F0A2FC9A
:1032400082464946284608F050FC9DF80430AA7989
:1032500066F3010368F345138DF804308DF805A07B
:10326000BDF804300C32AB529DF80430A918980612
:103270006B7948BF8F7043F001036B710BF06AFDEF
:1032800006462046294650F8A47F08F0DDFC94F855
:1032900046312046013384F84631DDF725FC80B203
:1032A000FEF777FA80B14388A26A12070ED5B4F808
:1032B0007C209A4202D92046FFF74EFF304602B0EA
:1032C000BDE8F0470BF041BD0123EDE7656803F071
:1032D00065FA8046E3F7ECF98442EFD1A5EB0805E7
:1032E000B5F57A7FEADD1FB1D4F8A030002BE5D127
:1032F000E3F778FCE2E708B5022008F082FD10B1A0
:1033000001F08EF9012008BD10B504464FF440715C
:103310002830FFF712FB2046BDE810400021DEF701
:10332000E1B8012310B5A1F12002C1F1200423FA74
:1033300004F403FA02F222438B40D0E9084123400F
:103340000A40134314BF0120002010BDC36A10B50A
:10335000044613F0080012D00123A1F12002C1F1AC
:10336000200023FA00F003FA02F202438B40D4E972
:10337000080103400A40134314BF0120002010BD80
:1033800010B50C46C9B2FFF7E1FF70B1DFF77EFA66
:10339000C4F12002A4F12003E04001FA02F210433C
:1033A00021FA03F3184300F0010010BDD0F84530B6
:1033B0000B6090F849300B71704770B504460E46AB
:1033C000DFF73CFC0BF0C6FC05460221204684F8E2
:1033D0007760DDF79FFB20460021E3F735F82846AC
:1033E000BDE870400BF0B1BC70B504460D460BF063
:1033F000B1FC0646E3F75CF9844201D1E3F7D2FB66
:1034000030460BF0A2FC29462046BDE87040FFF78D
:10341000D4BF0B68C0F84031704738B540F6480556
:10342000D0F840310C460B609BB2AB4204D90B2163
:10343000FFF7A6FF08B9258038BD44F2902323800A
:10344000FAE708B500F0FCF8DDF702FD00F0C9FC72
:1034500000F03CF8DFF7F2FAE0F71EF9BDE80840AB
:10346000E0F79AB938B58B790C33CC18DDF728FB27
:10347000D0F845300546C4F81B3090F84930E37762
:10348000836AC3F340335B00E375436B5B08E380FF
:10349000D0F82831A360FFF794FAD5F82C31A07545
:1034A000E36095F83731C3F303036376A376AB8FFC
:1034B000A38295F8703023766B68236195F83E30CF
:1034C00084F820302B8FA4F8213038BD704770B5B8
:1034D00015460E461C46FFF7D8FA2B684EB103601E
:1034E0006B6843602368C0F825302368C0F8153046
:1034F00070BD83606B68C3602368C0F8293023689F
:10350000C0F81930F4E770B50546FFF7BEFA044677
:103510000BF020FC06464FF480712846FFF7B9FAFD
:103520004FF400612846FFF7BCFA30460BF00DFC63
:103530000023284623612375236284F82430FFF793
:10354000A6FA802310F0080F14BF237584F82430E6
:1035500070BD10B50446FFF7D7FE2046BDE8104009
:103560001021DDF7D7BA10B504464FF46061FFF7BC
:103570009BFA2046BDE81040FFF7C6BE7FB5064661
:103580000C46FFF782FA4FF4C06105463046FFF75C
:1035900088FA4FF400613046FFF786FA4FF48060F6
:1035A000DFF71AF9224670B969462846E5F764FA4A
:1035B0006B4605F1100213F8011B02F8011DAA4227
:1035C000F9D104B070BD6C4602F1100623461068B4
:1035D0005168083203C3B2421C46F7D1E8E737B559
:1035E0000D46ADF80420FFF750FA044600F1200321
:1035F000024601992846E5F76FF9236A01332362F1
:1036000023B994F82430013384F8243003B030BD5A
:1036100037B50D46ADF80420FFF737FA0199044697
:10362000024600F110032846E5F7BAF930B12369E4
:103630000133236113B9237D0133237503B030BDFA
:1036400008B54FF40060DFF7C7F840B94FF4805079
:10365000DFF7C2F840B9BDE80840E5F7B9BAFFF7AF
:1036600007FA0028F2D008BDFFF706FA0028F2D0CA
:10367000F9E741F0004141F4E021016070477047F3
:10368000704710B5DC1D043383734379C47123F094
:10369000030343F003030E24437101234473837136
:1036A000C3730182827410BDD31CC3713E23437364
:1036B0004379827323F0030343F00303437101232F
:1036C000C173837170470F2343730423837343795A
:1036D000A0F8111023F0030343F00303437140F2F9
:1036E0000173C3800123C27303747047D31CC37179
:1036F0004379417323F0030343F003034371012330
:1037000082738371704708B50023FFF7BAFFBDE8E5
:103710000840DEF7A5BB2DE9F34188461621174680
:103720001E46099D019008F070F9162805D001A8E1
:1037300008F09BF902B0BDE8F0813E2201982946CD
:103740004479837924F003040C3344F00304447176
:10375000C418C25414236370002308A81A46FEF745
:1037600046F82423A3709DF8203084F80380E37189
:103770009DF82830A780A373BDF82C30A671A4F85B
:103780000F309DF83030019863749DF83430A37485
:103790009DF83830E3749DF83C3023759DF8403037
:1037A00063752B68A360AB88A381DEF759FBC1E783
:1037B00038B504460D4603221021FFF775FF8379C3
:1037C0001C44A4F80F50BDE83840DEF749BB10B5E3
:1037D000044608F0D7F93E21A379C0B20C33E218B1
:1037E000E154831E537025230D38107393702046C7
:1037F000BDE81040DEF734BB2DE9F84380460220D7
:10380000894617461E4608F0FCFAD0B10C234373D4
:103810000823837340F601334579C38025F00305FF
:103820009DF8203045F003054571A0F8108080F820
:103830001290A0F81370A0F81560C373DEF710FBA8
:103840000120BDE8F88308B5022008F0DAFA30B1AB
:1038500001221121FFF728FFDEF702FB012008BD3E
:10386000F8B504460F46164613211D460922FFF7F8
:103870001BFF83790C331C44A170E77026712B6801
:10388000C4F80530AB88A4F80930BDE8F840DEF78D
:10389000E7BA70B5064602200D4608F0B2FA0446B3
:1038A00068B114210422FFF7FFFE83790C331C4416
:1038B000A170A4F803606571DEF7D2FA012070BD33
:1038C00008B506F070FF08BD2DE9F041074602205B
:1038D0000D4690461E4608F094FA0446E0B10922CF
:1038E0002121FFF7E1FE0A2283790C331C44BDF944
:1038F000183084F8038093FBF2F323729DF81C3098
:10390000A7806372BDF92030A67193FBF2F3E571D5
:10391000A372DEF7A5FA0120BDE8F08137B50446B1
:1039200008F030F93E22A379C0B20C33E518E25416
:10393000831E6B700D23AB70AB791C38012BE876BE
:103940008DF8073009D10023E91D1A460DF1070053
:10395000FDF74DFF9DF80730AB712046DEF780FA8A
:1039600003B030BD704710B5DEF7B4FA837900219B
:103970000C33C418E078DBF7B1FC6168FEF766F938
:103980000446DEF7ADFA2246BDE8104000234FF6AC
:103990001941FFF776BE10B5DEF79CFA8379002156
:1039A0000C33C418E078DBF799FC6168FEF75CF92A
:1039B0000446DEF795FA2246BDE8104000234FF694
:1039C0001A41FFF75EBE70B5DEF784FA00218679F2
:1039D0000446FE20DBF782FC0546E0F76FF950B1A4
:1039E0000C24DEF77DFA2246BDE87040002342F247
:1039F0000501FFF746BEE0F7A7F90028F0D10C3625
:103A00003444237AE61C9B09022BE9D0012B18D9F8
:103A1000237AA11C03F03F02073443F0C00311F8DE
:103A2000010F8C4242EA000203EA0003F7D1002AA8
:103A3000D6D0FF2BD4D055B93046DEF70DFE00248A
:103A4000CFE73146DEF7CEFD0028E1D0C8E73146AA
:103A50002846FEF719F90028EED1C1E72DE9F0411B
:103A6000DEF738FA837900250C33C418E678DEF7E0
:103A700031FA0768DEF72EFAA6F1FE0359425941E2
:103A800005603046DBF72AFC3B4629462279FEF7E3
:103A900037F80446DEF724FA2B462246BDE8F0410B
:103AA00042F23701FFF7EDBD2DE9F041DEF712FAE2
:103AB000837900250C33C418E678DEF70BFA076823
:103AC000DEF708FAA6F1FE03594259410560304677
:103AD000DBF704FC3B4622790121FEF711F804468E
:103AE000DEF7FEF92B462246BDE8F04142F23801EE
:103AF000FFF7C7BD2DE9F047DEF7ECF983790C330A
:103B0000C418277994F8038027B9B8F1010F27D09A
:103B1000DBF74EFE00260534BE420ADB0025DEF749
:103B2000DFF92A46BDE8F047002342F23901FFF7EA
:103B3000A8BD2078B4F80150A0F1FE0359425941C4
:103B400094F803900434DBF7C9FB58B12A464B467E
:103B50004146DBF727FD05460028E0D10136DBE7CB
:103B60001225DCE74225DAE710B5DEF7B3F98379F1
:103B700000210C33C418E078DBF7B0FB80B1211DC5
:103B8000FEF782F800280CBF0C240024DEF7A8F909
:103B90002246BDE81040002342F23501FFF771BD17
:103BA0004224F3E72DE9F04186B0DEF793F942F2C3
:103BB0003E03867905460C36875B84199F420ED1F9
:103BC000DEF788F9052107F020FFA3780533A370FD
:103BD0006FF07903AB55202363700023A37200219B
:103BE000E078DBF77BFB0546002862D0A388E288FB
:103BF0009A420ED2122542F23E039F425BD1DEF77B
:103C00006FF900232A46394606B0BDE8F041FFF7B8
:103C100038BD052BEED9E078FEF78BF8DEF772FBA6
:103C20000028E7D02846FEF793F9FEF799FD08B182
:103C30000C25E0E72846FEF791F9FDF7BCFD0646A6
:103C40000028F5D194F80A802846B8F1000F13D166
:103C5000FEF784F940B12846FEF780F9FDF7C0FD74
:103C600041462846FEF77DF928462389E288A18847
:103C7000FEF739F90546BEE7FEF76AF940B1284676
:103C8000FEF766F9FEF74DFD31462846FEF763F96B
:103C9000A57B2389E288A188E0780495657B03955C
:103CA000257B0295E57A0195A57A0095FDF791FDB2
:103CB000E0E742259FE7DEF713F9064601232A468F
:103CC0003946FFF7DEFCB3791E44E378B37406B0DF
:103CD000BDE8F08170B5DEF7FDF8837900210C3383
:103CE000C4182079DBF7FAFA0546C8B1E3789B07D8
:103CF00018D42079FEF71DF8DEF704FBA0B1E178B7
:103D0000284601F00101FEF7CAF80446DEF7E8F89C
:103D10002246BDE8704000234FF40151FFF7B1BCCB
:103D20004224F3E71124F1E70C24EFE770B5DEF746
:103D3000D1F8837900250C33C418DEF7CBF8066878
:103D4000DEF7C8F829460560E078DBF7C7FA3346A6
:103D500022790221FDF7D4FE0446DEF7C1F82B4696
:103D60002246BDE8704042F23F01FFF78ABCFE28C0
:103D70002DE9F8430646894690461F4616D0022094
:103D800008F03FF8044690B106221221FFF78CFCA0
:103D90001223A57920460C352544AB7085F8039095
:103DA0002E71A5F80580EF71DEF75AF80120BDE805
:103DB000F883F8B5074602200E46154608F021F8AC
:103DC000044668B10822FF21FFF76EFCA379204664
:103DD0000C332344DF705E601D81DEF741F8012063
:103DE000F8BD704710B5DFF769FF0446FDF7F4FC36
:103DF0002043C0B210BD38B5DEF76CF88379C179C5
:103E000003F10C020244CB1A02200021B2F8035045
:103E100008F022F9044640B9DEF762F80722BDE84F
:103E2000384042F21901FFF74EBC2846DCF748FE45
:103E300038B12146DFF744FC0446DEF751F822464C
:103E4000EDE72046F4F7AEFF0224F6E770B5DEF7A3
:103E500041F883791844B0F80F60B0B2DCF730FE57
:103E600080B1002101F0A1F90546DEF739F80446DA
:103E700002232A4642F21B01FFF703FCA3791C44EC
:103E8000668270BD0225F0E770B5DEF723F883790E
:103E90000C33C418B4F803502846DCF711FEA0B167
:103EA000611D01F082F90646DEF71AF80446022386
:103EB000324642F21A01FFF7E4FBE37923449D7294
:103EC000E3792D0A1C44E57270BD0226ECE710B5BB
:103ED000DEF700F883790C3318444479B0F8030016
:103EE000DCF7EEFD60B12146DFF7C6F90446DDF7E9
:103EF000F7FFE2B240F20641BDE81040FFF7E3BB36
:103F00000224F4E710B5DDF7E5FF83790C3318449C
:103F1000C379C41C03F01F03C3712046FEF7EFFCF6
:103F200088B12046FEF7D8FC0024DDF705FEFDF73A
:103F300052FCDDF7D5FF2246BDE81040002342F2D7
:103F40001401FFF79EBB1224F3E770B5DDF7C2FF43
:103F500083791844B0F80F500AF0FCFE0446284656
:103F6000DCF7AEFD80B11621FFF73EFA00252046B2
:103F70000AF0EBFEDDF7B4FF2A46BDE870400023EF
:103F80004FF60441FFF77DBB0225F0E710B5DDF7E2
:103F9000A1FF83790C33C418B4F80300DCF790FD5B
:103FA00070B1D4F80510FFF782F80024DDF798FF10
:103FB0002246BDE8104000234FF60541FFF761BBE4
:103FC0000224F3E710B5DDF785FF83790C33C418BD
:103FD000B4F80300DCF774FD70B1D4F80510FFF7F6
:103FE0008AF80024DDF77CFF2246BDE8104000235C
:103FF0004FF60641FFF745BB0224F3E7F8B5DDF7BE
:1040000069FF847905460C340444B4F80300DCF7F6
:1040100057FD064640B9DDF763FF0222BDE8F840D0
:1040200042F21301FFF74FBBAB79E97903F10C02C0
:104030000220CB1A2A44002108F00EF8014618B9D4
:10404000DDF74EFF0722E9E78379033383713046BA
:10405000B4F80D50B4F80F70DFF7BCF804463A46D8
:1040600029463046FEF734FEDDF73AFF2246D5E713
:1040700038B50AF06FFE0446FFF7B4FE00280CBF07
:104080000C250025DDF72CFF2A4642F20E01FFF732
:104090003AFBE0F7A5F92046BDE838400AF055BEE6
:1040A0002DE9F04F8BB0DDF715FF42F2850290F855
:1040B0000680064608F10C0830F8081000EB0803EB
:1040C0009142026810D1002193F8039093F804A064
:1040D000B9F1FF0F016003F1050504921CD1BAF19B
:1040E000FF0F05D0122408E0DD1C002303600492BA
:1040F0006B7A013B062B31D91124049B13B104A820
:1041000007F0B3FCDDF7ECFE224636F80810FFF7A7
:10411000DAFA0BB0BDE8F08FBAF1FF0F0AD19B7B42
:10412000013B062BE8D809F11003DBB20E2B0AD8AD
:104130004224E2E709F11003DBB20E2BF8D98AF032
:1041400080037E2BCED9DCF761FF074650B9049B74
:1041500013B104A807F089FC0724D3E74FF0FF0A46
:10416000D146F0E7FFF73EFE30B1049B13B104A83F
:1041700007F07BFC0C2535E06B7803F0FD03012B89
:1041800009D1DEF77FFA30B9049B13B104A807F018
:104190006CFC122526E005F1030B5946A81CFDF71F
:1041A0003FFB5846A978DCF7B5FF044630B1049BC5
:1041B00013B104A807F059FC254613E0B9F1FF0F2D
:1041C000AA7814D004A96B783846CDE901B10092E1
:1041D00049465246FDF702FB049B0546002B42D19F
:1041E000002D8FD03846DCF767FF2C468AE76B7AC4
:1041F0008DF814008DF826302B788DF816208DF868
:104200001530DBF800303846CDF81730BBF80430F5
:10421000ADF81B306B788DF81D30049B9A790C3209
:10422000134459791A7942EA0122ADF81E20D9794E
:104230009A7942EA0122ADF82020597A1A7A42EAA4
:104240000122ADF82220D97A9A7A42EA0122ADF809
:104250002420DA899989FEF73BFD2246394605A8D4
:10426000E0F798F9B8E704A807F0FFFBB8E770B5E6
:10427000DDF730FE83790C33C418B4F80360B0B2B4
:10428000DCF71EFC0546D0B1012007F0BAFD01465F
:10429000B8B1B4F805302846B4F80720DBB2DFF730
:1042A00091FA0546DDF71CFE044602232A4642F237
:1042B0002201FFF7E6F9A3791C44668270BD02254E
:1042C000F0E70725EEE710B5DDF704FE8379184423
:1042D000B0F80F00C0B2DCF793FFDDF701FEBDE8D8
:1042E0001040002342F224011A46FFF7CAB910B564
:1042F000DDF7F0FD83791844B0F80F00DCF7E0FB40
:1043000058B100F0FBFE0446DDF7EAFD2246BDE8A9
:10431000104042F21601FFF7D6B90224F4E770B557
:10432000DDF7D8FD83791844B0F80F60B0B2DCF740
:10433000C7FB80B9DDF7D4FD7F25044602220323A5
:10434000204641F20541FFF79CF9A3790C331C4448
:10435000E680257270BDFEF7ADFB45B2DDF7C0FD0E
:1043600000220446EBE738B5DDF7B4FD83790C3362
:10437000C418DDF7B5FD05461D2300224FF62A417E
:10438000FFF77FF92946D4F80300FFF76BF838BD33
:104390002DE9F84381460220884617461E4607F05D
:1043A00030FD044690B10A220321FFF77DF9002376
:1043B000A57920460C352544EB70A5F80490A5F8A6
:1043C00006802F816E81DDF74BFD0120BDE8F8836B
:1043D0002DE9F043814685B002200E461F469DF828
:1043E00044808DF80F2007F00CFD0546002844D0CE
:1043F00022222921FFF758F90022AC7930460C34EB
:104400002C4404F10E0304F11401C4F80E209A8028
:104410006261228300913A460DF10F01FDF7E8F940
:104420009DF84030A4F80490E37006F00103A371F6
:104430009DF80F3016F0FD0FE3713B68A360BB8859
:10444000A3814FF6FF7304D0032E08BF43464FF0FD
:10445000FF08BDF8302028466283BDF8342084F878
:104460002180A283BDF838206384E2839DF83C203C
:1044700084F82020DDF7F4FC012005B0BDE8F083CE
:10448000F8B50746022016461D4607F0BAFC04465A
:1044900090B10C220421FFF707F9A1799DF818309B
:1044A0000C31214420468F80C1F80660C1F80A50C3
:1044B000CB70DDF7D5FC0120F8BD70B506460220B3
:1044C0000D4607F09EFC044668B103223021FFF739
:1044D0000DF9A37920460C332344A3F803609D70A3
:1044E000DDF7BEFC012070BD70B5064602200D460A
:1044F00007F087FC044688B104220821FFF7F6F88C
:10450000B5FA85F2A37952090C3323442046A3F867
:1045100003605A719D70DDF7A3FC012070BD2DE989
:10452000F84381460220884617461E4607F069FC7C
:104530000446B0B10B220721FFF7B6F8A579BDF804
:1045400020300C3525442046A5F80390A5F80580B9
:10455000A5F80770A5F80960A5F80B30DDF780FC19
:104560000120BDE8F883F8B5074602200E4615463F
:1045700007F047FC0446A0B10D220521FFF794F88F
:10458000A37920460C332344A3F80370A3F80D60ED
:104590002A68C3F805206A68C3F80920DDF760FCC3
:1045A0000120F8BD2DE9FF4116466A4680460F46B8
:1045B00015460A9C03F1100E944618685968083392
:1045C000ACE8030073456246F6D124B9022007F037
:1045D00018FC044608B31D22ED212046FFF764F8BD
:1045E000A3790C332344A3F80380A3F80D702EB1F4
:1045F0003268C3F805207268C3F809200F3304AE8F
:104600002A4603CAB24218605960154603F10803EE
:10461000F6D12046DDF724FC012004B0BDE8F0818E
:1046200013B51321827901900C32841881544FF410
:104630004072C280DDF714FAA07020B901A807F01B
:1046400014FA02B010BD8000013060700198DDF7EF
:1046500007FCF6E770B5064602200D4607F0D1FBD1
:10466000044678B104220521FFF740F80022A3791F
:1046700020460C332344A3F803605D719A70DDF784
:10468000EFFB012070BD70B5DDF724FC8379184481
:10469000B0F80F60B0B2DCF713FA0546B0FA80F05C
:1046A00040094400DDF71CFC0723224642F21501B5
:1046B000FEF7E7FFDDF714FCC3791844A0F80560A6
:1046C0004CB9DDF70DFCC179073101442846BDE83E
:1046D0007040FEF76BBE70BD13B5837901900C334B
:1046E000C418C05CDCF7ECF920B901A807F0BDF9EB
:1046F00002B010BD6378019913F0300F0CBF012296
:1047000000228B7904338B714B7962F300034B7178
:10471000DCF7E8FEECE72DE9F041DDF7DBFB837920
:104720000C33C418B4F803801FFA88F0DCF7C8F91A
:10473000054600B3A2796179FEF7D9FA0646DDF79E
:10474000CFFB07460223324642F27A01FEF799FF79
:10475000BB7938463B44A3F81280DDF781FB46B9AC
:10476000A37933B12846FEF7F2FC01462846FEF74E
:104770004EF9BDE8F0810226E1E7F8B507460E469E
:1047800014461D46DEF788F887B13CB936EA0000CA
:104790000AD1002E14BF00201120F8BDB54203D16C
:1047A00035EA000300D115B91120F6E724B135EA46
:1047B0000000F9D1002DEDE72046EEE700F08ABFBA
:1047C0002DE9F047DDF786FB83790C33C618DCF75B
:1047D00023FD0446DEF760F8F778804607F001090C
:1047E00017F002070CBF012200227379317989F09A
:1047F0000100FFF7C2FF0546C8B92378B9F1000FE1
:104800000BD1327902F00F0262F307132370DBB28F
:1048100007B9727962F3030308E008F00F0060F350
:1048200007132370DBB267B160F303032370DDF776
:1048300057FB2A46BDE8F047002342F23101FEF75C
:1048400020BF727902F00F0262F3030362F30713D1
:10485000ECE72DE9F041DDF73DFB83790C33C4181B
:10486000B4F80300DCF72CF90646002840D067793D
:10487000E37907F0010817F002070CBF01220022BC
:10488000A17988F00100FFF778FF0546E0B93046CE
:10489000FEF75AFC0246B8F1000F1ED1A179037849
:1048A00001F00F0161F307130370DBB207B9E1797F
:1048B00061F3030313705378217A304661F30303E5
:1048C0005370DFF731F80546DDF70AFB2A46BDE8ED
:1048D000F04142F23201FEF7F6BE002FEBD1E17952
:1048E000037801F00F0161F3030361F30713E1E7BC
:1048F0000225E9E750E8003F0B4340E80032002A78
:10490000F8D17047704770B50E461546DCF7CCFA03
:10491000044648B93046DBF715F8044620B9284666
:10492000E4F72EF9044640B10020DCF7BDFA002080
:10493000DBF708F80020E4F723F9204670BD4FF4B8
:104940000010EBF7F7BFE3F72DB8DDF767BE08B54A
:10495000FDF787FE08BD08B5E0F70AFE08BD38B5CB
:104960000446FDF7B2FF054658B9C820E3F754FFE7
:10497000C82202212846E3F719FE8442A8BF044654
:1049800024B22046E3F748FFFDF79FFFBDE838401B
:10499000C8220221E3F70ABEB0F90020B1F90030C5
:1049A0002DE9F0479A4204460D4648DC0AF0D2F958
:1049B0008046DCF725FB00283ED1E3F7EDFD82467B
:1049C000FDF783FFC8220221E3F7F0FD47F6FF73EE
:1049D000B5F9002081469A4202D1E3F70DFE288006
:1049E00047F6FF73B4F900209A4202D1E3F7FCFDC9
:1049F0002080B5F90000FFF7B2FFB4F90030074698
:104A00008342C8BF2080B4F90000E3F7EFFEFDF752
:104A1000F2FF064658B15046E3F7E8FE4846E3F792
:104A2000FBFE40460AF091F93046BDE8F087E3F717
:104A3000B3FD20802F80F4E741F20C06F1E7212638
:104A4000F2E708B5E3F7E2FD002008BD4368143B38
:104A50004360A0230B6070471AB94268A2EB53026F
:104A600042600A6802EB83020A60704713B50421B2
:104A70000DEB0100DFF724F8019C2046DDF768FF0D
:104A80000028F4D0204602B010BD884210B51BD8D3
:104A9000052819D9B1F5486F16D8B3F5FA7F13D2A6
:104AA00040F67644A2F10A0080B2A0420CD8BDF8CC
:104AB000080001339BB243434B435B00B3EBC20F8F
:104AC00094BF0120002010BD0020FCE7C94350E83E
:104AD000003F0B4040E80032002AF8D17047002028
:104AE00070472DE9F04104460E4600250127214676
:104AF00085F00100FDF7C2FF4FF48051FFF7E6FF9C
:104B00008368804633B938460DB1BDE8F081012590
:104B10000746ECE7028AB24206D100220121204674
:104B200098470028EFD1EFE70268D10502D50022AF
:104B30001146F4E79307E6D52046FDF7F4FF024659
:104B40000028E0D10521D8F80830E8E708B5FDF7DE
:104B5000AEFF00230380436008BD70B506460C46D7
:104B60000AF0F8F805463046FDF7A1FF30B10378AA
:104B70001C4304704FF40070EBF7DCFE2846BDE8E0
:104B800070400AF0E2B8DCF7ADBC07B542798DF8A9
:104B9000071022F0030242F00302427140F2033296
:104BA0000DF10701C280012206F03BFF03B05DF862
:104BB00004FB70B50C460546072120461646FFF754
:104BC000E4FF2046DDF7AAFF214646702846BDE8EF
:104BD0007040DCF787BC38B50C4600210546FDF770
:104BE000B9FF47F6FE73241AA4B29C4205D92846A1
:104BF0002821FEF7E2FB002038BD0120FCE738B594
:104C000004460D4601460020FDF738FF03689B056A
:104C100005D429462046BDE83840FFF7DCBF002018
:104C200038BD2DE9F04115461F469DF81880FDF767
:104C300025FF04460AF08EF8B8F1010F064623D18D
:104C400054E8003F43F4807344E80032002AF7D16F
:104C500005B354E8002F42F4007244E80023002B0F
:104C6000F7D1FF212046FFF731FF54E8002F48EA33
:104C7000020244E80023002BF7D13046A5602782CA
:104C8000BDE8F0410AF061B84FF480712046FFF7AB
:104C90001DFFDDE74FF400712046FFF717FFE0E747
:104CA00073B5064601200C46FDF7E8FE00230546D5
:104CB0001A46009321463046FFF7B3FF6B6863B195
:104CC0004FF480712046DBF725FF55E8003F43F4A1
:104CD000007345E80032002AF7D10AF03BF8054698
:104CE0002046FDF7E4FE28B103881BB14FF40070A5
:104CF000EBF720FE284602B0BDE870400AF025B868
:104D000038B505460C46FDF7B9FE83684BB1022164
:104D100020460022984721462846BDE83840FFF744
:104D2000BFBF38BD012938B505460C4608D0CC1E9A
:104D3000012C03D801460120FFF7E2FF012038BD16
:104D40002221FDF704FF20462946FFF7D9FF002066
:104D5000F5E708B5FDF792FE006800F0F00008BD29
:104D600010B5014604460120FFF7F3FF20B92146A4
:104D7000BDE81040FFF7EDBF10BD70B506460C460C
:104D800001460120FDF77AFE314605460020FDF779
:104D900075FE2B680268014643EA0200C0051ED476
:104DA0009B0502F4007203D49AB94FF0FF3070BD36
:104DB0002B8A1B1B98B27AB1098A091B89B28842D7
:104DC000A8BF08464FF6FF73984208BF4FF0FF3068
:104DD000EDE74FF6FF70EFE74FF6FF71EFE70120C9
:104DE000E5E72DE9F341044601910146012015460E
:104DF000FDF744FE214606460020FDF73FFE8046B3
:104E00002046FDF744FE810606D501A806F02DFEDA
:104E10000C2002B0BDE8F08109F09CFF3368074622
:104E20009A0503D4D8F800309B0509D50199301DA7
:104E30008D6006F009FF384609F087FF0020E8E79B
:104E400009F083FF20460199A847E2E738B50146FB
:104E500004460120FDF712FE05460C3006F005FE63
:104E6000281D06F002FE21460020FDF707FE04463D
:104E70000C3006F0FAFD201DBDE8384006F0F5BD07
:104E800070B5014605460120FDF7F8FD06460430E1
:104E900006F068FE044670B14FF400713046FFF72B
:104EA00015FE21462846A368984720B12046BDE854
:104EB0007040F3F777BF70BD00238260C0E9003116
:104EC000704708B50B4601461846FDF7D7FD006848
:104ED000C0F3402008BDFFF725BFCB1E012B70B5E6
:104EE00004460D46164606D81A21FDF730FE40212D
:104EF0002046DBF70FFE324629462046BDE87040CB
:104F0000FFF710BF38B504460D46FDF70CFE28B17B
:104F1000012D04D122212046FDF719FE002038BDC5
:104F2000F8B50C468B7907460B44D3F80D60D3F8DF
:104F300011303246DCF7B8FA09212046FFF725FE8A
:104F40002046DDF7EBFDA579DDF7A0FC0C3566F01A
:104F5000FF0625440640C5F80160DDF797FC38469A
:104F6000C5F805102146FFF70EFE02213846FFF76F
:104F7000F4FDF8BD70B50E46054601460020FDF76C
:104F80007DFD012E044603D0022E11D0012070BDFC
:104F9000C16828468B7919440D31FDF791FEE06810
:104FA000F3F700FF00202946E060FFF779FEEDE708
:104FB000C068F3F7F7FE0023E360E7E738B50D4676
:104FC000044601460120FDF759FD012D08D100F1ED
:104FD00012012046FDF774FE21462846FFF760FEC9
:104FE000012038BD08B5FDF752FDC0F3C00008BD73
:104FF00008B5FDF754FD00F0010008BD38B50C46BA
:1050000002210546FDF74DFD0C212046FFF7BDFDB1
:105010002046DDF783FD4FF0FF3383700223C3701A
:105020000E2343706FF02F03037105232146437154
:105030002846BDE83840FFF7A6BDF8B504460D4642
:10504000DBF752FD4FF0FF3180B2FCF7B3FB204697
:10505000FFF7C8FF80F00107FFB221463846FDF791
:105060000DFD0646C068012D837903D0022D20D0A6
:105070000120F8BD0C33C5182B892046EA88A98881
:10508000FDF7FDFE69886A7849005200204689B222
:10509000FDF729FDF068F3F785FE002320464FF465
:1050A0008031F360FDF700FD21463846FFF7F8FD3B
:1050B000DEE7F3F777FE00234FF480312046F360FC
:1050C000FDF7F2FCD4E7042910B5044601D0002016
:1050D00010BDFFF787FFC0F10200DDF77DFB002860
:1050E000F5D106F08EFE014608B90220F0E7204611
:1050F000DEF794F80028F8D10120E9E710B504465E
:10510000FDF7CDFC030705D520464021DBF702FD66
:10511000002010BD012006F074FE014620B120469B
:10512000BDE81040DEF77AB80720F2E708B5FDF7D2
:10513000AEFCC0F3C00008BD2DE9F0410F460446A7
:105140009046FFF7F3FF80F00105EDB221462846B7
:10515000FDF794FC012F064603D0032F0FD001204A
:105160000BE02046FEF7FFF922212046FDF7EFFC79
:1051700028462146FFF7C4FD0020BDE8F081C06845
:10518000F3F710FE00232046F360FEF7ECF920460B
:105190005FFA88F1FDF7DBFC20462021DBF7BAFC43
:1051A00021462846FFF7ACFDD9E737B504460D4642
:1051B000FDF775FC03054CD5022006F022FE019098
:1051C000002848D0204645B3FFF7B0FF50B1052175
:1051D0000198FFF7DAFC0198DDF7A0FC2046019961
:1051E000FFF7D1FC20462946FEF7C8F92046FFF715
:1051F0009DFF78B94FF400612046FDF74DFC062174
:105200000198FFF7C2FC0198DDF788FC2046019960
:10521000FFF7B9FC002003B030BDFFF787FF68B18E
:105220000199032306222046DDF78AFC2046FEF77B
:105230009AF921462846FFF763FDEBE701A806F03F
:1052400014FC20463D21FEF7B8F82046FEF78BF906
:10525000E0E70C20DFE70720DDE7F7B5014604466D
:105260000020FDF70BFC054600F112074FF48060AB
:10527000DDF7B2FA50B92046DBF736FC3A46698BC7
:1052800080B203B0BDE8F040FFF76DB92046DBF710
:105290002BFC064620466D8BFDF7F7FB00220346EC
:1052A000009229463A46B0B2FFF77CF903B0F0BD50
:1052B00083781A2B09D81B2383700288B2F5A47F48
:1052C00007D24FF4A473038007E0FB2BF5D9FB232F
:1052D000F2E744F290239A42F5D87047F0B50446BD
:1052E000CA798B7987B043EA0223ADF80C308B88FA
:1052F00003A88DF80E30CA788B7840F6480543EA4B
:105300000223ADF810300B8805A98DF81230FFF795
:10531000CFFF04A8FFF7CCFF2046FEF77EF80B2155
:105320002046FEF72DF844F29023002818BF1D46B2
:10533000BDF80C709DF80E30BDF81460BDF810205B
:105340009DF816009DF81210AF42D4BF009700954B
:10535000FB2BA8BFFB23B242A8BF32468142A8BFA5
:1053600001462046FDF718FE07B0F0BD37B51446DC
:1053700005461046FFF709FC2046DDF7CFFB01A9E3
:1053800004462846FEF749F80B212846FDF7F8FFAA
:105390006FF004036370002344F29022A37040F680
:1053A0004803002818BF1346A4F803309DF80630C0
:1053B000A4F80530BDF80430A4F8073003B030BDC0
:1053C000FFF7B0BC022973B505460C4603D0002494
:1053D000204602B070BD0521FDF7A3FF0028F6D0DE
:1053E000DBF714FF1B28F2D94FF40040DDF7F4F986
:1053F0000028ECD106F005FD06460028E8D0284636
:1054000001A9FEF70AF8314628469DF80630BDF896
:105410000420DEF7D7F90028D9D10124D8E730B12C
:1054200090FAA0F00123B0FA80F08340D8B2704720
:1054300070B50646FDF733FB80F0400402060546D2
:10544000C4F3801406D408213046FDF77FFF08B16D
:1054500044F00204EB0506D40B213046FDF776FF3D
:1054600008B144F00404204670BD2DE9F843044619
:1054700091460F46FDF713FBC0F340152046FDF79C
:1054800063FE214680462846FDF7F8FA494606465F
:105490002046FDF75CFB98F80110384601F00F013B
:1054A00001F031F9062814BF014600212A462046A2
:1054B000FDF7A6FD21462846FFF7F2FB20212046F6
:1054C000FDF7F2FA56E8003F43F4805346E8003215
:1054D000002AF7D1BDE8F883F8B50E460446154614
:1054E000FDF7DDFA032EC0F340170DD0042E16D0C1
:1054F000012E12D122212046FDF729FB38462146F4
:10550000FFF7FEFB0020F8BDEAB200212046FFF7BE
:10551000ACFF21463846FFF7F3FB0120F3E70C22EE
:10552000F3E7012910B504460BD1FDF7B8FA21467F
:10553000C0F34010FDF7A2FA0022817C2046FFF75D
:1055400094FF012010BD2DE9F7430F460546FDF7F6
:10555000A6FA00F02009C0F340182846FDF7F4FD34
:10556000BB790C333B445E789B781E400378C3F3D1
:10557000030000EA13103040FFF751FF044648B91A
:10558000B9F1000F06D12846FFF752FF3040FFF770
:1055900046FF04462846FDF7DAFDE2F7B9F8A042D7
:1055A00023D01CB302212846FDF7D4FA0021064679
:1055B0002846FDF702FC18213846FFF7E6FA384680
:1055C000DDF7ACFAB6B2394644708470A0F80360D7
:1055D0002846FFF7D8FA2346224629464046009639
:1055E000DEF72AF903B0BDE8F08300242646E2E79F
:1055F00070B504460D46FFF7B3FB28B9294620468F
:10560000BDE87040FFF79FBF402829462046BDE80F
:1056100070404FF0160314BF2A222322DDF790BA00
:1056200038B505460C46FDF73AFA830604D4204601
:10563000BDE83840F3F7B6BB21462846BDE8384000
:10564000FFF781BF73B58C7906460C340C440D46C8
:10565000FDF725FAA278C0F34010032A14D0052ADA
:1056600028BF00226378032B10D0052B28BF00230E
:10567000B4F8031000913146DEF7DEF8284602B098
:10568000BDE87040F3F78EBB0022EBE70023EFE7A5
:1056900008B58B790B441B7B162B03D0172B05D039
:1056A000002008BDFFF7A4FF0120FAE7FFF7B8FFCD
:1056B000FAE708B58B790B441B7B162B03D0182B0C
:1056C00005D0002008BDDEF74DF90120FAE7FFF70D
:1056D000B9FFFAE770471FB54A1E042A03460C4675
:1056E0005FD8012902D1008804B010BD022905D17C
:1056F00000885B88984238BF1846F5E74A000146A3
:1057000001A806F020F8032C07D10023ADF80A30D9
:105710004FF6FF73ADF80C3001E0042CF8D0BDF863
:105720000620BDF80430934284BFADF80630ADF8D2
:105730000420BDF80A30BDF80C20934288BFADF8B4
:105740000A20BDF80A2088BFADF80C30BDF804303F
:10575000934288BFADF80A30BDF80620BDF80C3082
:105760009A4288BFADF80630BDF80820BDF8063073
:10577000934284BFADF80830ADF80620BDF80A307A
:10578000BDF808209A4288BFADF80830BDF808205F
:10579000BDF806309A4238BFADF80830BDF80800B1
:1057A000A2E74FF6FF709FE74A1E062A13B503468D
:1057B0000C4600F2AF80012903D190F9000002B03D
:1057C00010BD022907D190F9000093F901309842E9
:1057D000B8BF1846F3E70A460146684605F0B3FF2E
:1057E000032C0AD180238DF803304FF4FF43ADF82A
:1057F00004307F238DF8063009E0042CF5D0052C09
:1058000003D180238DF80530F3E7062CF1D09DF904
:1058100000309DF905209342C4BF8DF800208DF81B
:1058200005309DF903209DF900309342C4BF8DF8E7
:1058300003308DF800209DF901309DF906209DF977
:1058400000109342C4BF8DF801208DF806309DF9F9
:1058500004209DF902309342C4BF8DF802208DF8D8
:1058600004309DF90120BDF8003091425BBA9DF9EA
:105870000520C8BFADF800309DF903309342C4BF86
:105880008DF803208DF805309DF906209DF9023032
:105890009342C8BF8DF802209DF902109DF90320A4
:1058A000C8BF8DF80630BDF8023091425BBAC8BF60
:1058B000ADF802309DF903209DF906309DF90410E2
:1058C0009A42C8BF8DF803309DF90520BDF8043019
:1058D00091425BBAC8BFADF804309DF904209DF930
:1058E00001309342C4BF8DF801208DF804309DF93A
:1058F00003209DF901309A42B8BF8DF803309DF91D
:1059000003209DF904309A42C8BF8DF803309DF9F9
:10591000030054E76FF07F0051E7830705D410F0D0
:10592000040F14BF03200120704702207047012894
:1059300004D0022804D030B9E1F756BBE1F744BBEC
:105940000020DEF713BD704710B1012803D0704767
:105950000120DEF70BBD0020FBE7F7B51F468B1ECD
:10596000012B05460C46164613D8FBF73BFF0023D8
:10597000CDE90005F01A18BF01201A463946FBF799
:1059800041FF80B1022C0BD12846DCF73FFE0020FE
:1059900004E00029F8D0012902D0FF2003B0F0BDB7
:1059A0002846DCF777FE0120F8E770B50D460021A8
:1059B0009DF810600446817106F10C014173111EBF
:1059C00018BF012103F00F00237B40EAC11003F050
:1059D0004003184320732B469DF8141004F10E0069
:1059E000FFF7BBFF237B0E3660F3861323732B6810
:1059F0006361AB882383A3793344E37170BD0128CD
:105A000010B50C4607D002280DD088B9BDE810406B
:105A10000846DEF7F1BEE0F74BFE844208D1BDE850
:105A20001040E2F723BC0846BDE81040DEF7CCBFCB
:105A300010BD002337B505460C4601A8412101934E
:105A4000E2F714F8019830B1DEF704FB072805D01F
:105A500001A806F00AF8002003B030BD2A4620460F
:105A60000199DFF75DF8F7E7042810B50C4608D177
:105A70000320FFF7DEFF40B92046BDE81040DEF707
:105A8000A3BFBDE81040DFF71FBC10BD032838B529
:105A900004460D460ED0042810D005384FF0010101
:105AA00018BF0120DEF7E8F929462046BDE8384056
:105AB000DFF70ABCBDE83840E1F722BBFFF7B9FFCA
:105AC00010B92846DEF780FFBDE8384001210846BE
:105AD000DEF7D2B9002070477047002070470020E1
:105AE00070470A2000F0EDB810B504460021E0F739
:105AF000ABFC204600F037FB2046BDE81040DFF746
:105B00007FBD70B51446DFF79DFD0E46054668B1B2
:105B100009F020F96B6A2C852401B4FBF3F46E853F
:105B2000A5F8804009F011F9002070BD4220FCE783
:105B300008B5DFF787FDA0B1203049B150E8003F3C
:105B400023F4004340E80032002AF7D1002008BDCA
:105B500050E8003F43F4004340E80032002AF7D108
:105B6000F4E74220F3E708B1D0F88C00704710B595
:105B70000446E0F71BFC236A43F40063236210BD74
:105B800000B13430704700B12430704700B1443068
:105B9000704713B5134604460846E9B1E2B1002246
:105BA0002821ADF806200DF10602FCF759FB98B14B
:105BB0000378082B10D1D0F80230C4F882308379F2
:105BC00084F88630C379027A43EA0223A4F8883045
:105BD000236A43F48023236202B010BD026A1305D6
:105BE00008D5022908D801238B4013420CBF01209D
:105BF000002070470120704700207047036A23F49B
:105C0000805303627047006AC0F300307047B0F8F9
:105C1000803010B58B4204460DD2036A43F48043B2
:105C200003624FF08070EAF785FE20460121E0F71D
:105C30000BFC012010BD5B1AA0F880300020F9E7B2
:105C40000246408D80B1136A5B030CD4138D516AF8
:105C50001B01B3FBF1F3B2F880009BB2984234BF52
:105C60000020012070470020704738B505460C46DB
:105C70000846E1F7B1FF21462846BDE83840DFF786
:105C800017BF7FB504460D4616468DF80700012262
:105C900002A90DF10700FBF7BFFD10B19DF8074009
:105CA00002AD324629462046E0F76EF838B12A4662
:105CB00021463046FFF711FF80F00100C0B204B06A
:105CC00070BDE0F787B838B50446FFF797FF626B01
:105CD000A18D04F14400DAF777FE002584F8420034
:105CE000E56304F13400E2F7A1F82046DFF7C2FBD8
:105CF000FBF73FFD2A4601460320FBF722FD6168C2
:105D0000226B637E01EB92021020E2F761FA0D2212
:105D1000294604F1720005F00EFD7F23204684F829
:105D2000783084F87730DFF7A5FBA4F8750038BD2C
:105D300030B585B004466D4600F134030FCB85E8DD
:105D40000F0094F86F3028468DF80E30E2F76EF8A9
:105D50002046DFF78FFBFBF70CFD002201460320F6
:105D6000FBF7EFFC61681020637E01F5FA62E2F751
:105D70002FFA05B030BD37B590F87D30044613B921
:105D8000036A5A023BD5012006F03BF8019050B956
:105D9000203454E8003F43F0160344E80032002A60
:105DA000F7D103B030BD022384F87D30236A1B0491
:105DB00003D501A805F059FEF3E701220D2101A842
:105DC00006F05CF8F8B9019804F17202837904F1E5
:105DD0007E0103440C3352F8045B8A4243F8045BAF
:105DE000F9D112781A70DFF7C5FE04F1200252E8EB
:105DF000003F23F0160342E800310029F7D10123C8
:105E000084F87D30CDE701A805F02FFEEDE70023F3
:105E100013B50C460193062808D8DFE800F0040902
:105E20001E07101E1E000846FFF74DFF02B010BDF2
:105E3000E0F73EFC8442F9D1E2F718FAF6E7204693
:105E400001A9DFF753FE01300BD1022301A884F82A
:105E50007D3005F00AFEE2F709FA2046E0F710F877
:105E6000E4E720460199FFF700FF20460199DFF79C
:105E700099FE0028DAD1EEE710B90846FFF758BFBF
:105E8000FFF7C5BFF0B5044685B0006ADFF7ECFB4D
:105E9000FFF776FE6E4605460FC886E80F00E97BE1
:105EA000C82201F00F010020E2F780FBE36A0146FF
:105EB000009394F83030074630468DF80E3000F0ED
:105EC0007FFC3046E1F7B2FF236A606A1D6805F087
:105ED000FDFDC5F34015AD01064600212846DAF761
:105EE000F5F93044FF2815DC002329461A46A06A3C
:105EF000FCF737F93946A06AFCF7F4F9A06A314695
:105F0000FCF704FAA06A33460022616AE2F728F837
:105F100005B0F0BD0020F6E7F8B5076A04463A6818
:105F2000510773D4466A002E70D022F004033B6000
:105F3000B3790C331E44F17890F83430994206D08E
:105F40000121E0F781FABDE8F840E2F78FB990F857
:105F500031301207C3EB431103EB8103C0E9033374
:105F600020D440F271253079626884F83200B97A21
:105F7000490005FB012203FB002262603B6843F0FD
:105F800008033B6001212046E0F75EFA2046E0F777
:105F90000DFA626A9379063393713B6843F0040308
:105FA0003B6033E0E0F784FBA04205462FD190F838
:105FB000323032790133934229D1E2F779F830B3A4
:105FC000D5E908423379284685F83230937906338B
:105FD0009371FFF757FF95F831102846C1EB411335
:105FE00001EB830189B2E0F781FB58B9E2F73EF992
:105FF00028460121E0F728FA05F12400BDE8F84021
:1060000005F033BD236843F004032360F8BDE0F7D7
:106010004FFB844201D1E2F729F97D20317994F8D0
:10602000323094F83120CB1A5343626884F832102E
:1060300000FB03226260A5E737B50C460D6A06280F
:1060400048D8DFE800F01C473804474738000021F3
:106050002046DFF783FF2B6804F1240023F00403BC
:106060002B6005F020FD019001A805F0FEFC636A9D
:106070001BB3204603B0BDE83040FFF74DBF0846D4
:10608000FFF700FF94F83130A06BC3EB431203EB32
:10609000820394F83220617E03FB0205226A40F2FB
:1060A0007124907AFF22400004FB005003B0BDE849
:1060B0003040E1F7BDBF0121CAE7E0F7F9FA8442B9
:1060C00001D1E2F7D3F80121204603B0BDE830400A
:1060D000E0F7BAB9012808D1E0F7EAFA844204D11E
:1060E00003B0BDE83040E2F7C1B803B030BD70B5D1
:1060F0000446002836D008F02DFE0646606998B1A7
:10610000836A2BB1283005F0B0FC002263699A62E3
:106110006069436A2BB1243005F0A7FC0022636953
:106120005A62002263691A6200252069656110B114
:1061300005F0EEFF2561E369257323B104F11C002E
:1061400005F093FCE561206A18B1DAF7B5FF00238A
:1061500023622368304623F002032360BDE87040C9
:1061600008F0F3BD70BD38B5044608F0F3FDD4F86F
:106170008C300546DBB15B6973B1E0F799FAD4F86E
:106180008C305B69834201D1E2F770F8D4F88C302F
:1061900000215869E0F758F9E0F78AFA844201D102
:1061A000E2F764F80021D4F88C00E0F74DF92846B6
:1061B000BDE8384008F0C9BD98B10379013B1B0622
:1061C0000FD44379052B0CD981794A1ED2B2FD2A0E
:1061D00007D8C279012A04D98B4294BF122000202B
:1061E0007047122070470A684369DA620A790272BE
:1061F000CA7983F831204B7943728B798372FF23FC
:10620000C37200207047D0F88C305B699963704787
:1062100002692AB1C37A017B994201D9D05C7047E7
:10622000FF207047F8B506460C4621B9022005F05C
:10623000E8FD0446F0B100270D212046E78005F077
:10624000E4FB3046A579FFF79EFC0C350389254415
:10625000D6F88C002B81FFF7DBFF7F23AB716B71CE
:10626000FF23A872EB71EB722F732046BDE8F84054
:10627000DFF780BCF8BD2DE9F0410646FFF773FC5F
:10628000446905463046FFF77EFC80463046FFF7FE
:1062900077FC7368074663602846FFF7B9FF84F808
:1062A0003400B8F808302046E3864FF6FF73638663
:1062B000BB7B84F830302B6823F008032B60BDE8EB
:1062C000F041FFF729BE70B50C460646FFF75BFCB0
:1062D00005462046FFF79CFFE37A227B0133DBB2C1
:1062E0009A42E37222690BD80023E3722B890133AF
:1062F0002B811378012B38BF0123A6F8703070BDB5
:10630000D35C1B1A9BB2F8E72DE9F04106468CB02E
:1063100008460C46FFF727FC05462046FFF733FCEE
:1063200000230493062E00F2F380DFE816F04B0002
:10633000F100DE0007008300E600DE00E1F796FFD3
:106340002B6A83B3AA6993790C33D618F0798DF848
:106350002B003189D758E1F7B7F92B6A06F11802FB
:10636000059303238DF8183006F10C03CDE90823BB
:10637000B37A0744C3F3801328468DF82830079773
:10638000DFF772F9DFF776F801238DF829008DF831
:106390002A307379002605A88DF82C308DF82D60F1
:1063A000DAF73EFF2E6205F1180005F05EFB20468D
:1063B000FFF761FF20462946FFF785FF2046DFF7FC
:1063C000B5FE34E02046FFF7CEFB07462046FFF738
:1063D000DAFB06462046FFF7D3FB05462046FFF7CB
:1063E000D5FB80463846FFF713FF338980EA030662
:1063F0002046FFF703FC3B6AB6B213B9DAF706FE94
:10640000386231462A684046DAF7DEFA0023A8737C
:106410002846E363E1F70AFD6168226B1120637E81
:1064200001EB9202E1F7D4FE2046DFF781F80CB0D1
:10643000BDE8F08100212046DFF790FD04A9DFF7D9
:1064400055FB431C049905D12046FFF7EBFEE1F70D
:106450000DFFACE7052840D120460591FFF783FBEF
:10646000836907461BB105A805F0FFFAEFE7036A49
:10647000002BF8D0059883790C331844817A0C30BE
:10648000C1F38011DAF746FE06460028EBD1D4F8B6
:106490008C30059DDB69617ED880AB790C331D445F
:1064A000E1F70CFEA97AD4F88C00CDE90166CB099E
:1064B0000093324605F10C03C1F38011C069FCF76B
:1064C0003FF8D4F88C30D869E1F71EFD059B2046D3
:1064D0000499BB61FFF7C9FBA9E72046FFF7C5FB9D
:1064E00020460499DFF75EFBB1E720460121DFF784
:1064F00035FD05F1180005F0B8FAE0F7D9F8844247
:1065000001D1E1F7B3FE00212046FFF78BFE4EE7F5
:10651000012E8CD1E0F7CCF8844288D1E1F7A6FEB9
:1065200085E713B5044610B9002002B010BD03780A
:1065300003F03F03012BF7D901214078D9F7C6FEBC
:106540000138ADF80600204610F8013B322103F077
:106550003F030DF10602FBF783FE0028E4D0037829
:10656000092BE1D10230E0E72DE9F04704468846E7
:1065700092461E4690F80C9008F0ECFB0746BAF1E4
:10658000000F00F0AB80217A5145C0F0A780002EAB
:1065900000F0A480B379F279D21AD2B2924540F0D9
:1065A0009D8000254FF0FF300B33334413F8012F4B
:1065B000914240F29380824240F390800135EDB2E7
:1065C000AA4510B2F2D12069237B18B39D420FD1A6
:1065D00000232A4631462069257305F035FA8542A5
:1065E0001BD0206905F094FD0023236123730AE08A
:1065F00005F08EFD002323732361284605F086FDF8
:1066000020610028E4D10724384608F09EFB20468C
:10661000BDE8F087002BF0D0DAE7236818F0400FD0
:1066200014BF43F0200323F020032360B9F1000FCF
:1066300034D02046DFF718F8E37A054683BBE0F74D
:1066400037F885422CD06B6803F5FA7600F0A6F88F
:10665000864225D92846FFF786FA064603690121B6
:1066600093F800802846A5F87080DFF7EDFE40F231
:1066700071212A6B73682846A3EBD203727A520009
:1066800008FB02F201FB02336B60DFF78FFE6069EB
:106690000121DFF7D9FE2846FFF7EDFD0024B3E71F
:1066A000E0F706F8854201D1E1F7E0FD0026FE2380
:1066B00021462846A5F87060E372FFF704FE2B8D93
:1066C0006A6A1B01B3FBF2F32846A5F88030E68125
:1066D000FFF794FA2846DFF729FDD8E7122493E75D
:1066E0000120704708B5E1F7C1FDBDE80840002072
:1066F000E1F786BEC94350E8003F0B4040E8003256
:10670000002AF8D17047022808D0042803D00128B5
:1067100018BF0620704701F00101C81C7047072010
:10672000E1F75AB8E2F7BAB80A2802D80130C0B285
:106730007047242801D80230F9E7252805D02628FB
:1067400005D0272818BFFF207047002070470C2075
:10675000704708B5E1F758F8BDE808404FF0006011
:10676000EAF7E8B808B5E2F79FF820B1BDE80840BD
:106770001020FFF7EEBF08BD7047704770477047A5
:1067800070470020704770477047704770477047E8
:1067900010461946704700200021704704F0A1BA46
:1067A000EAF74EBF04F058BB08B5E1F77BFA20B119
:1067B000BDE808400420FFF7CCBF08BDD5F7B2B84C
:1067C00010B504460846E0F7C5FFE1F71FFEA060DC
:1067D00010BD08B5E0F7BEFFE1F718FEBDE80840C0
:1067E000E2F732B8F0B587B00D4616468DF80700CF
:1067F00002B9A3B329469DF80700FBF709F8044640
:10680000B8B929469DF80700FBF708F840BB16B356
:106810009DF80710003918BF012128460DF10F021D
:10682000E2F76EF9F8B99DF80F40013418BF012462
:1068300016E004AF012239460DF10700FAF7ECFF2C
:1068400004464EB19DF80730191E18BF01210028DB
:1068500018BF3D46E1E70124FAF7C7FF00B901245C
:10686000204607B0F0BD4FF0FF34DEE77047F8B5C3
:106870008788C38804469F420E4615460BD2FFF711
:1068800051FFA288E3889B1A013390FBF3F202FBCD
:1068900013000744BBB23380FFF744FF3388013352
:1068A000B0FBF3F202FB13039BB22B8022896189B8
:1068B0008A4208D839B1934238BF13462B80628987
:1068C0009A4238BF2A80F8BD70477047704710B5AC
:1068D0000446DBF7E1FF022C09D003D8631E5842BF
:1068E000584110BD033C012C04D90020F9E7C0F346
:1068F0004000F6E7C0F38000F3E77047816070471F
:1069000041EA002008B540F49020FAF758F8014613
:1069100040B110F1880F05D0BDE8084040F20740B3
:10692000F3F710BF08BD0120704770B50C4606464E
:1069300011461D46E2F756FC58B144EA06206FEABC
:1069400040406FEA50402A46BDE8704080B2EAF706
:1069500067B840F2064070BD837901461A0703D537
:1069600006220020E2F7CCBC9B0602D506220120BD
:10697000F8E74FF0FF3070478379532B01D1E2F7EE
:10698000F1BCFFF7E9BF70B5064614461D46E2F7B5
:1069900029FC10B90024204670BD41EA06206FEAA8
:1069A00040406FEA50402A46214680B2EAF754F848
:1069B0000028F0D0EEE738B505460C46E2F712FCA9
:1069C000C0B10B46062200212846FFF7DCFF06284F
:1069D00003D14923A371002038BD2346062201219B
:1069E0002846FFF7D0FF72230628A371F3D04FF497
:1069F0008160F1E740F20640EEE7F7B504460F4646
:106A000016461D46E2F7EEFBD0B100230822CDE981
:106A1000003311466B462046FFF7B5FF08280CD11E
:106A200039462046FFF7C7FF28B99DF80330337079
:106A30009DF802302B7003B0F0BD4FF48160FAE78F
:106A400040F20640F7E770B504460D461646E2F7F9
:106A5000C9FB70B12046FFF753FF32462946204656
:106A6000E2F7ECFB20B12046E2F7C6FC40F207401B
:106A700070BD40F20640FBE708B5E6F739F90020A3
:106A800008BD014608B500F03800E3F75BFC78B1BB
:106A9000D0E901324078C1F3074110F0020F08BF7E
:106AA0001346043B53F8040F10B102788A42F9D11F
:106AB00008BD38B505460C4604B938BD013C55F84B
:106AC00024301B69002BF7D09847F5E770477047D3
:106AD000F8B543780546DB0701D4E3F763FC0026ED
:106AE0006B786F6823F00C0343F002036B7057F868
:106AF00026402CB9202005F10C01F2F79DF90FE09A
:106B0000A3680136002BF2D0984704460028EED047
:106B100031463846FFF7CDFF6B7823F002036B70E8
:106B20002046F8BD4078C0F340007047437813F02A
:106B30000E0F0CBF012000207047052B07D920F451
:106B40007F4020F0C70040F40070106091807047D3
:106B500008B5E3F7F7FBC068003818BF012008BD8F
:106B600008B5E3F7EFFB20B1BDE80840C06804F0CA
:106B7000ADBF08BD38B5E3F7E5FB044650B108F0FA
:106B8000E9F8054604F10C0004F08DFF04462846A0
:106B900008F0DBF8204638BD37B50D461446C2B1C3
:106BA000B1F5827F17D3FFF7E5FF01460190A0B151
:106BB00000232A46204604F047FF01A804F055FFB1
:106BC0002246022052F8041BFFF781FF002003B089
:106BD00030BD2220FBE72120F9E72D20F7E737B56C
:106BE0008379019003440446D86800F03800E3F745
:106BF000A9FB054628B901A804F037FF022003B01D
:106C000030BD204604F03BFF08F0A4F8044601998B
:106C100005F10C0005F018F8204608F096F8E9F7A1
:106C200011FE0020EBE72DE9F04104461F46250246
:106C3000C4F3072305F4E06524F47F441D4324F0E6
:106C4000C704EE1944F080048B7944EA1624360216
:106C5000B6B20C333443084601EB0308CC5011465E
:106C6000FFF7BDFF20B94544EF704046BDE8F08115
:106C70004FF00008F9E7427810B50432044601F0FD
:106C80000400D2B2002140F0290005F07BF918B1D0
:106C9000837922680344DA6010BD10B50021FFF744
:106CA000EAFF044608B9002010BD0179FFF797FFFD
:106CB0000028F8D1A3790C33E018F5E72DE9F0416D
:106CC00017461A46036801F004011C0204F4E0644C
:106CD000C3F307231C4341F02905043406463B4611
:106CE0002146284605F0B8F9804650B1E1B204F0DB
:106CF000FCFE3B462A4641463068BDE8F041FFF7BE
:106D000092BFBDE8F0812DE9F341002401F00401B8
:106D10000768064641F0290510682946146001906D
:106D200004F0ADFE019804F02DFF390201F4E0619A
:106D3000C7F30727394380460122043101A805F033
:106D40009DF830B101A804F090FE204602B0BDE8E5
:106D5000F08143462A4601993068FFF764FFF5E762
:106D60002DE9F041DDF818800E46414604461546EF
:106D70001F4605F0E3F878B9206804F003FFA0EBA4
:106D80000801204604F0A0FF00233D462068236050
:106D9000079B1D70BDE8F0812368002B08BF3546B6
:106DA000F6E7A0F86E10704701238B4090F8711041
:106DB000194380F87110704708B50120F1F7B2FF50
:106DC000C0B208BD83790C3318447047143870473B
:106DD00010B50446A1F1140004F0D4FE201A20EAF4
:106DE000E07080B210BD70B51C460D461646FFF728
:106DF000EFFFA04207D322463146A5F1140005F06B
:106E0000FEF8012070BD0020FCE770B506460D4677
:106E100014467AB90A462046082105F0B3F804461C
:106E200090B92A460821292005F0ACF8044658B943
:106E3000204670BD104604F018FE204604F0D5FF31
:106E400008231D44A371E571A3790C331C442670FB
:106E5000EEE72DE9F0411646069A074688461D469C
:106E6000FFF7D3FF0446F0B114382A4631460690A6
:106E700005F0C5F8854217D9069B06A81C7904F0D1
:106E8000200404F0F2FD74B942460821292005F0DF
:106E900079F82A463146069005F0B1F8854206D9C0
:106EA00006A804F0E2FD00242046BDE8F081069A21
:106EB00093790C33D418D754F6E711B11439E3F7AA
:106EC00069BC1A20704738B5002204460D460220DE
:106ED0000321FFF79AFF014608B1A0F801502046B0
:106EE000BDE83840FFF7E9BFF8B504460F4616463F
:106EF00005210120069A1D46FFF787FF014638B19C
:106F00004770468005712046BDE8F840FFF7D5BFC1
:106F1000F8BD38B50D46032104460846FFF775FF56
:106F2000A0F8015001462046BDE83840FFF7C5BF34
:106F300073B50546084611466C891A46641ABDF8B1
:106F40001830A4B29C4228BF1C46079B089E0093A1
:106F50002346FFF77EFF014630B12846348002B059
:106F6000BDE87040FFF7A9BF1A2002B070BD012133
:106F700010B5002204461320FFF747FF014620B159
:106F80002046BDE81040FFF798BF10BDF7B5448913
:106F9000054618460F461646019304F0F3FD053CDE
:106FA000A4B2844203DA011B01A804F08DFE05217E
:106FB000019804F02AFF014628B901A804F055FD04
:106FC0001A2003B0F0BD83790C33C2181720C854BF
:106FD0002846A2F80170A2F80360E3F7DBFBF0E7B4
:106FE000012110B5002204461920FFF70EFF0146CB
:106FF00020B12046BDE81040FFF75FBF10BD73B55C
:107000000E46002144890546033CA4B2A3420091E8
:1070100028BF234603211B20FFF71BFF014670B149
:10702000012210F80F3CA0F8016062F3071300F88A
:107030000F3C284602B0BDE87040FFF73EBF1A2063
:1070400002B070BD73B50E46002144890546033C6D
:10705000A4B2A342009128BF234603211D20FFF7BD
:10706000F8FE014638B1A0F80160284602B0BDE83C
:107070007040FFF722BF1A2002B070BD4B88042B6E
:1070800007D1836C08885B8998428CBF002001205F
:1070900070470020704710B50C4600F02BF918B16E
:1070A00043890020238010BD2520FCE7532838B5F4
:1070B00005460C4604D1BDE838400846F3F7C6BB88
:1070C0000620F2F705F868B96379142D03F03F0341
:1070D000637104D0722D08D163F03F036371002007
:1070E000A57138BD40F20740FBE72120F9E74FF0DA
:1070F000FF33F7B50093ADF804308379DA060CD589
:10710000532B08BF00234FF03F0208BFADF80030FB
:107110008DF8052008BF8DF802300021451E431D63
:107120006A46084615F8016F12F8014B9D4206EABF
:10713000040724EA060440EA070041EA0401F1D109
:1071400010B1081E18BF012003B0F0BD002303607A
:1071500083808371704737B50C460021054613467E
:10716000019152B9284601A9E3F7EAFC044601A8B7
:1071700004F07BFC204603B030BD2246084604F0F4
:107180006BFF01900028EDD11A24F3E710B500241D
:1071900086B0CDE90344CDE901440094E3F786FCD1
:1071A00006B010BD10B5044660B1806C50B1E3F775
:1071B00089FDA06C0028FAD12046BDE810400321CB
:1071C000E3F728BA10BD438907B58B420CD050F8BD
:1071D0000C2B40F2014192F87020ADF806308DF88A
:1071E000042001AA04F06FFB03B05DF804FB4369BF
:1071F00043F0040343617047436923F00403436190
:1072000070474069C0F38000704747F23053002256
:107210000068F1F739BC006804F0E4BA38B5436996
:1072200004469B070D4603D540F20941FFF7F3FFE3
:10723000E3F7CEFA08B1A3691D702046BDE83840D7
:1072400040F20941FFF7E1BF07B5027C012A09D0EE
:107250000122027440F20942914206D040F20A42F1
:1072600091420ED003B05DF804FB4FF4816150F8F9
:107270000C3B01AA93F870308DF8043004F023FB26
:10728000F0E750F80C3B01AA93F870308DF8043009
:10729000F4E738B522F000430D46114640F20322D0
:1072A000934204461AD0B3F5017F09D240F201227D
:1072B000934213D040F20222934209D0002038BDFD
:1072C0006FF481621344012BF8D8FFF7BDFFF5E797
:1072D00000F023F9204601F055FBEFE763699B07B7
:1072E00004D540F209412046FFF795FF2846FFF7F5
:1072F00059FFE3E708B5E3F73DF900B1806C08BD3D
:1073000008B500B10068E3F755F908B9034602E093
:10731000836C002BF7D0184608BD10B5044642F622
:107320002A3000F052FB031B5842584110BD02287E
:1073300006D142F62A330888C31A5842584170478A
:107340000020704710B5044642F6293000F03DFB9E
:10735000031B5842584110BD90F8200000F0010076
:10736000704790F8200070471FB504466846E3F761
:10737000E5FD1022694604F1210004F0B2F9B0FAEB
:1073800080F0400904B010BD08B5FFF7EDFFB0FA7A
:1073900080F0400908BD70B5044600F1210591B99F
:1073A0002846E3F7CBFD236893F97500E1F71AFF50
:1073B00078B120682B46BDE8704010220D2190F96D
:1073C0007500FFF7B2BA10220021284604F0B3F985
:1073D000E9E770BD38B50446002390F8202041FA53
:1073E00003F0C50703D442FA03F0C0071ED40133EB
:1073F000082BF4D101F0010523682A4384F82020EA
:1074000093F97500E1F7EEFE40B1234653F8200BE7
:1074100001220C2190F97500FFF787FA0DB90020C1
:1074200038BD00212046FFF7B6FFF8E71320F7E745
:1074300068B13F290AD800EBA10090F8310001F0B3
:1074400003014900084100F0030070470020704725
:1074500010B50368044693F97500E1F7C3FE50B117
:107460002346BDE8104053F8310B10220B2190F950
:107470007500FFF75ABA10BD10B590F87430DB07ED
:1074800006D490F97530013314BF0F20052010BDCC
:10749000847CF3F783F8844234BF0C200020F6E7A5
:1074A00030B5044685B06846E3F748FD10216846CC
:1074B00004F0E7FD2046E4F751F96B46C26804ADDD
:1074C00006321C4603CCAC4210605160234602F1E8
:1074D0000802F6D105B030BD08B5E4F73FF908B1B0
:1074E000E4F7F8F8C0B208BD013810B580B2E4F78F
:1074F00035F9044608B9002010BD408800F0C7FBEC
:107500000028F8D0207BF7E708B5E4F727F918B191
:10751000007AC31F5842584108BD70B5054655F85A
:10752000213B044693F97500E1F75CFE20B928463B
:10753000BDE87040E3F702BD234653F8310B10223B
:107540000B2190F97500FFF71EFA234653F8200B24
:1075500001220C2190F97500FFF715FA20682B46DF
:10756000BDE8704010220D2190F97500FFF70BBAAD
:1075700001302DE9F04185B228460E46E4F7EEF8D9
:1075800042F60217044642F603089CB12046E4F78F
:10759000A1F878B1204600F089FBB84205D10EB1C0
:1075A00023883380607BBDE8F081204600F07EFBBD
:1075B000404502D14FF0FF30F5E70135ADB2284626
:1075C000E4F7CCF80446E0E72DE9F04707460E461D
:1075D00090460D4642F6021942F6030A0135ADB255
:1075E0002846E4F7BBF8044678B1E4F773F860B1D5
:1075F000204600F05BFB484505D1237A072B04D1D8
:107600000320BDE8F0875045E8D141463046FFF7FA
:10761000AFFF431C014604D03846BDE8F047FFF7F2
:1076200007BF0020EDE708B5E4F798F820B1037A2A
:10763000022B02D843B9184608BD033B012B8CBF6F
:10764000002301235800F7E7C3685888F4E770B5B2
:10765000054608461646E4F781F8044608B90120B5
:1076600070BDE4F737F80028F9D0F00713D4B1075C
:1076700034D4720702D5A3885B0732D516F0060F03
:1076800031D116F40060EBD0A38813F4006F14BF5F
:1076900000200620E4E7A388DA0743D513F0700F33
:1076A0000AD1980610D45806E1D52B6893F97530A5
:1076B0000133DCD10820D3E72868FFF7DDFEA3887B
:1076C000990608D50028CBD12A6892F87420920731
:1076D000E9D40520C4E70028C2D1E4E7A3889907CC
:1076E000C7D40320BCE7A38813F4E06F09D1980541
:1076F0000FD45B05C5D52B6893F975300133C0D124
:10770000D8E72868FFF7B8FEA388990507D50028B1
:10771000A6D12A6892F874209207EAD4D9E7002803
:107720009ED1E6E702209BE738B504460846E4F719
:1077300015F8054608B9012038BDE3F7CBFF00284E
:10774000F9D0AB8813F4E04F0CD1980412D413F4A1
:107750008040F1D0236893F97500431C584258418A
:10776000C000E9E72068FFF787FEAB88990408D5D9
:107770000028E1D1226892F874209207E7D405200E
:10778000DAE70028D8D1E2E72DE9F0474FF0000909
:10779000044683F800900846A2F8009088461646F2
:1077A0001D46E3F7DBFF074620B9012300202B70BD
:1077B000BDE8F08774B1E3F78DFF0028F5D04046AF
:1077C000FFF7C0FD30B1012385F8009004F12000DF
:1077D0003380EDE72B46324639462046BDE8F04778
:1077E000E3F72CBB2DE9FF410746084688461646BD
:1077F0000393E3F7B3FF044638B903A804F035F95F
:107800000125284604B0BDE8F0811FB1E3F762FF0F
:107810000028F2D0237A072B05D8DFE803F01726DB
:107820002F381C17172126BB0398002835D1324664
:10783000257A022D62D0032D64D0012D3BD0002F7C
:107840007FD1002503A804F010F9DAE703A804F0BB
:107850000CF90325D5E703A804F007F90625D0E7BE
:1078600003A804F002F98025CBE7E3685D88B54200
:1078700009DA03A804F0F9F80725C2E7E3689A8853
:10788000B242F6D35D88039840B9024609E0022E61
:10789000EFDC039868B90246CAE7354604F072F98E
:1078A00082B29319AB42C3DD03A804F0DEF80D25C4
:1078B000A7E70225F2E7E068063000230399304489
:1078C00004F0C2F8002FBCD0237A032B39D103A8CF
:1078D00004F0CBF800212046E3F7E4FE68B3058806
:1078E000617B3846FFF7A4FD01220346294638464E
:1078F000CDF8008000F0BFFD002582E7E068B318F6
:107900008380D9E7039B9A79D979891AC9B2481E2D
:10791000012810D8134402291A7B04BF5B7B42EA7A
:107920000322237B32EA03038CD101233846617B97
:10793000E3F75AFAC6E70D2584E708F1FF35ADB243
:10794000CEE7039B41460093384633463A7F00F02A
:1079500078FDD1E7884270B504460D46164611D829
:10796000012838BF01242046E3F7F8FE10B1438810
:10797000B34208D00134A4B22046E3F7D3FE08B1E5
:10798000A542F0D20024204670BD70B50C461646C4
:107990001D460146B8B1B3B1022C01D0102C12D152
:1079A000E0B2E3F765FD4FF6FF718842024602D16F
:1079B00041F20A1070BD3046FFF7CCFF0028F7D027
:1079C00028800020F6E72120F4E7002307B50122F4
:1079D000ADF80400ADF8063002210DF1060301A850
:1079E000FFF7D3FFBDF8060003B05DF804FBF8B560
:1079F0000F461646441CA4B22046E3F7AFFE10B96A
:107A0000013CA0B2F8BD00F051F90546304600F047
:107A100029F920B1284600F025F90028F0D1304698
:107A200000F019F920B1284600F015F90028E7D137
:107A30000134A4B22046E3F775FE08B1BC42DBD99D
:107A40004FF6FF70DEE72DE9F04F9A4687B08B883E
:107A50000D460C88814604A90220ADF810309046EE
:107A6000E3F706FDAB680090A888AF89059300F0A6
:107A7000F2F838B1102F05D105A8E3F7DFFC022892
:107A800008BF02279DF840B00BF0010B38E02046FC
:107A9000009AFFF75FFF0646A8B3AA886988FFF738
:107AA000A6FF04463046FFF717FD40EA0B00C0B2C0
:107AB00000B30DF10F03314648460DF11202FFF7F6
:107AC00063FE9DF80F302BB1A8F80060184607B090
:107AD000BDE8F08FBDF81220BA420BD13A460599A5
:107AE000019303F0FEFD019B20B9A8F80060AAF8FD
:107AF0000040EBE74FF6FF739C4201D00134A4B283
:107B00006988A142C3D20A23E0E708B5E3F726FE5D
:107B1000BDE8084000F0CAB838B505460846E3F7A6
:107B20001DFE044610B94FF6FF7038BD0DB96088D0
:107B3000FBE7E3F7CFFD0028F9D1F4E770B5044681
:107B400042F60520FFF741FFB0B10021FFF710FD1D
:107B5000054601462046FFF76BFC06461022002131
:107B600004F1310003F0E7FD324629462046BDE826
:107B700070400023E3F738B970BD7FB504460D4669
:107B800010220021684603F0D6FD0026AB575A1C90
:107B90001BD031462046FFF74BFC1946002BB8BFDF
:107BA000D91C04AA02EBA10100F00302584200F024
:107BB000030003F0030358BF43425B0002FA03F3E0
:107BC00011F8102C134301F8103C0136402EDDD182
:107BD0006B4604F1310504AE1A4603CAB24228606E
:107BE0006960134605F10805F6D1204604B0BDE8EA
:107BF0007040FFF72DBC002370B504461846A51C45
:107C000034F82360324218BF35F8236003F10103D2
:107C100018BF30439942F3D170BD037A23B1013BC1
:107C2000012B06D900207047C3681888023080B243
:107C30007047C36858880630F9E710B50446E3F783
:107C400089FA4FF6FF73984204D12046BDE81040F0
:107C5000E3F75ABA10BDA0F5205001288CBF0020D0
:107C60000120704742F60303C31A58425841704737
:107C700008B5030409D4E3F79BFAA0F5205080B2BD
:107C800001288CBF0020012008BD0020FCE7020471
:107C900008B507D4E3F78CFA42F60303C31A584237
:107CA000584108BD0020FCE7C00B70470346B3F9FC
:107CB00002304088002B01DBE3F77ABA00207047DE
:107CC00008B5FFF7F3FF42F60303C31A58425841C1
:107CD00008BD08B5FFF7EAFFA0F5205080B20128E3
:107CE0008CBF0020012008BD70B51D460446164615
:107CF000E3F77CFCEB43844200D970BD617A3143E9
:107D000005B1194061721034F5E7002310B50B700E
:107D10000C46E3F723FD014610B3E3F7DBFC2070CC
:107D20004B7ADA0701D4002010BD9B0644BF40F017
:107D3000020020704B7A580642BF237843F00403B8
:107D400023704B7A1A0742BF237843F0080323704D
:107D50004B7ADB06E7D5237843F010032370E2E784
:107D600041F20A10E0E770B50D461646E3F7F6FC5F
:107D7000044650B1FFF7ADFF38B1204633462A46DE
:107D80000121FFF7B1FF002070BD2120FCE770B595
:107D90000D461646E3F7E2FC80B10388022B0DD9AD
:107DA000A0F110042046FFF78BFF38B12046334680
:107DB0002A460021FFF798FF002070BD2120FCE734
:107DC0002DE9F3411E46C3071446019116D540F62E
:107DD000010310F0020F48F601074FF4205808BFC6
:107DE0001F46022C0FD10224012200211046E3F786
:107DF0001BFA80B91A2002B0BDE8F08140F60107F5
:107E000042F60108EDE7102C26D101A8E3F716FB96
:107E10000228E9D1E7E7A01CE3F756FA0546002857
:107E2000E8D02246019920F8024B03F08CFC012097
:107E3000E3F7D8F904464046FFF7FFFE4FF6FF731D
:107E4000E38000236080A7802372E5600EB90020E4
:107E5000D1E723883380FAE72120CCE700221021E4
:107E6000FFF781BF08B5E3F779FC014658B1FFF78A
:107E70001DFF42F60203984205D100204B7A43F0E1
:107E800010034B7208BD2120FCE700221021FFF7F0
:107E90007EBF08B5E3F762FC014678B1FFF719FF32
:107EA00060B90B88022B09D9A1F11000FFF708FF78
:107EB00020B94B7A43F010034B7208BD2120FCE738
:107EC00040222021FFF74FBF20224021FFF74BBF68
:107ED00038B5E3F743FCD8B10388022B18D9A0F1D9
:107EE00010052846FFF7ECFE90B101212846E3F784
:107EF000D9FB417A11F0240F0CD011F0400409D1C4
:107F00002846402320222146FFF7EEFE204638BDBA
:107F10002120FCE70220FAE720224021FFF737BFAB
:107F20001FB550F80C4BADF80A3094F87040069B22
:107F3000ADF806108DF8082040F2035101AA8DF823
:107F40000440039303F0BFFC10B906A803F08DFDB5
:107F500004B010BD2DE9F0414FF0000886B0044692
:107F60000E461546CDF80C8000F1440712B303A865
:107F700003F07BFD384603F078FD84F81C80002375
:107F80003246009318212B462046FEF7ADFF05F53B
:107F90008855204650F80C3B40F2055193F870305C
:107FA00004AA8DF81030059503F08DFC002006B072
:107FB000BDE8F08143691A0710D4A846384603F09B
:107FC00072FD03460390C0B903A803F04EFD384686
:107FD00003F04BFD0023237755B1D0E723F00803CE
:107FE000436103A803F041FD384603F03EFD2577C9
:107FF0002046FEF7F5FF0025CBE79979204601F1F1
:108000000C021A44B2F801600531B2F803209971EC
:108010003146FFF7E7FBCDF80C800028CED00546AF
:10802000D2E72DE9F84F0E4691469A4605469DF84F
:1080300028B010B1037C012B60D02846FFF7D7F899
:108040003046FFF751FA0022314680462846FFF7B6
:10805000BBFA07463046FFF758FD42F60523984223
:108060001CD118F0300F26D1BBF1000F33D018F01F
:10807000200F3FD0BA073FD5EB8B002B38D15346AA
:108080004A4631462846FEF7DDFF0446E8B940F28D
:108090000A412846EE83FFF7B8F816E02846FFF7B6
:1080A0005BF90028DDD02846FFF76EF90028D8D00C
:1080B00041F2121409E0B907D6D031462846FFF73D
:1080C00033FB0028D0D000F588542846FFF794F8F9
:1080D0002046BDE8F88F18F0100F0BD0FB070BD52A
:1080E00053464A4631462846FEF789FF0446ECE7E8
:1080F0000524EAE72124E8E70224E6E70724E7E786
:108100002DE9F047002586B09DF8389090F81CA026
:1081100004460F4690460F9E0577B9F1000F09D02F
:108120000A464B4651460096FEF7DEFE284606B04C
:10813000BDE8F087BAF1080FADF8169026D1458951
:108140003246043DADB29D424FF002014FF00900AE
:10815000A8BF1D46FEF759FE0222814605A93046FA
:10816000ADF8147003F04BFF2A464146304603F049
:1081700046FF0546831C3146204689F80130E2F768
:1081800009FBADF81650BDF81600D0E7BAF10A0F9A
:108190000DF116020CBF0B210D21CDE901620093F8
:1081A00001224346FEF7C4FE1A28ECD111233A46B9
:1081B00051462046CDF80090ADF81690FEF794FE9B
:1081C000E1E7F0B5002589B01746012204460E46C6
:1081D0000393ADF81650FFF73AFA8DF81500002812
:1081E00046D13046FFF799F810B13046FFF758F9FD
:1081F0003046FFF789F9B8B103A803F036FC2046F2
:1082000050F80C2B237F92F8702040F202518DF829
:10821000182006AAADF81A608DF81C30ADF81E7053
:1082200003F051FB09B0F0BD0DF115030DF116027D
:1082300031462046FFF7A8FA9DF8153002465BB993
:10824000BDF81630BB4235BF0723DB1B8DF8153058
:10825000D21928BFADF81630039B314601939DF823
:10826000153020460093BDF81630FFF749FFD9E7D7
:108270002A46F1E72DE9F04F89B0029018461546DD
:1082800005930C46FEF79EFD8046059803F07AFCA8
:108290000023B0F1010AB5F80A908DF81D3000F006
:1082A00089801AF0010740F085805046F0F7E0FE23
:1082B0000646002800F08480524608F1010103F0D0
:1082C00042FA01212046059AFEF79FFDB8460AEBC7
:1082D000DA7A09F1FF3B03904FEA6A0ABA4544DDB6
:1082E00036F81740012221462846FFF7B0F98DF8ED
:1082F0001D0068B92046FFF710F810B12046FFF7BF
:10830000CFF82046FFF700F978B180238DF81D30B3
:10831000304603F0FDFE059B2246009328469DF85B
:108320001D300299FEF7E0FD26E00DF11D03214608
:1083300028460DF11E02FFF727FA9DF81D30049024
:10834000002BE5D1029B202B1BD1ABEB0803012BAB
:108350000BDD0DF11E010222059803F050FE0128ED
:1083600001460CD805A803F0AFFC304603F0D0FE60
:1083700028460399FEF7A1FD09B0BDE8F08F08F18A
:108380000208BDF81E20ABEB08039A42C2BF09F1F8
:10839000FF33A3EB0803ADF81E30BDF81E20DDE966
:1083A000041003F02CFEBDF81E309842DDD3984433
:1083B000013793E7042300248DF81D302646A7E7F4
:1083C0001123F8E7F7B51E460023136033800446F7
:1083D0000D461746FEF7A1FF10B12046FFF760F8E3
:1083E000214600200DF105030DF10602FFF7CCF93F
:1083F0009DF8054024B9BDF806402CB9002001E0E5
:1084000004F5885003B0F0BDAC4204D32844641B8B
:1084100038603480F2E741F20710F3E770B50446A4
:108420000D461646FEF779FF40B933462A462146E7
:10843000FFF7D8F908B100F5885070BD41F203107C
:10844000FBE71FB550F80C4BADF80A3094F87040BC
:10845000069BADF806108DF8082040F2015101AAE4
:108460008DF80440039303F02EFA10B906A803F028
:10847000FCFA04B010BD1FB550F80C4BADF80A3033
:1084800094F87040BDF81830ADF806108DF808204B
:1084900040F2045101AA8DF80440ADF80C3003F00D
:1084A00012FA04B010BDF0B5122785B00392077719
:1084B000022205460E46FFF7CAF8044668B103A833
:1084C00003F0D3FA00232B770023324600931221C6
:1084D00023462846FEF708FD0FE0039A30469379BD
:1084E00003339371FFF710F848B1039B3A460093AA
:1084F000314623462846FFF713FD05B0F0BD42F68E
:108500002930FFF762FAB04220D1039830B903A8AE
:1085100003F0ABFA00230D242B77D5E703F032FBF1
:1085200080B20128F3D1039B28469A791344197B22
:10853000FEF750FF044603A803F097FA00232B77B9
:10854000002CC1D12846FEF712FDD6E7224631465F
:108550002846039BFFF746F90446EFE72DE9FF4164
:108560000392042204460D46FFF771F8074628B12E
:1085700003A803F07AFA04B0BDE8F0814FF0520886
:10858000039A284693790333937184F81C80FEF78D
:10859000BBFF064640B1039B4246009329463B463B
:1085A0002046FFF7BDFCE6E742F62930FFF70DFA5B
:1085B000A842039B0BD19A7920461344197BFEF7FE
:1085C00009FF03A803F051FA00232377D3E73246CB
:1085D00029462046FFF706F9F6E72DE9FF418B799A
:1085E00004460C330B44B3F801700E463846B3F81A
:1085F0000380FEF771FF002858D00222394620463A
:10860000FFF725F80546E8B93846FEF77DFF68B163
:1086100016222277B37939460533B3712046434693
:108620000096FFF77DFC04B0BDE8F081F0F762FB37
:1086300033461B680135EDB2002BFAD10635A8424E
:108640001DDC092504F1440003F00FFA2B463A46DD
:10865000162120460096FEF747FC092DE3D120465F
:1086600050F80C3B40F2055193F8703002AA8DF897
:10867000083041F20913039303F025F9D3E70121F0
:10868000304603F087FC01460028DAD004F14400AC
:1086900003F0DAFAB37942460533B371394633460B
:1086A000204604B0BDE8F041FEF770BC0125C9E7E3
:1086B00013B5044641B9443003F0D7F9204602B05F
:1086C000BDE81040FEF78CBC18224369027713F016
:1086D000080306D0002319460093FFF721FC02B0DF
:1086E00010BD1A46194602B0BDE81040FFF732BC73
:1086F0007FB5C58B04462DB342F60520FFF765F91B
:10870000A84207D100212046FEF745FE636923F009
:1087100001036361002640F20A412046FEF77BFD1B
:1087200029460DF10E022046ADF80E60FEF74CFF13
:10873000BDF80E2003460092294602222046FFF78C
:108740009AFEE68304B070BD2DE9F0470E469046D0
:108750001F460446BDF8209018B941F20110BDE84B
:10876000F0870846FEF7B8FE0028F6D06589033D7D
:10877000ADB2A94509D84B463A4631462046CDF818
:108780002080BDE8F047FFF74CBC4920E7E72DE922
:10879000F74305460F469046FEF79EFE98B32846DF
:1087A000FEF7A2FE10F0300F30D02846FEF79CFEF8
:1087B00006460020FEF7A4FD044606F010091CB989
:1087C000204603B0BDE8F083002229462046FEF78C
:1087D000FBFEB9F1000F01D0C10712D4B20617D5C4
:1087E000830715D5012300933A4643462946204680
:1087F000FFF717FC1A28E4D02046FEF781FD044657
:10880000DDE70023EFE741F20110DAE72120D8E7A6
:108810000220D6E770B50D461646044610B941F25F
:10882000011070BD0846FEF757FE0028F7D0237CE4
:10883000012B07D0002229462046FEF7C5FE3080D6
:108840000020EEE70720ECE72DE9F34105469846C6
:108850000C461646099FFEF7CAFC2B7C012B24D040
:108860002046FEF751FE10B32A7F0C2A21D84FF480
:10887000A853D340DB071CD5002003F0C2FAD0B1C7
:108880009DF8203001900093324643462146284609
:10889000FFF736FC3FB900242846FEF7ADFC204622
:1088A00002B0BDE8F0813880F5E70724F4E7212421
:1088B000F2E70224F0E71A24EEE7F7B504461F4674
:1088C0000E461546FEF793FC237C012B58D0237FE0
:1088D000182B2CD063691B0713D5217F16292DD0A7
:1088E00008D8122914D002252046FEF785FC284618
:1088F00003B0F0BD18291AD05229F4D100232377F0
:1089000013E03046FEF700FE0028E6D12125EBE714
:108910000023237735B1009332462B462046FEF7DD
:10892000E3FA02E02046FEF722FB0025DCE72A46B8
:1089300031462046FFF70EFB0546D5E70023237797
:10894000002DE8D105211720BDF82430089A0095A4
:10895000FEF77FFA20B91123324612210095DDE798
:10896000FEF734FA6269034642F0080262618279D6
:108970003146053282713A462046FEF707FBD4E7BE
:108980000725B1E72DE9F041054688B042F60520FC
:10899000FFF71BF8064604A8E2F7D0FA102205F10B
:1089A00021010DEB020002F09CFE50B1012128468E
:1089B000FEF7F1FC2846FFF7C1F86B6923F00103CD
:1089C0006B6142F60303022003A9ADF80C30E2F715
:1089D0004FFD012407464FF0000820463A464FF667
:1089E000FF71FEF7B7FF044610B908B0BDE8F0818B
:1089F000FEF772FD0134A4B20028EED0A64203D1E6
:108A000031462846E3F790FC214628460DF10E0238
:108A1000ADF80E80FEF7D8FD03460028DDD0BDF886
:108A20000E202146009228460122FFF724FDD4E7BC
:108A300008B5E2F765FA0020E4F7B0F8002008BDB9
:108A400038B500200C46E2F76DFA34EA00050CD187
:108A50000120E2F767FA844205D02046E2F74AFE99
:108A60002846E4F79BF8002038BD2120FCE770B5CC
:108A700086B00E4615461C46ADF80800E2F73CFBF2
:108A80004FF42053ADF80C300123ADF80A000093E9
:108A9000224600200A9B02A90496ADF81450FEF766
:108AA000D2FF08B100F5885006B070BD13B58B79C0
:108AB00004460B441B7B0A4613F0010001910AD0C7
:108AC0001D2B0AD101211E20FEF79FF901462046E9
:108AD000FEF7F3F9012002B010BD01A802F0C5FFB6
:108AE000F8E7037C012B07D08369187828B1132895
:108AF0000CBF0020052070470720704710B50446C2
:108B00008069143002F0B1FFA069BDE81040183050
:108B100002F0ABBF2DE9F0410F46144605461E4654
:108B2000FFF7ECFF23463A4608210020D5F81880CD
:108B300003F092FAAA69C8F81400536923B100201F
:108B400054811682BDE8F0811A20FBE71FB50A4662
:108B50008369090C92B29980DA8042F60303ADF87A
:108B60000C300223009303AB01F040FA05B05DF82E
:108B700004FB70B50446084603F004F8A16986B208
:108B80008A894D8912B1521B96420CDA6389581EAC
:108B900080B225B90A78082A04BF043B98B2831B27
:108BA0005842584170BD0020FCE730B5044654F8E7
:108BB0000C0B8DB09DF8405090F8700042EA0142D5
:108BC0008DF804001946029203A82A46079502F080
:108BD000BAFD40F20241204601AA02F074FE0DB037
:108BE00030BD10B550F80C4B86B094F87040ADF81D
:108BF0000E10ADF8102040F2064103AA01938DF843
:108C00000C40059302F05FFE10B901A802F02DFFA1
:108C100006B010BD37B504460D46FFF76FFF20467E
:108C200040F20941FEF7F7FA00222046A36940F21C
:108C300007411A7050F80C3B6A4693F87030019562
:108C40008DF8003002F03FFE03B030BD13B5019146
:108C50000021044601F0C1FA0422002320460DEB56
:108C60000201FFF757FF02B010BDF0B504460F46F2
:108C70001E46154685B052B983691B78072B30D044
:108C8000082B14BF15460925002E18BF0D250A987C
:108C900002F078FFA3699A894AB15B8981B2D21A3E
:108CA000914204DD92B2891A0AA803F00DF8204619
:108CB00050F80C3B40F2054193F8703001AA8DF852
:108CC00004300A9BADF806708DF80850ADF80A60C4
:108CD000039302F0F8FD10B90AA802F0C6FE05B031
:108CE000F0BD0B25D0E7B0F80AC02DE9F041ACF19A
:108CF000020C9C4505460E4617461C4603DDBDE8A2
:108D0000F04101F0FEB983692246198100233946FA
:108D1000FFF700FF044658B9AB69024631462846C2
:108D20000E3301F020FA044610B12846FFF7E6FEA4
:108D30002046BDE8F08130B585B00546FFF7D1FE8D
:108D40000A460446A0B9AB69090C92B29980DA8050
:108D500042F60203ADF80C3002232846009303AB21
:108D600001F044F9044618B903212846FEF756FAE3
:108D7000204605B030BD2DE9F043202A8FB00546CE
:108D800017461C4603910BD941F20414214628468C
:108D9000FFF740FF03A802F068FE0FB0BDE8F083C4
:108DA000002B46D10846A2F1060802F0EBFE4FF672
:108DB000FF765FFA88F81FFA80F94C4510D3AB694B
:108DC000DA88B24239D942F60203ADF814300223F0
:108DD000711C0093284605AB89B201F007F925E024
:108DE00023463A46039906A802F02EFEAB69BDF869
:108DF00018609A88B242C7D8DA88B242C4D3BDF8A4
:108E00001A10BDF81C20B8F1000F09D02846CDF883
:108E100000800DF11E033C44FFF7C7FEA4B2CCE76F
:108E200028469E8019815A8101F0F9F804460028ED
:108E3000B0D041F20A139C42A8D10024A6E738B56D
:108E40000546FFF74EFE044640B92846FFF77EFE72
:108E5000044618B904212846FEF7E0F9204638BD3B
:108E600070B505460E4611461A46FFF73AFE04460F
:108E700070B903462846FFF74DFE044640B9314617
:108E80002846FFF763FE044620B12846FFF736FE6A
:108E9000204670BD05212846FEF7C0F9F8E770B5F9
:108EA0000546FFF71EFE044638B94FF6FF73994298
:108EB00005D101462846FFF7ADFE204670BDAB69DF
:108EC000284699800131DA8089B201F05FF820B933
:108ED00006212846FEF7A2F9EFE70446EDE770B554
:108EE00006461D46FFF7FDFD044698B9B2F5007F22
:108EF00015D8B36919815A810DB11544ADB2304608
:108F00009D814AB901F08BF8044618B90721304613
:108F1000FEF784F9204670BD01F092F8F4E72124B1
:108F2000F8E72DE9F34106469846FFF7DAFD0D46CE
:108F30001746044680B9B369090CAAB29980DA8051
:108F400030463B46CDF8008001F050F8044618B991
:108F500008213046FEF762F9204602B0BDE8F081F4
:108F600038B50546FFF7BDFD044648B92846D2B2DC
:108F700001F07AF8044618B909212846FEF74EF99F
:108F8000204638BD38B50546FFF7ABFD044648B965
:108F90002846D2B201F082F8044618B90A212846C0
:108FA000FEF73CF9204638BD70B505461E46FFF772
:108FB00098FD044648B933462846FFF794FE044618
:108FC00018B90B212846FEF729F9204670BD70B567
:108FD00004461D46FFF785FD28B92B462046BDE80F
:108FE000704001F0A7B870BD2DE9F04705461E4658
:108FF000FFF777FD0F460446DDF820A0DDF8288056
:1090000058BBAB6912F0020F19812846334651460E
:10901000BDF824200CBF4FF00D094FF01209FFF7E7
:1090200079FD0446C8B9434632463946284601F020
:109030009AF80446A0B9B9F1120F06D13346514649
:109040002846B8F80020FFF765FDB8F80020AB69A6
:1090500049462846DA81FEF7E1F82046BDE8F08768
:109060002846FFF74BFDF8E738B50546FFF739FD11
:10907000044640B9284601F0B0F8044618B90E215C
:109080002846FEF7CBF8204638BD70B50446FFF7FA
:1090900028FD1646054640B94FF6FF72914206D1AB
:1090A00041F20A112046FFF7B5FD284670BDA369BD
:1090B000013120465E8189B200F068FF20B911219C
:1090C0002046FEF7ABF8F0E70546EEE738B5054673
:1090D000FFF707FD044660B9AB6958819881198193
:1090E000284600F09CFF044618B90F212846FEF7D9
:1090F00095F8204638BD70B505461E46FFF7F1FCD1
:10910000044648B933462846FFF7EDFD044618B932
:1091100010212846FEF782F8204670BD2DE9F04761
:109120001C4696B0836901921B780646062B03D035
:10913000112B60D001A81CE00129104614BF4FF08C
:1091400010084FF002080392002C4CD102F01AFDD7
:109150004FF6FF7508F1020987B2A7420ED8B3692E
:10916000DA88AA4237D8002421463046FFF752FD5C
:1091700003A802F07AFC16B0BDE8F08723464A4601
:10918000039904A802F060FCB369BDF810509A88F6
:10919000AA422DD8DB88AB422AD39DF81330282B66
:1091A000E1D0B2465AF80C3B424693F870300DF1CC
:1091B00012010DA88DF83030ADF83250CDF8448052
:1091C0004C4402F0C0FA40F2044150460CAA02F0AE
:1091D0007AFBA4B2C1E7691C304689B200F0D6FE22
:1091E00004460028C4D041F20A139C42BBD0BBE71E
:1091F00041F20414B8E70129104614BF12270427CE
:10920000049284BB02F0BEFC42F602184FF6FF71D6
:1092100085B2A5420DD8B369DB888B4221D90131D3
:109220004FF6FF72304689B200F0B0FE0446A0B19E
:1092300019E023463A4604990CA802F005FCBDF853
:109240003220BDF8301042459DF8333007D1B26965
:10925000022330460A32FFF746FD04A889E7282B8F
:1092600006D141F20A1421463046FFF7D3FCF4E759
:109270003C44A4B2CDE7F0B5836987B003911B7875
:109280000546022B144653D108460491002A47D1C3
:1092900002F078FC4FF6FF7687B2A7420DD8A86996
:1092A000C288B2422BD8002421462846FFF7B2FCE0
:1092B00004A802F0DAFB07B0F0BD042204992346AB
:1092C00005A802F0C1FBAA69BDF814109088BDF88A
:1092D0001660814229D3D388994226D8864224D366
:1092E0009E4222D85069927A837904340C330092DA
:1092F000034432462846FFF758FCA4B2CDE7436941
:109300004089711C0190987989B20C300344009314
:1093100028464FF4205300F04DFE04460028C7D0E5
:1093200041F20A139C42BFD1BDE741F20414BBE7EE
:1093300003A8BEE7F0B587B0054617461C46039163
:1093400053B9FFF716FC38B101232246284603998A
:1093500000F084F807B0F0BDA9690B78082B05D898
:10936000062B44D8032B0FD003A83DE00F2BFBD1D5
:10937000039B0593002C6DD1002B6BD02246284611
:109380000989FFF72EFC59E00398059018B3ECB952
:10939000102683794A890C330989034400962846AC
:1093A000FFF703FCAB699988DA88914217D242F63D
:1093B0000203ADF8103002230131009328460DEB73
:1093C000060389B200F012FE044660B141F20A13AE
:1093D0009C4204D101E0002CF8D141F21F04214647
:1093E0002846FFF717FC05A802F03FFBB2E70398F9
:1093F00005907CBB70B302F0C5FB0FB386B2B742D9
:109400001ED2394605A802F099FD38B905A802F028
:109410002CFB1A212846FFF7FDFB9BE78379F61BFF
:10942000C218023391898371AB6900225B89B6B29D
:1094300000902846FFF719FCB742E2D92146E9E738
:10944000AA69284653891189059A00920022FFF7DC
:109450000CFCF3E705A802F008FBEFE7F0B585B0D8
:1094600006461F461446039132BB084602F08AFBAB
:10947000054608B3B1690B784A89082B0BD8062B2F
:109480000BD9039B09893046009313462246FFF708
:10949000ECFB039401E00F2B19D0B1694B89EA185A
:1094A00092B2B2F5007F4A8117D82FB130460989B0
:1094B00000F0C6FD044628B100222346114630467E
:1094C000FFF738FF03A802F0D0FA05B0F0BD304630
:1094D000039B0989FFF785FBDBE741F20414EBE707
:1094E00073B5836901911B780446082B15460ED885
:1094F000062B0ED9019E20463146FFF73AFB2A463D
:10950000034631462046FFF7A9FF02B070BD0F2B7E
:10951000F0D001A802F0A9FAF7E730B5836987B067
:1095200003911B780546092B144611D105915AB9B0
:10953000134600910F222146FFF797FB214628464C
:10954000FFF768FB07B030BD05A802F08EFAF5E71B
:1095500003A802F08AFAF5E770B5836986B0039133
:109560001B7805460A2B144631D1059132BB05986C
:1095700002F008FB08B9044620E00023022205A9F6
:109580000DF1120002F06AFA012815D9BDF8126037
:1095900096B1059802F0F6FA86420FD8BDF812107F
:1095A00005A802F0CBFC48B1002300902122194607
:1095B0002846FFF75AFBDAE741F20D1405A802F03E
:1095C00054FA21462846FFF725FB06B070BD03A8D4
:1095D00002F04BFAF9E72DE9F04F87699FB003914C
:1095E0003F780546052F16461C4604D8032F16D88B
:1095F00010D003A867E0082FFBD108461391002B79
:1096000000F0C28013A802F030FA21462846FFF786
:1096100001FB01E0FFF7AFFB1FB0BDE8F08F202A90
:109620000846049148D8002B40F0A880571F02F04C
:10963000A9FA4FF6FF78FFB21FFA80FA0DF11C0B62
:10964000A24506D8AB69DA88424500F2878000243B
:1096500034E02346324604990BA802F0F5F9AB69D1
:10966000BDF82C809A88424526D8DA88424523D313
:109670005969F1B9A94659F80C1BBDF82F2091F88A
:1096800070109DF82E308DF84C10ADF84E200DF175
:1096900031013A4615A88DF85030199702F053F869
:1096A00040F20341484613AA02F00DF93444A4B233
:1096B000C6E75A89102A09D941F2041421462846DE
:1096C000FFF7A8FA04A802F0D0F9A5E7002358464E
:1096D00002F0BAF9AB690DF13101102FCDE9051B8C
:1096E00093F80A902BD1B9F1020F34D105A8E1F714
:1096F000A5FE0228DAD14A46DDE9051001F0F1FFA6
:109700000028D3D12B4653F80C0BBDF82F1090F83E
:1097100070009DF82E208DF84C00ADF84E108DF89D
:10972000502059464A4615A80293CDF8649002F09D
:109730000AF8029B40F20341184613AAB4E7022F2D
:1097400009D1B9F1100F06D106A8E1F777FE02287A
:10975000ACD13A46D0E73A465846CFE742F6030343
:10976000ADF84C30022308F101010093284613ABF9
:1097700089B200F03BFC04460028A3D041F20A1352
:109780009C423FF464AF99E759B900210023AA69CC
:10979000284693815381118113993246FFF7CAFD00
:1097A0003AE702F0EFF916B180B28642EDD1139A92
:1097B0009379D118023389899371E7E72DE9F04352
:1097C0001C468FB0836903911B780546012B174611
:1097D0005BD10846059102F0D5F9202F0BD941F253
:1097E000041421462846FFF715FA05A802F03DF9B2
:1097F0000FB0BDE8F083002C42D1059802F0C2F909
:109800004FF6FF76A7F104081FFA88F81FFA80F9CF
:109810005FFA88F8A14505D8AB69DA88B24220D84A
:109820000024DEE723463A46059906A802F00CF923
:10983000AB69BDF818109A88BDF81A609142CED372
:10984000DB889942CBD89642C9D39E42C7D83246CC
:109850002846CDF8008007AB3C44FFF7A6F9A4B238
:10986000D8E74FF42053ADF810300223711C009359
:10987000284604AB89B200F02BFC04460028B4D083
:1098800041F20A139C42CBD0ABE703A8AEE7836951
:109890001B780B2B02D0103B012B01D8FFF7BAB974
:1098A0007047F0B585B00193836917461A7804466E
:1098B0000B3A0A9E072A42D8DFE802F00441304101
:1098C000410441290198039002F05CF985B203A894
:1098D00002F0CBF826B131462046FFF7B7F90FE08A
:1098E000A1697A194B8992B293420BD90A8201F18C
:1098F0000E032046098900F036FC01460028EBD112
:1099000005B0F0BD0121204600F067FCF5E72EB957
:109910001A8A0198BA420BD04FF48166019B03A8C2
:10992000039302F0A2F831462046FFF773F9E7E708
:10993000DA89596902F031F90028EDD1EEE701A882
:1099400002F093F8DCE738B58269044613780D46D7
:109950000E2B12D0102B01D00B2B12D1536933B127
:10996000997902F114000B44DD6802F07EF8294673
:109970002046BDE83840FFF78ABFBDE83840FFF712
:1099800049B938BD07B5002300921B22FFF76DF9D6
:1099900003B05DF804FB07B583695980009200238A
:1099A0001D22FFF762F903B05DF804FB10B5037CDC
:1099B0000446012B0AD083695B884BB100F01DFC83
:1099C0001A2802D00022A3695A8010BD0720FCE7A4
:1099D0000220FAE708B5FDF78DFC18B1BDE8084094
:1099E000E3F70EB9252008BD10B50C46FDF782FC43
:1099F00050B12269022A01D0102A07D12146BDE8C0
:109A00001040D2B2E3F71EB9252010BD2120FCE79B
:109A100010B50C46FDF76EFC20B12146BDE81040A4
:109A2000FFF789B9252010BD10B50C46FDF762FC83
:109A300020B12146BDE81040FFF701BA252010BD36
:109A400070B50D461446FDF755FC58B12369022B3D
:109A500001D0102B08D122462946BDE87040DBB268
:109A6000FFF7FEB9252070BD2120FCE738B50C4674
:109A70001546FDF73FFC28B12A462146BDE838408F
:109A8000FFF70DBA252038BD70B50C4615461E46A9
:109A9000FDF730FC30B133462A462146BDE8704020
:109AA000FFF71DBA252070BD70B50D461446FDF7B1
:109AB00021FC58B12369022B01D0102B08D122467A
:109AC0002946BDE87040DBB2FFF72BBA252070BDF8
:109AD0002120FCE738B50C461546FDF70BFC28B1F4
:109AE0002A462146BDE83840FFF73ABA252038BD5E
:109AF00038B50C461546FDF7FDFB28B12A46214630
:109B0000BDE83840FFF73EBA252038BD70B50C4699
:109B100015461E46FDF7EEFB30B133462A46214678
:109B2000BDE87040FFF740BA252070BD2DE9F04137
:109B3000DDF818800E4617461D46FDF7DBFB70B1B9
:109B400044892B46033CA4B2AC4228BF2C463A467B
:109B50003146A8F80040BDE8F041FFF738BA2520AB
:109B6000BDE8F0812DE9F047089F0C4615461E46DA
:109B7000BDF82480DDF82890FDF7BCFB48B13346E2
:109B80002A462146CDE909890897BDE8F047FFF745
:109B90002BBA2520BDE8F08710B50C46FDF7AAFBCF
:109BA00020B12146BDE81040FFF75EBA252010BD68
:109BB00008B5FDF79FFB18B1BDE80840FFF7F6BEFA
:109BC000252008BD10B50C46FDF794FB20B12146B9
:109BD000BDE81040FFF77ABA252010BD70B50C46DD
:109BE00015461E46FDF786FB30B133462A46214610
:109BF000BDE87040FFF77FBA252070BD38B50C4630
:109C00001546FDF777FB28B12A462146BDE83840C6
:109C1000FFF73BBA252038BD08B500F047F840797A
:109C200040F4805008BD70B506460D461446D8F77E
:109C300051F94379C57523F0030343F003034371DE
:109C400040F60943C380A0F815602060153070BD50
:109C500013B50C4601AAFFF7E6FF019BDA7914441D
:109C6000DC7102B010BD73B5064610460C461546B1
:109C700001F088FF211801AA3046C9B2FFF7D3FFCF
:109C8000019B0646DA791444DC712B4633B901A8EE
:109C9000294601F0D9FF304602B070BD5C7924F04E
:109CA000030444F002045C711B68EFE708B5D8F7C1
:109CB00017F983790C33184408BD4B88052B05D15F
:109CC00008880E288CBF00200120704700207047B4
:109CD000F8B505460F46164604210A22002002F078
:109CE00051F90246B8B1847905210C3403194FF0BB
:109CF000060C00209970D87002F804C013241C715F
:109D000002245F715870D8719C7128461E81BDE88D
:109D1000F840E3F72DBAF8BD73B505461046019239
:109D20000C4601F02FFF042186B2019802F06DF875
:109D3000024628B901A801F098FE1A2002B070BDB1
:109D4000837901900C33C1184C80C65221462846B5
:109D5000E3F70EFA0020F1E72DE9F84F8A46914625
:109D60009846064680B3846814F400442CD1E3F787
:109D70008DFA102283460421204602F003F90246A0
:109D800020B305210C2387790C37C519A970EC7015
:109D9000C35512232B710823AB71BDF82830304610
:109DA000EB816C7085F805B0EC71A5F808A0A5F8FA
:109DB0000A90A5F80C80E3F7DBF9B36843F400439D
:109DC000B3602046BDE8F88F0224FAE71A24F8E7CA
:109DD0002DE9F04106468846174604210A22002054
:109DE00002F0D0F80246B8B1857900240C35431949
:109DF000052106209970DC70505501201871022051
:109E00005C70987183F805803046DC711F81E3F740
:109E1000AFF92046BDE8F0811A20FBE7002070472B
:109E20000020704707B501A8019201F01EFE03B0A3
:109E30005DF804FB704708B5E3F738FDE3F732FA45
:109E4000E3F738FBE0F724FFBDE8084000F046BA2E
:109E500038B505460C46E3F70DFA28B928462146E1
:109E6000BDE83840EEF74EBE28462146EEF74AFEE2
:109E700000F031FAEFE707B501218DF807000DF189
:109E800007020846E3F7E2FE002003B05DF804FB9A
:109E9000E3F7DCBE73B50E46FAF77EFD044600BB61
:109EA00042F60720FDF791FD0546D0B10A22B6F92A
:109EB00000300021002BCBBF0533053BB3FBF2F391
:109EC00093FBF2F35BB28DF8073001230DF107022B
:109ED000184602F0C1F80022034629461046FDF755
:109EE00081FC204602B070BDE3F7D0BE430803F00A
:109EF0005503C01A00F03303C0F3850000F03300AF
:109F0000184400EB101000F00F007047002110B54E
:109F1000421D441E14F8010FFFF7E8FF944201446C
:109F2000F8D1084610BD10B5EFF7D8FC044628B1AB
:109F30000124204610BD436ADB06F9D4EFF736FA58
:109F40000028F8D1F5E7052802D10846E3F7A6BDB9
:109F50002120704710B5DDF72BFD002814BF032426
:109F60000124DDF735FD08B144F00404204610BD9E
:109F700010B5DDF71DFD002814BF03240124DDF713
:109F800027FD08B144F00C04204610BD70B504460E
:109F90000E461546052100220420FCF736FF014637
:109FA00018B1A0F80160A0F803502046BDE8704049
:109FB000FCF783BFF7B51D460023044600930F4608
:109FC000164607210620BDF82430089AFCF741FF09
:109FD000014628B1A0F80170A0F80360A0F8055070
:109FE000204603B0BDE8F040FCF767BF73B51546E7
:109FF0001A460023044600930E46082005219DF8CA
:10A000001830FCF726FF014618B1A0F80160A0F84F
:10A010000350204602B0BDE87040FCF74EBF38B593
:10A02000002204460D460A200321FCF7EEFE0146FD
:10A0300008B1A0F801502046BDE83840FCF73DBF0C
:10A0400070B504460E461546052100220C20FCF78B
:10A05000DCFE014618B1A0F80160A0F803502046CC
:10A06000BDE87040FCF729BF37B544891346013C71
:10A0700024F00104A4B2A2424FF00002054600926F
:10A0800088BFE3B20A460E200121FCF7E2FE01463A
:10A09000284603B0BDE83040FCF70FBF37B5448910
:10A0A0001346013C24F00104A4B2A2424FF0000286
:10A0B0000546009288BFE3B20A4620200121FCF742
:10A0C000C8FE0146284603B0BDE83040FCF7F5BEA7
:10A0D00073B515461A460023044600930E46102019
:10A0E00005219DF81830FCF7B4FE014618B1A0F820
:10A0F0000160A0F80350204602B0BDE87040FCF7B4
:10A10000DCBE73B50E46002144890546033CA4B26B
:10A11000A342009128BF234603211220FCF799FE99
:10A12000014608B1A0F80160284602B0BDE87040C1
:10A13000FCF7C3BE73B50E46002144890546033CB7
:10A14000A4B2A342009128BF234603215220FCF76A
:10A1500080FE014608B1A0F80160284602B0BDE8C3
:10A160007040FCF7AABE2DE9F34105469846836985
:10A170000F465869164601F005FD6C8980B2053C12
:10A18000A4B2844228BF0446A8692146143001F0D5
:10A19000D5FE009048B105220821002001F0F2FE12
:10A1A000019030B9684601F060FC1A2002B0BDE8A9
:10A1B000F081009901A801F047FD1620019A9379DA
:10A1C0000C33D118D054A8F800402846A1F80170EB
:10A1D000A1F80360FCF771FEE8E738B500220446F9
:10A1E0000D4618200221FCF710FE014600B1457013
:10A1F0002046BDE83840FCF760BE10B5012104469A
:10A2000000221E20FCF701FE01462046BDE810405A
:10A21000FCF753BE70B5857904460C35461901F03C
:10A22000B1FC625D431E013A9BB2202A12D8DFE8DE
:10A2300002F0131118111A112B1131114211421190
:10A2400042113511271111113B11271140114011F5
:10A2500011114200002070BD042B14BF0120032007
:10A26000F9E7022BF9E743B37278022A0AD0012AF0
:10A2700023D10222013B0232B3FBF2F102FB113384
:10A28000002BEAE71022F5E713F0030F14BF0120BB
:10A290000320E0E78BB17278013BEDE76BB1727898
:10A2A000032A0AD9013BE7E7042B34BF012003202E
:10A2B000D1E7022BF9E70320CDE70120CBE708B572
:10A2C000FFF7F4FC407940F4805008BD10B901203C
:10A2D000E3F79EBB70470220E3F790BB0020E3F753
:10A2E0008DBB0078EEF77EBF002010B5EFF75EF86B
:10A2F000044600B910BD207802F07EFA2046F5E74A
:10A3000013B50C460DF107020DF1060102F020F81D
:10A3100030B19DF80600031B5842584102B010BDF1
:10A320000120FBE7EFF79ABA2DE9F0430F46DDE98C
:10A330000C8940F60104154617F0020F08BF4FF4D0
:10A34000006417F0080F18BF44F0020417F0040F60
:10A3500018BF44F0040415F0010F18BF44F01004B6
:10A3600015F0020F18BF44F0400415F0040F18BF99
:10A3700044F0200415F0080F18BF44F4807415F061
:10A38000100F18BF44F4806415F0200F18BF44F478
:10A3900000749DF8246015F0400F18BF44F48054F9
:10A3A00015F0800F18BF44F48044ED0506F1FF3529
:10A3B000EDB248BF44F40054032D28BFFF25BDF87B
:10A3C00028C0BDF82CE003F00103CDE90C39079952
:10A3D0009DF820203B46CDE90A85CDE908CE0794BB
:10A3E000BDE8F043E1F7CABC2DE9F0430F46DDE9D3
:10A3F0000B8917F00104154619469DF81C209DF89D
:10A400002060BDF824C0BDF828E007F002033BD16E
:10A41000002B42D14FF40064BF0544BF24F4006414
:10A42000A4B2EF0748BF44F01004AF0748BF44F0A0
:10A4300040046F0748BF44F020042F0748BF44F48E
:10A440008074EF0648BF44F48064AF0648BF44F40C
:10A4500000746F0648BF44F48054013E2F0648BF85
:10A4600044F48044F6B2ED0548BF44F40054032E92
:10A4700028BFFF26CDE909E8CDE90B69CDE9074CF6
:10A48000BDE8F043E1F786BD4BB1022304F500645B
:10A4900043F0080344F00204BEE72346F6E7022334
:10A4A00040F60104B8E7F0F7B1B8F7B50024154657
:10A4B0000DF107020E461F468DF80740FCF79DFA86
:10A4C00030B13460C6F803402C703C7003B0F0BD6E
:10A4D0009DF8073001332B70F8E7E5F7C1BE38B5BA
:10A4E0000925058000250D80012111804FF6FE729F
:10A4F000049C1A8020462560F6F74FF800B12560CD
:10A50000E5F7ECFE059B1860002038BDF6F754B85F
:10A51000F6F752B8704770470E2070470E2070470C
:10A520000E20704770477047704708B503F0FCF97C
:10A53000002814BF1420002008BD70470F2070476A
:10A5400070477047704700207047704770477047EA
:10A55000F8B504460F46164613680A461D0A002140
:10A56000043501F0E8F8EDB221222046394601F029
:10A57000C3F92046294601F048FAA2793368144409
:10A58000E360F8BD704708B502F0E7F9002008BDA8
:10A590000078EFF7A5BD38B5EFF738FE0446C8B12F
:10A5A000437803F0F003102B03D0202B09D100F0E7
:10A5B00067F8002541F216012046E5F79FFF28467F
:10A5C00038BD302BF5D10088C0F30B00E5F77EFFD6
:10A5D0000546EFE740F20A45F1E738B505460020A9
:10A5E000EFF742FE044600B938BDA01CFCF7C4F9E1
:10A5F000421C08D06B1C01D0A84204D12046EFF7C2
:10A60000A5FDFFF7C8FF2046EAE71FB5827803469D
:10A61000102A0C4628D0252A30D1D3F80610D0F8BD
:10A62000020001AA03C259891B7B204611800D211B
:10A63000937001F022FBBDF80500EFF7FFFD50B16C
:10A64000EFF784FD9DF80C300246FF2B214601A850
:10A6500007D100F018F8204604B0BDE8104001F022
:10A6600004BA00F011F8F6E7B0F80300EFF7E6FDE2
:10A670000028F0D00721E5F741FFECE704B010BD5A
:10A6800070477047704770477047704702464FF4F5
:10A6900082712020FCF780BA13B50C4601A904F0A2
:10A6A000FBF810B9019BC4E9003002B010BDDFF720
:10A6B0008DBE08B52020FCF74BFA003818BF0120EA
:10A6C00008BD08B5FFF7F5FF20B1BDE80840202020
:10A6D000FCF746BA08BD08B5EEF790F808B10120BE
:10A6E00008BD04F0B9F8EEF791F80028F7D1DFF7CC
:10A6F0007BFE003818BF0120F2E708B5E6F786F8C0
:10A7000000280CBF0420012008BDFD20704730B593
:10A710000446154687B00846FAF717F912220021B9
:10A720000DF1060001F007F8A368ADF8045002939C
:10A73000E3680393E38BADF81030238CADF812304F
:10A74000FFF7E3FF029B8DF8140043F410530293CC
:10A75000FFF7F9FE18B1029B43F004030293029B3A
:10A7600001A843F480330293D8F748F810F0FF05AE
:10A7700016D1A38C0DF10201ADF80030E38C6846D0
:10A78000ADF80230FFF786FBE6F71EF9FAF7DBF8C3
:10A79000012100F015F8F3F73BFC284607B030BD67
:10A7A00040F20C40FAE7E6F71FB90220704700209C
:10A7B00070470120704700207047002070477047A5
:10A7C00037B504460D4601A8E8F75CFC01A8FFF781
:10A7D000F6FF204601A98DF80650E6F763FA03B0AC
:10A7E00030BD08461146012200F091B8014608B577
:10A7F0004FF0FF30E6F77EFAB0FA80F0400908BD6E
:10A8000070B51D460446E6F7AFF9049B049346690C
:10A810002B462046B446BDE87040604710B502465E
:10A82000E6F7A2F9BDE8104083691046184700F02A
:10A83000B1BD00F0B9BD00F07FB90023FFF7FBBF49
:10A8400008B500F0B7FC002008BD7FB56C46054692
:10A850000E460FCA84E80F009DF80D30224643F0E3
:10A860004003314628468DF80D3000F0BFF804B0A3
:10A8700070BD7047431E012B03D9031F5842584136
:10A8800070470120704700F047BE4FF4D872002196
:10A8900000F051BF70B50446E8F7B0FA0546A8B914
:10A8A000A169F1B1238AD3B1204604F1100200F06E
:10A8B000E7FC48BBE16929B3638AA3B1204604F1F0
:10A8C000120200F0B2FC78B1054603E00023A36158
:10A8D0002361E361002328466361236270BDA061A8
:10A8E000E8E72082E6E7E361216A0029F2D0A38A43
:10A8F000002BEFD02046E38A04F11402BDE870403B
:10A9000000F063BC6182EFE76582E561DCE710B5CA
:10A910000C461146E7F790FAE8F7EAFD012801D165
:10A92000002010BD002CF7D10520FAE7F8B5064647
:10A930000D46E6F713FAD8B94FF6FF734FF0240C23
:10A94000EF68C1B28F4208D81C4621463046E6F770
:10A95000B5FB00F0E7FD2046F8BDAA680CFB01221C
:10A96000D4899C4202D2002CEFD023460130E8E784
:10A970000024F0E7C08D70470A7838B505461046C8
:10A98000FFF778FF60B14C782046FFF773FF38B1CE
:10A990002243530704D42846BDE83840E7F72ABDD0
:10A9A000212038BDFFF7E8BF10B504460878FFF74F
:10A9B00061FF58B14A781046FFF75CFF30B1042AB6
:10A9C00004D02046BDE81040E7F732BD212010BD7D
:10A9D000FFF7EABF09B1E7F745BD2120704700F056
:10A9E00062BB084600F013BDE7F7A2BB70B5044692
:10A9F0000D46164600F050F958B129462046E6F7B4
:10AA00005DFB38B9324629462046BDE87040ECF778
:10AA1000DDBB0E2070BDE8F701BD08B5E6F73AF9D9
:10AA200018B1BDE80840EBF753BE08BDE6F7C2BD5C
:10AA3000F0B587B004460E4615461F46ADF8061021
:10AA4000D3B190F83831ABB9D0E94C0194F8363134
:10AA50000490C0B29842ADF8141005D0204604A965
:10AA60008DF81030E7F754FD20463A7894F8371106
:10AA7000E7F7BCFD002020E00ABBD0E94C01D4F888
:10AA8000E0300490ADF814102046A4F8426004AA07
:10AA90000DF10601FFF7CAFF78B9204604A9E7F7D0
:10AAA00037FD50B9034601222046BDF9061000F0DB
:10AAB00056FBBDF80630A4F8443007B0F0BDB2F93B
:10AAC0001230B0F942200DF10E019342A8BF134697
:10AAD00004AAADF80E302B46FFF7A8FFBDF90E30E3
:10AAE000B5F912209A42A8BF1A469DF81030ADF869
:10AAF0000E200C2B0FD1212384F83831B4F94430C7
:10AB000093420DDDD4E94C0100230490ADF81410FC
:10AB100084F8383104E0C0B284F838010028EDD15F
:10AB20009DF810102046A4F8442084F83611D1F77F
:10AB30004DF984F837019DE7062AF8B504460F461B
:10AB400015461E4624D8E7F7FBF918B320463946C8
:10AB5000E6F7B4FA0446B0B9012102460846FFF709
:10AB6000D6FE204600F0DAFCEAF7E6FD3046E7F7CD
:10AB7000F1F8062D284608D06FF029032B41DB079A
:10AB800003D4EAF73FFE2046F8BDEAF779FEFAE77C
:10AB90002124F8E70224F6E738B5044600200D46E4
:10ABA00000F0BCFCD4F8F0302BB929462046BDE8B3
:10ABB0003840E7F747BD022038BD00F0F3BA70B562
:10ABC000044600200E4600F0A9FCD4F8F0503DB138
:10ABD000002331462046AC46BDE870401A46604727
:10ABE0002B4601223146204600F0B9FA284670BDB6
:10ABF00038B5044648880D4600F090FCD4F8F03093
:10AC00002BB929462046BDE83840E7F781BC022031
:10AC100038BD00F085BC00F0BCBAE7F7B1B8E9F781
:10AC20001BBE38B505460C4604F08BF8D5F89030BD
:10AC30001C40D5F88C302343C5F88C3004F07CF8E8
:10AC4000211E18BF01210020490238BDE7F7BAB91B
:10AC500007B5ADF8063013460DF1060200F0B5FA5F
:10AC600020B9BDF8060003B05DF804FB0020FAE748
:10AC700000F0DBBAE9F7A2BAE7F772BEE7F718BF50
:10AC800038B50446154609B100F022FB15B120463F
:10AC9000E7F756FF002038BD0346408A18B1188AEE
:10ACA000003818BF01207047E8F794B8E8F732B9C8
:10ACB00010B49DF8044001945DF8044B00F025BBEE
:10ACC00000F014BBE8F700B900F01CBB10B5044657
:10ACD00000F08DF820B92046BDE81040E6F7A0BB93
:10ACE00010BD00F028BCEAF78FB82DE9FF41984667
:10ACF00004460E46174604F02DF805462046FFF799
:10AD0000E5FF0A9B3A46029300233146CDE90083D2
:10AD10002046E6F7D3FB0446284604F016F8204602
:10AD200004B0BDE8F08138B5044604F013F80546D8
:10AD30002046FFF7CBFF2046E6F79EFB0446284659
:10AD400004F003F8B4FA84F0400938BD38B504467D
:10AD500004F000F805462046FFF7B8FF204600F053
:10AD600055F80446284603F0F0FF204638BD38B5B4
:10AD7000044603F0EFFF05462046FFF7A7FF2046F5
:10AD800000F04AF80446284603F0DFFF204638BDAD
:10AD900070B504460E4603F0DDFF05462046FFF77A
:10ADA00095FF31462046E6F7D7FB0446284603F0D8
:10ADB000CCFF204670BD01207047134607B5002226
:10ADC0008DF807100DF10700194600F072FB03B073
:10ADD0005DF804FB084611461A4600F06ABB0020E5
:10ADE000704701207047E8F753BE00F00DBBE6F74F
:10ADF00051BA10B503F0AEFF044600F015F8E6F7BF
:10AE00006FFA2046BDE8104003F09FBF024608B528
:10AE1000E6F740FA507D08BD024608B5E6F73AFA73
:10AE2000507D80F0010008BD00F085BBE7F740BA17
:10AE300000F076B990F8263003B108470220704739
:10AE400010B50446E8F7C0FC2046BDE810400321D9
:10AE5000E6F7CCBFFFF7F4BF90F826300BB1E8F768
:10AE600075BC0220704790F826300BB1E8F794BC0F
:10AE70000220704738B590F826400D46BCB1053C1D
:10AE8000012C8CBF0024012449682246E8F7DAFC33
:10AE9000286890FAA0F0000AEAF7E4FBA97A28896A
:10AEA000224681F00101E8F7FDFC002038BD0220B8
:10AEB000FCE730B585B005460FC96C4684E80F0045
:10AEC00021462846FFF7D6FF05B030BD1FB5ADF8C7
:10AED00008309DF81830CDE900128DF80A300023B3
:10AEE0006946ADF80C30FFF7E4FF05B05DF804FBF0
:10AEF000F0B59C4605460E46174687B00C9B02AC43
:10AF00000FCB84E80F0063463A463146284600944A
:10AF1000E8F7FAFC07B0F0BD10B586B0089C0294C3
:10AF2000099C0394BDF82840ADF810409DF82C40D2
:10AF30008DF812400024ADF8144002AC0094FFF7E5
:10AF4000D7FF06B010BD00207047002070470130C9
:10AF500001D1EAF7BFB8212070477047D0F894308C
:10AF600003F06003402B0DD0602B03D0203B5842F0
:10AF70005841704749B10B68012B06D9486940F028
:10AF80000100704740F20110704700207047012A0D
:10AF900038B50C46114638BF01210139C9B261707C
:10AFA00021704B4300216180D0F8DC10273323F05F
:10AFB00003034968E518656039B132B12846EAF7FC
:10AFC00093F9013005EB800038BD4FF0FF32281DAA
:10AFD000E250F9E72DE9F04306464FF47A70174640
:10AFE000584387B00C46BDF83890EBF721FCD6F8F3
:10AFF000DC303D6820606560D3E902420023934263
:10B0000003D1212007B0BDE8F083E189494502D88A
:10B01000218A494513D201332434F0E741462846BA
:10B02000EAF762F9002322460093494605EB8005C2
:10B0300003AB3046E6F766FED8F8044010E00F9BFD
:10B04000D4F800801C60B8F1000FE7D122464946D1
:10B050003046CDF8008003ABE6F754FED6F8E44066
:10B060002A464946304603AB0394EBF7D1FA05EB89
:10B070008002B8F1000F04D021463046E6F7E8FD23
:10B08000024614464FF0FF3344F8043B601BE028AF
:10B090008CBF0020012040F616622F21E6F7E4F86D
:10B0A00000203C60AEE7F7B504461046D4E954C72B
:10B0B000DDE908268CEA020587EA06010540194009
:10B0C00085EA0C057940C4E95451002523F4004178
:10B0D00006EA010320F0010043F40073024043F04C
:10B0E0000203CDE90055EBF727FE94F824309A07C8
:10B0F00013D5D4F854319B050FD54FF48811204651
:10B10000FFF78FFD94F82430024665F3410384F87D
:10B11000243020460B46E6F74FFE002003B0F0BD7A
:10B120000220E9F75BBED0F8E42008B57AB11368D5
:10B13000022B0CD9536A13F47F4FC3F3072106D0B7
:10B14000126ADBB253438B42B3FBF1F006D200200C
:10B1500040F621424C21E6F787F8002008BDF7B5FC
:10B1600004460F46694616461D46FFF754FD9DF8F6
:10B1700000103A462046D0F729FE01462EB92A464D
:10B180002046E7F733FA03B0F0BD2046E7F75AFA56
:10B19000F9E70346D0F830010860B3F834310020F5
:10B1A0008B80704790F830310C2B14BF90F82B0037
:10B1B000FF20704708B500F06AFABDE80840EAF7DA
:10B1C000EBBA4FF48071EDF743B82DE9F0410D462D
:10B1D00015F0030807461446194623D112B3108808
:10B1E0003F281FD9B0FA80F0C0F11902D2B2062A66
:10B1F00001D8192814D0062A28BF06220126931D3B
:10B20000DBB29E40B6B2B14228BF31462846268006
:10B21000E8F784FD23883D62BB824046BDE8F081AB
:10B220004246EBE74FF02108F7E7F8B511F00306C7
:10B2300007460D46144621D102B313883F2B1DD972
:10B24000B3FA83F3C3F11901C9B2062901D8192B46
:10B2500012D0062928BF062101238A1DD2B29340AD
:10B260002846238000F012F923883846FD617B824E
:10B27000E8F766FE3046F8BD3146EDE72126F9E7EE
:10B2800038B5148811F003054FEAC4041ED13F2CD1
:10B290001CD9B4FA84F4C4F11903DBB2052B01D82C
:10B2A000192C11D0052B28BF052301240633DBB24E
:10B2B00004FA03F3C3F3CF0414808161048243874B
:10B2C000E8F73EFE284638BD2B46EEE72125F9E794
:10B2D000E6F73ABC10B5144608460121EAF7C0F873
:10B2E0002046BDE810400121EAF7BAB810B50A01BE
:10B2F0001021ECF799FF0446ECF7F0FF201E18BF71
:10B30000012010BD1021ECF7A3BF2DE9FF410293EE
:10B310004B0803F1304303F5785393F84B418B000E
:10B320001C4104F00F04082C28BF082400239DF8BA
:10B33000288016460093019413460A4607460D4698
:10B34000ECF790FFB8F1000F09D040B933462A4618
:10B350000121384604B0BDE8F041E7F701BE04B072
:10B36000BDE8F081F8B504460E46174603F0E9FC47
:10B370003A46054631462046EAF718FC0446284678
:10B3800003F0DAFC2046F8BD022070470320704726
:10B39000E9F71CBD10B50023E7F7FAFE044608B92B
:10B3A000EBF7FEFE204610BD38B51D4600230446CF
:10B3B000E7F7EEFE28B929462046BDE83840EBF70E
:10B3C000E1BF38BD8021ECF743BF38B50546E6F74D
:10B3D00027FD04462846E6F701FD072811D1D5F8D8
:10B3E000E03024F47F41DB6921F0080103B15B7890
:10B3F00041EA032141F020012846BDE83840E6F744
:10B4000015BD24F02001F7E7E8F742BB704710B5FF
:10B41000EAF7A2FE04460021E8F736FCE8F71EFC36
:10B42000204610BD2DE9F74F01251C469DF8303010
:10B43000064601930368174603F0070306339D4051
:10B4400005F1FF380B46A1B1416804EA080BA5EBF2
:10B450000B0A41F00059524509EB0B0114D9524631
:10B46000184600F070F949467A1B5A44504400F0DF
:10B470006AF9019B2BB13C4448EA050804EA080438
:10B48000F46003B0BDE8F08F1846F0E74FF03A43A0
:10B4900001225A6741F6FF72D96418651A6770472E
:10B4A00037B5002514460095FFF7BCFF204603B0D2
:10B4B00030BD70B50E461546044608B9002070BD73
:10B4C0000378042B18D02078E8F7CCFFB0B92378A4
:10B4D0000C2BF3D10EB1FF233370CDB1FF232B70B2
:10B4E00016E020780130C0B203282070EBD8E8F7CE
:10B4F000B9FF0028F5D0E6E70020F5E71EB1207877
:10B50000E9F720F830701DB1207800F00CF82870B1
:10B510000120D4E7E7F758BF0020704700207047AC
:10B5200000207047704710F0FD0F14BF4FF0FF3040
:10B530000020C0B2704708B5E9F796FCBDE80840A6
:10B54000E9F7BABC38B50446FFF7F5FF0546FFF743
:10B55000F2FF431BA342FAD338BD38B50D4604466B
:10B56000E9F782FC35B1844200D90139204601F067
:10B57000030138BD844238BF0131F7E708B5E9F768
:10B580008BFCBDE80840E9F797BC08B50121FFF73F
:10B59000E4FFBDE80840E9F78FBC08B521B192008F
:10B5A00000F0D1F8002008BD2120FCE700F06F4337
:10B5B000B3F1804F02D0B3F1204F02D120F07040A0
:10B5C000704700F06043B3F1204F08BF20F0805077
:10B5D00070470B0C23F48053B3F5284FF7B50D4695
:10B5E0008FB2064699B216D04AF60103994214D09A
:10B5F0004AF60203994212D0B1F5204F14BF042439
:10B600000324D6F8E0300BB1196851B9D6F8DC3014
:10B6100093B928680EE00024F3E70124F1E702243F
:10B62000EFE7234668463A46E9F7B4FCDDE9000354
:10B63000002BEBD103B0F0BD19680029E9D02346F7
:10B6400068463A46E9F7A6FCDDE90003002BE0D1A5
:10B65000F0E708B5F3F718FF08BD0204C0F389133B
:10B6600007D56FEA83536FEA935313F5007F18B23F
:10B6700006D0A3F1C8006FF4FF739842B8BF184614
:10B6800070470020EAF73AB80120EAF737B80121FD
:10B690000320E6F7D1BB0E2070477047ECF718B9CE
:10B6A000ECF716B9ECF714B9ECF712B908B508467F
:10B6B000ECF726FD08BDECF70BB900228A4202D157
:10B6C0004FF0FF30704750F8223093FAA3F30BB9D4
:10B6D0000132F3E7B3FA83F000EB42107047002029
:10B6E00070470139024410B5904201D1002005E0B5
:10B6F000037811F8014FA34201D0181B10BD01308F
:10B70000F2E7884210B501EB020402D984422346D5
:10B7100007D8431EA14208D011F8012B03F8012FCE
:10B72000F8E7024401468A4200D110BD13F8014DEA
:10B7300002F8014DF7E702440346934200D17047F7
:10B7400003F8011BF9E70A44431E914200D17047F8
:10B7500010B511F8014B914203F8014FF9D110BD1A
:10B76000034613F8012B002AFBD1181A0138704741
:10B77000430803F05533C01A00F03333800800F05B
:10B78000333018444FF0013300EB101000F00F304D
:10B790005843000E704710B5044688B1836A016AA9
:10B7A0007BB180689847002394F8240023620D2819
:10B7B000636005D82146EDF7A5FA0E2384F82430FE
:10B7C00010BD0029EFD08368002BECDB084600F0A9
:10B7D0009FFCE8E707B5019101A9EDF7E5F803B093
:10B7E0005DF804FB002307B51A46019101A9EDF7A6
:10B7F000DBF803B05DF804FB002330B587B0049399
:10B800009DF83430DDE90A4503930C9BCDE90045F2
:10B810000293EDF747F807B030BD062330B585B089
:10B8200003930A9BDDE908450293CDE90045FFF744
:10B83000E3FF05B030BD30B500230024002585B0FE
:10B84000CDE900450293FFF7E8FF05B030BD03687E
:10B850000B60016070472DE9F0410E461746002449
:10B860000546006808B9BDE8F081D0E90083B3421D
:10B870000BD18368BB4208D154B9C5F80080C368B6
:10B88000DB0701D500F044FC204604464046E9E7CA
:10B89000C4F80080F3E7D1E90112FFF7DCBF002311
:10B8A00070B51A46194605460468EDF77DF80CB9DF
:10B8B0002C6070BDE3682668DB0702D5204600F0E7
:10B8C00027FC3446F3E72DE9F8430E4617460546B4
:10B8D00010B90020BDE8F8830468002CF9D0D4E941
:10B8E00000893B4632462946A068C8470028F1D166
:10B8F0004446F2E73020704738B5054614460A46FC
:10B900000021FFF718FF24F01C046B7944F01004A9
:10B9100043F004032C716B7138BD2DE9F74F1F46BE
:10B920009DF830308A4680460093002850D0002988
:10B9300067D00C68002C66D04FF0000BE679A17937
:10B94000761AF6B2BE4208D30C31394408EB02092C
:10B9500045462144F61BC84537E02068A346BF1B77
:10B96000002835D00446E9E7AB19994538BFA9EB63
:10B97000050632462846FFF7E6FE009B002B3DD029
:10B98000E279A079F3B237BB1844A071E279A379C8
:10B9900027689A4232D1DAF80030A34208BFCAF8C9
:10B9A0000070BBF1000F01D0CBF800702046EDF71E
:10B9B000F9F93C4635444CB10027A379E67903F107
:10B9C0000C01F61A2144F6B24D45CDD3A5EB080083
:10B9D00003B0BDE8F08F121AD2B2F918914209DA19
:10B9E0000C302044D21BD21A014438440193FFF793
:10B9F00088FE019BE279D31AE371C7E7A346246866
:10BA0000D8E70846E4E72046E2E710B5C4790246E5
:10BA1000C4F14503D8B2884228BF08460444D47113
:10BA200010BD38B50546C079C0F14504E4B2944272
:10BA300088BFD4B20C3022462844FFF784FEEB794D
:10BA400020462344EB7138BD1FB5039100210091BE
:10BA500003A9FFF762FF05B05DF804FB13B50124ED
:10BA60000094FFF75AFF02B010BD38B504462068B5
:10BA700000B938BD0568EDF795F92560F7E703468D
:10BA800010B501F0EC0103B910BD1A7902F01302F0
:10BA90000A431A711A1A544254415A7964F3000243
:10BAA0005A711B68EFE710B558B1016802685AB1C6
:10BAB000136823B15C79E40704D5002414600360A3
:10BAC000084610BD0360F1E71346F8E7034658B196
:10BAD0000020DA7999791B68521A50FA82F01BB16A
:10BAE0005A79D207F5D57047704770B50D460446B0
:10BAF000E8B186798E4203D3751A8571012070BD35
:10BB0000C27906F145039B1ADBB299420FD806F1C0
:10BB10000C010144921BA81BD2B20844FFF7F1FDAF
:10BB20000023A371E3791D44AD1BE571E6E7002016
:10BB3000E5E710B50C4698B191B18979E279C379FE
:10BB4000521AC3F14503D2B2DBB2934208D30C318F
:10BB50002144FFF766FF2046EDF724F9012010BDD0
:10BB60000020FCE70346006818B102681A60002351
:10BB7000036070470346006818B102681A60EDF769
:10BB800011B970470346002003B97047DA799979F3
:10BB90001B68521A50FA82F0F6E72DE9F84F8946F1
:10BBA00014468246FFF7EEFF05464846FFF7EAFFD8
:10BBB000A542074601D3A04208D2BD4208D10024C5
:10BBC000A346A046264647B9384604E02746F6E78E
:10BBD00038D24FF0FF30BDE8F88F5EB99AF8068092
:10BBE0009AF80760A6EB080608F10C08D044DAF8CA
:10BBF00000A0F6B2BBF1000F0BD199F8064099F8FE
:10BC000007B0ABEB040B0C344C44D9F800905FFA4E
:10BC10008BFB5E45354628BF5D46BD4228BF3D468D
:10BC200021462A464046FFF75CFD0028D3D1A844B0
:10BC30002C447F1BEDB2761BABEB0505F6B25FFA29
:10BC400085FBC0E70120C6E703680BB901607047B8
:10BC50001A461B68002BFBD111607047036803B1C3
:10BC60000B600160704739B10B461A461B68002B08
:10BC7000FBD1036813600160704770B50468064625
:10BC80000D4644B12046FFF77DFFA84211D8236836
:10BC900013B9E379A37170BD20463360EDF782F8E4
:10BCA0003468F4E7ED1A236820463360EDF77AF83C
:10BCB0003468002DEFD0A279E3799B1ADBB2AB4256
:10BCC000F0D92A44A271E6E7F8B5066805460C46A5
:10BCD00046B13046FFF756FFA0421DD8336813B96E
:10BCE000F379B371F8BD30462B60EDF75BF82E6841
:10BCF000F4E7064638460768002FFAD1C2798379FF
:10BD0000D31ADBB2A34202D9121BC271EAE7E41ACA
:10BD1000EDF748F83EB13760002CE3D028680028E2
:10BD2000E0D00026E7E72E60F6E7F8B504460F46B8
:10BD3000BC4200D1F8BDA179E5796D1AEDB2C5F12B
:10BD40004506B6B20EB92468F2E749B10C312A466D
:10BD5000214404F10C00FFF7D4FC0023E571A3712A
:10BD60002368BB42EFD05A79D207ECD49979DD79B8
:10BD7000A0796D1AEDB2B54228BF3546E2790C3094
:10BD800010440C312A4619442044FFF7DCFCE379C7
:10BD9000206853FA85F3E3718379761B53FA85F5AE
:10BDA000C379EDB2AB42B6B2857103D103682360AB
:10BDB000ECF7F8FF002ED3D1C5E738B50C46016883
:10BDC00009B9046038BD0D4609680029FBD1236814
:10BDD00023B12046FFF7A9FF2C60F3E72146284650
:10BDE000FFF7A7FE0028EDD1F6E748B1002302795E
:10BDF0004360036083604379027143F0040343713D
:10BE0000704700221146EDF729B838B504460D46B3
:10BE1000FFF76BFE98B984B12079FFF7F2FF58B1B4
:10BE200063794279C3F3400363F3410245235D1B09
:10BE300004604271C371857138BD0120EDE7204671
:10BE4000FAE738B5036804460D469BB11879FFF749
:10BE5000D8FF88B12368427903605B79C3F340035C
:10BE600063F3410245235D1B4271C37185712060FC
:10BE7000002038BD0120EAE71920FAE738B50C4662
:10BE8000054640B3006830B309B9002038BD4AB94F
:10BE9000C9B2FFF72AFE0028F7D12B689A7998716A
:10BEA000A41A06E0452918D8C9B2FFF71EFE0028DB
:10BEB000EBD1442C07D8002CE7D02846E1B2BDE8EE
:10BEC0003840FFF7BEBF45212846FFF7BAFF0028DC
:10BED000DCD1453CEDE72220D8E72120D6E72DE94B
:10BEE000F84390F8078090F806900446A8EB0907FD
:10BEF000FFB2B9420D4602D30020BDE8F8830079B5
:10BF0000FFF77FFF06460028F6D0A17980790C3133
:10BF10007F1B29440C30BAB221443044FFF713FC94
:10BF2000F37901203B44F371E37999444D4423684C
:10BF3000A5EB0805E57133602660DEE7F8B5076814
:10BF400006460D463C46002305B12CB90BB1002234
:10BF50001A6034603846F8BDE379A2799B1ADBB2E7
:10BF6000AB4207D8E379A2799B1ADBB2ED1A2346DC
:10BF70002468E9E72046E9B2FFF7B1FF0028F1D1D4
:10BF80000746E7E75318452B02DCC9B2ECF766BF5A
:10BF900000207047F7B5002605460F4601960DB9FB
:10BFA000019C09E0002238461146ECF757FF044691
:10BFB00028B901A8FFF759FD204603B0F0BDAB79C1
:10BFC0008371EA79C27168796179D21A60F30001EC
:10BFD000617169796079C1F3400161F34100607179
:10BFE00003F10C002918D2B22044FFF7ACFB019BEF
:10BFF00003B9019406B1346026462D68CFE72DE9D8
:10C00000F8430D461446064610B319B3DAB1034699
:10C0100099461B68002BFBD12746C8463A4629465D
:10C020004046FFF7FEFCC145A7EB0007054418BFDB
:10C03000C9F8008037B10022B1793079ECF70EFFF2
:10C04000C14618B9E41B2046BDE8F8838046E5E701
:10C050000446F8E70C46F6E737B51546C9B20022A4
:10C060001C46ECF7FBFE019040B122462946FFF743
:10C07000C6FF844202D901A8FFF7F7FC019803B07C
:10C0800030BD034610B501391A1A914200D810BDCF
:10C09000445C1A7803F8014B42540139F4E7002359
:10C0A0000144884200D1704700F8013BF9E738B5F8
:10C0B00005460C4604B938BD013C55F834305B6880
:10C0C000002BF7D09847F5E72DE9F041044600260C
:10C0D00054F836302BB904F10408B34203D10025DB
:10C0E0000FE00136F4E754F833205F1C12685AB1B0
:10C0F00058F833009047054630B139462046FFF7DF
:10C10000D6FF2846BDE8F0813B46E6E7ECF7B0BF36
:10C11000F4F78EB930B585B0D5F7DCFE83790C33F2
:10C12000C418217904F10A054B1EA279E078032B8B
:10C13000E3790295657A88BF00210195247A0094FD
:10C14000DCF700FF0446D5F7CBFE0023224642F27F
:10C150004F0105B0BDE83040F7F793BA38B5DCF7CA
:10C160007BFF0546D5F7BCFE04460223002242F2BF
:10C170001F01F7F786FAA3791C44658238BD0020B9
:10C1800070470020704700207047F0B49DF81040C1
:10C190009DF814509DF818609DF92070CDE9055662
:10C1A00008970494F0BCE1F707BD1FB5089C039401
:10C1B0009DF81C4002949DF81840CDE900341346C8
:10C1C0000022E1F7C9FC04B010BDE1F729BD10B5AC
:10C1D0000446806920B10021DEF71CFA0023A36128
:10C1E00010BD07B501228DF807100DF10701FFF70B
:10C1F00006FF03B05DF804FBF7B505464FF4285081
:10C200000C46FBF7E2FB0646FBF766F9B0B3022CDF
:10C2100002D8002003B0F0BD002731460DF1050320
:10C220000DF106023846ADF80670FBF7ADFABDF821
:10C230000620631E934206461EDC072C1AD9023CD8
:10C24000ADF806400824BDF80630002BE1D00133DC
:10C25000D9B22846FFF7C5FF21462846FFF7C1FFA0
:10C2600031462846BDF80620FFF7C9FEBDF8060096
:10C270000230CFE7ADF806700924E4E74FF0FF3055
:10C28000C8E702292DE9F34104460D461746184632
:10C2900003D8002002B0BDE8F081FBF796FB06460C
:10C2A000FBF71AF90028F4D04FF0000831460DF1E1
:10C2B00005030DF106024046ADF80680FBF764FA6F
:10C2C000BDF80630BDF820200646934228BF13462D
:10C2D000AB4228BF2B469DF80500ADF80630C0B92B
:10C2E000002BD7D001339AB29542D3D9D9B2204688
:10C2F000FFF777FF39462046FFF773FF31462046A8
:10C30000BDF80620FFF77BFEBDF806000230C0B284
:10C31000C0E74046BEE707B501A9ECF7C5FF30B955
:10C32000019B586AC0F3C02003B05DF804FB0020F5
:10C33000FAE7002008B5EDF739F808B9FF2006E064
:10C34000C37B012BF7D1436ADB06F4D5007808BD27
:10C3500073B50E4601A91546ECF7A6FF90B9019AF0
:10C36000546A14F010030FD0C4F300343470D37B3C
:10C370005A1E042A02D8D81E18BF01202870012096
:10C3800002B070BD0020FBE71846F9E738B5436AF4
:10C3900004465B0705D5002300781A461946EEF7D8
:10C3A0009BF8636A9D0706D52046ECF791FF636A08
:10C3B00023F002036362636A18070DD52146E27910
:10C3C00011F8010BC2F3C002EEF728F80546E8B9F0
:10C3D000636A23F0080363622046DEF709FB054623
:10C3E000A0B9626AD10611D5D30404D5204600F065
:10C3F00014FB40B11BE01206E37B09D4E37B626AC5
:10C40000023B012B15D9616A48071FD4284638BD65
:10C4100003F0FB03012BF6D021692078EEF724F816
:10C42000636A256123F0800363620028E6D0054635
:10C43000ECE7D305E7D561692078EEF731F8002302
:10C440006361636A23F480736362D2E7E37BA28D46
:10C45000012B03D1A2B1802A28BF802211F0400F06
:10C4600094F830304FF0010118BF01232078EEF727
:10C4700033F80028DBD1636A23F004036362C5E765
:10C480004022EBE7F7B50E4601A91546ECF70CFF85
:10C49000F8B9019C2F689EB904F11000FFF7E5FA86
:10C4A000606A276140F080000023606210F0100095
:10C4B0002B600ED0204603B0BDE8F040FFF766BF0A
:10C4C00004F11400FFF7D1FA606A676140F48070EC
:10C4D000EAE703B0F0BD37B50D46002104460191EF
:10C4E0005BB92046294601AAFFF7CCFF044601A804
:10C4F000FFF7BBFA204603B030BD0846FFF7ACFD9E
:10C5000001900028EDD11A24F4E7002010B5ECF7D3
:10C510004DFF044600B910BD636ADA060BD55B0413
:10C5200009D42046ECF72AFE636A204643F006034E
:10C530006362FFF72BFF2046E9E713B50C4601A91C
:10C54000ECF7B2FE50B9022C07D8024621460198FA
:10C5500002B0BDE81040ECF74DBF212002B010BD85
:10C56000F7B50E4601A915461F46ECF79DFEF8B932
:10C57000019C626A93050BD44FF6DF73A6F120018C
:10C58000994217D8A5F12001994213D8AE4211D88B
:10C59000E369B34202D1236AAB4204D0C4E9076520
:10C5A00042F0020262629DF82030A78584F83030A4
:10C5B00003B0F0BD2120FBE713B50C4601A9ECF751
:10C5C00073FE60B963070CD0019B93F83120A2423F
:10C5D00005D05A6A83F8314042F002025A6202B032
:10C5E00010BD2120FBE773B50D4601A90646ECF707
:10C5F0005BFE044678B93046FFF78DFE2B1E18BF50
:10C600000123834207D0019A536A3DB143F400638A
:10C6100043F002035362204602B070BD23F400636E
:10C62000F6E730B585B00C4669461546ECF73CFE9A
:10C6300040BB40F6EC1204F2F6439BB2934223D87F
:10C6400001A8FDF751FCE8B9BDF90A10A142A8BF45
:10C65000214629800A2591FBF5F4002923B262B214
:10C6600005DA05FB141109B209B1013B5AB2009B6E
:10C6700093F93210914205D083F832205A6A42F081
:10C6800002025A6205B030BD2120FBE713B50C460B
:10C6900001A9ECF709FEB8B9A37913F0180F15D06A
:10C6A000019A536A13F0100012D1216823F4004359
:10C6B000C2F80110A18843F48043A2F80510A179C3
:10C6C00043F00803D171536202B010BD2120FBE793
:10C6D0000220F9E790F8393037B55B0704460D467C
:10C6E0002AD4ECF74BFD6B1E042B14D8032D12D06B
:10C6F000E379142B22D0A3696BB96846FAF726FDBB
:10C70000DEF798F86946DDF7E9FE18B91A252846DC
:10C7100003B030BDA061636AE57343F01603636242
:10C72000E0F728FF2046FFF731FE05460028EED04F
:10C730002046FFF74CFDEAE70225E8E72125E6E77A
:10C7400007B501A9ECF7B0FD30B90198C17B03B082
:10C750005DF804EBFFF7BEBF03B05DF804FB37B52F
:10C760000C4601A9ECF7A0FD18B9052C019D02D9D2
:10C77000212003B030BD2869FFF704FA1F28F7D83D
:10C780006869FFF7FFF91F28F2D8012CF0D0231FAA
:10C79000012BEDD9214628466B6A23F482536B6244
:10C7A00003B0BDE83040FFF795BF37B50C4601A98F
:10C7B0001546ECF779FDE8B9052C1AD8012C16D1ED
:10C7C000FFF7B7FDFF2814D19DB1019B2868986041
:10C7D000A988AA791846998121469A735A6A22F43F
:10C7E00082525A6203B0BDE83040FFF773BF052C98
:10C7F000E9E7212003B030BD13B501A9ECF754FDE2
:10C8000078B9019C636A204623F0500343F0040387
:10C810006362FFF7DCFC204602B0BDE81040FFF782
:10C82000B5BD02B010BDF7B501A90746ECF73CFD58
:10C83000002843D1019C2078DEF7AAF9112805468B
:10C84000204608BF0025DEF7B7F8636AD90608D589
:10C8500023F0100343F0040320466362FFF796FDC4
:10C860000546FF232370636AA02223F0010363625D
:10C870004FF4A0730026C4E90723072304F1100036
:10C8800084F83130E673E671FFF7EFF804F1140035
:10C89000FFF7EBF82046FFF79AFC40F20113E3851F
:10C8A0007F23314684F832303846A6626662EDF75F
:10C8B000DBFD31463846EDF7F3FD284603B0F0BD09
:10C8C00073B50E4601A91546ECF7EEFC044618BBFD
:10C8D000FDF740FB064222D0054220D046EA050380
:10C8E00083431CD1012E01D0042E18D16B1E012BC5
:10C8F00001D9042D13D1019B93F82E20B24203D10C
:10C9000093F82F20AA4207D05A6A83F82E6042F08B
:10C91000020283F82F505A62204602B070BD2124D3
:10C92000FAE737B5FFF705FDFF28044613D001A944
:10C93000ECF7BAFC78B9019D6B6A284623F0100326
:10C940006B62FFF744FC204605F1340103B0BDE8FB
:10C950003040E1F773BC03B030BD704713B50C46EF
:10C9600001A9ECF7A1FC30B9022C06D8012221461E
:10C970000198ECF73FFD02B010BD2120FBE72DE947
:10C98000F3410D4601A990461E46089FECF78CFC2A
:10C99000002836D1052D08D86B1E012B05D9052D91
:10C9A00003D008F0010115B171B3212029E0019AEB
:10C9B000936A49B343F02003019C9362A36A18F081
:10C9C000020F14BF43F0400323F04003F107626AF3
:10C9D000A3621ED5386842F48032A060BB796262DF
:10C9E000BA88A373A281636AB2074CBF43F04003C5
:10C9F00023F0400343F48053294620466362FFF747
:10CA000069FE02B0BDE8F081019A936A23F0200329
:10CA1000D2E722F480326262E5E7436A10B5044649
:10CA200013F080000CD0E37B2078032B216908D120
:10CA3000EDF736FD00232361636A23F08003636210
:10CA400010BDEDF711FDF5E710B50446FDF782FACC
:10CA50000346204009D014F0050006D0DB4363F004
:10CA6000050323420CBF0120002010BD70470023A6
:10CA700037B580F8723040F6FF73A0F86E308368E7
:10CA80000446DA040D46C16010D443F480636A465C
:10CA9000A36040F203212046CDE90045FEF713FFD5
:10CAA00000212046DDF7B6FD03B030BD90F87600DA
:10CAB000FFF746FEA36823F48053E8E773B56E469C
:10CAC00004464A7930460D460631DDF7F7FE96E812
:10CAD0000300A4F85010090C11F0800FE06484F8F2
:10CAE000521004F1530312D00122184605F112012D
:10CAF000DDF7E4FE0C352846FDF708FA28B10122DF
:10CB0000294604F15A00DDF7D9FE02B070BDB4F831
:10CB1000501094F85220C4F8530099809A71E9E7B4
:10CB20001FB590F87420044602F0010301908DF8BF
:10CB300008300BB102F002038DF8093094F875301B
:10CB400020468DF80A30039100F0C0F94FF40171CE
:10CB500001AA2046FEF7B7FE2046DDF7E7FD04B048
:10CB600010BDDDF72FBDFAF727B937B505460C46DE
:10CB7000FDF7F0F9C34335EA000001D0FF2D43D1A2
:10CB800023400ED0FF2C3FD100204FF46073CDE93D
:10CB900000030421052001AAE1F758F838B303B0D7
:10CBA00030BDCDE90033802314F0010F14BF019391
:10CBB0000093A107009B49BF019B43F4807343F49A
:10CBC0008073019358BF00936207009B18D5019AA8
:10CBD00042F400720192002BDBD004216A46084621
:10CBE000E1F734F80028DAD1019B002BD1D105F010
:10CBF00007021146002003B0BDE83040E0F740B91D
:10CC000043F400730093E8E72120C8E72DE9F743D8
:10CC10000E4604461746FDF7ABF936EA000903D085
:10CC2000212003B0BDE8F083FDF794F937EA000056
:10CC300011D0FF2FF4D12046DDF79CFC05460028DB
:10CC4000EED049460224B0F86E8044F00C0400296E
:10CC50003DD0022136E02046DDF78CFC0546002859
:10CC6000DED017F0010414BF00210221B0F86E805D
:10CC7000B8074FEA440407F004031DD5002BE4D1A4
:10CC800044F00404404641F00801E0F737F9002879
:10CC9000C7D1E4B916F0040206F003031ED1310730
:10CCA00044BF42F0010243F00403009200211A46FF
:10CCB0002846E0F7FFF8B4E741F00401002BE1D08B
:10CCC00044F008044046E0F719F90028A9D12146AC
:10CCD0004046E0F72DF90028DCD0A2E7022243F01D
:10CCE0000403DCE70A460021E0F784B8132201219F
:10CCF000E0F780B8826838B5C2F380320446B0F8F5
:10CD00006E000D46E0F78EF920B9A3681DB143F41B
:10CD10000053A36038BD23F40053FAE7F8B5044686
:10CD20000E4617461D46DDF785FD2146DDF7D6FB8D
:10CD3000044698B10021FAF737F83A4631462046C2
:10CD4000EBF7C4FEA36843F00103A36040F20313B2
:10CD5000A4F87230002320462B60F8BD1A23FAE7AE
:10CD600010B504460B68084623608B88A38042B147
:10CD7000DDF79CFDA0712046FAF7B9F900B9A07162
:10CD800010BD4920F6E783791A0705D413F0100F78
:10CD90000CBFFF20012070470020704708B5FCF74A
:10CDA00085FF407940F4805008BD002070470F2077
:10CDB00070470F207047704708B5EDF7B1FF0020AE
:10CDC00008BDEDF7E5BFEEF701B8EEF79DBD07B57D
:10CDD0008DF80710DDF7CEFB68B145F2190200218E
:10CDE0000DF1070300F0A5F9B0FA80F0400940000A
:10CDF00003B05DF804FB2120FAE707B58DF80710B2
:10CE0000DDF7B8FB68B145F21D0200210DF1070303
:10CE100000F08FF9B0FA80F04009400003B05DF8EF
:10CE200004FB2120FAE710B588B0DDF7A3FB044628
:10CE3000002847D090F87200022845D1A36813F467
:10CE4000407F2AD094F87330012B2FD194F97500CC
:10CE5000DCF7C8F910B9A368DB0527D594F874305E
:10CE600013F0010322D1CDE90133CDE90433CDE93B
:10CE70000633ADF80C30A36813F4807F01AB0ED0FD
:10CE8000A06AE16A228E03C31A802046BDF80420FE
:10CE900004AB0DF10601E0F795F808B010BD0A22C9
:10CEA000022194F97500F9F76EFDEEE7002345F2D3
:10CEB00017021946204600F03CF9B0FA80F040090C
:10CEC0004000EAE72120E8E70220E6E738B545F22E
:10CED0001B020C460B460021054600F02AF930B92A
:10CEE0002CB121462846BDE83840EDF70DBC38BDD1
:10CEF00000F041B900F05ABC00F063BC10B5044624
:10CF00004C30F9F739FD84F875002046BDE8104033
:10CF100000F027BC10B50446F9F705FD02280DD135
:10CF200094F8733094F97000012B14BF052103218C
:10CF300084F83210BDE8104000F05DBCA36843F4F3
:10CF40000073A36010BD00F048B938B503780446FB
:10CF50003E2B0D4604D18378052B02D0ED2B0FD04C
:10CF600038BDB0F80300DDF7F7FA20B1B4F80D10C2
:10CF7000621D00F098F92846BDE83840FEF775BDFF
:10CF8000B0F80300DDF7E8FA0028F4D0B4F80D108B
:10CF900004F10F03621D00F089F9ECE7CB0448BFF0
:10CFA00041F480618160704710B5044645F21A0172
:10CFB000FEF718FC2046BDE8104047F2305300222F
:10CFC00045F21A01EBF760BD10B50A460446082188
:10CFD0000020FEF7D7FF10B1837903441C7310BD06
:10CFE00038B505460C460D201121FFF7EDFF02462E
:10CFF00088B12146837903440D3304F1100051F8C0
:10D00000044B814243F8044BF9D12846BDE838402F
:10D010000621FCF781BE38BD38B505460C46042014
:10D020001121FFF7D1FF024688B1214683790344DD
:10D030000D3304F1100051F8044B814243F8044BC6
:10D04000F9D12846BDE838400621FCF765BE38BD59
:10D0500038B505460C4603201121FFF7B5FF0246FF
:10D0600088B12146837903440D3304F1100051F84F
:10D07000044B814243F8044BF9D12846BDE83840BF
:10D080000621FCF749BE38BD37B500220546082108
:10D090001046FEF777FF0446C0B10C2301220DF1C4
:10D0A00007018DF80730FEF7AAFF296C20225431C2
:10D0B0002046FEF7A4FF296C202274312046FEF79B
:10D0C0009EFF224606212846FCF726FE03B030BD0F
:10D0D00008B5D0B2DDF74EFA28B190F8773003F0FA
:10D0E0007F0380F87730012008BD70B50546EDF765
:10D0F0003DFD0C4606460A46284645F20101B0476A
:10D100002B6C03B11C60324628462346BDE87040B4
:10D110004FF4A041184770B51546044638B1EDF7F5
:10D1200025FD2A4603462046BDE8704018470220E8
:10D1300070BD114608B51A4621F00041FFF7EBFF1C
:10D14000B0FA80F0400908BD08B50B460146184604
:10D15000EBF7BEFF003818BF012008BD10B504462C
:10D16000006838B11A21FEF79AFF2068FEF7D0FF59
:10D170000023236010BD30B58BB00D46002201A9FD
:10D18000C0B2EDF755FD044620BB01460D220DF15E
:10D190000B00FEF7D0FAB5F803206B79ADF8082044
:10D1A00006A9019A02A88DF80A30EDF77DFB40F23E
:10D1B0000343BDF81820002818BF1C469DF81A30FC
:10D1C000102102A82A80AB70FEF769FF102106A883
:10D1D000FEF765FF20460BB030BD10B50446EDF7F5
:10D1E000BFFB04F13400FFF7B9FFA3685A0606D568
:10D1F00023F0400300212046A360E0F769FC236C84
:10D2000063B1D3F89400F3F7DAFB0421206CFEF746
:10D2100046FF206CFEF77CFF0023236410BDF7B5AA
:10D220000D4669461646EDF703FD044698B92946B2
:10D230001022009801ABF3F7E1FE074610212846C3
:10D24000FEF71FFF2FB110212846FEF728FF40F2FE
:10D25000074406B13760204603B0F0BD38B5044638
:10D26000C51C03212846FFF76FFFC8B9E278637930
:10D270007AB922791A43F4D003F07F0343F04003D4
:10D2800063715323A3712146BDE83840FF20FFF7A7
:10D2900072BFFF2AF0D122791A40FF2AE1D0EBE7D2
:10D2A00040F2074038BD0021E0F712BCF8B51D463A
:10D2B000836804465B060F4616462DD41A20FEF7F7
:10D2C00025FF0146606320B92046BDE8F840E0F73D
:10D2D000FFBB034623F8027B326805F11001C0F85A
:10D2E000022072685A602A46636B0A3352F8040BB4
:10D2F0008A4243F8040BF9D110212846FEF7CFFEED
:10D30000A36843F0400213F4407FA26004D020469B
:10D31000BDE8F840EDF7ECBDF8BD2DE9F0419CB05B
:10D32000154608AA1C4606460B469046239F01F167
:10D33000200E9446186859680833ACE8030073451A
:10D340006246F6D120214046FEF79BFE10AB2A46EE
:10D350009C4605F1200E1D4610685168083203C531
:10D3600072452B46F7D160462021FEF78AFE18AAA7
:10D370009446229B03F1100E15461868596808332D
:10D3800003C573452A46F7D160461021FEF779FEA2
:10D3900004AA2346154604F1100C1446186859686F
:10D3A000083303C463452246F7D110212846FEF70F
:10D3B00068FE6B46502241462846EDF785FB044641
:10D3C00010212846FEF76BFE50214046FEF767FE0F
:10D3D00034B108213046EDF78BFE1CB0BDE8F0817A
:10D3E000039B38463B600421FEF74BFE6846102144
:10D3F000FEF755FE224645F214013046FFF78BFE3C
:10D40000EBE72DE9F04796B01D46DDE9229705AB25
:10D4100006460C469E46DDF8908002F1100A9C46B6
:10D42000106851680832ACE8030052456346F6D1F3
:10D4300070461021FEF725FE09AA2B46944605F1F9
:10D44000100E154618685968083303C573452A46F7
:10D45000F7D160461021FEF714FE0DAA94461E9BDC
:10D4600003F1100E154618685968083303C5734553
:10D470002A46F7D160461021FEF703FE9DF87C3066
:10D48000D9F800008DF844309DF8803006218DF8E1
:10D4900045309DF8843012908DF8463099F806306A
:10D4A00012A883F00803C3F3C0038DF84730B9F81E
:10D4B0000430ADF84C30FEF7E4FDBB79062183F073
:10D4C0000803C3F3C0038DF84E303B680DF14F00E5
:10D4D000CDF84F30BB8804F11007ADF85330FEF79C
:10D4E000D0FD01AA2346154614461868596808332A
:10D4F00003C4BB422246F7D110212846FEF7C1FDE6
:10D500004346412205A92846EDF7DEFA04461021DC
:10D510002846FEF7C4FD412105A8FEF7C0FD34B141
:10D5200008213046EDF7E4FD16B0BDE8F08740462F
:10D530001021FEF7A6FD224645F213013046FFF703
:10D54000EAFDF1E72DE9F3411D46089B04468846B4
:10D55000164690F873705BB110211046FFF7F4FD8A
:10D5600030B10821204602B0BDE8F041EDF7C0BD62
:10D57000236C013EDA1C681E133312F8011F16F8E3
:10D5800001CF9A4281EA0C0100F8011FF5D1002376
:10D59000404601A90193EDF701FB48B10198F3F76B
:10D5A0000EFA08212046EDF7A3FD02B0BDE8F08198
:10D5B00029462846019AEDF777F90028EED1022F87
:10D5C0000CBF0023062304F159022B4404F15F0031
:10D5D00012F8016F1978904281EA060103F8011BE5
:10D5E000F6D1022F14BF0023062304F152022B446C
:10D5F00004F1580012F8016F1978904281EA06018F
:10D6000003F8011BF6D129462846019AEDF74CF99B
:10D6100005460198002DC2D1F3F7D1F92A4645F20B
:10D6200010012046FFF777FDBFE72DE9F04196B0E6
:10D63000154605AA1C4606460B4690461D9F01F15D
:10D64000200E9446186859680833ACE80300734507
:10D650006246F6D120214046FEF713FD0DAB2A4667
:10D660009C4605F1200E1D4610685168083203C51E
:10D6700072452B46F7D120216046FEF702FDAEB37E
:10D68000336C93F85D31013B022B2FD89DF870303D
:10D6900043F0800301AA8DF854301546234604F167
:10D6A000100C144618685968083303C463452246B1
:10D6B000F7D110212846FEF7E4FC3B4641224146C3
:10D6C0002846EDF701FA044610212846FEF7E7FC4C
:10D6D00041214046FEF7E3FC54B11EB1082130461B
:10D6E000EDF706FD204616B0BDE8F0810023D1E736
:10D6F00010213846FEF7C5FC002EF3D0224645F235
:10D7000011013046FFF707FDECE7EFF745BBB1F538
:10D71000A04F70B504460D4616460AD045F20603E2
:10D72000994216D0324629462046BDE87040EEF7B1
:10D7300059BB836843F08003836090F87330012BFA
:10D7400003D1BDE87040EEF77FB9BDE87040EEF759
:10D750009BBB93791344597C41F49051ECF7D4FF6F
:10D76000E0E7002310B50364044690F97500431CFC
:10D7700013D0DCF729F9082204F11003114694F9BB
:10D780007500F9F700F994F91330012B07D194F8DB
:10D79000743043F0020384F87430002010BD022B73
:10D7A000FBD194F8743043F00A03F4E74B88062B5E
:10D7B00005D1088841288CBF002001207047002037
:10D7C000704707B58B790A460B440191197C4B1EB3
:10D7D0000D2B04D801F5A0410131FFF79CFC01A8F5
:10D7E000FEF743F903B05DF804FB112070471120E8
:10D7F0007047112070477047014B1868704700BF91
:10D80000A03000200A4B1B6F03F00703013B032BE2
:10D8100003D8DFE803F00A030608FEE7054B1868A3
:10D820007047054BFBE7054870470548704700BF48
:10D8300000800050A0300020A830002080D5430296
:10D84000002D310108B5FFF7DDFF054B1B6FC3F35A
:10D8500003330133B0FBF3F0024B186008BD00BF87
:10D86000008000509C3000200048704700B4C40481
:10D8700000487047002D3101014B1868704700BF08
:10D88000A83000200048704780D543024FF40022A2
:10D89000184B5A664FF0B4439868C0F304400C2804
:10D8A0000AD8DFE800F00B0909090909072119095D
:10D8B0001B1D1F0010487047002070479B6803F035
:10D8C0004073B3F1807F11D0B3F1007F10D00B4AC9
:10D8D000002B08BF10467047094870470948704739
:10D8E0000948704709487047094870470948704718
:10D8F0000948704700900050405DC60000093D0097
:10D90000C0EA210180BA8C010048E801005A620295
:10D910000024F40080841E0040420F00014B186870
:10D92000704700BFA4300020034B5868C0F30800C4
:10D93000003818BF0120704700ED00E00A4A08B522
:10D94000127852B107280AD8084A02EB00131B7B51
:10D950003BB1CDF761FF002008BD0548FCE7054855
:10D96000FAE70548F8E700BF492C0020A41600207C
:10D97000028000F0018000F0078000F00C4B1B7863
:10D980007BB107280FD871B10A4B03EB00131B7B47
:10D990005BB1094BDB6AC34003F0010300200B704D
:10D9A000704706487047064870470648704700BFF2
:10D9B000492C0020A416002000000450028000F032
:10D9C000018000F0078000F00B4A10B512780C4679
:10D9D00062B107280CD859B1084A02EB00131B7B2F
:10D9E00043B1CDF72BFF2060002010BD0448FCE7B9
:10D9F0000448FAE70448F8E7492C0020A416002060
:10DA0000028000F0018000F0078000F013B591F86B
:10DA100036200B68022A0CBF9B6C9B690C469B0648
:10DA2000084605D501F0B3F90223E36502B010BD45
:10DA300001F096F900230146CDE90033034A23465D
:10DA400004F13C0001F052FBF0E700BF0DDA0308DF
:10DA50000B4B10B51B7883B100230120094951F805
:10DA6000042B32B192F85C40022C02BF0120D06539
:10DA700020460133042BF2D110BD0120FCE700BF8A
:10DA80004A2C0020201E00200122437801789A4071
:10DA900030235943014B5A50704700BF40D00350C8
:10DAA000034B5A68D20702D5DA69002AF9D17047C8
:10DAB00000800A5008B9014B5964704700900A5021
:10DAC00008B9014B5964704700A00A5008B9014BCE
:10DAD0001964704700A00A5010B9024B186C7047C7
:10DAE0000020704700800A5048B911B1012903D0C5
:10DAF0007047044BD86C7047024B186D704700207C
:10DB0000704700BF00800A5040B911B1012903D00D
:10DB10007047034BDA647047014B1A65704700BFCA
:10DB200000800A5010B9024B586D704700207047B2
:10DB300000800A5008B5C0B14FF480620C4B9A6661
:10DB4000BFF34F8F01F046F94FF098435A6CD20261
:10DB5000FCD54FF48062586D064B10F470209A6625
:10DB600004D0BDE80840F1F795BC212008BD00BFF6
:10DB70000090005000A0005030B5154B87B00293C4
:10DB8000144B0390049346F611030D46059300F0E1
:10DB900077F91428044616D1684601F0C6F94FF00B
:10DBA000A843032202A95A6319601D619A63DA6BC4
:10DBB0009207FCD1142C02D1684601F0C4F900F0A0
:10DBC00093F9044601E00028E9D0204607B030BDB3
:10DBD000481E0020040000202DE9F04FB1B005469A
:10DBE0008C469E46E8466F4EDDF8EC90409C06F170
:10DBF000100A474630687168083603C75645B8466C
:10DC0000F7D13E9B03EB0208C8F1000A0AF00F0AA5
:10DC1000B9F1000F00F09D80C9F1000707F00F0770
:10DC20000121DDF8FCB044F00050C4F11006CDF83D
:10DC300010B005910690300200F4F85040F0210039
:10DC40000790B9F1000F40F08680CDF820D047F062
:10DC50000050002D00F08480099121210A9041EAB2
:10DC600007210B9142F00050CDF830C03D9B08A930
:10DC70004FEA0A2C0D910E904CF041000F9010933A
:10DC8000002A75D13E9B119143F0005312933C9BA7
:10DC90001390149310AB1593434B444A169340F6DC
:10DCA00011031793424B0021002D08BF1346189310
:10DCB00014AB19933F4B10221A9311231B931CABE7
:10DCC0001846FDF738FD01221D92002246F08046DD
:10DCD00003461E96239205B9EB46102CCDF880B072
:10DCE00024AE4BD1012322460021304621932294B9
:10DCF000FDF721FD20AB002125938F4218BF33464D
:10DD000047F0804226923A9A2CA828922993B2FA98
:10DD100082F35B0949EA837310222B912A93FDF762
:10DD20000AFDB9F1000F00D028AED04448F080437E
:10DD30002CA918A82D962E93FFF71EFF30B92DB9E8
:10DD40000346A34225D1002818BF2C2031B0BDE8DE
:10DD5000F08F102764E7CDF820E049F0005078E715
:10DD6000002C3FF479AF04A9099101210A9076E7CC
:10DD70003E9B0CAA11924120129388E710220021A9
:10DD8000304621932294FDF7D6FC002CB2D101231A
:10DD9000B1E703F1C0026A4412F8C02C013310430A
:10DDA000CFE700BF530504081000002068050408F1
:10DDB0006C05040804000020F0B5C0299FB0DDE91F
:10DDC000244557D0B1F5807F04D0802948D0292040
:10DDD0001FB0F0BD01265CB140F23447029410241C
:10DDE00003960494212401970594069502AC0AE059
:10DDF00040F21447029410240396049421240594BD
:10DE0000012401970695079401251024089409958B
:10DE10000A9221220B950C940D92174A0AAD0E928C
:10DE2000164A0F95109242F6110211921293139511
:10DE30001494159201AA1692D3B112AB179304232E
:10DE400018931123199316AB1A901B9340F61103E4
:10DE5000C9081C911AA806A91D93FFF78DFEB7E704
:10DE6000012614B94FF48267C4E74FF48667B5E71B
:10DE70000EABE3E70F20ABE76405040810000010C9
:10DE800038B5164B5A6E42F004025A66D3F8802217
:10DE900042F00102C3F88022114B5B68C3F3080310
:10DEA00043B14FF0A842D36B13F0430FFBD11424BE
:10DEB000204638BD4FF0A843DC6B14F04304FBD17F
:10DEC000084D2B681BB904212846F3F707FA2B6885
:10DED000013343F000432B60EAE700BF00800050AD
:10DEE00000ED00E0481E0020014B00205B687047F9
:10DEF00000ED00E00329F8B598BF124B05460E4629
:10DF00008CBF00245C5C032805D8DFE800F0020821
:10DF10000B0E44F002040C4B1F684FB9F8BD44F0DF
:10DF20000804F8E744F02004F5E744F08004F2E741
:10DF30007B681A68144203D0314628465B689847CC
:10DF40003F68EAE7E8050408C41E0020054B1A787C
:10DF50002AB95B78002B0CBF0320022070470120F8
:10DF6000704700BF5C2C002038B5104D2B78ABB14A
:10DF70000F4C23781BB100F047FA002323700020D8
:10DF800000F06AFA0B4C50B100F070FA0023012146
:10DF900020782B70FFF7AEFF0123237038BD0122DC
:10DFA000054B1A702278054B1A70F7E7572C0020A2
:10DFB000552C00205E2C0020582C0020592C0020CD
:10DFC0000C4A1378FF2B01D158B170470BB908B92F
:10DFD000704730B101331370074B1B78012B03D806
:10DFE0007047013B13707047044B1B780BB9FFF768
:10DFF000BBBF70475C2C00205E2C0020582C0020FA
:10E0000010B500F09EFE064B04461B781BB1BDE820
:10E01000104000F091BEFFF7A7FF2046F7E700BFD2
:10E02000542C00202DE9F8432D4A0138135CFF2BB6
:10E0300003D100294AD0BDE8F8831BB90029FAD0E2
:10E04000012303E0002941D00133DBB2254F1354F3
:10E0500039780129EFD9FFF779FF0128044638D82C
:10E0600000F06FFEDFF88880054698F8003013B3A3
:10E070001D4E33781BB9012232701C4A1370DFF831
:10E08000749099F8003023B100F0BEF9002389F8AC
:10E090000030284600F050FE012000F0DDF900F0CD
:10E0A00050FE337805461BB100F0E0F900233370D1
:10E0B000002388F80030284600F03EFE3878A04261
:10E0C000B9D02146FFF716FF3C70B4E7013B13546B
:10E0D000B1E70329F2D10228F0D100F0CBFFEDE740
:10E0E0005C2C00205E2C0020542C0020582C00209A
:10E0F000572C0020552C00202DE9F04F85B0EFF370
:10E10000108772B6AFF3008000F0C4FD002870D015
:10E11000814EDFF83082337823B10020FFF750FFC3
:10E1200000233370FFF712FF0446002869D0841ED5
:10E13000E4B2012C6CD9FFF709FF01280546774CA2
:10E14000DFF8049200F28E802078854240F0C6808D
:10E15000207800F027F999F8003013B1704B1B7844
:10E160002370AFF30080384600F07FFFEFF3108795
:10E1700072B66C4B1A7852B100221A70684B207834
:10E180001B78984203D101212170FFF7B3FE664846
:10E1900000F0E6FA00F092FD05460028BBD1634B83
:10E1A000DFF89481187098F80030ABB189F800005E
:10E1B000DFF88C9199F800301BB100F025F989F84F
:10E1C0000050002000F048F9002800F09A8000F08C
:10E1D0004DF9002388F80030337823B10020FFF791
:10E1E000EFFE0023337000212078FFF783FE002329
:10E1F0002370AFF30080384605B0BDE8F04F00F063
:10E2000034BF3378002B96D0FFF7DAFE347092E7F4
:10E21000002003A900F0F0FA044600288BD1D8F8BA
:10E220000030039A9A4205D80120FFF7C9FE012366
:10E23000337080E73E4B1D6800F062F9039B054494
:10E240009D42F1D200F056F98200039942F0020299
:10E2500092B2CDE900422346364A491B324800F0CB
:10E260000AFF68E7344BDFF8C4A01B7803F0FF0B0C
:10E270002BBB00F0ADF8207885422FD19AF8003002
:10E280007BB92D4D2B78002B7FF462AF2B4B1B7885
:10E2900023B900F0B3F80122294B1A7001232B7027
:10E2A00056E7022DEDD18AF800B014E02378022B56
:10E2B00024D100238AF8003000F0BEFF1EE0207851
:10E2C00085420BD19AF80030002BDAD0022DD8D13C
:10E2D00000238AF8003000F0AFFFD2E70023DFF818
:10E2E0004CA08AF8003099F8003013B92946FFF79E
:10E2F00001FE9AF800302570002BD7D1012DC0D82F
:10E3000026E7012000F04EF8384600F0AEFEEFF3AD
:10E31000108772B655E700BF562C00205E2C0020F7
:10E32000592C0020522C0020D01E00205A2C0020F6
:10E33000C81E002001E00308572C00205B2C0020A1
:10E34000552C0020CC1E0020582C002010B500F0C9
:10E35000F8FC0022054B1C781A7000F0EDFC00F070
:10E36000DBFAE4B22043C0B210BD00BF532C002042
:10E3700038B500F0E6FC094B05461B78012B04D8A4
:10E3800000F0DAFC0024204638BD054B1C6800F084
:10E39000B7F80444284600F0CFFCF4E75E2C0020D8
:10E3A000C81E002002280AD003280BD001280CD157
:10E3B000064A136923F00403136130BF704700203D
:10E3C000CCF764BF0020CCF787BF704700ED00E0BA
:10E3D000074A0849D2F8203103F007030B60D2F84E
:10E3E0002831054A03F007031360F0F789BF00BF27
:10E3F00000800050041F0020001F00200122014B5C
:10E400001A707047612C00200F4B10B51B7883B138
:10E410000E4C2378A3B90E4B9A6DD10302D5DA6D59
:10E42000920702D49B6DDB0704D54FF48032094B71
:10E430009A6210BDCFF730FA4FF48032054B9A62E2
:10E4400000232370F5E700BF632C0020602C002020
:10E450000040005A0050005A034B1B780BB1CFF715
:10E46000C1BA0120704700BF632C002008B5F0F747
:10E4700048FF174B1B7833B10122164B5A60164ADE
:10E480009369DB07FCD5154B15491A6F096822F013
:10E4900007020A431A671349D3F82021096822F0BA
:10E4A00007020A43C3F820210F49D3F8282109683D
:10E4B00022F007020A43C3F828210C4B1B781BB13A
:10E4C0004FF480320A4B9A62BDE80840FFF7BAB9B0
:10E4D000622C002000D0015000C00150008000508C
:10E4E000F81E0020041F0020001F0020632C0020C5
:10E4F0000060005A014B1878704700BF632C002061
:10E5000008B5054B187818B1CFF73AFA00EBD000F0
:10E51000024B1B68184408BD632C0020F41E002029
:10E5200008B5164B1A7822B300221A70144B1A6FD2
:10E5300022F0070242F001021A67D3F8202122F0EC
:10E54000070242F00302C3F82021D3F8282122F069
:10E55000070242F00302C3F828210A4B1B7833B1AB
:10E560000122094B5A60094A53689B07FCD4FFF704
:10E5700069F90122064B5A6708BD00BF612C0020D3
:10E5800000800050622C002000E0015000C00150CB
:10E590000060005A0D490B68A0B10022A3B183426C
:10E5A00003D1836822B90B6003E01A469B68F5E744
:10E5B000936083680BB9002070475A6941690A4427
:10E5C0005A61F8E72220704702207047101F002090
:10E5D00038B500F0B1FA0025084B094C1A682368D9
:10E5E000C31A2AB123B15169994203D3C91A51619F
:10E5F000206038BD55615B1A9268F2E7101F002059
:10E600000C1F002038B5154D2B682BB35B69A3B1E7
:10E61000134A022014681C4400F0D6FD204600F086
:10E62000CBFA00230F492A680B7022B1D0888007EB
:10E630000AD501230B70002038BD022000F0C4FD74
:10E64000022000F007FBECE79268002AF3D0506943
:10E650000344012BEAD9EEE72220EDE7101F00204A
:10E660000C1F0020652C0020C38870B504460D46A1
:10E670003BB9FFF77DFE8542064602D2F1F715FF52
:10E6800035460E4965610B688BB90C60A3600DE0DF
:10E69000AD1A9A68184665616AB113465A69AA426A
:10E6A000F6D930B18460521BA3605A6170BD00205E
:10E6B000F4E70C60F7E79C60A260F7E7101F00200A
:10E6C000F8B515469DF81C20BDF820700271069A19
:10E6D0000446026000220E46C0E903358260C7800E
:10E6E000ADB900F029FA3044A0615EB13546062F7D
:10E6F0001FD1194A2846936A43F00803936200F039
:10E7000023FA02E0E36866617BB90020F8BD00F0FF
:10E7100013FA2844A061002EE8D1E3686661002B5B
:10E72000E5D0204621689847E1E7204621689847D0
:10E73000EBE700F006FB0646FFF74AFF29462046B6
:10E74000FFF792FF054B1B68A34201D1FFF75AFF69
:10E75000304600F0F1FAD8E70040005A101F0020C0
:10E7600038B5C3880446062B01D100F07BFA00F0CF
:10E77000E8FA0546FFF72CFF0F4B20461B68A34223
:10E7800008D0FFF707FF044680B1284600F0D4FA0E
:10E79000204638BDFFF7FEFE04460028F5D1FFF7FE
:10E7A00031FF222802D1022000F03EFA284600F074
:10E7B000C3FA0024ECE700BF101F002038B50C4658
:10E7C0000546A8B1A1B100230B7000F0C3FA0121E6
:10E7D000084B1B6833B900F0B8FA002038BD9D42E1
:10E7E00004D121702278002AF9D0F4E79B68F1E780
:10E7F0002220F3E7101F0020F8B506460F4600F070
:10E80000A9FA00250446124B1B6823B9204600F0E4
:10E810009CFA1B2011E05A691544DA88B2420DD1E6
:10E8200000F08AF90B4E3368C01AA8420AD30023BD
:10E8300020463B6000F089FA0020F8BDFF2EEFD0A3
:10E840009B68E2E700F078F933682B441B1AEFE786
:10E85000101F00200C1F002070B500F07BFA064648
:10E8600000F06AF9084B044601201D6800F097FC8F
:10E8700018B100F061F904460135304600F065FA40
:10E880002046294670BD00BF181F0020014B1868A4
:10E89000704700BF141F0020F8B50C4B05461B68DD
:10E8A0000E4683420FD3002440F2E7302146084B46
:10E8B0004FF47A721F680023E5FB0701E9F748FD72
:10E8C00030602046F8BD2120FCE700BF081F002073
:10E8D000141F00200F4B10B51A689AB14FF47A71CB
:10E8E000531E1342A0FB01010ED1B2FA82F2C2F113
:10E8F0001F04531CD243E04001FA03F3184321FAEA
:10E9000002F20243104610BD0023E9F721FD024642
:10E91000F8E700BF141F002010B500F01BFA034BEE
:10E920001C7800F012FAE4B2204610BD642C0020DE
:10E93000F0B51F46002387B00C46164605468DF8F5
:10E94000133050B30DF11301FFF738FF9DF813306A
:10E950002BBB204605A9FFF79FFFE0B9114BE883C9
:10E960001B6828465C434FF47A73B4FBF3F203FB55
:10E970001244191B89B2994208BF0021BDF83430F6
:10E98000A983059A02939DF830301146CDE90073B2
:10E990003346FFF795FE07B0F0BD2220FBE70220CB
:10E9A000F9E700BF141F002008B5084B1B7803F0DF
:10E9B000FF004BB100F0E3FB054B1B689B69C01ADD
:10E9C00002288CBF0020012008BD00BF652C00205C
:10E9D000101F0020014B1870704700BF642C0020EE
:10E9E000C2072DE9F843044607D5444A13680133AA
:10E9F0001360FFF7EDFDFFF705FEA3077CD500F0E0
:10EA0000A9F94FF0000805464646FFF7E1FD3C4FE7
:10EA10003C680CB16369A3B100223A4B012E1A7015
:10EA200003D118F0020F18BF1E70FFF7EBFD22286C
:10EA300002D1022000F0F8F82846BDE8F84300F0C3
:10EA400084B923465A693AB91A792179914288BF23
:10EA50001C469B68002BF5D1284600F076F9256905
:10EA6000DDB100F069F8A269A0EB02084FEAE87393
:10EA7000A84573F1000311DB23691344A361E36824
:10EA800013B1204621689847B4F8068000F062F977
:10EA900001360546FFF79CFDBAE7A84600F05AF993
:10EAA00081462046FFF776FD484600F04EF923697F
:10EAB000002BE4D0A38BB5EB080533B1E28B1344F4
:10EAC0009BB2B3F57A7F0FD2E38300F043F980461F
:10EAD00029462046FFF7C8FDA36922694046134432
:10EAE000A36100F032F9CAE7A3F57A73E383A3695F
:10EAF000013D013BA361E8E7BDE8F883181F002052
:10EB0000101F0020642C00200A4B10B5D3F84032AF
:10EB100003F00303013B012B0BD800F012F904466C
:10EB200001210220FFF77EFA2046BDE8104000F0E8
:10EB300003B910BD0080005008B5FEF7B1FF014BCE
:10EB4000986908BD00800A5038B5044600F0F9F80D
:10EB50000546FEF7A5FF104B022C9A694FF0010104
:10EB60008CBF12190332B2F1FF3F38BF013A0020C7
:10EB7000FEF7CAFF284600F0DFF808490B7853B1CA
:10EB8000054B9A6C42F002029A649A6C42F00402BD
:10EB90009A6400230B7038BD00800A503632002082
:10EBA00007B5044B01A9187900F0F9F9019803B0F1
:10EBB0005DF804FBDC050408F8B5044600F0C1F874
:10EBC0000746FEF76DFF164B9D6900F0F9FA064601
:10EBD0000020FEF781FF830704D4731B032B01D8A9
:10EBE000AE420FD10021631B022B98BFEC1C0846DC
:10EBF000B4F1FF3F2CBF2246621EFEF785FF0220C4
:10EC000000F0E2FA384600F097F8064A137833B17C
:10EC100003498B6C43F001038B6400231370F8BD30
:10EC200000800A5037320020830700F0010109D527
:10EC30000122064B41F002011A70054A936C23F041
:10EC4000010393640020FEF73BBF00BF3732002072
:10EC500000800A50830742BF0222014B1A647047AA
:10EC600000900A5007490B7853B9074B9A6C22F071
:10EC700002029A649A6C22F004029A6401230B70D7
:10EC8000704700BF3632002000800A5001207047D4
:10EC90000120704738B5C8F7B3FA0446C8F720FC1E
:10ECA000051E18BF2546E1F7B1FD041E18BF2C460E
:10ECB000FFF7ECFF002818BF204638BD38B5FFF736
:10ECC00045FB0446C8F7B6FA042825D002284FF0C1
:10ECD000000508BF0124C8F7F9FB04281ED002284C
:10ECE00008BF0124FBF709FD042819D0022808BF3A
:10ECF0000124FEF7ADFE042814D0022808BF012429
:10ED0000FFF7C6FF04280FD0022808BF0124002DFA
:10ED100018BF0024204638BD0125DCE70125E1E7C6
:10ED20000125E6E70125EBE70024F3E74FF4004077
:10ED300070474FF47A70704710B962B6BFF36F8FA7
:10ED40007047EFF3108072B6704780F31188BFF3FD
:10ED50006F8F7047EFF31180302383F31188704772
:10ED6000034610B593F836300068022B0CD1CCF76F
:10ED70002BFC044630B1FFF789FD24235843B0FB38
:10ED8000F4F40134204610BDF0F72EFBF1E770B526
:10ED90000446836BFFF7DEFFA36B0546013BA363CD
:10EDA000A66B4EB9FFF7CDFF044631460120FFF7B1
:10EDB00039F92046FFF7C0FF2846BDE87040FFF74D
:10EDC000C4BFC369032B9FBF00EB83020133D16033
:10EDD000C3617047C369042B14D84FF09842116C7B
:10EDE000C902FCD504339B0013650168103B116018
:10EDF0004168116050F8081F11604FF098420344B9
:10EE0000984200D1704750F8041F1160F8E7F0B540
:10EE1000154649228FB0149C8DF8242004F10C066D
:10EE20000DF1250254F8047BB44242F8047BF9D179
:10EE3000247814704FF48074ADF834409DF8544039
:10EE400000228DF8364004240694169CCDE9001566
:10EE500005941324049409ACCDE902340B46114601
:10EE60008DF832208DF83350FEF7B6FE0FB0F0BDAE
:10EE700030B5C02A93B02FD0B2F5807F29D0802A38
:10EE80002CD14FF4807480F001002043019016983B
:10EE900001250290102421200395049405900693E7
:10EEA00001AB0795089409900A9306AB0B930423D2
:10EEB0000C9311230D930AAB0E910F9340F611039F
:10EEC000D20802A90EA810921193FEF755FE13B0B6
:10EED00030BD4FF48274D6E70F20F8E72920F6E71B
:10EEE00008B5FEF7CDFFBDE80840FEF7FDBF1FB532
:10EEF000079C02949DF81840CDE9003413460A4659
:10EF000001460020FFF783FF04B010BD1FB5079C2A
:10EF100002949DF81840CDE9003413460A46014694
:10EF20000120FFF774FF04B010BD10B50446FFF7D1
:10EF300008FF4FF0A8431A6822601B696360FFF75F
:10EF4000FBFE002010BD10B50446FFF7FAFE4FF09F
:10EF5000A84322681A6062681A61FFF7EDFE00207C
:10EF600010BD10B40446084611469DF804200192D5
:10EF7000A2685DF8044BFFF7BABF10B40446084618
:10EF800011469DF804200192A2685DF8044BFFF73A
:10EF9000BDBF8068FEF710BF8968FFF769BF09B180
:10EFA00000F002B82220704770B506460D46FFF704
:10EFB000D1FE04461F2E55D8DFE806F01019541E66
:10EFC000212454272A542D5430335436393C543F8D
:10EFD000544251545454455448544B4EFEF712FC7D
:10EFE000002628602046FFF7B0FE304670BD4FF483
:10EFF000C070CBF725FCF3E74FF42070F9E74FF42E
:10F000004070F6E74FF46070F3E74FF40070F0E7FC
:10F010004FF48060EDE74FF44060EAE74FF4C060E2
:10F02000E7E74FF4F060E4E74FF4B060E1E74FF456
:10F03000D060DEE74FF41060DBE74FF4E060D8E724
:10F040004FF4A060D5E74FF42860D2E74FF480700A
:10F05000CFE74FF42060CCE74FF44860C9E74FF4A6
:10F060000860C6E700202126BBE710B962B6BFF3EF
:10F070006F8F704770472DE9FF410D4616461F46BA
:10F080000446A8B14FF00008C0F81C80FFF768FBE9
:10F09000BDF82C30424602939DF828302946CDE930
:10F0A000007320463346FFF70BFB04B0BDE8F08148
:10F0B0002220FAE7F0B50D4616461F46044685B0F5
:10F0C00090B10023C361FFF74BFBBDF82C302A46FB
:10F0D00002939DF828302946CDE900732046334637
:10F0E000FFF7EEFA05B0F0BD2220FBE7F0B51F46B2
:10F0F000002387B00D46164604468DF81730A8B198
:10F10000C3610DF11701FFF759FB9DF817207AB97C
:10F11000BDF83430294602939DF830302046CDE9C1
:10F1200000733346FFF7CCFA07B0F0BD2220FBE7AF
:10F130000320F9E7F0B51F46002387B00D461646B9
:10F1400004468DF81730B0B1C3610DF11701FFF718
:10F1500035FB9DF8173083B9BDF834302A46029349
:10F160009DF830302946CDE9007320463346FFF73D
:10F17000A7FA07B0F0BD2220FBE70220F9E738B577
:10F18000FFF7E8FD0546FFF7D7FC04462846FFF7E2
:10F19000DCFD204638BD00F020B800F02FB810B5D7
:10F1A00004460020FEF798FC012C04D0022C05D167
:10F1B000C0F3400010BD00F00100FBE70020F9E7BC
:10F1C00000210846FEF790BC00F00101830748BF0C
:10F1D00041F002010020FEF76DBC002008B5FEF7EB
:10F1E0007BFC10F0080008D000200821FEF76EFC20
:10F1F000BDE808400020FEF795BC08BD04210020B2
:10F20000FEF764BC38B5FFF7A5FD04460020FEF705
:10F2100063FC830700F0010548BF45F0020500F0DC
:10F2200003010020FEF752FC2846FFF7D9FB2046D9
:10F23000BDE83840FFF789BD02210120E2F788BA16
:10F24000F8B500BFF8BC08BC9E467047F8B500BFD3
:10F25000F8BC08BC9E4670475FF800F0D52E002031
:10F260005FF800F0312E0020313200209D7C000834
:10F27000B9E50208DDE5020801E602081BE602081E
:10F2800013B779FAC925DDB7ADF3CFE0F1B614B8FD
:10F290000102000000000000FFFFFFFF200000004F
:10F2A000010000000000000000000000000000005D
:10F2B000000000000000000000000000000000004E
:10F2C000000000000000000000000000000000003E
:10F2D0001E000003BFED0208BBED020899ED020815
:10F2E00067ED0208F7ED0208C9ED020869ED0208B2
:10F2F0002C000000020202030000000005000000D4
:10F300000000000000C20100000500000010000025
:10F3100000000000000000000500000000000000E8
:10F3200000C2010000020000001000000000000008
:10F3300000000000000000000300000000000000CA
:10F3400000000000000000000007000800000000AE
:10F3500000000000000000000102040500000000A1
:10F360000000000000000000000604050300020188
:10F37000000800B4A8F303080100000F88F3030895
:10F38000000000000000000006FF6CFFA1FFBCFFB2
:10F39000CDFFD8FFE0FFE6FFEAFFEEFFF0FFF3FF4F
:10F3A000F4FFF6FFF7FFF7FFC800AEFEB400E80871
:10F3B0007F8DFBFF4E0002036349FFFF2C00AF016E
:10F3C000EFE5FFFF1B00FF00E61A00001100A70099
:10F3D000DA2800000A0062001528000006003B0041
:10F3E000A821000003000B00A10E0000E0FF0308AD
:10F3F0000000000064F403080300000000000000A7
:10F40000C0175302E0FF030800000000D0F4030817
:10F410000300000000000000C0175302E0FF0308D3
:10F42000000000003CF5030803000000000000009D
:10F43000C0175302E0FF030800000000A8F503080E
:10F440000300000000000000C0175302E0FF0308A3
:10F450000000000014F60308030000000000000094
:10F46000C017530280F60308809C2B8F80841E00F7
:10F47000000000002500FF7FD430002000000000C5
:10F480004C0404080000000080F60308809C2B8FC9
:10F4900080841E00000026002600B700D430002023
:10F4A000000000004C0404080000000080F603087F
:10F4B000809C2B8F80841E000000270027008C007A
:10F4C000D4300020000000004C04040800000000BC
:10F4D00060F80308809C2B8F80841E0000000000D1
:10F4E0002500FF7FD4300020000000004E040408F7
:10F4F0000000000060F80308809C2B8F80841E00B1
:10F50000000026002600B700D430002000000000D4
:10F510004E0404080000000060F80308809C2B8F54
:10F5200080841E000000270027008C00D4300020BB
:10F53000000000004E0404080000000040FA030828
:10F54000809C2B8F80841E00000000002500FF7F20
:10F55000D430002000000000500404080000000027
:10F5600040FA0308809C2B8F80841E000000260038
:10F570002600B700D430002000000000500404082A
:10F580000000000040FA0308809C2B8F80841E003E
:10F590000000270027008C00D4300020000000006D
:10F5A000500404080000000020FC0308809C2B8FFE
:10F5B00080841E00000000002500FF7FDC3000205A
:10F5C00000000000520404080000000020FC0308B2
:10F5D000809C2B8F80841E00000026002600A00047
:10F5E000DC3000200000000052040408000000008D
:10F5F00020FC0308809C2B8F80841E0000002700C5
:10F600002700FF7FDC3000200000000052040408C7
:10F610000000000000FE0308809C2B8F80841E00E9
:10F62000000000002500FF7FDC300020000000000B
:10F63000540404080000000000FE0308809C2B8F87
:10F6400080841E00000026002600B700DC30002069
:10F6500000000000540404080000000000FE03083D
:10F66000809C2B8F80841E000000270027008C00C8
:10F67000DC300020000000005404040800000000FA
:10F68000FC4F0103BC0204081040010000410000CF
:10F690003C4001001000000048400100200700032A
:10F6A00050400100000000005C4001000D0F000010
:10F6B00008410100FF4C000054C007005111300008
:10F6C0000E000DE62A000000080B0C0D0D000000D6
:10F6D000D1B60200E00400004040070100002070A5
:10F6E0000000A01110000000000000461FC08100B3
:10F6F00000000020008000006440050100000000C0
:10F70000B904F80040080000100000009100040057
:10F7100088400F01B70312000000006000000000E5
:10F720000002050D1C2F42536269686053402E1F72
:10F73000110A08080808070605040303020202016B
:10F7400001010101000000000000000000000000B5
:10F750001C41010100302C8C38410701BC200BF00A
:10F7600049C05100055BA0408E6E829421824852B0
:10F7700009084000C00D00805C410101FFDD000070
:10F78000684107014CD4E83B04190D50080E141AC7
:10F7900020262C32383E10325476980A1D0040B490
:10F7A000D041030100000000D0000000040012005E
:10F7B000E041130100000080E2CFDD2C7EB63A006C
:10F7C000600919005122E2004CB9510E3982A90496
:10F7D000D8229B29E2CFDD2C7EB63A0060091900C1
:10F7E0005122E2004CB9510E3982A904D8229B293A
:10F7F0000000000000000000440000003C3C3C3CD5
:10F800004C420101080003046842010100000000AD
:10F8100038800101F1471000A08002017038030018
:10F82000D0000000A8800111F0010000A880013183
:10F83000055AFD01AC800111F0010000AC800131DE
:10F84000053EFD00EC000112E00F0000EC0001326B
:10F850000C2051118401010200000000FFFFFFFF96
:10F86000FC4F01030C03040810400100004100009C
:10F870003C40010010000000484001002017000338
:10F8800050400100010400005C4001000D0F000029
:10F890000841010003C0010054C0070051113000AD
:10F8A0000E000DE62A000000080B0C0D0D000000F4
:10F8B000D1B6020080050000404007010000207022
:10F8C0000000A01110000000300000461FC8810099
:10F8D00000200030008000006440050100000000AE
:10F8E000B904F800400800001000000092000A006F
:10F8F00088400F01B7031200000000600000000004
:10F900000002050D1C2F42536269686053402E1F90
:10F91000110A080808080706050403030202020189
:10F9200001010101000000000000000000000000D3
:10F930001C41010100302C8C38410701BC200AF029
:10F9400049C0510001000040B756351200780850F8
:10F9500009084000C00300805C4101010000000074
:10F96000684107014CD4E83B04190D700A10161CBD
:10F9700022282E343A4010325476980A1D6980A409
:10F98000D041030100000000D00000000000020090
:10F99000E041130100000000E2CFDD2C7EB63A000A
:10F9A000600919005122E2004CB9510E3982A904B4
:10F9B000D8229B29E2CFDD2C7EB63A0060091900DF
:10F9C0005122E2004CB9510E3982A904D8229B2958
:10F9D0000000000000000000440000003C3C3C3CF3
:10F9E0004C420101080000046842010100000000CF
:10F9F00038800101F1471000A08002017038030037
:10FA0000D0000000A8800111F0010000A8800131A1
:10FA1000055AFD01AC800111F0010000AC800131FC
:10FA2000053EFD00EC000112E00F0000EC00013289
:10FA30000C2051118401010200000000FFFFFFFFB4
:10FA4000FC4F01035C03040810400100004100006A
:10FA50003C40010010000000484001002007000366
:10FA600050400100000400005C4001000D0F000048
:10FA70000841010003C0010054C0070051113000CB
:10FA80000E000DE62A000000080B0C0D0D00000012
:10FA9000D1B6020080050000404007010000207040
:10FAA0000000A01110000000300000461FC88100B7
:10FAB00000200030008000006440050100000000CC
:10FAC000B904F800400800001000000092000A008D
:10FAD00088400F01B7031200000000600000000022
:10FAE0000002050D1C2F42536269686053402E1FAF
:10FAF000110A0808080807060504030302020201A8
:10FB000001010101000000000000000000000000F1
:10FB10001C41010100302C8C38410701BC200AF047
:10FB200049C0510001000040B75635120078085016
:10FB300009084000C00300805C4101010000000092
:10FB4000684107014CD4E83B04190D70080E141AE3
:10FB500020262C32383E10325476980A1D6940B463
:10FB6000D041030100000000D000000000000200AE
:10FB7000E041130100000000E2CFDD2C7EB63A0028
:10FB8000600919005122E2004CB9510E3982A904D2
:10FB9000D8229B29E2CFDD2C7EB63A0060091900FD
:10FBA0005122E2004CB9510E3982A904D8229B2976
:10FBB0000000000000000000440000003C3C3C3C11
:10FBC0004C420101080000046842010100000000ED
:10FBD00038800101F1471000A08002017038030055
:10FBE000D0000000A8800111F0010000A8800131C0
:10FBF000055AFD01AC800111F0010000AC8001311B
:10FC0000053EFD00EC000112E00F0000EC000132A7
:10FC10000C2051118401010200000000FFFFFFFFD2
:10FC2000FC4F0103AC030408104001000141000037
:10FC30003C4001000000000048400100A007000314
:10FC400050400100000000005C4001000000000086
:10FC500008410100FF4C000054C007005121300052
:10FC60000E000DE62A00000004050607080000004B
:10FC7000D1B602006005000040400701000050516D
:10FC80000000A02110000000000000861FC08100BD
:10FC9000000000200000000064400501000000405A
:10FCA0004902F00040080000020000009200080035
:10FCB00088400F01DA032A00000000E00000000085
:10FCC0000102071121374B5A676962544029150513
:10FCD0000000000001020304040403030303030201
:10FCE0000202020202010101000000000000000007
:10FCF0001C41010100B0B18C38410701BC200AF061
:10FD0000B6555200055B98408E6E8294233C485253
:10FD1000893B4000C00300805C410101FFDD000021
:10FD200068410701E853FA000000004000000000AD
:10FD300000000000000000000000000000000000C3
:10FD4000D04103010000AAAAD00000000400120064
:10FD5000E041130100000000FFAB000A5CF10F005E
:10FD6000D341020095EDB100197BD80F1208B904F8
:10FD7000EA1B6D1FC9B7C20A0B203B0043060000F7
:10FD80005962F300727E9600A73D1900D022F13B24
:10FD9000000000A000000000400000000000000083
:10FDA0004C42010108000304684201010100000007
:10FDB00038800101F1471000A08002017078030033
:10FDC000D5C00000A8800111F0010000A880013119
:10FDD0000542CB01AC800111F0010000AC80013183
:10FDE00005228D00EC000112E00F0000EC00013252
:10FDF0000C2051118401010200000000FFFFFFFFF1
:10FE0000FC4F0103FC030408104001000141000005
:10FE10003C4001000000000048400100A007000332
:10FE200050400100000000005C40010000000000A4
:10FE300008410100FF4C000054C007005111300080
:10FE40000E0009E62D00000004050607080000006A
:10FE5000D1B6020064350000404007010000505157
:10FE60000000A01110000000000000861FC08100EB
:10FE70000000002000000000644005010000004078
:10FE8000B904F800400800000200000092000400DD
:10FE900088400F01B7033B00000000E000000000B5
:10FEA0000002050D1C2F42536269686053402E1FEB
:10FEB000110A0808080807060504030302020201E4
:10FEC000010101010000000000000000000000002E
:10FED0001C4101010060B18C38410701BC200AF0CF
:10FEE000F6625200055B98408E6E82941C784852F0
:10FEF000893B4000C00300805C410101FFDD000040
:10FF000068410701E853FA000000004000000000CB
:10FF100000000000000000000000000000000000E1
:10FF2000D0410301000000AAD0000000040012002C
:10FF3000E041130100000000FFAB000A5CF10F007C
:10FF4000D341020095EDB100197BD80F1208B90416
:10FF5000EA1B6D1FC9B7C20A0B203B004306000015
:10FF60005962F300727E9600A73D1900D022F13B42
:10FF7000000000A0000000003800000000000000A9
:10FF80004C42010108000304684201010100000025
:10FF900038800101C2241000A080020170780300A3
:10FFA000D0000000A8800111F0010000A8800131FC
:10FFB0000542CB01AC800111F0010000AC800131A1
:10FFC000053EFD00EC000112E00F0000EC000132E4
:10FFD0000C2051518401010200100000FFFFFFFFBF
:10FFE0000C400100018101002040020000000000DF
:10FFF000010000003040030000000000000000008D
:020000040804EE
:10000000000000004040020000000000004000002E
:100010006040010001010000A8400100070000004D
:10002000BC400400000000000000000000000000D0
:10003000000000000C410300FF4C0000FF4D0000D9
:10004000FF4D000020C0011000F8070020C0013063
:10005000F502280124C00110FF00000024C0013077
:100060000013000028C00800EC80B3034375405122
:10007000A00F00F800400000A8AA07000000000040
:10008000000000000000000070C00900BA1000006D
:1000900000042000041880000B3C2001187C100292
:1000A0002FFCE0067F0000000000000000000000C0
:1000B000A8C00500BD4B721511A318051032547667
:1000C000980A000000000000CCC0040001000000FD
:1000D0000000000001000A000100280008000101E2
:1000E0000807000018000101AAAAAA0020000101C7
:1000F0000060DA005C400201000000030000002004
:100100007840040129417671000000008C000C0049
:1001100000000000C44004010000000000000000D6
:100120000000000000000000E040010100020000AB
:1001300010410201331E05000000000020410601AD
:1001400000000000FF0483078813C83AFF06660C0E
:10015000FF0483078813FF035841010100000000DA
:10016000644101010C01000084410501010100000E
:10017000000000000000000000000000000000007F
:10018000A44102010000000000000000B041020193
:100190000000000058923EC0BC4103010000000076
:1001A00000003C00699006002C42030160180040EA
:1001B00000000000000000003C42010100000000BF
:1001C00044420201140000000000000080420201CD
:1001D0000000000081000000984205013F0000027D
:1001E000FFFF0000FFFF0000FF030000FFFF000013
:1001F000B44201010000000030430A014000200128
:10020000A0000000085000011F1F1F1F1F1F1F1B01
:1002100018151311100E0D0C45C1872F000000009A
:100220000000000010800101030000003C8001017B
:10023000010000009C80010100000000B08002016C
:1002400000030002370000019C000102000C0004C2
:10025000D8000302050040AA88010000C000000089
:10026000F00001022B0100001001011200FF0F003D
:1002700010010132020000315001011200C00100E2
:1002800050010132C100A2007401010269811B0CFE
:100290007801011200001C00780101321004E0CF47
:1002A0008001011279070000800101320200000084
:1002B0008801010250000000FFFFFFFF1200000054
:1002C0001CC7710000000000FC040408AC04040812
:1002D00000000000000000000051250240420F0015
:1002E0000108F600F147100200000000560404085F
:1002F0000000000000000000000000002A420F0083
:1003000000000000000000000000000012000000DB
:100310001CC7710000000000FC040408BC040408B1
:1003200000000000000000000051250240420F00C4
:100330000102F600F1471002000000005604040814
:100340000000000000000000000000002A420F0032
:10035000000000000000000000000000120000008B
:100360001CC7710000000000FC040408CC04040851
:1003700000000000000000000051250240420F0074
:100380000108F600F14710020000000056040408BE
:100390000000000000000000000000002A420F00E2
:1003A000000000000000000000000000120000003B
:1003B000666666000000000016050408DC040408F8
:1003C00000000000000000000048E80180841E00DA
:1003D0000101F800F1475002000000005604040833
:1003E0000000000000000000000000007C841E00EF
:1003F00000000000000000000000000012000000EB
:10040000244992000000000016050408EC040408CA
:1004100000000000000000000024F40040420F0033
:100420000101F800C2245003000000005604040833
:100430000000000000000000000000002B420F0040
:10044000000000000000000000000000030703039C
:1004500003040302030502000000C0175302061440
:100460000000802FA60405380000A008000000004E
:10047000580901040706100A01040707C80A000406
:100480000807800B00040808380C000409086108FC
:10049000000000008A0800000000C70901040403EE
:1004A0002C0B01040404920C0104050450C3000049
:1004B000E62D0000D0070000D0070000E5BF0000D7
:1004C000282300006B0300006B030000F5DA020034
:1004D000A41F0000900100009001000050C3000024
:1004E00076160000770100007701000050C300007D
:1004F000F22B0000EE020000EE020000193F0106A0
:10050000041001000001010600102700000A00008D
:10051000000000000000193F010604100100000166
:10052000010600102700000C000000000000000081
:10053000ECF3030804F403081CF4030834F4030880
:100540004CF403080000000000000000DC984CA000
:10055000D81018FFFFFFFFFFFFFFFFFFFFFFFFFFA8
:10056000FFFFFF000000000001200000002000004D
:10057000FFFFFFFF00000000FFFFFFFFFFFFFFFF87
:10058000BCE6FAADA7179E84F3B9CAC2FC63255135
:100590000B0000000C000000030000000000202001
:1005A00000000000020000003C3C3C000000000095
:1005B0000000000000000000010310010109030019
:1005C000090000001E0000001B0000001A000000CF
:1005D00000C0055003000000C005040800800A5058
:1005E00013000000C405040801041040C00B0408F7
:1005F000840B0408C00A04089C0B0408D40A0408ED
:10060000F80A0408740C04080C0B0408240B0408F2
:10061000900C0408E80B0408D4070408580B0408DD
:10062000BC080408A00A040800000000D40B040859
:1006300000000000B00B040800000000CC07040814
:1006400000000000380B040800000000400B040804
:10065000000000004C0B040800000000A40C04087B
:1006600001070408E80A0408EC060408880C0408DA
:1006700000000000C809040800070408FC0B040877
:10068000EE0604086C0B0408F4060408B40A040817
:1006900000000000E807040800000000000000005F
:1006A00000000000000000004E0C000000000000F0
:1006B00000000000CC06040800000000000000005C
:1006C0000400000000000000E2FF500000000000F5
:1006D000000000000000000000000000000000001A
:1006E0000000000000000000000000000400040002
:1006F000FB000000030000000000000025E70008E8
:100700000101141400001C2030401C2000001C209B
:100710003040000000000000505341004B4559009C
:100720000001010201020203060601020312010098
:1007300000000102020102070B0B0701160C00006A
:100740000108080000050108FFFF02FFFF0808027A
:100750000204FF010022FFFF23080F030304040A21
:100760000AFFFF2AFFFF1419191B011C15120400B0
:10077000480C1404131510801A80128080000102A6
:1007800004040000F4010000FA00000096000000DC
:10079000640000004B000000320000001E0000005A
:1007A000140000000000000001010F0E0C080C08EE
:1007B0000D181000500040000800500024000400F4
:1007C0009001500240009001AE011000E596010832
:1007D0000000000009000000FC0704080000000001
:1007E0000000000000000000796A0308000000001B
:1007F000A0030906A0060905A0070904199A010823
:1008000009000000419A010809010000599A0108F5
:1008100009020000899A010809100000A59A010840
:1008200009030000C19A010809040000759C010831
:1008300009060000959C010809140000559C010858
:1008400009050000F99C0108090D0000F59A01084E
:1008500009070000159B0108091200006D9B0108A3
:10086000091100008D9B010809160000399B010841
:1008700009080000AD9B010809090000CD9B010893
:10088000090A0000FD9B0108090B0000119D0108E9
:1008900009130000399C0108090C0000BD9C0108E7
:1008A000090E0000D99C0108090F00004D9D0108A8
:1008B0000915000000000000000000000A00000010
:1008C000E80804080000000000000000000000002C
:1008D000A0010A05A0030A04A0080A03A0070A024F
:1008E000A0060A01A0030900E1A101080A0A00000C
:1008F00009A201080A0B00000D9F01080A0600006A
:10090000359F01080A090000159E01080A00000031
:100910004D9E01080A0100008D9E01080A05000095
:100920006D9F01080A0200009D9F01080A03000054
:10093000E99F01080A04000061A001080A0F0000F5
:1009400095A001080A100000C9A001080A110000C2
:10095000EDA001080A1200001DA001080A14000001
:1009600051A101080A08000071A101080A0C000049
:1009700099A101080A0D0000C1A101080A0E00009A
:1009800029A101080A150000000000000000000075
:1009900062676170695F6275666665727300010007
:1009A0000200000000000000030049725314497265
:1009B00007FF000102030405FF4972531449721432
:1009C0005300724907CDF60075A901080000000028
:1009D0006761747420636F6E6E656374696F6E0017
:1009E000000000FB349B5F800000800010000000CE
:1009F00000000000010001000200020000080002E7
:100A00001000100020002000800080000100020083
:100A1000020008000400040010000100200004008F
:100A20004000020000010800000220000004100045
:100A3000001040000020000100408000BB9C030823
:100A40007D700308F5CE03081D9E030801020C000B
:100A50000000040000000800BDE4010869E201088C
:100A600081970208C9E301088BA603080BA60308B7
:100A7000619E02084BCF030841A5030883A6030823
:100A800085A6030815A5030885A5030817A503086F
:100A900043A503088DD80108CDA20308E1D90108B8
:100AA0000E000000D8100408000000000000000044
:100AB00000000000E1DC010800000000A0040E00BE
:100AC00002000000900E040800000000000000007A
:100AD0000000000004000000B00C0408000000004A
:100AE000E9A2030800000000E3A2030800000000E0
:100AF000A0090402A001040156000000080D04082A
:100B0000000000000000000000000000580000008D
:100B1000680D040800000000000000000000000054
:100B2000A007580005000000500F04080000000056
:100B30000000000000000000FDE3010800000000CC
:100B400025A3030800000000A013050081E60108AA
:100B500000000000A01B050246000000B80E0408BB
:100B600000000000000000000000000095E7010800
:100B700000000000A0070A00A0040903A005090264
:100B8000A00609010D000000680E04080000000026
:100B90000000000000000000030506000F00000038
:100BA000780F0408000000000000000000000000B2
:100BB000A7A40308000000000000000000000000DF
:100BC00001000000401004080000000000000000C8
:100BD00000000000A9F1010800000000A0010107C9
:100BE000A00001040204080006000000900D0408A3
:100BF0000000000005F60108E9F5010845F60108C6
:100C000000000000A0030601A0090609A0020608D2
:100C1000A0050607A0050606A0070605A002060413
:100C2000A0010610A0080602A00D0600A001FF000A
:100C3000000004020503060107010108090A00007B
:100C4000A0015C02A0035C01A0025C00A0020F09ED
:100C5000A0030F04A0030F03A0050F02A0010F01C2
:100C6000A0050F00A0040108A0030106A0120100C6
:100C70000101020457000000300D040800000000CC
:100C8000000000000000000087A50308000000002D
:100C900042000000201004080000000000000000D6
:100CA0000000000091A5030800000000A00442011C
:100CB000E5E101080401000001E10108041200005F
:100CC00091E0010804030000BDE0010804040000F5
:100CD0001DE10108040B0000D9E001080405000033
:100CE0004DE1010804100000CDE1010804110000ED
:100CF00025E20108040A00000DE2010804020000D8
:100D000000000000000000008DE201085600000015
:100D1000C5E2010856010000F1E201085602000098
:100D20000DE3010856030000000000000000000071
:100D3000F5020208570000001103020857010000E5
:100D400041030208570200007D0302085703000018
:100D5000A903020857040000CD030208570500004C
:100D6000000000000000000041E3010858000000FE
:100D700061E30108580100008DE3010858020000FA
:100D8000B1E301085803000000000000000000006B
:100D90008DF80108060000006DFA01080601000048
:100DA00001FC010806100000C5FE0108061900003C
:100DB000BDF90108060400007DFD010806160000CB
:100DC000B9F801080606000089FA010806080000C3
:100DD00055F9010806030000FDF80108061500009A
:100DE00089F9010806070000A5FA010806090000B4
:100DF000DDFA0108060A000005FB0108060B0000E9
:100E00005DFB0108060C000039050208061200000F
:100E100095FB0108060D0000B9FB0108060E000055
:100E200019FC01080611000095FE010806130000D8
:100E300045FC01080614000015FE01080617000015
:100E4000ADFE0108061A000065FE01080618000044
:100E500025FA01080605000049FA0108060F0000FE
:100E60000000000000000000D1EC01080D020000AD
:100E7000FDEC01080D03000079ED01080D040000F0
:100E80009DEC01080D0100000000000000000000C2
:100E9000B1DF010802010000CDDF010802020000FD
:100EA000E9DF0108020400001DE00108020500005E
:100EB0000000000000000000B1E70108460000004B
:100EC000E9E70108460100004DE80108460200007C
:100ED00071E8010846030000ADE80108460400007F
:100EE000D1E801084605000031E901084606000086
:100EF00091E9010846070000B5E90108460800002D
:100F000015EA01084609000075EA0108460A0000D2
:100F100099EA0108460B0000BDEA0108460C0000F2
:100F2000E1EA0108460D000005EB0108460E00004D
:100F300055EB0108460F000085EB01084610000044
:100F400029EB01084611000000000000000000002D
:100F500011E401080506000035E40108050700005A
:100F600079E4010805030000A5E401080505000077
:100F7000000000000000000059EE01080F01000011
:100F800041EE01080F140000A1EF01080F0F00004F
:100F900069EF01080F020000B9ED01080F00000021
:100FA00091EE01080F100000A1ED01080F040000F0
:100FB00075EE01080F080000A9EE01080F090000F6
:100FC00085EF01080F0E0000D1ED01080F060000AB
:100FD00001EE01080F070000BDEF01080F1500002A
:100FE000F1EF01080F16000045F001080F1700008F
:100FF000B9F001080F1D000051F101080F180000A1
:10100000C5EE01080F19000011EF01080F1A0000CA
:10101000E9EE01080F1B00000000000000000000C6
:101020000D040208420300006D040208420400009F
:10103000210502084201000000000000000000003D
:1010400041F401080100000079F20108011C0000D0
:1010500091F20108011D0000A9F20108011E000023
:1010600055F40108011B000011A50308011F000031
:1010700075F30108010C0000B1F40108010E000035
:10108000A1F3010801170000EDF3010801180000A9
:10109000FDF2010801130000C1F201080115000072
:1010A00025F30108010B00009DFF0108011200005B
:1010B000F1FF010801140000D9F40108010F00003C
:1010C0003DF50108011A00000DA50308010100000B
:1010D000000000000000000059DE01080E030000BF
:1010E0005DDD01080E040000C9DE01080E010000EC
:1010F00031DF01080E0200000000000000000000C7
:10110000424C455F535441434B000000990B020889
:10111000E10B0208810B0208ED0B0208D50B020857
:10112000EBAC030827AD03084DAD03086FAD030812
:1011300091AD0308F5220208A5220208B122020897
:10114000A123020821B10308ABA70308AFA7030836
:10115000BBA70308B3A70308B7A703080000000054
:10116000B0010000800B002010000000300D0020B6
:101170000080FF7F00000080FF7F0C0204FF000062
:1011800002000080FF7F00000080FF7F0C02000053
:10119000A0000000D91702085000000051170208F3
:1011A000000000010000010100010101E11A020834
:1011B000C51A0208A55A02082D5D0208615C0208E2
:1011C00001010203000400010203030303040404F9
:1011D00004050500000000010101010202020203F2
:1011E00003030303040404040400000001010101DB
:1011F000070708080303030504040405050506069C
:101200000607070708030202040404030405050691
:101210000606060707070202020303030304040489
:10122000040505050505060606060102020202037D
:101230000303030304040404040505050506060668
:101240000C0C0C0C0B0B0B0B0B0B0B0B0B0B0B0BEA
:101250000B0B0B0B0B0B0C0C0C0C0C0C0C0C0C0CD4
:101260000B0B0B0B0B0B0B0B02010101010000051B
:10127000050505040404040303030302020202013A
:10128000010101010505050504040404030303032A
:101290000707080808080909090A0A0505050606D6
:1012A00006070707080808080909090905050506CA
:1012B0000606060707070808C7BFBEBEBEB5B5B419
:1012C000B4ABABDCDCDBDBD2D2D1D1C8C8C8C7BF82
:1012D000BEBEBEBDB5B5B4B4B4DCDBDBD2D2D2D1B8
:1012E0001B1B16162E2D2D2A2929292524242020C2
:1012F0001F1B1B1B162E2D2D2A2A292925242420AD
:1013000020201F1B1B1B2D2DBEB5B5B4B4ABABAB42
:10131000AAA2A1A1A1A099999898C7BFBEBEBDB528
:10132000B5B4B4B4ABABABAAAAA2A1A1A199999947
:101330000000000003030303030202020202020290
:101340000303020202020101010101010000000089
:101350000303030303020202D3CACAC9C9C0C0F20D
:10136000F2F1F1E8E8E7E7DEDEDDDDD4D4D3D3CA7D
:10137000CAC9C9C9F2F2F1F1E8E8E7E7DEDEDDDD6E
:1013800022221D1D1D1D18181813132C2C2C272765
:10139000272222221D1D1D1D181818182C2C2C2741
:1013A0002727272222221D1DC8C8C8C8C8C8C8C8E8
:1013B000C8C8C8C800A801A802A8000000B801B8A1
:1013C00002B800B003040408080500000000000093
:1013D0000000000000000000000000000400080001
:1013E0007C0031003B001B00303900007C03000012
:1013F000B03C000004000000183E000004000000A3
:1014000038340000F8040000AC3C00000400000088
:10141000143E00000300000000000000383400000B
:10142000B43C0000010000001C3E0000370000003A
:10143000B13B000039340000010000000006800FBD
:101440007047944909684143880B70479248006887
:101450000104C80F704730B5002090490A68002386
:10146000FA24A401521C6568AA4200D322681578A8
:10147000AD06AD0E9D40054328009B1D1E2BF1D3EC
:101480000A6030BD84480168090408D584490A68A7
:10149000824B1A604A68C2618868B1490860704727
:1014A000F3B583B01700C006000E009010389128E5
:1014B00033D2FFF7CBFF00282FD00026794C01252F
:1014C0000398FFF7BBFF002802D0022803D003E0F7
:1014D0002068284000D001260197734F04980C2102
:1014E000615E40180E21615E4018FFF7AAFF019966
:1014F00040183860049800994018FFF7A2FF01993E
:1015000040187860C020800168490860300368494D
:101510000860FCF711FF9348057005B0F0BDFEB5FB
:10152000644B654DC02080040290F02000050190BE
:101530001869022805D22868019901400298814261
:10154000F0D089480068C01C884901438848016080
:10155000884A894C0421A068084204D0187D80067E
:10156000C10F490023E00226304022D01869042828
:1015700005D22F6801983840029FB842F6D0187DF6
:101580000007000F072814D1587D022811DD987D2F
:101590008006800E02280CDBD87D009007460F42A3
:1015A00007D0C00700D50A21374200D0891D002985
:1015B0000BD172486E4908600020186080218902B2
:1015C0006F4B196010602061F7BD481C1E69864290
:1015D00005D22F68019E3E40029FBE42F6D0694868
:1015E000405C009020610098C000F821014002D0CA
:1015F0008020C004186064480668012E00D14900AC
:101600005960216800291DD159490B682026A65F21
:1016100036039B059B0D33430B60012616600221A8
:1016200091600099890909D10068002801D118202A
:1016300000E01A20225E0098FFF732FF207A0007B0
:1016400000D42660F7BD4A484C4901600021194A80
:101650001160802292024A4B1A60464A11604B4A3E
:10166000026142613F4801707047062048490860A6
:10167000002048490860F0210901474A1160802193
:101680004900464A11600849404A0A604A603549A3
:1016900008707047A83E0000C04101A8183E000035
:1016A000883E0000A43E0000C84101A8C06101A816
:1016B000C05101A8C44000A80C0002A830B581B0F8
:1016C0000400A00314D530480068002801D116207A
:1016D00000E00C20FEF7C4FA3148806E0007C10F0D
:1016E00030480170082030490860C0032449086070
:1016F0002E4D2868000406D5FFF7ADFEE861FFF720
:10170000AAFE17490860A00727D58020C0021C49FF
:101710000860FCF734FE00281FD0254A1068C0B2CC
:10172000002802D00621234B1960810915D01C49DD
:101730000B68012BFBD949680905090D091DC90072
:10174000114B1B68012B00D14908002B01D1182334
:1017500000E01A23D25EFFF7A3FE01B030BD000007
:101760005C4201A8523E0000204000A800F0FF3F6C
:10177000B84101A8044003A89C3E0000FFF3FF3FCE
:10178000106001A8D84000A86C3F0000FFFF0300D4
:10179000006401A8504000A80C6000A80C5000A8EC
:1017A0001C4000A8B43C0000846000A8C04101A80F
:1017B000A03E0000005401A870B50822814B1A60B9
:1017C000FB239B011B68DC0302D50020088070BD51
:1017D0000C880019401E00787B4DA870641C0C809A
:1017E00045076D0F052D05D8784E3668F60603D5EA
:1017F000022D0DD0032070BD9604AE401E4001D1D5
:10180000082070BD052D03D1104201D1641E0C804B
:10181000A9484860002070BDF3B582B008886C49C3
:101820000978491CC9B2814204D202990918491E9B
:10183000097800E00021644A517093785B075B0FE0
:1018400001933023019C052C28D1194233D194787F
:10185000E5081E242C40CD0702D5250001242C4389
:101860000125A14EE6402E4073D0019F9F4EE641D8
:10187000402426403E434C0602D534002026264311
:10188000947889080D40A7080C2139402943C025C8
:1018900025400D432021294396705170FB21890179
:1018A0000C685578022123262E4008D0660302D505
:1018B0002B40202B01D0052082E0424B1960937809
:1018C0009B0601D4202203E09278120702D5402221
:1018D0003C4B1A603C4A92786B461A70C022844B8B
:1018E0001E680E4001D1154212D06E463778272669
:1018F0003E40232E03D1E60207D4012606E0252E22
:1019000003D0212E04D1260302D504262D4F3E609C
:101910001B6819402026019F002F1CD11E4027D094
:10192000294B5B781A40402A13D00C221A40042A13
:101930000FD02A073BD40122002902D0E100CB0FAF
:101940005A4069460978CB07DB0F1A422FD0210194
:101950002AD4072034E0022FE2D11E4008D000290B
:10196000DED1CC232B4003D16B461B785B0601D51F
:10197000032025E0A30311D59C4E73691B051B0DA5
:101980005B1C3668F60205D5994E36683607B60FE9
:101990009B1B5B1E9BB2052B04D1C1E7029B1B78EE
:1019A000052BBDD006200BE08021064A1160E90717
:1019B00002D4401C03990880AB480399486000207A
:1019C00004B0F0BD4C1002A8143E0000480002A86C
:1019D000303E0000F2B587494978CA0705D4009A1D
:1019E00012888018401E037800E00023FB22920139
:1019F000106802249D4D2E68F60611D512695340D9
:101A0000DBB2002B03D16E68D30973402340002B57
:101A100003D0020204D40A20F2BDE206944E3260E2
:101A2000744A1E02C0230B403343914E33609378B7
:101A30005E07760F022E06D16D682C4003D1002080
:101A400000990880F2BDA0250D409E081027374060
:101A50002F433D090E0702D42E0010253543CC2418
:101A60000C401A262E400A2E04D1CC2C02D02E0077
:101A7000FD2535407F4EEE40F60705D4000416D50F
:101A8000412B10D1082912D17B48E8401121014097
:101A900021432020084310700D210140009808D0F8
:101AA00000F0AAF8F2BD0B2B01D10029ECD00720E1
:101AB000F2BD00F01FF8F2BD9934000038B50C00FB
:101AC0006E490B781A0953399500491925881B0767
:101AD0001B0FEB1A9A1A8018FEF753FD010002D172
:101AE000200000F007F832BDF300A3E3981440682B
:101AF0004C0002A8F8B50400614805683D4F3878ED
:101B0000D026304202D00D21014005D008205D4989
:101B10000860EF20FEF7F2FC39782000314204D053
:101B20000909397000F068F8F2BD0521294020D07C
:101B30000288FB218901CA60534BEC0705D5521C72
:101B40000280690607D4514B05E043242C40422C07
:101B500003D1521C028043600DE01022494B1A60F1
:101B60004B4A09688B00DB0F1901116380210903BF
:101B70001160002101800020F2BD0A888018401EFB
:101B80000078830601D4121D0A801822024004D076
:101B9000088852088018C01E088039480068C007AD
:101BA00002D50888401C08803848486000207047EB
:101BB000334A1368DB0708D51268920705D40A88F0
:101BC0008018401E007804280DD110202D4A106086
:101BD0002F48FB22920112689300DB0F1A01026367
:101BE0008022120302600020088070470C4000A889
:101BF000080001A8143E000031B581B0254900203D
:101C000000900822244B1D7802230C24254202D187
:101C10000022224903E02C40082C00D10222EC07CC
:101C200003D50C001E21614000931D4207D01449CA
:101C30000968090601D51A4901E00021C943019B41
:101C4000184C21601849FF248C70009C1501254315
:101C5000CD700870188800994018801818801348B3
:101C60005860002036BD000055360000480002A82C
:101C7000481002A80D0F0C0D071708504B3F00002D
:101C80004C0002A84C2002A8FB37000031380000AD
:101C90001C1002A8DE1B2501143E00002084100049
:101CA00000FCFF01F43E0000483F00003D3700000B
:101CB000143E0000053400001D3400001D340000F7
:101CC0001D3400001D3400001D3400000000000021
:101CD0000000000000000000000000001D340000B3
:101CE0001D3400001D3400001D2B00001D340000B9
:101CF0004F2C00005F2C00008F2D0000F12D000004
:101D00007B2E000001300000A92E0000AD30000045
:101D1000FD2E0000512F0000C92F0000513200009D
:101D200055330000212C0000F3270000952300000C
:101D30001D340000B52800001D340000F929000002
:101D4000B92900001D3400001D340000392A0000AC
:101D50001D3400001D3400001D3400001D3400003F
:101D60001D3400001D3400001F1200001512000079
:101D700090488068000200D4704780B580208002BF
:101D8000AB490860CF2000F051FA01BDF8B58A4890
:101D900000688A4C802292032260FB26B6013168DB
:101DA00009051DD5110BA023034001D0216017E0C8
:101DB00002403FD18027824A1760824A176008405C
:101DC00038D07C4D287A400705D501207E4908602F
:101DD00000027E4908602878002801D0062801DB2F
:101DE0000020F2BD00F07AFB716889684E6829789E
:101DF000052907D1B905A1606E60B668CC218901BB
:101E0000724A116000F073FB012E00DA0226BC203A
:101E100080058849086094208005874908606848E3
:101E20000021C94301647142416484490F6040212B
:101E30000160D5E782480160FFF79AFF0120F2BDFB
:101E40005D480168890504D5C06E0004000F0228B2
:101E500001D0002070470120704738B580245848D1
:101E6000046000F03BFB05007648006800F068F96C
:101E7000280000F03CFBFFF77BFF4E48007A00078C
:101E800005D5A0004D49086000F03AFC31BD600363
:101E90006B490860B148046031BDFEB50500CC2037
:101EA000800169494860012668480660FFF7C8FF5D
:101EB00000287DD03F4C2078002879D03102019550
:101EC000052802D02A460A4072D1CC27BF015E4ABB
:101ED00017608D4A126881231B02134001D003232F
:101EE00001E053075B0F022805D1022B5ED30801E6
:101EF00036490860F7BD4D01032804D1022B55D99E
:101F000032480560F7BD042802D111404ED0F7BD1C
:101F100005284BD10198002848D0C005C10F68465C
:101F200041700198C004C10F6846017000F0D6FAF4
:101F30000290606869464978002903D006688021CC
:101F4000204A11602C0486496A461278002A0CD077
:101F5000C2680B68D21A834B1B68234001D0066805
:101F600000E04668964200DD1600684640786A4602
:101F70001278024308D008684242B01E824202DA58
:101F80007042886000E00026029800F0B0FA0198E4
:101F9000800501D5964804600198054001D0954818
:101FA0000460002E02D009480760F7BDFFF755FF17
:101FB000F7BD00001C3E0000440002A8442002A817
:101FC0000CC001A890E001A8C4D000A8145001A83A
:101FD00038B580248848046001201C490860874D7A
:101FE0002878052802D0600085490860FFF728FF9F
:101FF000002812D013480068000A80214140A868D8
:10200000000EC9B2814208D23F4800684007400F25
:10201000022802D2FFF721FF31BD7A480168C022B1
:102020000A4002D1C06F204001D00448046031BD95
:102030001C1002A808E001A808D001A894D001A8AB
:10204000441002A818C000A8106001A8C4E000A8AD
:10205000F1B582B00F00A020384003D0802080006E
:102060006A494DE000F03AFA009067480468F802C7
:1020700002D5A0680069029000F0ABFB8021090343
:10208000606800F07DF926780020761C6178B14206
:1020900000D200261821714365180C3529780829CB
:1020A000F3DA2670A56055492A780A70BA0507D573
:1020B000554800688068C068FA0201D40322904342
:1020C00088600127384003D100F0A0FC01F006F938
:1020D000F904686900F054F93C2000F0A7F8F0B268
:1020E00000F0A4F860884A4901406180009800F03F
:1020F000FEF93805454908604648076038024649F8
:1021000008600298FEBD0000184001A810B54348C1
:102110000068800501D4FE2010BDC0208003404926
:10212000086000F0DBF9384909688A78D20702D5DF
:1021300089688C7800E00C7800F0D9F9200010BD97
:10214000314909688A688B78DB0704D592781823AF
:102150005A438A180C32906070470000100002A8A1
:1021600048C001A84C0002A8F1B582B02D4F3C68D0
:102170000026200F000702D1E00102902AE001F0C2
:10218000ADF800F0ABF9019080210903606800F020
:10219000F7F825786D1C6078A84200D20025E80089
:1021A00020180C30009000680290802109030098EC
:1021B000406800F0E5F83D2000F038F8E8B200F0A3
:1021C00035F825700098A060019800F090F902A8F9
:1021D00001F0DEF814480068800407D5F86901F0C2
:1021E000C2FD02990818029000D502960298FEBD21
:1021F0004C1002A84C2002A894E001A81C3E00004C
:10220000146001A814C001A8C43E0000442002A824
:10221000FEFF0000C0E000A8106001A8440002A872
:10222000441002A8C83E0000FC0302A849490968FE
:10223000002901D5484908607047F3B581B0474F80
:10224000B968474C4A0057D50125090100D5212519
:102250000100444A1068566822689206920E94461D
:102260003A68930080221340624613438022520052
:102270001A4300920A0023D0890601D5012008E004
:10228000F021014007D16946097A0C220A4002D0A8
:10229000022000F04AF83449096809040AD539686F
:1022A000090701D5022605E03968490301D5002652
:1022B00000E003264835009A2C490968890003E0AC
:1022C000009A2A49896B09094023194011430207E2
:1022D000120F032A05D12268120904231A4032433F
:1022E000160080225200002E02D0164326660835C2
:1022F0002166024322662566E06D4407640F00F004
:10230000D7F8A0070BD0052C09D0B868000406D474
:1023100000F0E4F80221164A116000F0E8F800F03D
:10232000D0F8002000F001F8F7BD0E490A68F0234C
:102330009A43000110430860C0B270478020C00279
:102340000C490968890701D10B4900E00B49086075
:1023500070470000500002A8884000A8480002A86A
:10236000284000A8683F0000684101A8184001A863
:10237000D4D40350844000A8486000A8485000A866
:1023800080B56F4A116001F019FDFFF7D7FF01BD5D
:10239000FEB5FB25AD012878000604D5287F00286E
:1023A00001D0182400E0462400F098F80290654817
:1023B000C0684005C20DD52A01D2D52204E0D12043
:1023C0004000824200D90200100001005E4B0193E0
:1023D0002B6B5B011DD55D4B00931D1D5C4E36784C
:1023E00006277E43AA530025019B1B7CEB40DB079D
:1023F0000CD5009B06266E439B199B888FB2BB426F
:1024000000D2190086B29E4200D218006D1C022D27
:10241000EAD389B2091909044E4B0B40001BC005D1
:10242000C00D184347490860C02000064A490860AB
:102430004548017D00290CD04849D52A02D980237E
:10244000DB050B60D1235B009A4202D280231B067E
:102450000B600021424B19604188002900D10280A5
:10246000029800F044F800F071FDF7BD80B53D48DA
:102470003D4908603D48C1680902090A19225143D3
:10248000416005210160FFF783FF01BD80B5FB209E
:1024900080010178090604D5007F002801D0FFF7EC
:1024A00077FF32480068C00301D5FFF771FF01BD17
:1024B0008020C002224908602D4800684007FBD4F4
:1024C00070478020C0022B490860704701E02A490C
:1024D00008602A4909680140F9D170472848006816
:1024E0002021284A11601021274A116070473021AD
:1024F000014002D11020234908607047204800683D
:1025000030210140102901D101207047002070477F
:102510001E4801210160C160704701201C4908600C
:1025200070471C4800780621014007D01A4800680F
:10253000022803D0032801D00120704700207047F3
:10254000441002A87C400050743F0000403E000050
:102550003C3E00000000FF01A0600050A45000506D
:1025600018E000E07F1A0601540002A810E000E025
:10257000440002A8442002A8282002A8280002A89B
:10258000600002A8602002A8601002A8789001A84C
:1025900084A001A8A43E00006C3F0000F8B5634889
:1025A00080214902C1610221614A51600021614AD2
:1025B000D162614A118003215D4A116002210160EC
:1025C0005E4DCC01A868204010D05A480068F02128
:1025D0000905014090200005814207D0022058499A
:1025E0000860012001F00EFC564804602020564986
:1025F0000860802055490860CC208001544908605B
:102600000124544804602E683004070F52480068C3
:10261000C505ED0D103DC0202843C0B2FFF706FEF2
:102620004448C06B800309D5092F07D0FFF779FF15
:10263000002801D003F0EBF801F01EFA3007000F7C
:102640000090464806680098032803D0022806D167
:10265000032F37D000F05EFA0098032803D0062F2E
:1026600030D1062D2ED03E480068C00B204001D04E
:1026700001F0E8FC3B480068000108D5052D06D1B3
:102680000125394804606005FFF720FF00E00025C0
:102690003100380000F078FA0600002D06D000F076
:1026A0001FFC3248046002203149086060052F4950
:1026B000486580092F490860FFF733FF002801D0E3
:1026C00003F093F81A4821040162002F08D1022177
:1026D000416000201749C863C020C0001C494864FD
:1026E0003000F2BD80B5FFF7E3FEFB2080010078EB
:1026F000800602D4022020490860FFF7E2FE01BDF7
:1027000002201E4908607047802000061C490968A5
:1027100001400AD0C10D1B4A1278920701D51A4A0E
:1027200000E01A4A11601A49086070472C1002A88C
:10273000282002A80C0002A84C3E0000B00002A80D
:102740006C1102A8B82002A894E001A80CC001A84E
:10275000146001A8C4E000A804ED00E0B44000A8A3
:1027600000E200E0F03E0000645000A8646000A8B1
:102770002C4000A880E200E0081002A8082002A86F
:10278000440002A86C3E0000FC1302A8FC2302A82F
:10279000442002A85A480068800700D4704770B5EA
:1027A000944801210422BB4B0C02E025ED00866811
:1027B0002E4002D01C601A6119610068054002D0E9
:1027C0001C609A60996070BDBF4801218160016002
:1027D000704710B5012088498A680240FCD1BB4A85
:1027E000042313610C680440FCD193600002106064
:1027F00010BD824908680122104200D1704710B50F
:10280000E023DB000340FF24A41CA34204D3C04BFD
:102810001B689B0600D54868024001D000F044F9CF
:1028200010BDFEB50700764E30683F2188437549DC
:10283000097801433160FFF7DCFF734880214903C9
:10284000954C0825954A1268D20504D525600322C7
:10285000B262016006E0C822B2620622904B1A60A2
:10286000904A116000978909C16000980068984FEC
:10287000B968814201D2019100E001900199401AAA
:10288000009908600121009800F0FCFB0600009808
:1028900000680199401800990860FFF77BFF8D4898
:1028A00000683860002E13D1002060627B48016808
:1028B000C90501D4102161620068284001D025605B
:1028C00000E0656095480068400001D568026062DC
:1028D0003000FEBDFB208001017809060DD5007F88
:1028E00000280AD08A484168C90606D40068A02199
:1028F0000140481E8041C00F704700207047000013
:10290000500002A880B5FFF7E5FF002803D00021A2
:10291000042001F031FC01BDF1B581488149C86056
:10292000EE20C0040860804880490860FFF7D2FFAD
:10293000002803D00021042001F01EFC7C4C8020E4
:10294000C001206008277B488765012575484564DC
:102950001D2078498862784E9B204000B061072096
:1029600001F050FA0220734988624C490A68D20685
:1029700003D57049714A0A6008E00F22096839409E
:1029800002D03100103101E0310014310A606C498D
:102990000968002900D4B761E32109013160C02131
:1029A000C900684A1268F823DB01134001D1F162C3
:1029B00001E05C4A9165216C294008D0616BC90730
:1029C00005D461490968084001D101F0F3FB0020FA
:1029D000C0435E490860606B054001D1FFF7DAFE35
:1029E000009801F0FDF9606B8001FCD4606A5849E1
:1029F0000860F1BD900102A8940102A8783F000090
:102A00002C8001A84E3E0000981002A870B5FB2053
:102A100080010178090606D5007F002803D0002137
:102A2000052001F0A9FB4B4801683F2291434A4A27
:102A300012780A4302603E4848490122436B134022
:102A400001D10A638A62972252000A6010220A604A
:102A5000434AE2231B019366424BCB610021424B68
:102A6000196080235B00072408210C4D2E680E405E
:102A700005D094672C68234006D1916704E0D467A1
:102A80002C68234000D1D16703231360116309032D
:102A9000016070BD881102A8601102A8FC0302A8A1
:102AA0000C9001A8982002A8F02109012F4A11607A
:102AB00001402F48016020202E4908602E490968F6
:102AC0000840BF4908607047902102A8882102A8E9
:102AD000A03F0000340002A82848294982680A4023
:102AE00002D1C268114001D00F490160124808218B
:102AF000A64A13680B4000D081611178C90602D53F
:102B00008C21090101601420AE490860E9E1000050
:102B1000440002A80448054908607047EC0002A878
:102B2000000FFF00242102A801200000706201A80C
:102B3000100002A8C01002A8501102A8BD03000096
:102B400028C000A8A88001A8243E0000B46000A806
:102B50009C3F00002C8001A84F3E0000682102A885
:102B6000E82002A810100000C00002A8586001A8C8
:102B7000585001A8482002A8184001A8704201A896
:102B80000080008070470000F8B586B005000C009A
:102B90008D480068400102D52000402404438B4842
:102BA000C66AFFF79BFC0590B00503D5884800680E
:102BB000FFF7C6FA0020019001237006C00F0290B3
:102BC000844A916800209060B8204000824E3060B6
:102BD0006608B82030401278F0261640402E02D108
:102BE0000200402010430D2D02D10A0004211143A0
:102BF0004A0704D502001420104310229443774A58
:102C000012686D462B70D20506D580225200744B97
:102C10001A60020001201043029A002A11D10C22EE
:102C20000240082A0DD00200684B9B6BDD0601D4E0
:102C30001025AA439B0601D420239A43B1231340B5
:102C40004FD06A461278002A4ED0A34A956B966DF3
:102C500001236D076D0FAD1DAB40F504ED0C5B1B43
:102C60009BB2082B09D280200623584D2B604302CB
:102C70009A4D2B6000236D462B708123034036D084
:102C80000823029D002D00D113620D000821294365
:102C900010239C4304231D05954E3560DD04954E9D
:102CA00035606D462D78002D1ED0062B25D3464D60
:102CB000EE6CF60621D5904E3668360E01966D699B
:102CC000ADB28D4EF66B360603D02E0080256D0119
:102CD000354315612D121561404A1268D50592D40D
:102CE0000BE008227C4B1A620491009032E000BF96
:102CF00027A34506ED0E5B5DD3E7049100903348B2
:102D0000026B7D490968744D2E686F463E81282606
:102D100016401E43930CDB0133431600120E324063
:102D2000102632401A43890040231940114302AA59
:102D30009170406B000A02A9C870FFF7E7F902A979
:102D40000871019848716D480068C8800298E8666B
:102D50000398E8660598FFF7CAFB0825600601D5C9
:102D600063488560FFF7DDFB002805D064480078E4
:102D7000002801D0634805600498C1B20098C0B231
:102D8000FFF75BFA200007B0F0BD0000F84F00002D
:102D900003010706030107060501060605010606ED
:102DA00003020706030207060502060605020606D9
:102DB000081A03D2544909684018401C70470000A3
:102DC000481002A8703F0000084000A8180002A8A0
:102DD0001CC000A8683F0000B46000A81C0100AA45
:102DE0001C2100AAF8B5494F494E0F240125494935
:102DF0004948806BC0061BD5012008704748006811
:102E000047490968FFF7D4FF716F4018012858DB64
:102E100001F078FA43490968090B0C40022C4ED1A5
:102E20006905414A1160102139643B490D6046E053
:102E30003948006CC0001FD53C480068E021890576
:102E400001403ED0374D2868210301408020800199
:102E5000814236D1FFF742FB354A36490968C90538
:102E600002D53549096811602968090B21400229FA
:102E7000F3D0FFF73CFBF1BD30480068002820D0BC
:102E800001220A7000F0ACFF00281AD101F03AFAD2
:102E900024490968090B0C40022C10D10221327818
:102EA000D20705D5264A12680A4001D01A4A156091
:102EB000CA031D4B1A6039600021204A116001F0DD
:102EC00025FAF1BD802080041E49086070478020EB
:102ED00040041C4908607047540000AA141100AA5D
:102EE00000BF19480168490701D0FF2141617047BF
:102EF000441002A84C5001A8184001A8448001A821
:102F0000B43C0000845000A838C001A8082002A8E2
:102F10006C3E0000513E0000100002A81CC101A838
:102F200020C001A8B00002A81C1002A84C4001A8B3
:102F3000800000AA084000A8904000A8283E000099
:102F4000F03E00003C2002A80C4000A83E4800686B
:102F5000000219D53D480168C902490F0BA2008A39
:102F6000CA384009105C081840B2082801DB401F2D
:102F700002E0002800D5401D35490A68354B134052
:102F8000000680111843086070470000020100002D
:102F9000FFFEFD00FF2807D0032805D22E4909783F
:102FA000C140C807C00F704700207047F0B58020AF
:102FB00000020821294A11600A230121284A01241C
:102FC0009C40044329A5ED5C25439560F025254EE2
:102FD0003560224D28A6F65C022737432F60042671
:102FE0002E60214D2D680D4006D1CD026D1E03D0FF
:102FF000966C3603FAD401E00220F0BD956CD66CD5
:103000006D036D0BAE4200D220005B1ED7D50823A6
:10301000144C23609060AC4B1B685B0112D5AB4C29
:1030200063785D1C01262E4066701D0006267543E0
:1030300065191268AA80E8802370074802789940D1
:10304000114301700020F0BD500002A8643F000051
:10305000F80302A8FFFFE3FF843F0000889001A867
:10306000448001A888A001A8140002A80000000163
:1030700001020408102020005050504040404030D1
:1030800020202000F1B584B0914C92484068C005E2
:1030900016D5606AE021C9000840884210D1AA48CC
:1030A000006E0004000F8C490A68D20601D507287B
:1030B00004D00968C90603D40B2801D1002001E11E
:1030C000FFF782FBA1484069400101D401251CE0C3
:1030D0009F48826B00207D49C3B206256B43CB1805
:1030E0009B8895B2AB4204D0401CC3B2022BF3D3F1
:1030F000FF200870012595484069400105D50878F2
:10310000FFF748FF002800D0002592485421405C7A
:10311000000608D58D480078002804D08B484078F8
:10312000002800D10125E06902906A480068E0614A
:10313000894E04980068316D4718012F16DB00F0A6
:10314000C6FD3060C001381A01280FDBFFF741FBD4
:1031500000F0C4F804980068316D401800F040FE9B
:10316000002803D00021049A116010E07B4FC0209A
:10317000C00038602068072832D0052108400528A3
:1031800008D021600C2000F03DFE002802D00299FA
:10319000E16197E0724EFF207A3070620420B062E5
:1031A000FFF717FB02203060E020C0046D49486043
:1031B00080208004786002203860012000F022FE28
:1031C000802080007062022000F01CFE8020C00081
:1031D00070620820B062022000F014FE0220B0628B
:1031E000614EE0204000F0615A480078C00705D5E4
:1031F000802000065D49086040083060042000F02F
:1032000001FE019000284BD102205649086080023F
:103210007064C001706410204D4908600120B067DF
:103220004C4F4948006840061ED448484069400158
:1032300013D5264800786946087068460078FFF77D
:10324000A9FE002809D02148694609780622514381
:103250004018C0883E49086406E001203874FFF732
:10326000A5FE019000281BD10120394908600020EB
:10327000C867022000F0C6FD3C4E4020F061C0301F
:10328000F0613878C00705D5C020000630603048AE
:10329000006C7882022000F0B5FD8120C0027064CD
:1032A000002D05D028480068800101D4FFF7EEF812
:1032B000E069E0214903014002982D4A02400A4397
:1032C000E261019805B0F0BDF03E00003C3E000018
:1032D0005C0102A8F80302A8B04301A870B5FFF78B
:1032E00073FAFFF776FA234C23480068C00509D526
:1032F000E06F000B0F210F220240072A23D001406C
:103300000B2920D00225124805601C4E0820B0620F
:10331000C0017062012000F075FD28027062356006
:103320000620B06216487062E0204000154908602F
:103330000C4805600021144A1160C021C9000160D9
:1033400020681249086070BD500002A8DC3E0000F1
:103350000C8001A86C3E00008C3F0000981002A871
:103360005C1102A8982002A8109001A810A001A842
:10337000FFFFE3FF340002A8FC0302A85C2102A8BF
:10338000F96100002CA001A85C0102A8943F000094
:1033900070B50600FFF71DFA2848C021C900284A69
:1033A0001268F823DB01134001D1C16101E0254A15
:1033B0001160254980225200244B1C68144003D020
:1033C00008240460032001E0AC20400088641868F1
:1033D000024001D10A2008601D4880214903016094
:1033E0008909C1601B4C6069AF21C901451830686B
:1033F000854200D30500401B306000213000FFF7FC
:1034000041FE31684919316013490968216070BD76
:1034100080200001114908600001114908607047CF
:1034200010B50400FFF75AF80E490A680E4B134016
:103430001C430C60FFF75BF810BD0000601102A890
:10344000AC8001A87C2102A80C8001A8FC0302A882
:10345000981002A8903F0000340002A8441002A86F
:10346000685000A83040005AFFF8FFFFF1B584B063
:10347000E020C000FFF7D4FFAE4800680190AE48DE
:10348000006BAF21C90140180499884205D2081A7F
:1034900000F0A6FC002800D00DE2A84C6068C00730
:1034A00000D508E20425A648C562A803A54988629C
:1034B000A548406D0090A06B8607B60F032E03D081
:1034C00010209F49C86223E00846E9038162E16B4E
:1034D000890601D5012053E00099090610D5E26B59
:1034E00002210A400CD1994A05231360E36B10278F
:1034F0003B401943116000211160A16B090A116062
:10350000C562E06B002803D5E8038D498862002678
:10351000A06B284004D0A06BC000A901084003E0C4
:1035200085488068C10701D5FFF7BEFA01200099E0
:10353000014008D0BE49B2018918096AC904C90C02
:10354000491EBC4A11600021BB4A13681B0403D505
:10355000926F002A00D40121C0208000B74A506534
:103560003202794B1B78DB0701D4002901D001001E
:1035700000E01100D14B1960B04988655A60002005
:10358000216C942292050A40110000D001216A4664
:1035900011706E026F036946097801432CD0C84848
:1035A0000078C0210140402902D1FFF79BF801E0DB
:1035B000FFF7A6F8202020606846007800281AD07F
:1035C000A06B284009D028035E4988620220BD49CB
:1035D000086000F099FA002805D05948C56259489A
:1035E0008662B848076058485421405C000602D5FE
:1035F0006804534908605EE16068C007FBD4E803D3
:103600005049C862FEF754FF8A48406E216C394029
:1036100008D1C00606D5FEF761FF0221AA4A116053
:10362000FEF765FFFEF74DFFA8022060C0200006F0
:10363000A649C860A803A6490860A06B4007C10F4F
:10364000684601700198C00700D4CDE000F05AFE32
:103650000290FEF75DFF206C40040DD400BF00BF58
:1036600000BF00BF00BF00BF00BF00BF00BF00BF62
:103670008020000697490860FEF74FFF029800F08F
:1036800045FEEE20C004A949086090484662A8495A
:1036900003220A647F224A644222019BDB0501D493
:1036A0000A6000E002600646A020B0600820884959
:1036B0000866A0480560206CC0025BD59E48416842
:1036C0000A0B0F2313401A01D21A09090F250D40C6
:1036D00051190F3901D1002200E04A1E7EA55B007E
:1036E000EB5A0193102945D313490D88E72D41D397
:1036F00095235B009D42019B9C4608D895235B0067
:103700005B1B1B0965465D43AB0A5D4205E08B4BC5
:10371000EB181B0965465D43AD0A6DB252190B6B80
:103720009C46CB6B5D4363465B190B63B32A0FD397
:10373000B32210E0FC0302A8743F0000100002A8AE
:103740001C2002A81C1002A86C3E0000E40000AA85
:103750000F2A00D20F227A485043C00C7949754B8A
:103760001960411C09030301C01A1018401C000114
:103770000843B0666D4D7448A864C0208001F060B5
:1037800053487249416772498167F02000016865BA
:103790007809B0610A2000F035FB82204002B06653
:1037A000C4200006F060C02040016A490860012082
:1037B00000F028FB0120F060062000F023FBF760FA
:1037C000082000F01FFB7802F0604008F06040081D
:1037D000F060C000F0604000A864032000F012FB1D
:1037E00078005449086005E0E022D2004021002022
:1037F00001F00EF80020C0431049086000F067FA9D
:10380000964D401DC001296B47188020C001944986
:103810004E6F0640934908600498874211D2296B85
:10382000401A00F0DDFA00280AD08F48066042E016
:103830000C0000AA204000A8684101A8B46000A8BC
:10384000049F8A482149C860012000F0DBFA606AC1
:10385000E862802040001E490860380000F0C0FA8D
:10386000834F68460078002806D17D480068B86715
:103870008020C0037F4908607B4806602B480221F6
:103880008164C02189018164606A68626846007849
:1038900000280AD0012000F0B5FA5420385C000658
:1038A00003D58020000397490860206CC00202D530
:1038B00021480068286305B0F0BD00BF085100A88A
:1038C000F03E0000685000A8D4E40350601102A844
:1038D000B81002A8045009500000000000040008BD
:1038E0000008010C01100218021C0324042C0430EF
:1038F0000534000080B55E490978C90701D5002864
:1039000003D0C0208000FFF78BFDFEF7E7FD95494F
:1039100000220A600A22CA61FEF7E9FD9248C0212E
:10392000890201609149416001BD0000242102A883
:10393000600102A8C82102A8F83F0000D6FEFFFFE0
:1039400089880000F0F00000040400000203000079
:103950000004FF00B05101A88548806B800300D4AB
:103960007047F8B583480068009000240020824921
:103970000126009A324003D0C020800102220A6052
:10398000086408277D4807607D480068C00403D4A8
:103990007C4800683840FBD07B4D34486865042083
:1039A00000F030FA8820C00468650098304027D0C5
:1039B000F005686580006865012000F023FA6E65F7
:1039C000F00368654002686500F09CFC0600FEF7A5
:1039D0009FFD6748006C40040DD400BF00BF00BFCE
:1039E00000BF00BF00BF00BF00BF00BF00BF8020FE
:1039F000000666490860FEF790FD300000F086FC86
:103A0000634E0098C00501D5376000E034607460F3
:103A1000C02000066865C00C5E490860012000F007
:103A2000F1F9F0200001E8665B480099C90502D56C
:103A30000321016000E004608620400257490860CD
:103A4000574868652F60A020286534647464B80204
:103A500047490860000153490860F1BD743F000008
:103A600020C001A894E001A894D001A80240000061
:103A70006C3E00001C1002A8F8B54B4800680D27EA
:103A800007400424002F00D104274848102566036E
:103A90000821474A474B1B682340126814D04260F4
:103AA000394004D00220FEF740FC434806603C4009
:103AB00007D042480068054340480560B0083E49C9
:103AC000086002203E4915E00260394005D002201E
:103AD000FEF72BFCA002384908603C4006D037486E
:103AE00001680D4305607009334908603448066079
:103AF00030032C490860FFF72FFF00210020FEF75C
:103B00009CFBF1BD1C2002A810B580202D490A683D
:103B100002400AD02C4B1A680624144005D15C6E72
:103B20002A4A22401B6D9C0101D5002010BD096866
:103B300008400DD02648824203D1180501D5012046
:103B400010BD24480068C107C90F481E8041C00F3E
:103B500010BD214803210164A821C1631021016027
:103B600070470000D80000AA442002A8040000808A
:103B7000100002A8FC0302A82C1102A8106001A8E2
:103B8000D84001A8104001A8182102A804600950DB
:103B9000600102A8B06101A8548001A8C82102A850
:103BA00004340000482002A8B44000A8E83E000009
:103BB0001CC101A8480002A8441002A8683F0000E8
:103BC000685000A8440002A814C001A81F1F0000EC
:103BD000010C000030C101A8082002A86C48006850
:103BE0000121084209D16B4A12686B4B000C184046
:103BF000F03291400B40984201D0022070470020E3
:103C00007047F8B507000F386A461080604CE068CE
:103C10000A0004D16B461B8882B29A423AD2002233
:103C20006B461A80012502263A0013D022683240E2
:103C300007D000292ED059480088401C57490880D9
:103C400000203900216156490E6080B2B84201D38C
:103C500069460D805348456000E030BF2068304021
:103C600003D1FFF7BBFF0028F7D04D48456039006E
:103C700010D02168314005D048490A886B461B881E
:103C8000D2180A80066000202061E068B84201D2A4
:103C900044480660FFF7A2FFF2BD38B5050000F00A
:103CA00031FB0400012199204543A8093E4A1268CE
:103CB0008018123880B2FFF7A4FF05008020C001F1
:103CC0003A490860200000F021FB280032BD33484B
:103CD00003883549096802889342F9D1100408180D
:103CE0007047FEB51238070C6946088000F00AFBE1
:103CF0000190274C294D2888B8421ADA01202C4916
:103D00000860274E30BF02202168014006D0306095
:103D10004003264908602888401C2880FFF75EFF82
:103D2000002802D12988B942ECDB0121716000280A
:103D30000DD12888B8420AD1E068694609888842CE
:103D400005D2002168460088FFF75BFF01E0FFF71E
:103D500045FF04008020C00114490860019800F06C
:103D6000D5FA2000FEBD10B512490A680E4B1B683B
:103D70000C689442FAD0DB014033141A02D28869ED
:103D80002418641C0C4800684443181B10BD000034
:103D9000280002A804ED00E0FF3F00004C3E0000B8
:103DA000282002A8281002A8340002A880E200E01F
:103DB0002C1002A820C001A8B43F0000F0B502E01A
:103DC0000A601C602E607EC84F1C07D05F1C04D0A8
:103DD0006F1CF5D10A601C60F0BD0A60F0BD0000E8
:103DE00010B5C409FFF773FF201A312806DAC000A6
:103DF000183801D4C01EFDD5002010BD2000FFF7EB
:103E000070FF10BDC32148436F3801D41E38FDD563
:103E10000020704780B5FEF788FA012086490860C7
:103E200001BD80B5EB2000F001F801BD30B583493C
:103E30000B6818401022134211D0814BFB24A401BF
:103E40002468224008D0B04A14682402FF252D02BD
:103E500025401D6300241460802252031A6008600C
:103E600030BDF3B5010016001C0000250095A748E1
:103E7000019A330000270BE0BC464F5D4743AE007C
:103E80009E597E40575D47433740664637436D1C19
:103E9000A542F1D3390939438A080A43510811432D
:103EA0000840C10901430F208A0B0A4302405040D9
:103EB000F6BDF1B582B00E00002093490860FD25E3
:103EC000AD01EF7AA87A01900F21394000910ED010
:103ED0000B468F4A8F490298FFF7C3FF01990140B3
:103EE000894801608C4841438C48084001D1012435
:103EF00000E04401380915D032003B09290002983E
:103F0000009E6D7A75194019FFF7ABFF01990911F1
:103F100001407D4802680B0113430360002901D072
:103F2000480044437E480068204001D10420FEBD83
:103F30000020FEBD80B50A00002111807949528819
:103F40008018FFF7B6FF02BDF0B50F22764B5C7903
:103F500005780F202040C5402009284001259C7984
:103F6000C4402C4001D10320F0BDFB24A4012468EF
:103F7000254008D06D4D9E684700F65B761E2E608A
:103F80008026B601EE60DD78DE79C640F00711D5F7
:103F9000E0060FD5002D0DD06548486008884880A0
:103FA00008881C7800192A4080185A7880182A0935
:103FB000801800E0002008800020F0BD10B55D48AA
:103FC00001685D4A0820014200D09061C90602D50F
:103FD0008C21090111605949594A5A4B1B681B042D
:103FE0000CD54B685C0402D5C303136006E0C02403
:103FF000A4011C4043029C4200D010600B680340A7
:1040000005D0514B1B689B0F9B0700D01060FB2015
:1040100080010078C023034002D180204005106059
:10402000086820210840106048480068C00101D499
:10403000FFF7F7FE10BD00002C4000A8703F000005
:104040001C1002A8F8B5424F38687E680640414807
:104050003040414908608024A403404DF00229D536
:10406000FB2080010168080606D53D480068A8606D
:1040700001202870022015E00120014202D03949B8
:10408000A9600FE00020C9060CD52949A960364A6D
:1040900091780B071B0F12789A1809095118A980FB
:1040A000E880A888A880A888002801D0264301E0DD
:1040B000FFF7B7FE264026D0274E74603460A888EC
:1040C00000280ED0396A81420BD3291D2748AA68DF
:1040D00090470100F3D0FEF728F901202449086039
:1040E000F1BD01000CD0FC218902F16121490203DC
:1040F000CA6134604C603A6A824204D30C60F1BDFC
:10410000EB20FFF793FEF1BD2C3E00000101010101
:10411000F83E0000383F000011110000218400002B
:10412000F43E0000183F0000483F0000204000A877
:1041300085220000F84F0000502102A8184001A875
:10414000481002A8684101A84C4201A8D04000A82C
:10415000B44000A8FFFFDFFFB46000A8303E0000BD
:10416000AC3C000099220000493F0000D84000A864
:104170002C4000A8B45000A870B505000C0000F059
:10418000C1F80600FEF7C4F92002054306480560A1
:10419000022006490860FEF7C0F9300000F0B6F8CA
:1041A00001200349087070BD0480095040900950F7
:1041B000503E0000FEB5C020C004334908603348BB
:1041C0003349486533488865334840240460446077
:1041D0001020FFF717FE002854D1FF2000052F49BB
:1041E00008602F482F4908602F4829490860A50317
:1041F0002A4805602D4807680820FFF703FE0028BD
:1042000040D108262A4806600120FFF7FBFD274819
:10421000806801902748066027481D4908601F48AC
:1042200005600820FFF7EEFD00282BD1204806602E
:104230000120FFF7E7FD1D48806800901D480660DB
:10424000134D1E4828600199009800F03FF886063B
:10425000B60E0198C10B0098C00B00F037F80002B1
:10426000FC21890101403143296010480760600347
:104270000A49086012480460446012490164124906
:1042800041640020FEBD000020E000A8571400009B
:104290004C0102A8FF3FFF3F601102A8B42002A812
:1042A0000000380EB41002A830300000104101A800
:1042B000105101A8106101A810100000202000007A
:1042C000602102A8F703F000FF3F000010B5490489
:1042D000CA104004C310991A00209A18D30F9A18D4
:1042E000521052188B115B0E5B18DB11D218202371
:1042F000541A01D422001843CC0F611849105B08EE
:10430000F6D110BDEFF3108072B67047002800D1CF
:1043100062B6704710B5C20018231340FF249C40BA
:10432000E2438907090E9940030004D478489B08AA
:104330009B00C01806E0774B0007000F0838800884
:104340008000181803681A401143016010BD80B541
:1043500073225421002000F05BFA01BD10B5FFF775
:10436000D1FF6D4901220A606C4B6D4C23606D4C8E
:10437000236003236C4C23606C4C23606C4B1A60ED
:104380006C4B1A606C4B80241C601A606B4A1A607C
:1043900011228A63FFF7BAFF3F206949096801408B
:1043A0000A1D402A00D2081D664A10706648017036
:1043B00010BD80B501001120FFF7ACFF01BDFFF774
:1043C000A1FF05000024012160B2FFF7A3FF641CD8
:1043D0000E2CF8D301210F20FFF79CFF01211320A1
:1043E000FFF798FF01211720FFF794FF0321012019
:1043F000C043FFF78FFF01211E20FFF78BFF5348BB
:10440000534908600220534908600120A24908600E
:104410004704514C20693840FCD02068800101D409
:10442000FEF724F82800FFF771FF4C4800684003AE
:1044300011D4FF2226325321002000F0E9F90AE0CE
:1044400000281CD0FEF74AF819E020693840FCD05B
:104450002800FFF75BFF206E0004000F022801D147
:10446000FEF7C0FCFFF74EFF05003D4EFEF746F895
:1044700000287078E4D0002801D1FEF738F8012038
:1044800034493278002A05D1744A1268920600D461
:10449000086030BF0022327002220A607E49086044
:1044A000D3E76F48016842680A406E4810401C49D3
:1044B0000860800700D4704770B578480188491CAF
:1044C0000180FB24A4012078000620D574490A68E5
:1044D0000F20120B0240032A19D1724A12685207A8
:1044E000520F032A13D80968090B084003280ED17C
:1044F000764805680826764806600D20FFF78AFC96
:10450000354001D073480660E08A401CE08270BDEF
:1045100000E400E01CED00E0040002A80000FF3F02
:10452000282002A82C1002A840E002A844C002A83B
:1045300004C001A8044001A8145001A8200060068E
:104540002C8001A84E3E00004F3E0000FFFF9B4024
:1045500000E100E0602002A8500002A8F80702A8CD
:10456000513E0000F8B55C4C2068656805409248F3
:1045700005605A48284007D0FDF7D3FF002803D034
:1045800028005749096888470121022255480078C8
:10459000C00701D5022300E001232B408748002BF0
:1045A00010D0874B1A60874A12680A4007D1026808
:1045B000F0231B051340902212059342F3D0090209
:1045C000814A116080210D4220D0A26AF823DB01CC
:1045D00013401BD0C0221201934217D880231B0620
:1045E0008A4E3360A76AF826F6013E402C4F3F689A
:1045F0003F043F0F022F01D0032F03D1002E01D023
:104600009642EFD3914A13606B4A11609049097842
:1046100006290DDACC20800128401DD0FFF772FE5C
:1046200004002800FDF739FC2000FFF76FFEF1BD04
:10463000806B800510D58748284005D0FEF7A2FA88
:104640002800FDF72AFCF1BDA80205D58020400115
:104650005949086080490860F1BD0000F40302A8D0
:10466000280002A8FFFF00C010B57C48016844681C
:104670000C407B48046080210C4205D041607948A1
:1046800001600020FDF709FC600403D5802040058F
:104690007549086010BD0000601002A84C3E000083
:1046A000B00002A8184001A838B5704801684468F5
:1046B0000C40E00707D5FFF725FE0500FDF788FC55
:1046C0002800FFF723FE6A48046031BD4C4000A873
:1046D0004C6000A84C5000A8104001A80200060041
:1046E000B03C00006C3E0000FEB5624C206C676C74
:1046F000074001252F4216D02E065F48066020682D
:104700005E490D60002802D00021FDF739FE5C48AB
:104710000068A021C90188428041C043C00F5949A7
:10472000487059480660FDF7D9FE01900220074005
:104730003ED06168CEB20F0A54490822484B440368
:10474000012E24D0022E31D1012F22D1504EF678E5
:1047500000964F4E37780126BE404E4F3E604C4E7D
:104760003678760590277F04F71903263E434A4F93
:104770003E601C60494B1C600B68009C1B194B651C
:10478000434909788D4046490D6046490DE0009047
:10479000DFE7002F0AD1444E356000254D655C608F
:1047A0001C60C104414B196041490A6033490860EB
:1047B0000198FDF79CFEF7BD106001A80C0002A84F
:1047C0006C1102A8B44000A8B82002A870B5FDF78B
:1047D00085FE0400FFF796FD2F490A68D2070FD522
:1047E0002A4A566D1368334D2E60CE686E60496854
:1047F000E9818021C904204E3160297B5918516517
:10480000FFF784FD2000FDF772FE70BDE06101A896
:10481000002800D0704770B50C00FDF75FFE050062
:10482000FFF770FD0600FDF773FE234804600121C9
:10483000224A1160026C0A40FCD1FDF76EFE300086
:10484000FFF764FD2800FDF752FE70BDE05101A89E
:104850001C3E000000104006145001A890C001A8A2
:1048600090E001A80CC001A804ED00E0C0C000A8C1
:10487000C0E000A800C002A8441002A840E002A8BE
:10488000404000A8513E0000442002A818800A5071
:10489000653E000068A00A5060C101A894D001A83C
:1048A00068900A50F42302A860E101A880E200E0C9
:1048B000F41302A85C3E00000080095040900950AB
:1048C00080B5FDF72EFE002801D000F0ADFE01BD41
:1048D00080B5FDF763FEC348006800030AD4FEF705
:1048E00019F9FFF739F8FEF791F80120FFF702F800
:1048F000FEF7F4FC80208005FDF7E8FD01BD80B5E2
:10490000FDF74CFE80204002FDF7E0FD01BDFEB545
:1049100005208E4908608E4806680124264201D190
:10492000FDF752FFFDF73AFE8A49086800909D485E
:1049300049680160B105CA0F69460A71002526421F
:1049400010D00095A84949680160A74802689649B7
:104950000B68981A9A4202D38B69C018401CA34B6B
:104960009842F5D3A24F3D6068460079002804D0F4
:1049700031000098FDF76CFB00900026386820405D
:1049800003D16846FDF74DFF0600FDF7A3FF0028A1
:1049900043D09548407C00283FD196489249C96849
:1049A00002690B689A4200D00125934FBA1C9446C5
:1049B000924A1378062253436246D25A8C462B0001
:1049C00018214B436146C9184A60009901918649F4
:1049D000C96801226A4018235A438D182968016169
:1049E000A9680160A248E9680160296901626869F3
:1049F000A049086001A8FDF714FF002806D1B91CE2
:104A00007E4A127806235A43895A696031000600AB
:104A10000E4302D174494C7401E0002E02D100987B
:104A2000FDF77AFF9E48046002209E490860C82076
:104A3000C004BC4908606004FDF748FDF7BDF8B547
:104A4000994C8025EF02FDF745FF002808D09748D4
:104A50000078002804D13800FDF738FD2560F1BD4D
:104A6000206CC00506D580200006206000BF00BF76
:104A700040082060FEF730F8FDF790FDFDF786F95D
:104A80000600A948A9490860FFF71AFF3800FDF79A
:104A90001DFD002E00D025600120A5490870F1BD44
:104AA000F8B50120FFF785FCA24CA3480068206000
:104AB000FDF774FD1020C043A04908607A4D002620
:104AC000EE639F4806607820205C0521014002D0FB
:104AD000FDF708FE01E0FDF713FE0227A06F384046
:104AE00001D001202860FDF71CFD002802D000F055
:104AF000E8FD00E06663FDF7DBFC92480068296C86
:104B0000090407D4000705D5FDF7E8FC8E490F60BE
:104B1000FDF7EDFCFDF7D5FCFFF750FAB804FDF703
:104B2000D5FC0020FFF745FCF1BD80B5FDF736FD53
:104B30002C480068000303D4FDF768FFFEF7CEFBA6
:104B400080204003FDF7C2FC01BD00005C1102A8FB
:104B5000440002A8B83F000038B5FDF71FFD524CD5
:104B60002025FEF7D1FF002806D0606B000704D592
:104B7000FEF7EFFFFEF74CFC2560FDF747FFFEF761
:104B8000ADFB724800780C210140042902D1FDF7E9
:104B9000A9FD01E0FDF7B4FD6804FDF797FC402096
:104BA000206031BD283E000020C001A81CB50520B2
:104BB00067490860FDF7F2FCFEF7CBFF6548006827
:104BC00000906846FEF7E4FB0400FFF779FE002C36
:104BD00002D10098FEF74AFC80204004FDF776FCE5
:104BE00013BD00000C0002A8CC3E000001FF000035
:104BF000243E0000348001A8403E00003C3E0000FE
:104C0000F8B5FDF7CBFC544CA56A5020284002D0E3
:104C1000FDF768FD01E0FDF773FD234FFEF774FF1C
:104C200000281BD1B86B40071DD4786BE0214901E7
:104C3000014018D1A80611D4FDF73AFCA56AA84E88
:104C4000354207D0FF20C0432D18A5628020000503
:104C5000A4490860FDF735FC2E4002D001203860E1
:104C600001E00020206080208004FDF72FFCF1BDD2
:104C70001C4101A8284000A880B5FDF78FFC9A4888
:104C80000068C00501D5FDF7C1FE0120FEF732FE28
:104C9000FEF724FB8020C004FDF718FC01BD0000D6
:104CA000442002A8305201A8100002A8DD3E0000F6
:104CB00010B526480468FDF771FC8C4909680903A2
:104CC0002AD40321C00601D5214001E0A0080140FB
:104CD000012902D1FDF706FD0BE0200107D50E20CA
:104CE000FFF798F882480421016008210160FDF770
:104CF00007FDFDF77EFD7F4C20697F490860FFF7C7
:104D0000DFFD2068002807D04000122802D2FFF7FC
:104D100079F801E0FEF7C1FF80208003FDF7D6FBA4
:104D200010BD0000106001A870012000B46000A850
:104D3000513E0000783E000008C000A8482002A8AC
:104D40002C3E0000844000A8D4E40350F03E000054
:104D50005C1102A8CC3F0000C83E0000F8B584B04A
:104D60000025A3490D740120694608700295FDF7DE
:104D700015FC03905D4F3868000300D5A9E00320BF
:104D80009C4908649C480068FF26B6019B49102492
:104D90000F22974B1B78DB0713D50240022A03D062
:104DA00097480068204002D19148806800E0086878
:104DB000FEF7D9FF7168401801D5019553E00190C5
:104DC00051E00F230340032B03D0000B0240062ABF
:104DD0003AD1086871680291396C890701D5B168C8
:104DE0000291FEF7C0FF0299401801D5019500E03D
:104DF0000190B86B0107C80F0321404A12680A40AE
:104E0000022A1BD1039A224018D0794A526DD30549
:104E100012D5FE6B9B4B1E409E4202D175490C641D
:104E20000CE092050AD43A6C2823134006D16B4655
:104E30001D702C4A116001E06A46157002906846A8
:104E40000678002E03D10FE0306801900126FEF7AE
:104E50005BFE002808D0FEF77CFE0298002802D0F6
:104E6000FEF7D6FA00E00026022062490860002E14
:104E700010D0224800780C210140042902D0F86BA0
:104E8000044002D0FDF72EFC01E0FDF739FC2020A4
:104E900078601EE056480078C00705D5584800687D
:104EA000044001D1FDF730FCFDF7B0FD8020000685
:104EB0000C4908600020C0437349086001A8FEF750
:104EC00067FA0400FFF7FCFC002C02D10198FEF702
:104ED000CDFA80200004FDF7F9FA05B0F0BD00001E
:104EE00000FFFF00481002A8680102A80C0002A8F9
:104EF00080E200E0AC3F0000283E0000F03E0000F1
:104F0000FEB53B4C002525740095FDF747FBFFF7E8
:104F1000D7FC5E4EF06E5E4F0007000F07280BD1E6
:104F20007068002808D40020FEF7E4FC386859496E
:104F30000860FDF7E7FC55E00120716849070CD4D3
:104F400055490968014008D00102626D0A4209D042
:104F5000520502D43268114001D1009002E01020C5
:104F60004E4908602078C00705D525480068C0066E
:104F700001D5FDF7C9FB4A4801680320009A002AC1
:104F800001D0890900E00909084001900020FEF7DE
:104F9000B1FC0198002805D17068C00602D4FDF765
:104FA000AFFB01E0FDF79EFB00200099002903D133
:104FB0003C480068FEF7D7FE7969401801D5009596
:104FC00000E000906846FDF72CFC00280AD100980C
:104FD000FDF7A2FC2078C00701D5606800E0B86941
:104FE0002C49086080200005FDF770FAF7BD00002D
:104FF0006C3E0000082002A8B00002A80CC101A865
:10500000B04301A8F8B5FDF7C9FA002400252648E9
:10501000466B80277F05300606D5300709D5FEF799
:1050200098FDFEF7F5F929E001251B4800682840A6
:1050300019D00020FEF75EFC0220064002D01B497A
:105040000C60C8611A480468002D03D02000FDF7E9
:105050008BF80400FEF77DFD2000FEF707FA38000C
:10506000FDF734FAF1BD0E480078C0210140402917
:1050700002D1FDF737FB01E0FDF742FB20200A4992
:105080000860ECE710000010B46000A8440002A81B
:10509000BC3F0000283E0000B44000A8481002A811
:1050A000F03E00001CC101A8100002A8180000AAD0
:1050B000D83F0000FFF752F9024803494860FFF764
:1050C0007EF900BF0F2700000000000080B5EFF35D
:1050D00005800B2801D23A2100E02921FF22163257
:1050E0000020FFF795FBFEE762675F6D65737361F4
:1050F00067652072656365697665727300626762D1
:1051000075660061636C006C6C5F636F6E6E6563E7
:1051100074696F6E006C6C5F6164765F73657400B8
:105120006761705F636F6E74657874006C6C5F7636
:10513000616C696461746F720062675F6D6573733F
:1051400061676500736F66745F74696D65725F6D2A
:10515000657373616765006C6C5F6164765F73791A
:105160006E63006C6C5F7363616E5F73796E630076
:105170006761705F706572696F6469635F616476AF
:10518000006761705F706572696F6469635F7379EE
:105190006E63006C326361705F636F635F6368614D
:1051A0006E6E656C006D626564746C735F636F6EC8
:1051B0007465787400000000FD5004080351040871
:1051C0000751040815510408205104082C51040803
:1051D0003951040844510408575104086351040824
:1051E000705104088151040893510408A551040822
:1051F00062676275665F696E0062676275665F6F9F
:1052000075740062676275665F6E6F666C6F7700BB
:1052100062675F6D616C6C6F630000000D000300DE
:1052200002000100050001020373796E635F6C697F
:10523000737400E69D350E480103CCDBFDF4AC1120
:1052400091F4EFB9A5F9E9A7832C5E2CBE97F2D2B1
:1052500003B020008BD28915D08E1C742430ED8FC2
:10526000C24563765C15525ABF9A32636DEB2A656C
:10527000499C80DC006C888391AAF5A53860370BC7
:10528000DB5A6083BE00000001000100050100053B
:1052900002020300020000000000020501000500F8
:1052A00000010001000001000102020300020000F1
:1052B0000000000202010002BF01FB9D4EF3BC365C
:1052C000D874F5394138684C8BD28915D08E1C744E
:1052D0002430ED8FC24563765C15525ABF9A326313
:1052E0006DEB2A65499C80DCE69D350E480103CCB8
:1052F000DBFDF4AC1191F4EFB9A5F9E9A7832C5EBD
:105300002CBE97F2D203B0203F49F6D4A3C55F3834
:1053100074C9B3E3D2103F504AFF607BEB40B799AA
:085320005899B8A6CD3C1ABD56
:08532800C811FC7F0100000028
:0C5330003C530408602F0020BE00000069
:10533C000000000000000000FFFF000000C005504E
:10534C0000C201000000080900000010000060000D
:10535C00020000000000000010300020902F002000
:10536C00000000000000060000000000000000002B
:10537C000000000000000000000000000000000021
:10538C000000000000000000000000000000000011
:10539C000000000000000000000000000000000001
:1053AC0000000000000000000000000000000000F1
:1053BC0000000000000000000000000000000000E1
:1053CC0000000000000000000000000000000000D1
:1053DC0000000000000000000000000000000000C1
:1053EC0000000000000006000000000000000000AB
:1053FC0000000000000000000000000000000000A1
:10540C000000000000000000000000000000000090
:10541C000000000000000000000000000000000080
:10542C000000000000000000000000000000000070
:10543C000000000000000000000000000000000060
:10544C000000000000000000000000000000000050
:10545C000000000000000000000000000000000040
:10546C00140E0020E0100020E4110020C0EA2101FD
:10547C00C0EA210100800000C0175302FFFFFFFFAC
:10548C00B43000200040170800A000002C170020AA
:10549C00C8000000FE00000000000000D4F2030869
:1054AC00C80A0020FFFFFFFFFFFFFFFFFFFFFFFF0A
:1054BC00FFFFFFFF37B703080000000001000000EA
:1054CC0000000000100000001000000019A40108EA
:1054DC0000000000C1D50108000000000000000021
:1054EC000000000009DD01080000000000000000C1
:1054FC000000000009DD01080000000000000000B1
:10550C0000000000DBA403080000000059F20108B1
:10551C0000000000000000000000000005F201087F
:10552C000000000000000000000000007DF60108F3
:10553C00000000000000000020000000000000003F
:10554C00000000000000000000000000000000004F
:10555C005D000208000000000000000000000000D8
:10556C00550902080000000000000000FFFFFFFFCB
:10557C0073A803085C110408FFFFFFFF70110408F7
:10558C004BAF030847AF0308FFFFFFFFFFFFFFFF11
:10559C005BAF030820C001B80DB40308FFFFFFFF89
:1055AC009BB50308FFFFFFFFFFFFFFFFFFFFFFFFA0
:1055BC00FFFFFFFF9F2600000000000000FFFFFF21
:1055CC00FF000000ABCD0308AFCD0308B3CD03083B
:1055DC00B7CD030800000000A1DF020800000000A6
:1055EC0000000000FFFFFFFF0400E40C0A0017009E
:1055FC00FFFF0C0000000000554E4B4E4F574E2144
:10560C000000070028010101BF8FAF7F8700370F13
:10561C0010100004040F05140A0301FF0C01FF0F06
:08562C00CD640008A56400082C
:040000050800750D6D
:00000001FF
