:020000040800F2
:1060000008100020756E000865DA000869DA0008DB
:10601000334103086DDA000875DA000833410308DC
:106020003341030833410308334103083341030874
:1060300079DA0008B0080408334103083341030843
:106040005972000833410308334103083341030800
:106050003341030833410308334103083341030844
:1060600033410308216E0008A33F030833410308AE
:106070003341030833410308334103083341030824
:106080003341030833410308334103083341030814
:1060900033410308A1790008334103083341030861
:1060A00033410308E1750008C17500083341030856
:1060B000334103080D8C0108B9960108A390030829
:1060C0009F900308498E0108B9900308A790030820
:1060D00089960108AB900308F996010865970108B5
:1060E00033410308334103083341030833410308B4
:1060F000AB59030833410308334103083341030814
:106100003341030833410308334103083341030893
:106110003341030833410308334103083341030883
:106120003341030833410308334103083341030873
:106130003341030833410308334103083341030863
:10614000334103083341030833410308C3050408FE
:10615000E17A0108334103088F9003089590030802
:106160003341030833410308334103083341030833
:10617000F0B5114A114C124E00F00105E3695F07BA
:1061800013D40DB9334213D103EA00078F4207D16C
:106190000B4A1A40002A0CBF00206FF00100F0BD2E
:1061A000013AEBD16FF00200F9E74FF0FF30F6E76C
:1061B0006FF00100F3E700BF8096980000000350E5
:1061C000020001000B4B70B5D96911F480310DD17B
:1061D00001244FF48072084E084DF46020462C6470
:1061E0001A61FFF7C5FF3464EC6070BD6FF0010009
:1061F000FBE700BF000003500010035000200350D5
:106200004FF4803238B50E4B0E4C9A66E56941F674
:10621000713315400122E3630B4B0021DA60022346
:10622000606121202361FFF7A3FF10B92120FFF750
:106230009FFF0122054BDA600DB10023E36338BDF7
:106240000090005000000350001003500020035045
:1062500070B5134C6061E3695B071ED40E4656F8B7
:10626000043B8D18A361AE420BD1042300212120F1
:106270002361FFF77DFF58B9BDE870402120FFF78B
:1062800077BF08210846FFF773FF10B1042323618D
:1062900070BD56F8043BA361E5E74FF0FF30F7E728
:1062A000000003502DE9F84315464FF48032184B97
:1062B00089469A6603F51C33DF690646174041F6A6
:1062C0007132DA63012203F58053DFF84C80DA6023
:1062D00055B9284601220F4BDA601FB10022A3F501
:1062E0000053DA63BDE8F88306F5005404EA0804B5
:1062F000A41BAC4228BF2C46494622463046FFF735
:10630000A7FF0028E6D12644A1442D1BE0E700BFEB
:0C631000009000500020035000E0FFFF50
:106320002DE9F04F93B0CDE90A32DDE91C530E930D
:1063300053EC102BCDE90801104619468DED060BE4
:106340001E9E2DF083FB80B1DDE906014FF0FF3288
:10635000C54B2DF0A3FB40B9DDE906014FF0FF323C
:106360006FF480132DF07CFB70B1DDE908019DED29
:10637000060B0E9B1E96CDE91C53DDE90A3213B0C5
:10638000BDE8F04F00F088B90022DDE906010023E6
:106390002DF066FB002800F03381DDE906A303F150
:1063A000004BCBF30A5016F48063A0F2FF3008BF15
:1063B00006250F932DF078F89BA3D3E900232DF049
:1063C000DDF89BA3D3E900232CF022FFCBF31304C9
:1063D000894644F07F5180460022A44B504641F448
:1063E00040112CF013FF94A3D3E900232DF0C6F83D
:1063F00002460B46404649462CF00AFF2DF058FB5A
:1064000004462DF051F88EA3D3E900238046894637
:106410002DF0B4F80022964B2CF0FAFE2DF048FB3C
:1064200089A3D3E900230746494640462DF0A6F844
:106430008046384689462DF037F885A3D3E90023F6
:106440002DF09CF802460B46404649462CF0DEFEF5
:1064500002460B46CDE90C232DF090F8DDE90C2324
:1064600080468946104619462CF0D2FE0022CDE91E
:106470001001804B404649462DF0AAF900227E4B80
:106480002CF0C6FE02460B46404649462DF0A0F9C8
:1064900000227A4B2CF0BCFE02460B464046494691
:1064A0002DF096F9DDE90C238046894600204FF057
:1064B00080412CF0ABFE02460B46404649462CF08C
:1064C000A7FE02460B46DDE910012DF081F907F227
:1064D000FF3700226A4B2CF09BFE00223B052DF07B
:1064E0004DF852465B46804689462DF0D7FA002883
:1064F00040F08980CDE90C8904F16303C72B34BFD8
:106500000427052731051BD553A3D3E900235046A3
:1065100059462DF0B9FA00287FD051A3D3E90023C2
:10652000504659462DF09CFA002876D00027A54207
:10653000C6BF2C1B04F1FF3500253C4646F480669F
:106540000E9B9F422CBF4FF00008A3EB070816F0EC
:10655000020903D0002F18BF4FF000083CB1DDE95D
:106560000C23504659462DF033F982468B46DDE91F
:106570000601002200232DF073FA10B10BF1004345
:106580009B46DDE9080126F40063CDE90183DDE9DE
:106590000A324BEC10AB009500F07EF802465FB378
:1065A000DDE9091316F0200F00F10105089E0CBF6C
:1065B00065204520B047DDE9080105230022059349
:1065C0000A23002CCDE9023207F1FF374FEAD473DA
:1065D000B8BF64422A46019304970A9B009432F0A4
:1065E0008AF80246B9F1000F06D00B9BC41A0B9B28
:1065F0001A190E9BA34245D8104613B0BDE8F08F80
:10660000DDE906ABCDE60022404649461A4B2DF0A7
:10661000DFF8013CCDE90C016EE7002D90D00F9B17
:10662000002B8DD0013D8BE7FB799F501344D33F66
:10663000B3C8608B288AC63F61436F63A787D23F88
:1066400071A379094F930A401655B5BBB16B02404F
:10665000EF39FAFE422EE63F2D431CEBE2361A3F9D
:106660000000000080842E41FFFFEF7F0000F83F14
:106670000000E03F00002C400000244000001840D3
:106680000000F03F2020DDE90913089DA8470134F0
:10669000ADE700BF000000002DE9F04F5BEC10AB50
:1066A00097B0CDE90501DDE92057CDE90723504634
:1066B00052465B465946229E2DF0C8F970B9032315
:1066C000CDE902760193B04B0093DDE90501DDE9E8
:1066D000072331F030FF17B0BDE8F08F4FF0FF32E5
:1066E0006FF48013504659462DF0BAF928B10423AF
:1066F000CDE902760193A54BE6E74FF0FF32504615
:106700005946A34B2DF0CAF968B1A24A06F004031A
:10671000002B08BF0322A04B1CBF13460422CDE967
:1067200002760192D0E7504693A3D3E9002359465D
:106730002DF0B4F938B992A3D3E900235046594655
:106740002DF08EF968B1DDE90723DDE905014BEC99
:1067500010ABCDE92176209517B0BDE8F04FFFF7DB
:10676000DFBD00220023504659462DF079F900285C
:1067700000F09A805B465246002000212CF046FD36
:10678000012382468B46099316F4806400F08E80C4
:10679000092D40F28E80002430210EABA5F10902B4
:1067A0000134202C03F8011BA5EB040901D094420D
:1067B000F6D1594650462DF07BF9784B054603EB50
:1067C000C90393ED007B8DED0A7B2CF06DFE024634
:1067D0000B46504659462CF019FDDDE90A232CF0F2
:1067E000CDFE02460B46CDE90C232DF089F98046FB
:1067F0002CF04AFE02460B46DDE90C012CF006FDAA
:1068000002460B46CDE90C230022654B2DF046F9DC
:10681000002851D008F1010840462CF035FE024610
:106820000B46DDE90A012DF025F910B14FF0000803
:106830000135B9F1000F50D128462CF035FE024643
:106840000B46504659462CF0E1FC0022544B804642
:1068500089462DF005F930B1002240464946504B9B
:106860002DF01CF910B1E80700D501350A210EAB57
:106870001A19202C0AD095FBF1F001FB1055303588
:1068800002F8015B013405460028F2D106F003024C
:10689000012A57D1002F55D0099A12B916F00C0FC2
:1068A00000D0013F302245E009906DE74FF0060926
:1068B0007FE7A94600247CE70022DDE90C01384B84
:1068C0002DF0CEF80028B4D1B8F1000F02D018F0A6
:1068D000010FAED008F10108ABE70A210EAB23444B
:1068E000202C0ED0B8FBF1F001FB1082B8F1090F9B
:1068F00002F1300209F1FF3904F1010403F8012B20
:1069000011D83021A1440EAA202CAFD0A14504F10A
:1069100001030AD11C4609F158030DEB03092E238C
:1069200009F8203CA2E78046DAE7A1541C46EBE7D1
:106930001A550134A74205D9202CF9D1CDE90276A8
:106940000194C1E6202CF9D0099A3AB12D2104F125
:1069500058026A4402F8201C0134EFE7710704D59D
:1069600004F158022B216A44F4E73207E6D504F11A
:10697000580220216A44EDE70000000065CDCD41BA
:106980000000000065CDCDC1C7220408CB22040859
:10699000FFFFEF7FBE220408C3220408D0220408B0
:1069A0000000E03F0000000070B58EB02C220021F6
:1069B00003A837F0B1FA64234FF002320893CDE90F
:1069C00005230B2301218DF83430534B8DF8101023
:1069D0001B88D80700F19880084638F059FC0A2235
:1069E0004E4B4F491A704FF428734E48ADF8123091
:1069F00012F076FF4C4C206020B94FF416714B48D2
:106A000037F03EFC0521206832F005FC20B14FF440
:106A10001A71464837F034FC206800F013FA444BF2
:106A20002068196831F06FFF0C2539F065F868436C
:106A3000099039F061F868430DEB05010790206873
:106A40000DF072F820B140F27D21384837F018FC83
:106A5000256819F009FB00220146284631F0BEFFE7
:106A600020B140F27F21314837F00AFC40F2035355
:106A7000304D314E2B80052396F90000AB707F28F6
:106A800001D116F0ADFF3378EB7039F035F800EB3B
:106A900080008000A88039F02FF80023C0004FF05C
:106AA000FF31E880AB604FF0FF3019A3D3E900233A
:106AB00038F040FD2149206831F052FF206802A9DA
:106AC00032F05DFC20B14FF42E71184837F0D8FB3E
:106AD000042220680DEB020131F0EAFE042804D004
:106AE00040F2BB21114837F0CBFB01A9012030F067
:106AF000AFFC06F0FBFF012017F032FC2EF06BF923
:106B000017F066FC16F004FF0EB070BDAFF3008006
:106B10000A0020FF42030000C03A0020313E00205E
:106B2000B9F203086C460020BC3000200864040859
:106B3000A4440020B0300020F34900202DF30308C6
:106B40000348044B834202D0034B03B118477047FC
:106B5000C8550020C855002000000000064B07491A
:106B6000C91A891048BF0131491003D0044B0BB139
:106B700001481847704700BFC8550020C85500207D
:106B80000000000010B5064C237843B9FFF7D8FF8A
:106B9000044B13B10448AFF300800123237010BDF0
:106BA000C03B0020000000007467040808B5054BD6
:106BB0001BB105490548AFF30080BDE80840FFF769
:106BC000CDBF00BF00000000C0150020746704089E
:106BD000A3F5803A704700BF174B002B08BF134B3B
:106BE0009D46FFF7F5FF00218B460F461348144AD8
:106BF000121A37F091F90E4B002B00D098470D4B2D
:106C0000002B00D098470020002104000D000D4803
:106C1000002802D00C48AFF300802DF03BF9200093
:106C200029002DF05EF92DF01BF900BF00000800CF
:106C300000000000000000000810002008100020E4
:106C4000BC3E0020000000000000000007B501A8C5
:106C500003F056FF9DF80530012B14D19DF8043048
:106C60008BB94FF48012144B1449586E03F58053BE
:106C70005A664B6B23F0E05343F040634B63C3020F
:106C80005CBF0F4B5A6605F0F9FD2EF08AFE05F049
:106C9000B3FC2EF07FFE2EF086FE31F0E7FD07F00C
:106CA000AFFC00F09BFA06F0D9FA02F0F9FA03B053
:106CB0005DF804EB07F03ABF008000500040005A36
:106CC00000A000500021062230B50C4C54F8040BF3
:106CD000037A022B07D843B1022A06D0084A00687B
:106CE00010601A4601E0032B03D001310329EDD1D6
:106CF00030BD551E012DF1D8F7E700BF0C44002030
:106D0000D815002030B51B4D95B00DAC0FCD0FC47C
:106D100095E80700292384E80700174A0021CDE9F8
:106D20000223092408230E220DF12600CDE90411C7
:106D300006918DF811308DF8134037F0EDF84FF4CF
:106D400080210E4B0DAACDE907130A238DF82530BB
:106D50000B4B07A90A9320230B9301238DF83130A5
:106D6000084B0948009302AB8DF8244005F0F4FF6E
:106D700015B030BD9408040800C0055024C005506B
:106D8000C13B0020DC15002048160020831E012B8B
:106D900010B50C4619D801290DD8184B04221B6CCC
:106DA00008210020C3F3002303F030FD24B1144B6D
:106DB00018680368F3B910BD114B18680368002BFD
:106DC000F9D0BDE8104005F085BF8B1E012B0CD813
:106DD0000128F0D8BDE810400022084B08211B6CA8
:106DE0001046C3F3002303F011BD0029E4D00129AC
:106DF000DDD0E0E7BDE810402FF05BB800C00350E5
:106E00002844002008B50449044807F071FEBDE895
:106E10000840FFF777BF00BF2C4400206C1600200D
:106E200001482FF0C0B800BF48160020014B1A6A75
:106E30001868104748160020014B1878704700BFAB
:106E4000E13B002008B50CF09DFE0022014B1A70BA
:106E500008BD00BFE13B00200348044A0449121A60
:106E600092102DF067B900BF706100081C63000824
:106E70005C3F002008B500F02FF8FFF7EDFF124B44
:106E800012498B4212D30020114B12498B4218D366
:106E9000FFF7A2FE186850F82240586840F82240D8
:106EA000013298688242F5D30C33EAE70022F8E712
:106EB0001C6844F8220001325C68A242F8D308330F
:106EC000E4E70022F8E700BF7C670408886704084D
:106ED00088670408886704084FF48041124B134AFE
:106EE00070B59A60D3F88820114D42F47002C3F84F
:106EF0008820104A05F5005491664FF0FF32226653
:106F00000D4A62660222C3F8D020BFF34F8FBFF351
:106F10006F8F4FF44036002005F0F8FC0020E6604B
:106F200005F0D8FC2E6170BD00ED00E000600008A7
:106F30000080004400900050F7FF3700014B1860BC
:106F4000704700BF38440020054B1860054B1B6F8D
:106F500003F00703032B01D137F028B8704700BFB7
:106F600040440020008000504FF000639B6A03F112
:106F70007842B2F5C04F03D21968064A914203D055
:106F80000023037083607047012202709A689B6936
:106F90004260F7E707B0CD5E024B034A1A602EF05D
:106FA00006BD00BF0000002002020FF073B54F4B7A
:106FB00004461A781AB102221A7002B070BDCDE9E7
:106FC00000220028F9D001261E7039F0C8F9484D7A
:106FD000484B18600FF084FC2B785BB902F060F925
:106FE00040B945480823454A4549006801F03EFF3D
:106FF00000B92E70434B5A6E62619B6E424AA36188
:107000004FF480439366414B5968E1614049996070
:10701000196E2160596E6160D3F87011A160196C0E
:10702000E160596C21613B49086C1864496C5964F2
:10703000012151661B6E9C0441D5374AD368D8079D
:10704000FCD4364B1A68531C3ED04FF48013934047
:10705000334A13664FF400730426314C26662366C8
:107060002DF091F801300DD02DF08DF840F2011384
:10707000984207D04FF4005323664FF480432366B1
:10708000C4F870610823264C684623664FF4805389
:1070900023664FF0006323664FF4002301A9636663
:1070A0002DF055F8009B2366019B63662B78002B1F
:1070B00083D0124B1A6822665B6863667DE7194AC3
:1070C000D368D907FCD4BCE7174B1B78002BC1D180
:1070D0004FF400720C4B5A6603F5A6235B68002B35
:1070E000B8D14FF480120E4B1A66B3E7E33B002091
:1070F000E43B0020941600206844002098160020ED
:107100000071080000800050009000500080004492
:1071100055CEAC0000C000540000044044440020A0
:107120000090004400000450E23B002070B5224D66
:1071300004462E78012E02D001232B7070BD00284A
:10714000FCD02DF020F801300BD02DF01CF840F2CF
:107150000113984205D0194B194A5E66D368DE07C1
:10716000FCD42268174B1A6662685A66A268C3F894
:107170007021E2681A6422695A64E269D00744BF48
:1071800000229A60104B1A68013207D10F4A127818
:1071900022B90F494968C90748BF1A6062690D4B97
:1071A0005A66A2699A660FF0A3FB0B4B186839F078
:1071B000D1F80023C1E700BFE33B0020009000406E
:1071C000000004400080004444440020E23B0020D2
:1071D00000C005500080005094160020F8B54FF014
:1071E0000066B36A03F17842B2F5C04F26D21A683E
:1071F000144B9A4222D1144D2C7814F0FD0402D085
:1072000000242046F8BD4FF480371048FFF7CEFE2B
:10721000204605F07BFB0E4B2046DF6005F05AFB55
:107220000C4B1F61B36ADB69984704460748FFF7B8
:107230007DFF002CE5D101232B70E1E74FF4817431
:10724000DFE700BF07B0CD5EE23B002074160020F0
:1072500000A000440090004413B5204B1B7803B9F4
:10726000FEE700231E4CCDE900336A4608231D4982
:10727000206801F0FBFDF8B91B4AD2F84031D2F882
:1072800040211F2B4FF0010311D9203A9340019A5E
:107290001A43019208236A461249206801F0A2FDB0
:1072A000124B134A1A602EF082FB02B010BD9340BD
:1072B000009A1A430092EDE72D28F1D10A4AD2F83C
:1072C0004031D2F840211F2B4FF0010385BF203AF7
:1072D00093409340019398BF0093DBE7E33B00208A
:1072E0006844002000710800008000440000002075
:1072F0000B020FF0BFF34F8F0549064BCA6802F42B
:10730000E0621343CB60BFF34F8F00BFFDE700BFC8
:1073100000ED00E00400FA05002307B529480193B9
:107320002EF03AFB4FF44073012204216846ADF879
:10733000003000F0C3F80122234B0520C3F8442499
:1073400001A939F038F8002839D1204BD3F8F020C2
:1073500042F00102C3F8F020D3F8FC2042F0807222
:10736000C3F8FC201A4AA3F55D431A60019B194A31
:1073700003F5D52303F2FC43B3FBF2F3164A013BBA
:1073800013610223C2F8F0304FF48073C2F8043363
:107390004FF06043114AC3F8B02F114AC3F8802E52
:1073A000D3F8002E42F48072C3F8002EFF2283F837
:1073B0002020D3F8002E22F48072C3F8002E03B0F0
:1073C0005DF804FBF80F040800D0035000ED00E066
:1073D000FF030040F8590D00000004E055CEACC595
:1073E000090001004FF06043D3F8802E30B5D2077A
:1073F00015D501240B4D8440D5F8FC2042F0807255
:10740000C5F8FC20D3F8002E2243C3F8002E53F811
:107410002020002AF0D003F82010002030BD1120D9
:10742000FCE700BF00ED00E02DE9F04104460C252B
:107430004FF00108124E0CB314F001000BD00020E5
:1074400024F0010405FB00625768002FF3D0916817
:10745000C0B2B847EFE72246013020284FEA520277
:1074600001D0D307F8D508FA00F20F2824EA020465
:10747000E8D9103805FB0062B432E5E7BDE8F081D9
:10748000A016002008B50C482EF086FA192005F049
:107490002FFA28B1192005F039FA192005F01AFA47
:1074A0001A2005F025FA28B11A2005F02FFA1A2023
:1074B00005F010FA002008BDF80F04082DE9F0418E
:1074C0000E469046054618B30F2923D80378E3B13A
:1074D000012B03D0022B18D0032B1BD13F236A783A
:1074E000D340DB0716D50D4BD3F81043A4B938F0C1
:1074F00036FF074642462846314603F0E5FB38464C
:1075000038F028FF2046BDE8F08140F2FF33E6E77F
:107510002224F7E72124F5E70224F3E700C0035013
:1075200010B50446E8B10378C3B1012B03D0022B98
:1075300014D0032B17D13F236278D340DB0712D539
:1075400038F00DFF0122637821789A4030235943A7
:10755000064B5A5038F0FEFE002010BD40F2FF33BB
:10756000EAE72220F9E72120F7E700BF40D00350E7
:1075700010B50446E8B10378C3B1012B03D0022B48
:1075800014D0032B17D13F236278D340DB0712D5E9
:1075900038F0E5FE0122637821789A403023594380
:1075A000064B5A5038F0D6FE002010BD40F2FF3393
:1075B000EAE72220F9E72120F7E700BF40E0035087
:1075C00008B503F077FB054B00F0553020F0502054
:1075D000C3F82004BDE80840FFF726BF00E00350D1
:1075E00008B503F067FB054B00F0AA3020F0A0209F
:1075F000C3F82004BDE80840FFF716BF00E00350C1
:107600002DE9F04F9A46564B85B01B7806460F463B
:107610001546DDF83C909DF844B0DDF85080002B15
:1076200000F09780072A00F296800E9B002B00F056
:107630009280B9F1000F00F08E80129BB3F5006FBD
:1076400000F38980012803D1109B002B00F0838078
:10765000444B03EB05131B7B002B7ED0424C1022C6
:107660000021684636F058FC04EB45141022A7BBF5
:107670003946204636F050FC43F210036380BBF1DC
:10768000000F03D1E37843F00303E370364A0E9B07
:1076900002EB451CCCE90193129B6901581E9DF831
:1076A0004C30C0F30A0003F003039B0643EA001EBC
:1076B00053582E48012E00EA03004EEA0003CDF88D
:1076C00000A0535017D0B8F1000F2ED19CF8023013
:1076D00068F304138CF8023027E00021204636F0CE
:1076E0001BFC4FF444736380BBF1000FCED1E378F1
:1076F00043F03003C9E713230CF1100ECCF80C3023
:107700009CE80F008EE80F006FF00301DCF81C20EE
:10771000109B61F39F02012FCCF81C20CCF8143091
:1077200003D1CCF81890CCF8043000270D4A290179
:1077300002EB051342F80180159A28465A60694603
:1077400022469F605E7303F0F5F8384605B0BDE849
:10775000F08F0748FAE70748F8E70748F6E700BF61
:10776000E53B002008190020081800200F80FFF3D7
:10777000028000F0018000F0078000F038B5124B65
:1077800005461B78DBB1E0B138F0E9FD0F4A002374
:107790001146147B54B92B6001251A0101EB031328
:1077A0001D738C5038F0D6FD204638BD0133082BB0
:1077B00002F11002EDD138F0CDFD0548F5E705489E
:1077C000F3E70548F1E700BFE53B0020081900207A
:1077D000048000F0028000F0018000F038B538F03D
:1077E000BEFD002305460B4A147B6CB90133082B00
:1077F00002F11002F8D103F049F8074B28461C703B
:1078000038F0A8FD204603E0284638F0A3FD0348E1
:1078100038BD00BF08190020E53B0020058000F0BE
:107820000D4B10B51B78044693B1072812D838F0D9
:1078300096FD0A4B03EB04131A7B2AB100241C7338
:1078400038F088FD204610BD38F084FD0448FAE782
:107850000448F8E70448F6E7E53B00200819002053
:10786000068000F0028000F0018000F0154B13B597
:107870001868002301908DF8043038F070FD124B29
:107880001C7824B138F066FD104802B010BD01220A
:107890001A7038F05FFD0E4B01A81C731C7783F83B
:1078A0002C4083F83C4083F84C4083F85C4083F8DC
:1078B0006C4083F87C4008238DF8073003F00AF809
:1078C0002046E2E700090408E53B0020038000F0C1
:1078D00008190020F8B50D4D2D7885B1072810DC6A
:1078E0000B4D060105EB0014277B67B1AB5100255A
:1078F000069BA560636003F01DF82846F8BD0548A7
:10790000FCE70548FAE70548F8E700BFE53B00203B
:1079100008190020028000F0018000F0078000F0CC
:107920000A4A08B512785AB107280BD8084A02EB60
:1079300000131B7B43B1002102F0BEFF002008BDF5
:107940000448FCE70448FAE70448F8E7E53B002070
:1079500008190020028000F0018000F0078000F08C
:107960000A4A08B512785AB107280BD8084A02EB20
:1079700000131B7B43B1012102F09EFF002008BDD4
:107980000448FCE70448FAE70448F8E7E53B002030
:1079900008190020028000F0018000F0078000F04C
:1079A000184B2DE9F0411F6D5B6D1F4000D5FEE7C0
:1079B00001260025144CDFF85880374218D0236880
:1079C000C8F85060A3B1A168284601316268A1607F
:1079D0009847637B012B0BD150B90C4B03EB45133C
:1079E0001A7B60F341021A731A7F60F341021A771F
:1079F0000135082D4FEA460604F11004DDD1BDE83B
:107A0000F08100BF00000450081900200818002071
:107A1000002004502DE9F04F144606460D469B46C3
:107A2000C36B87B001225B6902A960689847F36B5A
:107A300001225B6903A92846984702A82CF0F1FFB0
:107A4000074648B10023A37563754FF0FF33A36069
:107A5000002007B0BDE8F08F03A82CF0EFFF012352
:107A6000A375237E04EBC303DD611F846368AB420F
:107A70000ED1206003A82DF003F84FF0FF332075DE
:107A8000A360237D043B022B26D80023A375DFE7E8
:107A900023681A1A53425341A37503A82CF0F0FF30
:107AA000237D834218BFA77503A82CF0CBFF0746A0
:107AB00002A82CF0C7FF874218BF002303A818BFF5
:107AC000A3752CF0C7FF074602A82CF0C3FF87421E
:107AD0001CBF0023A375D4E703A82CF0B3FF80B12B
:107AE000F36B022228465B6904A9984704A82CF08E
:107AF000B8FF0346207D032839D8DFE800F0383886
:107B0000040903A8F3E7CC22237E04EBC3031A8401
:107B100001F03EFC109B187003A8277E2CF086FF16
:107B200004EBC70787F82200237E03A804EBC303F6
:107B3000B3F8209093F822702CF084FF804603A8BD
:107B40002CF088FF8246B8F1000F15D0F36B0222AB
:107B500028465B6904A9984704A82CF047FF607584
:107B6000637D6BB90023A3754FF0000838E0227ED7
:107B700004EBC2021384CBE703A82CF022FFEEE74C
:107B800094F81680B8F1000FEED0B9F1000F09D1CA
:107B9000DFB10123627EE375002A44D19F4218D1F0
:107BA000677614E0736C05EB0A02594285EA02001D
:107BB00008421CBF0021A175591E0A409B1A994515
:107BC000D0D8A37D002BE3D1CEE7E37D43B94FF0BE
:107BD00000084B465246294630462CF064FCA06013
:107BE000A27D12B123694B4423611449237E097895
:107BF00099421ED901332376BBF1000F1BD0D2B1BD
:107C0000E37DC3B1B8F1000F15D1032F13D0A168E4
:107C10004B1C10D0109B2246009330460123FFF7E7
:107C2000F9FEA07507E0012FDAD0032F08BFA37675
:107C3000CDE70023A375A07D0BE700BF240904084E
:107C40002DE9F04F0E46984600238BB004464FF0C6
:107C5000FF31104617468DF8133001F083FBB6F55F
:107C6000801F3BD3B21C53D1E56A6B1C57D1204611
:107C7000616A2CF05EFB0546B31C18BF0123DFF8D8
:107C800010910193636A626C0293236805A902FB59
:107C9000053AE36B05225B695046984705A82CF02E
:107CA0005BFF2CF07EFF50462CF086FF4FF0000B60
:107CB000824601464B1C05D0636C81EA0A025B4296
:107CC000134232D0294620462CF033FB029BAB42B4
:107CD0004DD0BBF1000F4DD10546D3E7314605AA83
:107CE00004F108002CF0EFFD0146481C10D0384686
:107CF00001F038FB0122394620460DF113032CF028
:107D000024FC28B19DF8133088F80030002003E0EF
:107D1000237C002BA8D12D200BB0BDE8F08F236869
:107D2000ED1A636CB5FBF3F5A6E7484601F01AFBC4
:107D30000DF1130349462046019A2CF006FC034638
:107D400090B1B21C03D0D9F80020B2420CD19DF8FA
:107D5000132003930D4B88F8002049461A683846D3
:107D600036F0ECF8039B9B46D9F80810A2E7BBF16C
:107D7000000FD0D0B6F5801FC8D2314698F8003039
:107D80007A6804F1080001F01BFABFE72009040833
:107D9000FC1F00202DE9F3410446174698460E4685
:107DA000194D816AE36A8B422AD04B1C18E02846A1
:107DB00001F0D8FA0122294620460DF107032CF0E4
:107DC000C4FB30B14346294620469DF80720B847FA
:107DD000B0B1A9684A1C05D0012E0AD0E36A9942C5
:107DE000E5D10DE0696820462CF030FB012E0146FC
:107DF000D8D16B6881EA0302636C5B421A42D1D02E
:107E000002B0BDE8F08100BFD01F00202DE9F04195
:107E1000036B9046826B07689A4288BF8363426C0B
:107E2000436A90B002FB0377C36B0E46052201A99B
:107E30005B6904463846984701A82CF08DFE01285E
:107E40000146307057D0656CE26B2368606AD2F8E7
:107E500014C005FB0030052206A9E04706A82CF057
:107E60007BFE01284FF0000523D0D4E90A3201211E
:107E70009342CDE90B458DF834800E958DF83C107A
:107E80002AD1194620462CF0E1FA236B626C143398
:107E90009B1AE06223630C9B53B99DF83C303BB1C5
:107EA000626A616C2368E06B01FB02312CF00CFE0E
:107EB0000C9DE36B05225B6901A93846984701A830
:107EC0002CF04AFE30702846236BA26B9A4288BF82
:107ED000A36310B0BDE8F081237C33B91C490BAA21
:107EE00004F1080001F0BAF9D5E72046194A0BABB6
:107EF000FFF750FFCFE7237C23BB2246164904F14E
:107F0000080001F0ABF9616A20462CF033FA616A8F
:107F1000421C20462CF0FCF9054620B9236B626C0C
:107F20001344143B23632046A16A2CF08FFA236884
:107F3000A062C01A636CB0FBF3F0606220462CF0C4
:107F4000C8FAB6E700232046044AFFF723FFDAE722
:107F5000F18800086D880008D34503086F450308C1
:107F600073B50D46D11E4A421C461B7E4A419A42B9
:107F700026D129682368994222D3636899421FD881
:107F8000114E0DF107033246FFF75AFEC0B9726871
:107F90006B689A4214D19DF80730DA1E5342534160
:107FA000227E93420CD1636901336361D4E90323D8
:107FB000934205D22968A26842F823100133236155
:107FC000012002B070BD00BF282000202DE9F04F35
:107FD0009A468BB09DF85030DFF850B10293DBF831
:107FE0001030804653450D461646C0F09980D14664
:107FF000DBF804300193B9F1000F00F08D80D8F860
:108000003C3001225B6907A90198984707A82CF02A
:1080100015FDDBF80030984240F0858007A82CF071
:1080200019FD0428074614D107A82CF01AFD019B5E
:10803000029A04463B44002A3FD1864212D9144694
:10804000361A404601992CF001FAA9EB0409019077
:10805000D1E7D8F83C3002225B69019808A998471B
:1080600008A8E2E7841B544528BF5446032C03EBC1
:108070000607AAEB040A4FEA94021CD9D8F83C3050
:10808000294638465B69984724F0030304F0030649
:108090001F441D44002ED4D0D8F83C3001225B6927
:1080A00008A9384698473246284608A9354435F08D
:1080B00045FF0026C5E72646ECE7074600F0030229
:1080C000039203442A1804920593049BDD1B059B2D
:1080D000D81B039B9F420FD1002FB2D0D8F83C3061
:1080E000012208A95B6998473A46284608A935F055
:1080F000E9FE78B93D44A4E7D8F83C30012208A94C
:108100005B6998470422284608A935F0DBFE08B9C8
:10811000043FDAE74FF0360948460BB0BDE8F08F70
:108120004FF06309F8E74FF06F09F5E7542000209E
:108130002DE9F0410F4616469846044688B060B3D4
:1081400090F83450FDB101212CF0B8F800210E9BBD
:10815000CDE90511CDE902379DF83C30CDF804801A
:108160008DF81C30237C04968BB90D4901AA04F1CB
:10817000080001F073F8DDE90553E06B002E08BF3D
:108180001D462CF034FA284608B0BDE8F0812046A0
:10819000044A01ABFFF7FEFDEDE70546F3E700BF3C
:1081A0009D450308617F00087FB590F84260044652
:1081B00001920DF10B030A46304612492CF01FFACA
:1081C000012E0546E36B19D132465B6903A9984736
:1081D0009DF80B10039B019A59B19BB243EA0243ED
:1081E000012228460393E36B03A99B69984704B0D7
:1081F00070BD1B0C1B0492B21343F1E701229B6973
:1082000001A9F3E7542000202DE9F04F99B00F4663
:1082100009920A69416C0E931439D31DB3FBF1F333
:10822000013302EBC302036B04469342C0F00D829C
:108230000023DFF820940D93E36A4846194607931C
:1082400001F090F8D7E9033604930E9B022B4ED130
:10825000CC2E40F08A81099B002B42D03946204623
:108260002CF023FA656C079A6B1E13401490ED1ADC
:10827000E36B01225B6916A97868984716A82CF071
:10828000E1FB00280CBF04230823782E06933DD978
:10829000012300254FF0080A05933B6805990E98C5
:1082A000C9F80030C9F810602CF0EEFB4FEA9A03D1
:1082B00010930023DDF81CB089F814000B930F9382
:1082C00008930C93616C4A1E0BEA02028B1A002E73
:1082D00038D05544AB4240D8236B5B1A1344236318
:1082E000ABE0049B1B68149308230693D0E7656CEE
:1082F000079A6B1E1340782EA5EB030516D8FB7D5D
:108300007BB9099B002BB3D104230693331DAB42E9
:1083100010D9A6B1082DBBD804250023AA46059381
:10832000BBE7099B002BA3D10823EEE7099B002B99
:108330009ED1D9E7002505954FF0040AADE7042545
:108340000596F9E75345C7D3B0460BEB0A030393F1
:10835000089B002B18BF032313E0A3EB0A039E42E4
:10836000B0460BEB0A0228BF98469E420392EFD913
:108370000123D9F8102089F81730964271D1C9F835
:1083800004B0089399F81730002B6CD099F8182096
:108390000899D31C09EBC3030132C3F804B0A3F856
:1083A0000880997289F81820B8F1000F14D00E9B3C
:1083B000022B5BD10B9B7BB90F9B4344032B0BD947
:1083C000E36B01229B69039814A99847054600288E
:1083D00040F03D8101230B93089B16A80193059B58
:1083E000009399F814204346396800F071FFE36B5D
:1083F00058469B69109A16A99847051E0D9B18BFF1
:108400005B4652460D935946434620462CF04BF8A6
:10841000236B08F10302A3EB0A0322F003029B1A69
:10842000C9F808002363002D40F011810F9BDDF88F
:108430000CB04344A6EB08060F93594620462CF097
:1084400005F800258346002E7FF43CAF814A396849
:10845000936804F10800E36252680E9B00F0B0FEDE
:10846000DEE002238DE7C9F804B09DE7099B002BED
:1084700030D1049BB8F1030F43440A9327D9DDE9B7
:108480000301E36B4FEA98029B6998470546002871
:1084900065D118F003025FD0049B28F003052B443C
:1084A0000493039B1D444FF0FF33049915A81593C3
:1084B00035F044FDE36B28469B69012215A99847D6
:1084C00005460A9B0493002D86D0039B99E74246FC
:1084D000039DE8E7039B0A9307F120031193FB7DBB
:1084E00078689BB100233D7E0C9AD9B28D4211D998
:1084F000119903F1010C31F83310914226D90699F4
:1085000007EBC303D8690A44104403E00C9B069AA6
:1085100013441844E36B01225B6915A99847159B26
:10852000012213930C9B0A9804330C93E36B13A959
:108530009B699847039B0A9A43449B1A042B054660
:1085400007D978B9134604330A93C8E76346521A29
:10855000CBE70A9B0393B6E70A9B04933CE70A9B8D
:108560000493B2E70A9B0393AFE7702604F1080374
:1085700003932368079A606CA2EB030ABAFBF0FA34
:1085800000FB0A302CF018FBE16A804620462BF0F5
:108590005DFFA26A82424AD0626CD9F80830511E4F
:1085A0000B40216B2568891A0B4423630D9BE06205
:1085B0005D1BB5FBF2F5AA4536D1079BB3EB080A64
:1085C00012D0E36B4FEA9A0241469B699847834673
:1085D000E36A079A5344E362236B03989B1A43446C
:1085E00023632CF041F9DA462368616CE06B01FBF0
:1085F00005312CF056FA20462BF06BFE20462BF06E
:1086000068FF2063BAF1000F11D03A69616CD31D85
:108610001439B3FBF1F3013302EBC3029042A8D249
:10862000304619B0BDE8F08F4FF0000ADCE73A6938
:10863000616CD31D1439B3FBF1F3013302EBC302B8
:10864000236B9342BFF4F8ADEAE71C26E8E72E4619
:108650008CE700BFFC1F00202DE9F3471E4643694D
:108660000446B342884617469DF828903DD300251E
:108670008DF8075020462BF0F8FDD4F830A0824545
:108680000AD2236AB5EB430F06D2002220460DF131
:108690000701FFF7BBFB30B39DF80730012B05D175
:1086A000002220460DF10701FFF7B0FBB9F1030FDF
:1086B00006D0314620462BF0C3FD256B854218D3EA
:1086C0000D4D4FF0FF31284600F04CFE4B46002286
:1086D00029462046C5E90376C5F8008002B0BDE80A
:1086E000F047FFF791BD0135C4E7622002B0BDE855
:1086F000F0871C20FAE700BF282000202DE9F04772
:1087000090F8426086B0012E05460391A1EB020766
:1087100015D1B7F5807F28BF03264FF064080024E9
:108720004FF6FF79DFF840A195F84230012B14BFD6
:10873000322364239C420AD35FFA88F415E0B7F52C
:10874000803F34BF012602264FF03208E7E705AB31
:108750002246514628462BF086FF95F84230012BE1
:10876000059B34D14B452DD1E4B295F84230012B15
:108770000CBF64223222121BB24217D3012E39D110
:108780000022012B05978DF8132027D1082205A977
:108790000DF113002CF02CFA9DF81330059A42EAE3
:1087A000032221462846FFF7FFFC40B102232E4951
:1087B00000932846CC23096803AAFFF74DFF06B0B3
:1087C000BDE8F087DBB203B902340134ACE7591CD1
:1087D000CAD09BB2002BF8D10134F6E7102205A9CC
:1087E0000DF113002CF004FA9DF81330059A42EABB
:1087F0000342D6E7039A012B059223D108232022B6
:1088000005A90DF113008DF813302CF0F1F99DF846
:108810001320120221462846FFF7C6FC95F8423085
:10882000611C012BC9B21AD10028BFD12846BDF85E
:108830001420FFF7B9FC0028B8D10234BDF8162087
:10884000E1B2AFE71023202205A90DF113008DF846
:1088500013302CF0CDF99DF813201204DAE700282C
:10886000A4D1059A9EE700BF54200020032A2DE9D9
:10887000F34106460D4617461C4606D1237A012BC6
:1088800023D0012002B0BDE8F081DFF860800968E4
:1088900042460DF10703FFF7D3F960600028EDD1E0
:1088A0009DF80720237A032AE8D0D8F804106A68D4
:1088B0009142E3D1012B2969D4F80CC007D1726928
:1088C0000CEB0103934202D92074207CDAE70831D3
:1088D0006144E1603B46012229463046FFF794FCA3
:1088E00060600028CAD00020CCE700BF282000200C
:1088F0002DE9F341089C032A1746266806D1237AFE
:10890000012B24D0012002B0BDE8F081DFF8908077
:10891000304642460DF10703FFF792F960600028E8
:10892000EDD12568D8F80400A96AD5F844C04840BC
:10893000CCF100031840227AE1D1012A09D1E26882
:10894000D8F8103013447269934202D92074207C05
:10895000D9E72868EB6A1B1A081AB3FBFCF3B0FBD3
:10896000FCF083420BD1706CF36A421E1340326BF1
:10897000121A1344284633632BF068FDE862D8F8D6
:108980001020E36808321344E36001223B460449A7
:108990002068FFF739FC60600028B0D00020B2E703
:1089A000282000202DE9F04F4FF0FF334FF6FF72E3
:1089B0000025044600F10806C0E909238BB0C36214
:1089C0000562056330460F462BF04EFF20462BF024
:1089D00080FC20BB204639462BF0FBFC20462BF0C8
:1089E00078FC20BB5E200BB0BDE8F08FE26B236803
:1089F000606CD2F814C000FB0530052205A9E047E1
:108A000005A82CF0A9F8012828D1294620462BF0EA
:108A1000B1FC421C294620462BF07AFC0135E36963
:108A20009D42E3D320462BF054FC0028D2D00025F1
:108A30004FF0FF394FF6FF73CA46A846C4E9085302
:108A4000E369984514D3A5EB0905012D36D84FF6F7
:108A5000FF72636A934246D16720C4E72CF0A6F800
:108A60000028DBD0294620462BF084FC0246D1E7C3
:108A70002368E26B606C576900FB0830052205A98A
:108A8000B84705A82CF068F8834605A82CF03BF8F9
:108A9000074658462CF085F868B1574538BFC4F8EA
:108AA0002480B94528BFB946BD4238BF3D46BA46C5
:108AB000236A0133236208F10108C1E74FF6FF730F
:108AC00000256362E3699D42C1D2676C2068E36B55
:108AD000052207FB05005B6905A9984705A82CF04E
:108AE00012F80135EEE7E26B676C2068694607FB18
:108AF000030055690522A84768462CF004F8626A0D
:108B00002368606C504D00FB02302CF055F84FF09C
:108B1000FF33A062E3622A466FF00101204605ABF5
:108B2000FFF78EF800284FD1AD6829462046E56250
:108B30002BF0ABFB206320B92046E16A2BF086FCCA
:108B4000E062294620462BF081FC0546A36A9D423F
:108B50003CD16569626CE91C143AB1FBF2F14FF04B
:108B6000000805EBC1050335B5FBF2F5C14602353A
:108B7000E36999453CD3A8455AD22046616A2BF057
:108B8000D8FB0027064604F1400AB84512D8626CAB
:108B90002368694602FB0639E36B05225B69484698
:108BA000984768462BF0AFFF534602464946E06BB4
:108BB0002CF004F8314620462BF0BBFB0137AF42C6
:108BC0000646E2D364200EE7A56AAEE729462046B2
:108BD0002BF05BFB236B29460344074623632046A7
:108BE0002BF034FC0546002FB0D1C4E90B07ADE7EC
:108BF000636C2768052203FB0977E36B05A95B69B2
:108C00003846984705A82BF0A7FF2BF0CAFF60B1A4
:108C100038462BF0D1FF014620462BF036FB636C23
:108C2000143B984208BF08F1010809F101099FE7C8
:108C300030462BF019FE002320461946034AFFF761
:108C4000A9F80020CFE600BF2820002039450308FE
:108C50000023624A2DE9F04117680E46044613606E
:108C600018B921252846BDE8F08190F834500DB39D
:108C700009680268914240F0A98071684268914297
:108C800040F0A480B1688268914240F09F80F16812
:108C9000C268914240F09A8031694269914240F045
:108CA0009580B169C26B914240F0908072691D4617
:108CB0008261D7E750222946D0F8388035F02CF968
:108CC000D6E90212336804F1080023607368C4F81F
:108CD00038806360336963617369A3612BF0D6FDEB
:108CE000B36904F14000E3639B68984794F843201C
:108CF00020B1E561002AB4D05B25B3E7656C002D97
:108D0000F7D06668B6FBF5F3E361002AA9D0B54257
:108D1000F2D82268B2FBF5F105FB1122002A57D1E7
:108D200005FB1363002B53D120462BF09EFAA36959
:108D3000043303449E424DD340F634726369CC3B06
:108D4000934249D8B5F5805FD6D3032120462BF056
:108D5000B5FAD4E90001E36B1B6898470546E36B5D
:108D60000220DB6898471DB1002384F834301DE0F1
:108D700039462046FFF716FE6428054604D13946D9
:108D80002046FFF70FFE0546636C143B002DEBD128
:108D9000226A204602FB03F62BF067FAA36904332C
:108DA00003449E4206D284F834505A25E06B2BF0DF
:108DB0001EFC57E70123D4E90001094A84F8343046
:108DC0001368013313602BF0FBFDEFE75D2549E7E6
:108DD000592547E75A2545E75F2543E78C190020C9
:108DE000881900202DE9FF410F4690461E46054692
:108DF00098B390F8343093B3B1F5801F31D21A4C48
:108E000002212BF05BFA2246394628460DF10F036A
:108E1000FEF716FF024678B1012342460093394619
:108E200033462846FFF718FC0446E86B2BF0DFFBBF
:108E3000204604B0BDE8F0819DF80F30012BEBD146
:108E40002169B142E8D10093414633462846FFF7F5
:108E5000BDF804460028DFD1E7E72124E8E7112424
:108E6000E6E72924E4E700BF542000202DE9FF4174
:108E70000C4616461F46054680B390F834307BB347
:108E8000B1F5801F2ED2DFF8608001212BF016FA99
:108E90002146424628460DF10F03FEF7D1FE044657
:108EA00070B99DF80F30012B11D1D8F81030BB42AA
:108EB00012D10246009031462846FFF787F8044653
:108EC000E86B2BF094FB204604B0BDE8F081022B48
:108ED00014BF2D246024F3E76324F1E72124F2E793
:108EE0001124F0E72924EEE7542000202DE9F04377
:108EF00085B00C4617461E460546DDF8308098B30F
:108F000090F8343093B3B1F5801F31D2DFF864901C
:108F100001212BF0D3F921464A4628460DF10F03D3
:108F2000FEF78EFE044688B99DF80F30012B14D150
:108F3000D9F8102006EB08039A4213D30090434659
:108F4000324639462846FFF741F80446E86B2BF0D5
:108F50004EFB204605B0BDE8F083022B14BF2D2444
:108F60006024F3E76324F1E72124F2E71124F0E71A
:108F70002924EEE75420002070B586B00E46054641
:108F80000392A0B390F834309BB3B1F5801F32D276
:108F900002212BF093F931462846184A0DF11703A8
:108FA000FEF74EFE044618B99DF81730032B0ED17C
:108FB0000223314600932846CC2303AAFFF74CFB3B
:108FC0000446E86B2BF013FB204606B070BD022B65
:108FD0000BD10A4928462BF068FB039902468142CF
:108FE000EFD02846FFF78AFBEAE76124E9E721246E
:108FF000EAE71124E8E72924E6E700BF542000202F
:1090000073B50C461646054630B390F834302BB392
:10901000B1F5801F24D201212BF050F921462846BA
:10902000104A0DF10703FEF70BFE044680B99DF8C8
:109030000730032B0CD0022B0CD1284609492BF00A
:1090400034FB3060E86B2BF0D2FA204602B070BDE2
:109050002D24F7E76124F5E72124F6E71124F4E74E
:109060002924F2E754200020F7B50C4616460546A1
:1090700068B390F8343063B3B1F5801F2BD202216E
:109080002BF01CF921462846144A0DF10703FEF780
:10909000D7FDC0B99DF80730032B14D0022B14D193
:1090A0000E4928462BF001FB471C0246394628464C
:1090B000FFF724FB044606B13760E86B2BF097FA04
:1090C000204603B0F0BD2D24F7E76124F5E7212405
:1090D000F6E71124F4E72924F2E700BF542000202A
:1090E0002DE9F3411F4600230C46164605463B601A
:1090F00050B390F834304BB3B1F5801F28D2DFF86D
:10910000548001212BF0DAF82146424628460DF121
:109110000703FEF795FD0446A0B99DF80730032B21
:1091200010D0022B0AD10123336004233B60E86B8B
:109130002BF05DFA204602B0BDE8F081D8F810307F
:109140003060F3E72D24F2E72124F3E71124F1E75F
:109150002924EFE75420002030B50C46054685B0A1
:1091600028B390F8343023B3B1F5801F23D2022105
:109170002BF0A4F80DF10F03214628460F4AFEF705
:109180005FFD034688B99DF80F20032A0DD0032206
:109190002146009202462846FFF75EFA0446E86B35
:1091A0002BF025FA204605B030BD2D24F7E7212409
:1091B000F8E71124F6E72924F4E700BF5420002043
:1091C0002DE9F043466886B3056898464FF0000CD9
:1091D000A946AE4655F83C400CF1010CC4F3130708
:1091E000013401D0B94217D066450EF1080EF1D115
:1091F0002F46002403E0A64207F1080712D055F8D5
:10920000343001340133F6D1C1F3130141EA08517E
:10921000C7E90012BDE8F08341EA0851CEE9001227
:10922000BDE8F083B8F1030F03D101230372BDE859
:10923000F083002303E09E4209F10809F5D055F8B8
:1092400033400133C4F30754032CF4D1C1F31303A7
:1092500043EA0853C9E90032BDE8F0832DE9F04143
:109260000646406882B0C0B10F469046002433687D
:1092700053F8345003EBC403C5F30752C5F313018D
:10928000013504F1010406D05B683046CDF800805A
:10929000B84710B170688442E9D302B0BDE8F081EC
:1092A000024B1968024B1868FFF7D2BC48440020F3
:1092B0006844002008B537F045F8014B186008BD38
:1092C00080200020014B186837F037B8802000203C
:1092D00073B504462248012A00EAC1119DF81850CE
:1092E00023F07C4007D9961E012E28D9073303F0BE
:1092F0007F03194308E09DF81C300A43DB0603F0A6
:10930000C053134343F060410023C4E900108DF8BB
:109310000730B5B1202221460DF107002BF068FC83
:109320001A220DF10700211D2BF062FC0820636852
:109330009DF8072043EA8263636002B070BD114369
:10934000E2E71B220DF1070021462BF051FC2368B8
:109350009DF80720042043EAC2632360EDE700BFC5
:1093600080FFFF0738B5094B0D461A6800210446F7
:1093700034F0D2FD00234FF0FF322383C4E90025EF
:109380002361A260E382A37638BD00BF20090408F0
:109390000138C0B205289ABF014B185C0120704704
:1093A000250904082DE9F0410746154600240E461C
:1093B000596888B0490A012922464FEA510104F14F
:1093C0000104F8D8DC78997824031B88C90201F4D9
:1093D000006104F480540C43C3F30A035203234492
:1093E00092B24FF000089C18274B6FEA0444039395
:1093F00025F07843ED4302A90DF107001B220293EB
:109400008DF807802BF0F4FB9DF80720029B02A942
:1094100043EAC2630DF107001B2225F0784504934F
:1094200002958DF807802BF0E3FB9DF80720029B47
:109430006FEA144443EAC26305934FF0FF33079485
:10944000069307A9BB69012206F110009847BB6982
:1094500005A90446012206F108009847BB6940456A
:1094600018BF044604A90122301D98470122404537
:1094700018BF0446BB69304603A99847404508BF5A
:10948000204608B0BDE8F08101009AB2044BD3F841
:109490008420D206FBD4D3F88400C0F38110704737
:1094A0000040005038B5174B0546D3F828310C461C
:1094B00003F00703013B052B20D8DFE803F003137B
:1094C0001B0F0B1734F04CFD052305B1286004B1C8
:1094D000236038BD34F044FD0623F6E734F08AFDFE
:1094E0000723F2E734F07CFD0323EEE734F078FD48
:1094F0000423EAE734F070FD0223E6E70023184670
:10950000E3E700BF00800050002337B50193164BFE
:109510000546D3F820320C4603F00703042B21D86C
:10952000DFE803F0030B11161B0001230DB1019AB4
:109530002A6004B1236003B030BD002101A8FFF709
:10954000B1FF1223F2E734F055FD07230190EDE758
:1095500036F0EDFE0A230190E8E734F093FD09238D
:109560000190E3E70023E1E70080005038B5104B9D
:109570000546D3F880300C4603F00303022B0BD0D2
:10958000032B0DD0012B0FD134F0F0FC0E2305B1CD
:10959000286004B1236038BD34F02CFD0723F6E7C2
:1095A00034F0DEFC0623F2E700231846EFE700BFA5
:1095B0000080005038B5104B0546D3F800310C46FA
:1095C00003F00303022B0BD0032B0DD0012B0FD183
:1095D00034F006FD032305B1286004B1236038BDD3
:1095E00034F050FD0923F6E734F000FD0823F2E7DC
:1095F00001230020EFE700BF0080005038B5184B72
:109600000546D3F820010C4600F00700062823D8B1
:10961000DFE800F0040A0E16121A1E00012305B13D
:10962000286004B1236038BD34F09AFC0523F6E7C6
:1096300034F0D6FC0323F2E734F0DCFC0723EEE73A
:1096400034F0CAFC0223EAE734F08AFC0623E6E79A
:1096500034F0C6FC0423E2E700231846DFE700BF2E
:109660000080005038B5104B0546D3F840310C4609
:1096700003F00303022B0BD0032B0DD0012B0FD1D2
:1096800036F055FE0A2305B1286004B1236038BDC9
:1096900034F0F8FC0923F6E736F04CFE0C23F2E731
:1096A00001230020EFE700BF00800050002337B502
:1096B0000193164B0546D3F860320C4603F00703BE
:1096C000013B032B1FD8DFE803F0020E1914002121
:1096D00001A8FFF793FF10230DB1019A2A6004B18E
:1096E000236003B030BD002101A8FFF7BBFF1123A9
:1096F000F2E734F07FFC07230190EDE734F06CFCD7
:1097000002230190E8E70023E6E700BF0080005055
:10971000002337B50193164B0546D3F894320C4617
:1097200003F00703013B032B1FD8DFE803F0020E11
:109730001914002101A8FFF761FF10230DB1019A50
:109740002A6004B1236003B030BD002101A8FFF7F7
:1097500089FF1123F2E734F04DFC07230190EDE778
:1097600034F03AFC02230190E8E70023E6E700BF6B
:109770000080005038B5104B0546D3F860310C46D8
:1097800003F00303022B0BD0032B0DD0012B0FD1C1
:1097900036F0CDFD0A2305B1286004B1236038BD41
:1097A00034F070FC0923F6E736F0C4FD0C23F2E731
:1097B00001230020EFE700BF008000502E4B9842AD
:1097C0004AD022D82D4B984240D014D82C4B9842E6
:1097D00039D00AD82B4B984232D02B4B98422FD0FD
:1097E0002A4B98422CD000207047294B9842FAD13E
:1097F000284B186F7047284B98422AD0274B984225
:10980000F1D1244BD3F880007047254B98422BD0E0
:1098100009D8244B984223D0234B9842E3D11D4BC7
:10982000D3F88C007047214B984221D003F5740384
:1098300003F510539842D6D1164BD3F898007047D1
:10984000144B986D7047134B586E7047114B586FFF
:109850007047104B986F70470E4BD3F884007047D9
:109860000C4BD3F8880070470A4BD3F89000704730
:10987000084BD3F8940070470048E8010024F40036
:10988000C0CF6A0080841E0000093D0040420F00E6
:10989000405DC6000080E00FC0EA210180BA8C0163
:1098A000007E560380D54302006CDC020090D0039A
:1098B00073B50D460021114B0191D3F88041064646
:1098C00004F00304022C13D0032C0CD0012C13D170
:1098D00001A8FFF793FE10240EB1019B336005B180
:1098E0002C6002B070BD34F085FB07240190F3E7D3
:1098F00034F072FB0190EFE70C46EDE7008000507A
:1099000038B5104B0546D3F840320C4603F003033C
:10991000022B0BD0032B0DD0012B0FD136F007FDFE
:109920000A2305B1286004B1236038BD34F0AAFBD6
:109930000923F6E736F0FEFC0C23F2E701230020B2
:10994000EFE700BF0080005038B5144B0546D3F850
:1099500000020C4600F0070004281BD8DFE800F0E6
:1099600003090D111500012305B1286004B123601E
:1099700038BD36F0DCFC0A23F6E734F083FB09231C
:10998000F2E736F0D7FC0C23EEE734F00FFB0F23A1
:10999000800AE9E700231846E6E700BF0080005090
:1099A00038B5144B0546D3F808020C4600F0070002
:1099B00004281BD8DFE800F003090D11150001236E
:1099C00005B1286004B1236038BD36F0B0FC0A232D
:1099D000F6E734F057FB0923F2E736F0ABFC0C2333
:1099E000EEE734F0E3FA0F23800AE9E70023184694
:1099F000E6E700BF00800050B0F5207F1FD009D8F7
:109A0000B0F5007F15D003D868B1B0F5C07F0AD09B
:109A100000200CE0B0F5607FFAD10B4BD3F880004A
:109A2000C0F3011003E0084B186FC0F3033001309E
:109A30007047054BD3F89000C0F30460F7E7024B82
:109A4000186FC0F38020F2E70080005002464FF408
:109A50008030104B10B598660020FFF7CDFF5043C3
:109A600041F671320C4BDC69DA635A6804F48034D5
:109A700022F4401259B90949884294BF00200120BC
:109A8000000502435A600CB10022DA6310BD04499C
:109A9000F2E700BF0090005000000350005A62023D
:109AA000002D3101430905D0012B0CD0022B084BAE
:109AB00018BF002300F01F0039B103F580530122C5
:109AC00082401A607047034BF4E703F50053F6E752
:109AD00068800050648000501FB50021B0F5807F81
:109AE0000446CDE9001100F0D2803AD85E2833D880
:109AF0005E2833D8DFE800F045323232323232327B
:109B00003232323232323232323232323232323235
:109B1000323232323232323245AC45ACBCBCBCBCE3
:109B2000BCACC64E6BDC4EACACAC323232323232F4
:109B30003232ACACAC7EE6AC32323232323232321D
:109B40003232323232BC454545E14E4EEB8D63C177
:109B500032323232329E4500802870D0009804B0F4
:109B600010BDB0F5D06F00F0A38035D8B0F5607FA0
:109B700079D01AD8B0F5007F65D005D8B0F5C07F90
:109B8000ECD134F013FA5CE0B0F5207F60D0B0F592
:109B9000407FE3D134F00AFA02464FF42070FFF719
:109BA0002BFFB2FBF0F252085BE0B0F5B06F69D06A
:109BB0000AD8B0F5806F5BD0B0F5A06FCED1002190
:109BC0006846FFF7A1FCC9E7B0F5C06FC6D1002118
:109BD0006846FFF747FDC1E7B0F5106F6DD00ED8AE
:109BE000B0F5086F78D0B9D8B0F5E06F6AD0B0F5AD
:109BF000F06FB3D100216846FFF7BCFDAEE7B0F5CA
:109C0000406F3AD013D8B0F5206F60D0B0F5286F10
:109C1000A4D10021324B0391D3F8703203F0030337
:109C2000012B02D103A8FFF71DFD039B39E0B0F51E
:109C3000486F93D100216846FFF76AFD8EE734F044
:109C400095F900908AE734F091F90246204604E045
:109C500034F0ACF902464FF42070FFF7CDFEB2FBB2
:109C6000F0F200927AE701A8FFF780FC019AEDE795
:109C700000216846FFF7C2FC70E700216846FFF745
:109C800011FC6BE700216846FFF712FE66E74FF014
:109C9000E02302911B695B0705D534F087F9029038
:109CA000029B00935AE703A902A8FFF7DBFCF7E742
:109CB00000216846FFF748FE50E700216846FFF79D
:109CC0006FFE4BE700216846FFF71AFE46E70021CA
:109CD0006846FFF7EBFC41E76846FFF76BFC3DE7A2
:109CE0000080005008B58020FFF7F6FE034B984235
:109CF0009EBF4FF48032024B1A6708BD005A6202C1
:109D000000A000501FB503460020B3F5807F0190EE
:109D100000F0C58065D85D2B56D84C2B07D82D2B6D
:109D200048D8232B2CD8019805B05DF804FB4D3B97
:109D3000102BF8D801A252F823F000BF959E00081E
:109D4000279D0008279D0008279D0008439E0008C6
:109D5000279D0008279D0008EF9E0008619E0008CF
:109D6000079E0008E59E0008279D0008279D000823
:109D7000279D0008279D0008279D0008F99E0008E0
:109D8000243B092BCFD801A252F823F0959E00085E
:109D9000959E0008959E0008959E0008959E0008D7
:109DA000279D00088B9E0008279D0008239E000821
:109DB000CB9E00083D2B00F083803E2BB3D10020CA
:109DC00001A9FFF79DFDAEE7802BACD1504B1B6F77
:109DD00003F00703013B032BA5D8DFE803F0544D44
:109DE0005052B3F5F06F6BD020D8B3F5B06F4CD0B4
:109DF0000ED8B3F5607F71D095D3B3F5806F49D09D
:109E0000B3F5A06F8FD1002001A9FFF77DFB8AE792
:109E1000B3F5D06F59D0B3F5E06FD0D0B3F5C06FC4
:109E200081D1002001A9FFF71DFC7CE7B3F5206F6D
:109E30005DD00BD8B3F5086F4CD0B3F5106F7FF43D
:109E400072AF002001A9FFF7ABFD6CE7B3F5406FDF
:109E500048D0B3F5486F4FD0B3F5286F7FF463AFA8
:109E60002B4BD3F8703203F00303012B49D0022BA4
:109E70000CBF1523002300E00523019353E70323C0
:109E8000FBE70823F9E70223F7E7002001A9FFF722
:109E90000FFD48E7002001A9FFF7B0FB43E74FF0B3
:109EA000E02302901B695B0705D534F07FF80D2392
:109EB0000393039BE1E703A902A8FFF7D3FBF8E7AD
:109EC000002001A9FFF756FC2DE7002001A9FFF7AC
:109ED0003BFD28E701A9FFF76DFB24E701A9FFF788
:109EE00045FB20E7002001A9FFF7DCFA1BE7002073
:109EF00001A9FFF7DBFB16E7002001A9FFF708FC2B
:109F000011E7002103A8FFF7ADFB1123B5E700BF60
:109F1000008000504FF48032074B0849586E03F51B
:109F200080535A664B6A23F001034B62C3035CBF44
:109F3000034B5A66704700BF0080005000C00750B6
:109F400000A0005038B504468020FFF7DBFE032850
:109F500000F083804FF48012524B4FF0A0615A669C
:109F600045F60E02504BC3F88020504A91624FF4E0
:109F7000803102F5805291629A6DD203FCD4996DC2
:109F800011F08041FBD1D4E90002120542EA0062DF
:109F9000E07B0243207B42EA0042607B42EA0032DF
:109FA000A07B42EA80121A619869D4E90452120631
:109FB00042EA856200F000400243A07EE57E024353
:109FC000207E42EA0042607E42EA00229A611A6ADA
:109FD000E06922F00F0242EA8502354D00283DD1AA
:109FE0001A6294F82420996A94F82000D20029403B
:109FF00042EA40120A4394F8211042EA011242F464
:10A0000080329A622B49284A936D31EA0303FBD1CF
:10A010004FF08071254881621369A56823F47003AD
:10A0200043EA055313614FF00043836194F82230F3
:10A030000BB9214B996294F823303BB94FF480322D
:10A040001D4B9A62184A936D5B00FCD494F825303E
:10A050001BB1154B194AC3F8802038BD024342F0AA
:10A06000080202281A6208D119614FF40852996156
:10A0700013484FF47F412AF0D9FD0B4994F8223060
:10A080008A6A94F820001B062A4043EA40131343CF
:10A0900094F8242043EAC20394F8232043EA0243BD
:10A0A0008B62D3E7009000500040005A0050005AE5
:10A0B000C7FFFEFE030001000060005AF1A7FFFF8A
:10A0C0003440005A014B93F900007047BA49002010
:10A0D000014B1880704700BF784900204FF4800280
:10A0E00008B5184B5A660223174A5360936813F455
:10A0F0008033FBD1012822D133F072FF134B9842F9
:10A1000015D003F5122303F5F863984213D0104BD2
:10A1100000EB8002400AB3FBF0F3520A0A49CA621C
:10A120000B6301234B620022074B5A6008BD45F6C2
:10A130007A13084AF2E745F61A03074AEEE7536234
:10A14000F1E700BF009000500040025000F04902CB
:10A1500064666666D8B80500BBCF0500B0F5207F01
:10A1600010B50C465DD008D8B0F5007F4ED003D8AE
:10A17000C0B1B0F5C07F15D010BDB0F5607FFBD188
:10A180002C4B4C1ED3F8FC202B4912F0807F4FEA59
:10A19000041427D1D1F8803023F030032343C1F8D1
:10A1A0008030E9E72AF051FD2AF05DFD4FF480315F
:10A1B000224B214A1967136F013C23F4704343EA91
:10A1C0000433136733F0F2FE0446FFF75FF9C0F182
:10A1D000020120462AF041FD00F04AF8BDE8104097
:10A1E000FFF780BDD3F8FC2022F08072C3F8FC207A
:10A1F000D1F8802022F030022243C1F88020D3F829
:10A20000FC2042F08072C3F8FC20B5E70A4A4C1EDD
:10A21000D2F8903023F0F85343EA0463C2F8903048
:10A22000AAE7054A4C1E136F23F4806343EA842394
:10A230001367A1E700ED00E000800050009000509F
:10A2400008B50121022000F095F94FF42070FFF7C6
:10A25000D3FB054B18702AF0F8FC2AF004FD4FF4EC
:10A260008032024B1A6708BDE63B00200090005088
:10A2700008B54FF4C070FFF72FFCBDE80840044953
:10A28000884294BF012102214FF42070FFF766BF7E
:10A2900080F0FA0238B5044633F088FE0546FFF731
:10A2A000F5F8C0F1020128462AF0D7FC0121002070
:10A2B00000F0A0F92CB1FFF7DBFFBDE83840FFF755
:10A2C00011BD034B4FF420701978FFF747FFF4E7F7
:10A2D000E63B00204FF4C02270B50546FFF76EFA4A
:10A2E000314B04465A6603F598335A68012A04D163
:10A2F0002E494A605A689207FCD48020FFF702FD7D
:10A30000052807D12AF0A1FC2AF0ADFC4FF48032D9
:10A31000254B1A67264B24F040749D4230D0254BC4
:10A320009D4230D033F01CFE8542064603D9012100
:10A33000284600F05FF9204BDA6812F0060FFBD1D7
:10A3400099689C609A68624012F4F81F1ED12846F2
:10A35000FCF7F4FD8020FFF7D5FC05280DD133F084
:10A3600025FE0446FFF792F8C0F1020120462AF0CC
:10A3700074FCFFF77DFFFFF7B5FCAE420CD270BD59
:10A3800044F00074CEE744F08074CBE780209960FD
:10A39000FFF7B8FC052805D0BDE87040012100207A
:10A3A00000F028B93546DAE70090005000E001508F
:10A3B00040420F0080841E0000000150304B314AA3
:10A3C000984251D020D8A3F5B703A3F5586398421B
:10A3D00046D00DD82C4B984231D02C4B984239D0D6
:10A3E0002B4B4FF4002198421DD00023516622E0F0
:10A3F000284B4FF400219842F7D1274BD3F8BC30BB
:10A40000516623F0407316E0244B984230D0244B21
:10A41000984231D0234B4FF400219842E5D11E4B96
:10A42000D3F8C830ECE71C4BD3F8A030516623F0CA
:10A43000407343F000734FF0B442936070474FF4A1
:10A440000021154BD3F8A030516623F0407343F040
:10A450008073F0E7104BD3F8A0304FF40021CFE722
:10A460000D4BD3F8B830F8E70B4BD3F8C030F4E716
:10A47000094BD3F8CC30F0E7074BD3F8D030ECE7FA
:10A48000C0EA21010090005080841E0000093D00B8
:10A4900040420F000024F4000080E00F0048E80173
:10A4A000005A620280BA8C01024A536B0342FCD10B
:10A4B000704700BF00400950044A4178536F23F4AD
:10A4C000407343EA01235367704700BF00400050C8
:10A4D0000E4A10B51369044643F00403136134F0C7
:10A4E000F3F92AF0C5FB0A4B5B6E5B0142BF094BD7
:10A4F000094AC3F8202430BF2AF0BBFB04F06AFCF1
:10A500001CB9BDE8104033F051BD10BD00ED00E0B6
:10A510000080005000E003500000FF0F0C4A10B50F
:10A520001369044643F0040313610A4B5B6E5B013D
:10A5300042BF094B094AC3F8202434F0C5F930BFA3
:10A5400004F048FC1CB9BDE8104033F02FBD10BD2D
:10A5500000ED00E00080005000E003500000FF0F1D
:10A56000034A0179D36E23F030030B43D36670475F
:10A5700000400050F8B504461C4BD3F88420D106A7
:10A58000FBD4D3F88430C3F381139C422CD033F036
:10A59000EDFC012C064602D121462AF05EFB35F087
:10A5A000D1FE4FF00072124B07465A6620462AF041
:10A5B00063FB4FF480630D4D621E93402B676B6EFF
:10A5C0009A0103D4D5F884309B060AD5384635F075
:10A5D000B4FE022C08D13046BDE8F84000212AF034
:10A5E0003CBBD5F88430EAE7F8BD00BF004000501E
:10A5F0000060005010B50C4608B933F0B7FC074BAB
:10A6000021461B783BB1064B984204D80120BDE897
:10A610001040FFF7AFBF0220F9E700BFE73B002083
:10A62000005A62020278034B012100201A70FFF7E2
:10A63000E1BF00BFE73B00204FF0004238B5244B9C
:10A64000244C5A664AF6CD33656C014605F0010587
:10A65000236428BB0120FFF727FF6368DB0715D5BC
:10A660001D4B586008461D4B226BD2070CD49842F4
:10A6700008D1072415B1174B194A1A642EF00FF9A7
:10A68000204638BD0130EFE79842F2D00024F1E7D0
:10A690000132236B13F0080305D08A42F8D1E8E7B2
:10A6A00000220E49F5E78A42E3D020210A4A91624E
:10A6B0000121A2F5805251600649084A886A800645
:10A6C00003D49342D5D00133F8E79342DDE700BFCE
:10A6D00000900050004009500060095040420F00B7
:10A6E0003254FFFF4FF0004238B5164B01465A6610
:10A6F0004AF6CD33144C154A656C236443780B201D
:10A700005B0043F00103D363FFF7CEFE63688A78F2
:10A7100023F4F87343EA02136360CA784B7943EA7F
:10A720000223A3600A798B7943EA02232361087824
:10A73000FFF782FFEB0744BF054B23642EF0AFF811
:10A74000012038BD009000500040095000400050EA
:10A750003254FFFF4FF00042124B70B55D6E03F5AF
:10A7600080535A664AF6CD3304460F4980204E6C1A
:10A770000B64FFF799FE0B6A23F00F030F2C94BFB5
:10A78000234343F00F030B62F30744BF074B0B64F3
:10A79000002DA2BF4FF00042054B5A662EF07FF805
:10A7A00070BD00BF00800050004009503254FFFFD0
:10A7B00000A000504FF00042104B70B55D6E03F5E5
:10A7C00080535A664AF6CD3304460D4980204E6CBC
:10A7D0000B64FFF769FE0B6A23F4F85343EA042382
:10A7E0000B62F30744BF074B0B64002DA2BF4FF071
:10A7F0000042054B5A662EF052F870BD00800050A2
:10A80000004009503254FFFF00A000502DE9F041F4
:10A8100005460F461E4690464AB101233022194C88
:10A820008B4002FB004436B304F5825423600F21B1
:10A83000072F05EB450388BFA7F108044FEA031370
:10A84000114895BFBC00A40004330C3308FA04F28D
:10A85000A14018442AF011FAB8F1000F09D10123E0
:10A860003021084ABB4001FB05223EB102F582526D
:10A870001360BDE8F08104F50154D7E702F50152F9
:10A88000F6E700BF00C0035030C0035010B51520DC
:10A8900002F00EF80024FF22064B21465C652020C2
:10A8A0009A625C60FFF7FEF82146BDE81040212067
:10A8B000FFF7F8B800000450044A054B002908BF10
:10A8C0001346012282401A60704700BF40100450B6
:10A8D0004020045010B5012104462020FFF7E2F883
:10A8E00001212120FFF7DEF80122114B15205A60CB
:10A8F000227812069A606178A27842EA01429A614F
:10A90000FF229A6200229A631A644FF000425A654D
:10A910004FF0FF3203F500531A6501F0F7FF1520E1
:10A92000E1782BF046F8BDE81040152001F0D2BFC9
:10A9300000000450F8B50125C3B2D1F800E091F849
:10A940000AC00F7B0C469D40CB7A1D491D4E0D65FC
:10A95000810001F1A04101F58821C1F804E04FF028
:10A96000300E0EFB00601B05617B43EA0C4343EA9B
:10A97000475322F003020166C365026735F0EFFC1E
:10A98000114B5D65237A13B1336C2B433364637AC7
:10A9900013B1B36B2B43B3632279A37943EA024328
:10A9A000074A93616179E37943EA014306498B6180
:10A9B000044B55639D64BDE8F84035F0CBBC00BF47
:10A9C00000200450000004500010045010B5012471
:10A9D000C0B2844035F0C3FC044B5A6D22EA040235
:10A9E0005A659C62BDE8104035F0B4BC00000450CC
:10A9F00010B50124C0B2844035F0B1FC074BDA6ACF
:10AA0000224208D15B6B9C430CBF0124002435F02B
:10AA1000A1FC204610BD0024F9E700BF000004504F
:10AA200070B5054635F09BFC3022084B5E6B02FB8F
:10AA300005335C6E35F08EFC0123EDB2AB40334242
:10AA40000ABFC4F30A100020013070BD000004509A
:10AA50004FF48032054B9A6641F6713203F51C3390
:10AA6000DA63012203F50053DA607047009000506A
:10AA700041F671320121064BDA6303F50052D160D1
:10AA80000022DA634FF48032A3F518339A667047D8
:10AA900000000350013831289ABF024B185C002097
:10AAA000704700BF2B09040838B5C2F306250446D9
:10AAB00002F0070241B942EA052242F4402206347C
:10AAC000074B43F8242038BD114628462AF0E4F805
:10AAD00002462846FFF7DEFF163442EA0022EFE77F
:10AAE00000800350044B1868421C02BF034AD2F88E
:10AAF00094001860704700BF6C4400200040005074
:10AB00004FF48032064B5A6603F5E6239B69C3F384
:10AB10008512827003F03F021B0B42700370704776
:10AB2000009000500120034B9B680A3303F01F0381
:10AB3000984070470080E00F70B5054616461C46E9
:10AB400021B94FF42070FEF7C7FF0146402C1BD0FF
:10AB500003D8DCB1202C1BD070BD602CFCD10423A9
:10AB600003FB06F2530803EB4113B3FBF2F3094A6C
:10AB7000203B02EAC303AA6822F06002AA60AA6826
:10AB80001443AC60EB61E7E70623E9E71023E7E74E
:10AB90000823E5E7F8FF7F00012100F5805310B599
:10ABA000596040F6AA6341F2050243610023094C53
:10ABB0008360C365C26000F500520361C361C36472
:10ABC0009464054C8365A04204BF036543655160EE
:10ABD00010BD00BFFFFF010000C0055070B50D465D
:10ABE000FFF7DAFF012300F580567360AB7C044663
:10ABF0001BB1836843F080438360EB7C5BB1244BE3
:10AC00009C4202BF2A7DA3F51033C3F8C821E36D2F
:10AC100043F08003E3652A8A6B7B20461343EA896D
:10AC20001343E3602B7BD5E90112FFF785FF6B7DB2
:10AC30001BB1A36843F48033A360AB7D1BB1A36851
:10AC400043F40043A360EB7D2A7E1B07120502F448
:10AC5000E00203F0E0431343A3656B7E9A1E012AD2
:10AC60004FF0020209D80B49032BC1F8202709D164
:10AC70000423F3652B78636170BD0749012BC1F88C
:10AC80002027F4E7042204F50053DA65F2E700BF59
:10AC900000C0055000D0035000E00350012243786B
:10ACA00001789A4030235943014B5A50704700BFF6
:10ACB00040E00350034BD3F82424D3F82004104081
:10ACC000704700BF00C003502DE9F8431F4B0546F5
:10ACD000D3F810334B1E0E2B0E461746047890F80F
:10ACE000018026D951B34FF0000928461FB333F035
:10ACF0003DFA0F21B8F1070F04EB440488BFA8F117
:10AD000008084FEA0414124895BF4FEA88084FEA32
:10AD1000880804340C3409FA08F201FA08F12044D6
:10AD20002AF040F886B9284657B1BDE8F84333F019
:10AD30001DBA8946D9E7FFF7B1FFDAE78946D8E7B8
:10AD4000BDE8F843FFF7AABFBDE8F88300C0035091
:10AD500030C00350054B9A689107FCD45A6892079B
:10AD6000F9D4DA69002AF6D1704700BF00800A5092
:10AD700008B533F007FA0222014B1A6108BD00BF83
:10AD800000800A5008B5FFF7E5FF0122024B03F5EA
:10AD900080514A601A6108BD00800A5008B5044B12
:10ADA0005968012903D1FFF7E3FF024B596008BD41
:10ADB00000800A5000A00A5010B5064CFFF7CAFFE9
:10ADC0006368012B03D1FFF7E9FFFFF7C3FF0378A7
:10ADD000E36010BD00800A50B8B94A680B7812B120
:10ADE000127843EAC2034A7843EA42038A6812B1FE
:10ADF000127843EA82138A7843EA8203CA6812B15E
:10AE0000127843EA4223014A9364704700800A5053
:10AE100070B504462DF088FD064630B90FCC044DC0
:10AE20000FC594E8030085E80300304670BD00BFFD
:10AE30008420002047F6FF739A42F0B56FD00229B4
:10AE40006FD8394B5B5C012B6BD8384DDF0005EBBD
:10AE5000C30415F83330A178012B13D10025E07815
:10AE6000401AA84202D80844C0B2F0BD431B66682D
:10AE7000A0EB530336F913609642D4BF1D4603F18D
:10AE8000FF30EEE760680028EFD0B0F90040944250
:10AE900004DBB0F902409442B8BF144683883D44B5
:10AEA000FF2B19BFC8224FF0280CB0F90620B0F9CB
:10AEB00008C0A2EB04030CBF0126002693FBFCF3A1
:10AEC00033446E781BB29E4201DD002B01DA731E03
:10AED0001BB24FF47A7C01339BB2071D5D1E2DB26D
:10AEE0004FEAC50E00EBC505EA88AD689E4214FB2B
:10AEF000025222EAE27202F15C02B2FBFCF204DDD1
:10AF000037F8335001339542E8D200EB0E039888AE
:10AF1000904228BF1046884238BF0846A4E7FF2069
:10AF2000A3E70020A1E700BF5D09040884200020FA
:10AF30000229F0B555D82C4B585C012851D82B4C20
:10AF400004EBC00114F830004B6801280FD1C87819
:10AF50008C78904294BFC4EB0001C4EB0201001B4B
:10AF6000CAB28242C8BF002233F91200F0BD002BE2
:10AF700037D08878904202D3B3F90200F6E7CC7854
:10AF8000B3F900009442F1D94C789988013CA1F1C1
:10AF9000FF06714203F10405E4B2714103F10C07AD
:10AFA000CEB2B44216D805EBC1014FF47A756A43AC
:10AFB000B1F902404968521A04EBD47102EB610204
:10AFC00092FBF4F29042D1DBB3F902009042CDDC67
:10AFD00010B2CBE737F831C04E1C9445E3D331466D
:10AFE000DEE70348C2E700BF5D09040884200020B3
:10AFF0000080FFFF08B50448FFF70AFFBDE80840DE
:10B0000001202DF097BC00BF600904082DE9F04134
:10B010008CB08846DDE912761D460446002847D0EC
:10B02000002945D0002F43D0002E41D013F00F034C
:10B030003ED120482049A360002A08BF0146E361B1
:10B04000C4E90013404609A929F0EDFF68BB20467A
:10B05000099935F08AF92946204635F086F969467E
:10B06000404600F0F7FA00BB694620462AF094F902
:10B07000404603A92AF0D6F8B8B9204603A92AF019
:10B080008BF906970127204645F0005506A907973A
:10B0900008952AF081F9204609A909960A970B9587
:10B0A0002AF084F9204633F0B7F80CB0BDE8F081FF
:10B0B0002120FAE700010004000101042DE9F04F0E
:10B0C00097B0894690461F460546DDF880A00028C7
:10B0D00000F0BB80002900F0B8803AB1229B002B21
:10B0E00000F0B380239B002B00F0AF80BAF1000F7B
:10B0F00000F0AB80219B002B00F0A78067B13C687B
:10B100000026229B43440293464507D307B13C6087
:10B11000002017B0BDE8F08F3C46F1E75CB1229B00
:10B12000219A9B5D125D01345340239A04F00F0471
:10B1300093550136E8E7A8EB060BBBF10F0F58D982
:10B14000434B4846C5E90034AC60EC6113A929F0D3
:10B150006AFF0028DDD1284613992BF00F0B35F03C
:10B1600004F95946284635F000F9484604A900F08C
:10B1700071FA0028CDD1284604A92AF00DF94846D5
:10B1800007A92AF04FF80028C3D1284607A92AF0BA
:10B1900003F9012322992F4ACDF828A00B930C9292
:10B1A0008A190D9228464BF000520AA90E93039279
:10B1B0000F922AF0F1F828460DA92AF0EDF8239B0A
:10B1C000039A99190123109111931292214A28464A
:10B1D00010A9CDF84CA0149315922AF0E7F8284650
:10B1E00013A92AF0E3F8284633F016F85E44002845
:10B1F0008FD1229B03EB060B239B1E44029B5B45D6
:10B2000001D1464680E7ACB9219B2246CDE900A397
:10B21000494610232846FFF7F9FE00287FF479AF4E
:10B220000AF1100212F8013D0133DBB213700BB9C1
:10B230005245F7D1219A1BF8013B125D013453406E
:10B2400006F8013B04F00F04D8E7212061E700BFB6
:10B2500003030004100000202DE9F04F97B0894649
:10B2600015469A460446209FDDF88880DDF890B0A8
:10B27000269E002800F09D80002900F09A80002E74
:10B2800040F08A80002B00F09480B8F1000F0AD0C3
:10B29000219B002B00F08D80002A40F09F80F10759
:10B2A00000F1878002E0002A40F08580FB1F062B1A
:10B2B0007FD8524B0BEB05029A427AD80023504AB2
:10B2C0004846C4E90023A360E36113A929F0ABFE5B
:10B2D00000285ED12046139935F047F8204646EA0B
:10B2E000074135F042F84146204635F03EF8294600
:10B2F000204635F03AF8484601A900F0ABF900289D
:10B3000047D1204601A92AF047F8484604A929F068
:10B3100089FF00283DD14FF00109204604A92AF0F9
:10B320003BF8239B45F000550793219BCDF82090D7
:10B33000204609950DA90A9347F0005748F000539D
:10B34000CDF82C900C93CDF834A0CDF838900F9711
:10B350002AF022F820460AA92AF01EF8204607A95A
:10B360002AF01AF8259B204610A946F00056CDF881
:10B3700040B0CDF8449012951393CDF850901596A7
:10B380002AF014F8204613A92AF010F8204632F0CB
:10B3900043FF17B0BDE8F08F259B53B1BAF1000F02
:10B3A00007D0B8F1000F01D0219B13B1B5B9022E1F
:10B3B00020D12120EDE7239B002BFAD0BBF1000F19
:10B3C000F7D0C7F10F03DBB2032B3FF668AF0122C2
:10B3D000DB0002FA03F3AB42EBD9E8E7239B002B37
:10B3E000E7D0BBF1000FE4D0C7F10F03DBB2032BB2
:10B3F000DDD8ECE7102E7FF652AFDAE7000004202C
:10B40000000005042DE9F04F99B0884615469B468B
:10B410000446229FDDF89890289E60B159B1279B81
:10B420004BB1BBF1000F06D0249B0BB1239B13B192
:10B430001DB9022E13D121239AE0259B002BFAD0AF
:10B44000B9F1000FF7D0C7F10F03DBB2032BF0D82F
:10B450000122DB0002FA03F3AB42ECD9E9E7731EE9
:10B460000F2BE8D816F0010AE5D1FB1F062BE2D816
:10B47000414B09EB05029A42DDD8404B4046C4E9F6
:10B48000003AC4F808A0C4F81CA015A929F0CBFD07
:10B49000034600286CD12046159934F066FF2046FB
:10B4A00046EA074134F061FF2046249934F05DFFFD
:10B4B0002946204634F059FF404603A900F0CAF857
:10B4C0000346002854D1204603A929F065FF4046D1
:10B4D00006A929F0A7FE0346002849D14FF001082C
:10B4E000204606A929F058FF259B2046099345F0E0
:10B4F0000053CDF8288001930B93239B0FA90C9345
:10B50000249B47F0005743F00052CDF834800E9250
:10B51000CDF83CB0CDF84080119729F03DFF204692
:10B520000CA929F039FF204609A929F035FF019B14
:10B53000204612A9CDF84890CDF84C80149329F0FC
:10B5400035FF279B204615A946F000561593CDF8E8
:10B550005880179629F020FF204632F05DFE034602
:10B5600030B101902A465146484632F0D5FC019B45
:10B57000184619B0BDE8F08F000004200000060452
:10B580002DE9FF474FF000080E4617460446CDF858
:10B590000080002859D022B90025284604B0BDE813
:10B5A000F087002951D032F0030902F0030A1FD0BE
:10B5B0004FF0E063C0E9003801230191C0F8088032
:10B5C0000293C0F81C8049F0005301A9039329F0AD
:10B5D000EDFE4946204634F0C8FE204632F01CFEFF
:10B5E000054628B14A464146304632F095FCD4E73C
:10B5F000BAF1000FD0D04FF000084FF0E063C4E97B
:10B6000000380123CDF804D00293114B204601A944
:10B61000C4F80880C4F81C80039329F0C7FE0421F5
:10B62000204634F0A2FE204632F0F6FD054608B171
:10B630003A46D8E7009A4E44EB00013522FA03F36C
:10B64000AA4506F8013BF7D1A6E72125A5E700BFEB
:10B650000400002090B189B101234B60C368013B15
:10B66000012B08D88269064B1AB10A6000208B6052
:10B670007047044AF9E74FF00053F7E7212070477D
:10B6800008000020B40F0408012300F01F02A0F5F9
:10B6900006200949A0F550604009934051F8202048
:10B6A0001A4341F82020054951F8202022EA0302DC
:10B6B00041F82020704700BFBC2000209C200020C3
:10B6C0000122A0F506230D49A3F550635B0900F0A4
:10B6D0001F00824051F82300024341F82320002339
:10B6E0001946074A52F8040B0133082B0144F9D1DB
:10B6F00019B92022014832F00FBC70479C2000206D
:10B70000BC2000202DE9F04FA9B003921E4604464C
:10B710000822339FCDE90401414021FA02F34B4056
:10B72000980702F1080218BF9B00202A1C44F4D19C
:10B73000734BE4B21B7804F5062404F55064002B27
:10B740003ED1FDF7ADFD054620B16FF0910029B067
:10B75000BDE8F08F0146402208A832F0DDFB402210
:10B76000294618A832F0D8FBDFF8AC81DFF8AC919D
:10B77000C3460BF10F0ACDF800A05B461022D9F8A2
:10B78000000008A929F05EF80023024608F110081D
:10B7900008AD9A423DD1CDF800A05B461022D9F801
:10B7A000000018A929F057F84FF0000A834618AD99
:10B7B000D34538D1534B9845DAD10122504B1A70FA
:10B7C0004FF480780025DFF858B1A4F50623A3F5DF
:10B7D000506252095BF8221004F01F00C140C907F3
:10B7E00034D4494951F82220C240D20722D5A3F6C9
:10B7F000FF43DBB2002D08BF254603F50624B8F150
:10B80000010804F55064E0D1039BABB1A5B12C460F
:10B8100018E055F8040BCDE90623FFF735FF079B29
:10B82000069A0133B5E755F8040BFFF749FF0AF113
:10B83000010ABDE7039B13B96FF08B0087E7002D6A
:10B8400018BF2C46349B00201C6080E7329B13B14C
:10B850000023329A13600FB100233B604FF0100AAF
:10B86000DFF8B890CDF800A0002332462146D9F881
:10B870000000FDF73BFB58BB32993268234BC1B93E
:10B880009A4206D02146D9F80000FDF765FC002851
:10B89000D2D1D6E90223DDE90410834208BF8A42EF
:10B8A00025D0A4F50624A4F6FF44E4B204F506244A
:10B8B000A5E732999A42C1F800A0E3D1002FE8D061
:10B8C0003B462146D9F8000018AAFDF709FC40B113
:10B8D0000F4B9842D6D06328D4D00E4B9842D8D084
:10B8E00033E7329A3B6812689B1A3B60D1E7039BAF
:10B8F000002BA7D07368012BA4D16FF0840026E73A
:10B90000E83B0020007108009C200020105D175EBD
:10B91000FFDF00F0FEDF00F0006D0800684400204B
:10B92000BC2000202DE9F04F87B08246894698461A
:10B930001646DDF840B02AB1002B4FD040F26C73B0
:10B940009A424ED8BBF1010F4ED8002406F11007E1
:10B950003946012005942AF051FC0546002846D0BE
:10B9600021463A4632F0D8FA05ABCDE901430094BE
:10B970002B46012250464946FFF7C4FE044680B1DB
:10B9800010F18C0F08BF6FF08D043A460021284655
:10B9900032F0C2FA28462AF013FC204607B0BDE870
:10B9A000F08F144BC5E902A92B60C5F804B02EB185
:10B9B0003246414605F1100032F0C0FA059E0E48AD
:10B9C0003B462A4631460068FDF70CFA18B9304666
:10B9D000FFF75AFED9E76FF09104D6E76FF08604BF
:10B9E000DBE76FF09104D8E76FF08504D5E76FF0DF
:10B9F0008C04D2E7105D175E684400202DE9F04307
:10BA00008DB08146DDE914780E4615461C469BB183
:10BA1000B8F1000F05D16FF0860630460DB0BDE8D5
:10BA2000F083002FF7D0B7F1005FF4D3C3F10053D8
:10BA300003F580239F42EED81022002108A832F09F
:10BA40006BFA002207AB029305AB019306AB3146BC
:10BA50000093484608ABCDE90522FFF753FE0646A2
:10BA60000028DAD1059BA4B1AB4215D853EA0504EE
:10BA7000D1D1069B0B48C8F8004000943A4607997C
:10BA800000682B44FDF732FA002818BF6FF09106CA
:10BA9000C3E7AB42EDD2BEE75B1B9C4228BF1C460E
:10BAA000E7E700BF6844002030B58DB00C4605467E
:10BAB0001022002108A832F02FFA002207AB0293CF
:10BAC00005AB019306AB21460093284608ABCDE9B0
:10BAD0000522FFF717FE0446D8B9099B012B1BD09E
:10BAE000079D104B29461868FDF736FBB8B90122AF
:10BAF000A5F506230C49A3F550635B0905F01F006B
:10BB0000824051F823004240284641F82320FFF7A5
:10BB1000D7FD20460DB030BD6FF08404F9E76FF01B
:10BB20009104F6E768440020BC20002030B504886A
:10BB300004F4E043B3F5005F2ED1C4F30223042BD9
:10BB40002AD181F0AA6383F4807333F47E132AD060
:10BB500081F0AA6383F4007333F47E1323D00023AF
:10BB6000144D21F47E11A9421AD1B4F5105F17D1FA
:10BB7000418821F04000802802D0B1F5807F15D1A6
:10BB8000191F0C2912D8DB0710D4073A072A34BF33
:10BB900000206FF0860030BD42F204039C42DED1EB
:10BBA0006FF08500F7E7C1F30543D9E76FF0860032
:10BBB000F1E700BF000140052DE9F04F9DB081463F
:10BBC000DDE92A761D468B46DDF8B080DDF8C4A09D
:10BBD000099241B138B1269B2BB1289B0BB9299B07
:10BBE0000BB91FB94EB16FF086047FE02EB1B8F1EA
:10BBF000000FF8D02D9B002BF5D02E9B002BF2D000
:10BC0000BAF1000FEFD0309B002BECD02F9B002B14
:10BC1000E9D0B9F8003003F4E042B2F5005F69D131
:10BC2000C3F30222042A65D185F0AA6383F48073EA
:10BC300033F47E1306D085F0AA6383F4007333F4E3
:10BC40007E1360D1C5F3054329464846279ACAF8B2
:10BC50000030FFF76BFF0446002847D1014624223D
:10BC600013A832F059F9202221460BA832F054F9DA
:10BC700013A829F00AF9002855D159464846099ACF
:10BC80000BAB00F0C3FA044600282FD12D9B9E4237
:10BC90004CD8DAF80030309A934247D8474508D25A
:10BCA000BB19984505D239463246404632F01AF95A
:10BCB0004746204B25F47E159D4226D1DAF8003008
:10BCC000324606932F9B0397CDE90483299B0BA94A
:10BCD0000293289B13A80193279B0093269BFFF7B1
:10BCE000BBFA212819D0D8B92E9B1E6020461DB062
:10BCF000BDE8F08F42F20402934204D185F005239F
:10BD000083F480139BE700239EE76FF088040023F1
:10BD10002E9A1360CAF80030E8E76FF08604F6E761
:10BD20006FF09204F3E76FF09204DFE76FF089049D
:10BD3000DCE700BF000140052DE9F04F9BB08A46CB
:10BD4000DDE928659346984681462C9F28B96FF017
:10BD5000860420461BB0BDE8F08F0029F7D0249B55
:10BD6000002BF4D0269B13B9279B002BEFD10EB9E3
:10BD7000002DECD117B92D9B002BE8D12E9B002B69
:10BD8000E5D02A9B002BE2D041464846259AFFF792
:10BD9000CDFE04460028DCD10146242211A832F051
:10BDA000BBF82022214609A832F0B6F811A829F0E4
:10BDB0006CF810B16FF09204CBE75A4651464846F2
:10BDC00009AB00F023FA04460028C2D12D9B9D4206
:10BDD0002AD8BE4208D273199F4205D231462A465C
:10BDE000384632F07FF83E46144B28F47E189845CA
:10BDF0001DD12B9B2A4606932A9B0396CDE90473FB
:10BE0000279B09A90293269B11A80193259B0093C8
:10BE1000249BFFF7F7FA212899D02C280AD0002874
:10BE2000C8D12E9B1D6094E76FF0890491E76FF0F5
:10BE300088048EE76FF094048BE700BF0001400593
:10BE4000084B984202D0084B984207D10B88B3F5B3
:10BE5000105F0CBF00206FF0850070476FF0850009
:10BE6000704700BF004440040013C0042DE9F04FA8
:10BE700099460023A5B09346DDE93074DDE93268C8
:10BE8000CDE90733CDE90933CDE90B33CDE90D33E6
:10BE9000DDF8D0A00490059129B96FF086052846F9
:10BEA00025B0BDE8F08F002AF7D00FB9002CF4D1EF
:10BEB0002E9B13B92F9B002BEFD116B9B8F1000FB1
:10BEC000EBD1BAF1000FE8D048460499FFF7B8FF6C
:10BED00005460028E3D1014624221BA832F01CF8B5
:10BEE0002022294613A832F017F81BA828F0CDFF0E
:10BEF000002878D1DDE904015A4613AB00F086F939
:10BF000005460028CBD1139829F08AFB0546002866
:10BF1000C5D114B9CAF80000C1E7B7420AD23B192B
:10BF20009E4207D24445B8D839462246304631F0C1
:10BF3000D9FF37464E4B994558D003F54073994584
:10BF400015D04C4B994540F08C804445A5D814F051
:10BF50000F02A2D12346CDE9007613A91BA8FFF753
:10BF600055F80746002834D1CAF8004097E7002367
:10BF70004445CDE90F33CDE911338ED82F9B0D2BDE
:10BF80008BD101238DF83C302E9B0DF13D0203F146
:10BF90000C0153F8040B8B4242F8040BF9D11B78C7
:10BFA000137001238DF84B3014F00F0933D10F2C8F
:10BFB000DAD907AB01930FABCDE90276009324F0F9
:10BFC0000F02002313A91BA8FFF778F807460028E3
:10BFD00043D042460021304631F09EFF0023012F1E
:10BFE000CAF8003040D06FF0920558E744453FF65C
:10BFF00054AF2F9B102B7FF450AF2E9B0DF13C0CB8
:10C0000003F1100E624618685968083303C273457D
:10C010009446F7D1C8E724F00F033B440DF12C0CF4
:10C0200003F1100E624618685968083303C273455D
:10C030009446F7D10F2CBCD824F00F03334403935C
:10C040000BAB029307AB01930FAB00934A4600235F
:10C0500013A91BA8FFF732F883E7B9F1000F83D0CB
:10C06000EAE76FF085051AE76FF08B0517E700BF69
:10C070000010C004004440042DE9F04F994600230D
:10C08000A1B09346DDE92A65DDE92C788A46CDE941
:10C090000733CDE90933CDE90B33CDE90D330590F5
:10C0A00029B96FF08604204621B0BDE8F08F002A40
:10C0B000F7D00EB9002DF4D117B9B8F1000FF0D1B7
:10C0C0002E9B002BEDD048460599FFF7B9FE04469C
:10C0D0000028E8D10146242217A831F01DFF2022B4
:10C0E00021460FA831F018FF17A828F0CEFE00282F
:10C0F00044D15A46514605980FAB00F087F80446E4
:10C100000028D0D10F9829F08BFA04460028CAD114
:10C1100015B92E9B1860C6E7BE420AD273199F421A
:10C1200007D24545BDD831462A46384631F0DAFEB9
:10C130003E46344B994549D003F54073994520D08C
:10C14000314B994554D1454555D82B07A9D12B469C
:10C150000122CDE900670FA917A8FEF757FF2E9B14
:10C1600006461D6000289ED042460021384631F028
:10C17000D3FE00232E9A012E13603FD06FF092045D
:10C1800091E70D3D454536D801238DF82C303346D7
:10C190000DF12D0206F10C0153F8040B8B4242F80D
:10C1A000040BF9D11B780D3613704FF48073ADF882
:10C1B0003A3007AB01930BAB00932A460023CDE93D
:10C1C00002670FA917A8FEF779FFC8E7103D45459C
:10C1D00011D833460DF12C0C06F1100E624618688A
:10C1E0005968083303C273459446F7D11036E0E727
:10C1F0006FF0850457E76FF0890454E76FF08B0404
:10C2000051E700BF0010C00400444004F0B51646DA
:10C2100000221C4643688DB01B0A07460D4600925B
:10C2200004D0012B38D06FF08B0071E022463146EC
:10C23000009629F01CFA00286AD1F31CC4E9030512
:10C2400023F003036361002E00F0A380202200216D
:10C2500001A831F061FE3146384601AA29F007FAFB
:10C26000002840F096802368019A9A4240F091801D
:10C270006368029A9A4240F08C80A368039A9A42BB
:10C2800040F08780A369079A9A4240F08280E36970
:10C29000089A9A423CD07CE0032E7FD90B78012B80
:10C2A00040F08780497800294BD0F7390829BAD85F
:10C2B00001A353F821F000BF1FC30008DDC200082E
:10C2C00027C2000815C3000827C2000839C30008A8
:10C2D00027C2000829C3000831C300084FF41056D4
:10C2E000F825354F1C22002102A831F015FE03234A
:10C2F0000197CDE90435039601AA09AD134603CB96
:10C30000AB42206061601A4604F10804F6D10020B7
:10C310000DB0F0BD10274FF08076FA25E2E7202718
:10C320004FF00076F725DDE7FE25234F234ED9E7B2
:10C33000FF25214F224ED5E74FF41056FC251E4F06
:10C34000D0E72B2E2AD92022204631F0E5FD05F139
:10C3500010032361AB070DD001AB05F1280C1A4681
:10C3600028686968083503C265451346F7D128680F
:10C3700001AD10606B68103E2360AB686946636076
:10C38000EB682046A36001236661E36028F08CFD22
:10C3900038B120220021204631F0BEFD6FF086002A
:10C3A000B6E7009E626906F11C039A42BFF44BAFE8
:10C3B000EFE76FF09100ABE720000080004400023F
:10C3C00000440003B8B1036813F4E07F03F03F00BA
:10C3D000C3F382120AD0012A0DD1084B41B103F5F3
:10C3E0008053012282401A6000207047044BF5E719
:10C3F00003F50053F5E70E20704700BF688000503A
:10C400006480005070B574488AB029F0C5FA0646B9
:10C41000002840F0C0806C46704D0FCD0FC40FCD8A
:10C420000FC495E8030084E803006D4BD3F84C215A
:10C43000110340F1B380A3F5FE431C88B4F5807F5F
:10C4400028BF8C248DF81940FDF73CFE044484F38A
:10C45000080464488DF81840FAF776FD6846FDF741
:10C4600071FD3220FDF734FE5F48FDF733FF5F4872
:10C47000FDF7A4FF5E4C01213620FDF713FB0020E1
:10C48000FDF72CFEFDF7DCFE236F002023F00703F1
:10C4900043F003032367FDF7FDFE236F23F474438A
:10C4A0002367544BD3F8FC20D2017BD4D4F88030DE
:10C4B00023F0030343F00103C4F88030D4F8803044
:10C4C000C4F880304A4CD4F8203123F0070343F0FD
:10C4D0000203C4F82031D4F8283123F0070343F0D5
:10C4E0000203C4F82831D4F8803123F0030343F069
:10C4F0000103C4F88031D4F8403123F0030343F042
:10C500000103C4F84031D4F8603123F0030343F051
:10C510000103C4F86031D4F8403223F0030343F040
:10C520000103C4F84032D4F8003223F0070343F08B
:10C530000103C4F80032D4F8083223F0070343F0B3
:10C540000103C4F80832D4F8703223F0030343F037
:10C550000103C4F87032D4F8203223F0070343F00B
:10C560000103C4F82032FDF7D5FC4FF0E022136937
:10C5700043F004031361D4F8603223F0070343F05F
:10C580000103C4F86032D4F8943223F0070343F077
:10C590000103C4F8943230460AB070BDD3F850415C
:10C5A000E4B24FE7D3F8FC2022F08072C3F8FC20FD
:10C5B000D4F8802022F0030242F00102C4F8802067
:10C5C000D4F88020C4F88020D3F8FC2042F0807298
:10C5D000C3F8FC2076E700BFF00F0408BC0F040886
:10C5E0000080E00FC017530200B4C404C0EA210168
:10C5F0000080005000ED00E007B5094B18689A88EC
:10C600009B7900906846ADF804208DF80630FEF75F
:10C6100069F80920FEF79EF8002003B05DF804FBDE
:10C62000E40F040870B502F007FC0446E8B902F014
:10C6300093FC32F0FFFA4FF4167343430C4A03F5B0
:10C64000742303F23F23B3FBF2F30A490A480B6059
:10C650000A230268094D0E68013B45F8046B0E6819
:10C6600013F0FF033244F6D10260204670BD00BFD4
:10C6700040420F0010210020E0200020E420002094
:10C68000012208B5034B1A7033F058FF024B1860B3
:10C6900008BD00BFE93B0020DC20002010B532F0CF
:10C6A000C9FA044633F046FE844207D933F052FFFC
:10C6B00020B10122024B1860024B1A7010BD00BF5E
:10C6C000DC200020E93B0020F8B51F4C2378E3B1C3
:10C6D00033F034FF1D4B1E4D1B68C01A28602B68B9
:10C6E000A3B12B682B6032F0A5FA4FF416725043B9
:10C6F000184A00F5742000F23F20B0FBF2F02B68DE
:10C700002B68834204D900232370F8BD0123E9E795
:10C710001148124E0378296856F82320104F511AF9
:10C720003A68521A29683A6046F823100A210932F9
:10C73000B2FBF1F20B4D0133DBB22A60B3FBF1F235
:10C7400001FB12330370DEE7E93B0020DC20002010
:10C750000C21002040420F00EA3B0020E420002092
:10C76000E020002010210020014B1868704700BF16
:10C770001021002070B502212C2029F01AF94FF465
:10C78000801204250E4C0F4B0F4E5A6604F50053D1
:10C790005E672C205D671E671D6700F0B7F82C20D0
:10C7A00000F098F804F580535E675D67A36A23F094
:10C7B0000073A362A36A43F48053A36270BD00BFF9
:10C7C0000040005A00900050010000A0064B074AAC
:10C7D000996D11F0050F01D0117811B10028F7D132
:10C7E00070470120704700BF0040005AEB3B00201B
:10C7F000164B10B51C6F14F0040111D0144A1167C8
:10C80000082191629B6DDA0701D4FFF747FF02F020
:10C8100023FA02F003FA012032F0A6FA33F09CFE6C
:10C82000E30706D501220A4B1A67FFF74DFF02F016
:10C83000F5F914F000521CBF054B1A67002CBEBF5F
:10C840004FF00042024B1A6710BD00BF0040005A73
:10C850000060005A0028ACBF00F16040064B4FEA70
:10C860000111C9B2ABBF00F5614000F00F0080F8C4
:10C8700000131954704700BF14ED00E008B533F001
:10C880006EFD0A4B1A786AB901221A7033F062FD04
:10C890006FF00402104605210132FFF7DBFF4C2A3E
:10C8A000F8D108BDBDE8084033F054BDEC3B002092
:10C8B00000280CDB01220649430900F01F008240DA
:10C8C000203341F82320BFF34F8FBFF36F8F7047A2
:10C8D00000E100E0002807DB01234109034A00F0E2
:10C8E0001F00834042F82130704700BF00E100E0A4
:10C8F000054B421153F8223000F01F0023FA00F0DC
:10C90000C04300F00100704700E100E0002808DBB0
:10C9100001224309034900F01F008240603341F8BF
:10C920002320704700E100E010B5044633F00AFD13
:10C93000024B1C6033F001FD002010BD14210020CB
:10C9400010B533F0FFFC034B1C6833F0F6FC2046B7
:10C9500010BD00BF1421002038B50C461546014615
:10C9600010B9FFF7EDFF01462B462246034806F0BB
:10C97000ABFF0028D4BF3720002038BD1F5A030862
:10C9800010B5002400F024F80348044B8460436091
:10C99000FFF7CAFF204610BD18210020A1C90008DA
:10C9A00013B5064C23780093054B1B8829F054F8E7
:10C9B00010B923780133237002B010BDED3B002085
:10C9C0007A490020014B1880002070477A490020E6
:10C9D00008B5074B1A6842B9012208201A6027F0EF
:10C9E0000AFC0449044802F083F8002008BD00BF97
:10C9F0002C2100208C440020242100203021037AA7
:10CA000002464B4303F1A04303F58023D86E074948
:10CA10001B6F884208D113F0020006D05069536B97
:10CA20001B1A58425841704700207047EE3B0020C7
:10CA300070B5044608B9012070BD057A2846FAF79A
:10CA40006FFF30236B4303F1A04303F58023284697
:10CA5000DE6EFAF785FF0A4B9E421CBF042384F862
:10CA6000543094F8503094F854002BB1022803D17C
:10CA7000012384F85430DFE70428DCD1F8E700BF55
:10CA8000EE3B002010222DE9F04188B00446002141
:10CA90000DEB020031F040FA4FF44473ADF8123060
:10CAA000344B207ACDE90533FAF73AFF2046FFF7F9
:10CAB000A5FF0546207A25B1FAF752FF08B0BDE878
:10CAC000F0810DF10B0131F00DFB9DF80B70002F83
:10CAD00048D1204629F036F803A90646207A31F0DD
:10CAE00023FB039B3946013B9DB204F10C0310224A
:10CAF00018461F46D4F8048031F00EFAE2681E4B47
:10CB0000C5F30A05134030222D0145F040751D4341
:10CB1000237AC4E90358534303F1A043666103F544
:10CB200080231A6F217E520862F341012176196F2A
:10CB3000227E27F0030761F3000222761B6FA269B1
:10CB40009B0863F39F0247F00207A26107972368DF
:10CB50000A4904AA0B600094094B207AFAF7BAFE3E
:10CB6000207AA9E79DF81C3065F341038DF81C304D
:10CB7000EDE700BFEE3B00200F80FFFC30210020DE
:10CB80007D5B03082DE9F0410C461546064686B04C
:10CB90005822002120461F4631F0BEF995E80300D7
:10CBA000EB682A69E362C4E90C232A7D84E8030068
:10CBB00084F84420AA7DA364012384F84C3084F8CF
:10CBC0004D300C9B84F84520E3630D9BA7632364E1
:10CBD0002B7A84F84E306B7A84F84F30344B3460C3
:10CBE0007360344BB360344B3361344B7361344BFB
:10CBF000F360FAF73BFE38B1324B984204D010276D
:10CC0000384606B0BDE8F081002104F10800FAF7CB
:10CC1000B5FD07460028F2D14FF001082A4B3362D8
:10CC20002A4B84F85480B361294BF3619DF83C3062
:10CC300084F8510084F853309DF83830204684F849
:10CC40005230697D84F8508028F049FF95F9090039
:10CC5000FFF75CFE95F90900FFF73CFECDE903778D
:10CC60000297236BCDE900836368E26A2168207A2A
:10CC700027F0CCFA07460028C1D13022237A4FF49E
:10CC80008011534342F2640203F1A04303F5802371
:10CC9000995095F90800FFF739FE95F90800FFF75C
:10CCA00019FE3046FFF740FE2046FFF7EBFEA7E7F0
:10CCB000BF5D0308DB5B0308D35A0308D95A030896
:10CCC000815B0308038000F031CA0008DF5A0308C3
:10CCD0003F5B03082DE9F34105682C7A2046FAF7FB
:10CCE0001FFE3022194B02FB0431CE6E18498E42D2
:10CCF00025D1287A0DF1070102FB0033D3F86C80AF
:10CD00001F6F31F0EFF99DF8073063B9B04508D0D7
:10CD10002846FFF773FE90B901230C4AA3409364A1
:10CD20000DE0BB07F4D433F01AFB0123094AA340FA
:10CD30005365A2F580529362536333F00BFB204698
:10CD400002B0BDE8F041FAF70BBE00BF000004508E
:10CD5000EE3B0020002004502DE9FF4101271C4636
:10CD6000594B0A9D0193594B904600930A46CDE9D1
:10CD700002772946564BFFF705FF0646002840F08C
:10CD80009A8023683946AB6563683A20EB65637A1D
:10CD900085F86130237A85F86030E37A85F863306E
:10CDA000A37A85F86230637B85F86530237B85F84C
:10CDB0006430E37B85F86730A37B85F86630FCF749
:10CDC00071FE3B460422617A207AFDF71FFD3B4647
:10CDD0000222E17AA07AFDF719FD39466068FCF776
:10CDE00061FE88F8006041462068FDF7F7FE1420D8
:10CDF000617C384B01F1390252019850607A227AF5
:10CE000003EB411342EA0042C3F83827E17AA27AE1
:10CE100042EA0142C3F8302785F8686098F8193073
:10CE2000032B4ED8DFE803F0394B021C022385F8B0
:10CE3000683000230422E17BA07BFDF7E7FC0220A1
:10CE4000617C244B01F1B9025201985003EB41136C
:10CE500041F22C71E07BA27B42EA00425A501CE076
:10CE6000012785F8683002220023617B207BFDF7D3
:10CE7000CDFC617B227B637C42EA014241F2287156
:10CE80005B0103F1A04303F570335A500422236879
:10CE900003F58053DA65002FCBD1237A0E4A85F84B
:10CEA0006030637A052185F86130206800F5005311
:10CEB0009A6427F014FF304604B0BDE8F0810027E3
:10CEC000CFE72326F7E700BF055F0308895F030864
:10CED0007D5F030800C00350FFFF010013B5064C3F
:10CEE00023780093112328F0B7FD10B9237801337C
:10CEF000237002B010BD00BFEF3B002037B5FFF735
:10CF000067FD01250E4C0F4A0F4920602023009534
:10CF1000082006F069FD0D4B204663600C4BA360B2
:10CF2000FFF702FD33F00EFA04462946284631F099
:10CF30004DFA204633F001FA002003B030BD00BFA7
:10CF400040210020F03B00200E100408DDCE000838
:10CF5000C55F03081A2812D8102814D940F2852377
:10CF6000A0F11102D2B2D340DB070CD50122064B4F
:10CF700080F020001A70054B18707D2003E0A0F1AE
:10CF80007D03012BF2D97047173C0020163C00208E
:10CF9000F8B50E461446204B00B3204A20491070C5
:10CFA00000221A7022700A704FF6FF721D4B1A8011
:10CFB0001B4D2B78EBB91B4F3046398829F054F8BC
:10CFC000164A38801378013BDBB213706BB901232A
:10CFD0002B703046BDE8F840FFF7BCBF1A78002A36
:10CFE000E6D01870104B1878F8BD23780133237001
:10CFF000EFE7012B05D102232B700A4B1888000A9A
:10D00000E8E7022B04D103232B70064B1878E1E7E5
:10D01000FF237E202370E7E7173C0020143C00200C
:10D02000153C00202E340020163C00202DE9F0474E
:10D03000394E8846337817465BB9384A1370384AF8
:10D040001370384A1370384A13704FF6FF72374B1B
:10D050001A807D2850D02DD8182851D01A2852D0A7
:10D06000314B2E4D1A78DFF8BC9080EA0204002282
:10D070001A702B78DF2B9CBF01332B702B78022B7F
:10D0800012D9DFF8A8A099F80000BAF8001028F02B
:10D09000EBFF2B78AAF80000DF2B9FBF99F8002048
:10D0A000023B88F800203B701D4B1A781C7089F8F1
:10D0B000002006E07E28D3D1184B1B781BB91A4AF2
:10D0C0001370202011E0FF2B1FD0184A1188154A39
:10D0D0001078134A127802EB0022914217D1022BEA
:10D0E00017D9E02B34BF00207A20A0F12002534250
:10D0F00053413370BDE8F08720220B4B1A70E0E7F4
:10D10000FF22064BFAE77420EFE77720EDE7762061
:10D11000EBE77920E9E700BF183C0020133C002032
:10D12000113C0020103C0020123C00202C34002038
:10D1300008B533F0A6F94FF6FF73002818BF034671
:10D14000014A138008BD00BF3234002010B5074CDF
:10D15000208850B133F095F92388C01A044B00B2EF
:10D160001B889842B4BF0020012010BD323400203B
:10D17000303400204FF07E624FF6FF732DE9F0410E
:10D18000B2F84670B2F84460154D9F4208BF4FF4A4
:10D1900048679E4208BF4FF4C8762C88DFF8448069
:10D1A00050B164002C802B88BB4215D92F800023FE
:10D1B000A8F80030BDE8F081B8F80030002BF2D0BC
:10D1C00033F05FF9B8F80030C4EBC404C01A80B281
:10D1D00004EB8004E408E5E7B34238BF2E80E6E7BD
:10D1E000303400203234002008B533F04AF94FF0D3
:10D1F0007E634FF6FF72B3F85430934208BF4FF48A
:10D200007A73034413F47F6FC3F3071208BFFF223E
:10D21000014B1A7008BD00BF193C002010B5084C26
:10D22000237843B133F02DF92378C3EB10131B0699
:10D230005CBF002323702078B0FA80F0400910BD55
:10D24000193C002008B501F0F7FD18B16B21024828
:10D2500031F016F8002008BD2410040808B500F0CD
:10D2600051FA0C4A536A43F470235362EFF3088374
:10D270004FF0CD31084A043B934208D201F050FCF4
:10D28000FFF7E0FFBDE808400448FDF7C1BD43F8E3
:10D290000419F1E700ED00E008000020600904082F
:10D2A00007B5042200200DEB02012BF001FB04283E
:10D2B00003D0D821044830F0E3FF019800F016FCB9
:10D2C00003B05DF804FB00BF2410040810280346D7
:10D2D00070B535D020D8032815D9002070BD0322A1
:10D2E00002231A491A4D0C680021C8B28442F4D9AD
:10D2F00055F8200028B1067A9E4202D1467A96421D
:10D30000ECD00131F1E7421E022A19D8DFE802F021
:10D31000021B16000022E3E7A0F12002032ADCD85A
:10D32000213B022BF6D801A252F823F039D3000892
:10D330003DD30008DFD200080122D1E70222CFE767
:10D3400000220323CDE70122CBE700BF88080408B1
:10D350000C440020082310B50A0A41400648C9B20F
:10D3600001F00104490804B14140013B13F0FF03FF
:10D37000F6D181EA020010BD2083B8ED2DE9F84313
:10D380000025134C134EDFF85480134FDFF85090F4
:10D3900023780BB9BDE8F88322464146002056F8B1
:10D3A000043B28F045FB227823460134002AFAD1B9
:10D3B0005B7853B105F00303032B0CBF3946494694
:10D3C000002028F035FB0135E2E73946F8E700BFD9
:10D3D00030190408BC3E0020071404087810040823
:10D3E0007510040840F605226A4B2DE9F0411B88B0
:10D3F00093420ED8B3F5206F0DD840F202529342FB
:10D4000018D040F20172934220D040F20152934270
:10D410000AD0BDE8F081A3F602235F4C032B1ED88F
:10D42000DFE803F0376396B25C490020BDE8F041C5
:10D4300028F0FEBA00205A4928F0FAFA564B1A6C26
:10D440000020BDE8F041574928F0F2BA524A0020C6
:10D45000D2E92523BDE8F041534928F0E9BA00207C
:10D46000524928F0E5FA94F86C309E0703D5002065
:10D470004F4928F0DDFA94F86F305D0603D500209F
:10D480004C4928F0D5FA94F96F30002BC1DA4A499B
:10D49000CBE70020494928F0CBFA94F86830980788
:10D4A00004D00020226C3F4928F0C2FA94F9683079
:10D4B000002B04DA0020626F414928F0B9FA0025F8
:10D4C0000126404FDFF80881A26E06FA05F31342E9
:10D4D00007D057F8252013781BB14146002028F0CB
:10D4E000A7FA0135082DEFD193E73749002028F03E
:10D4F0009FFA2C490020226C28F09AFA94F869309F
:10D50000590703D50020314928F092FA94F969307F
:10D51000002B04DA0020626F294928F089FA0825D7
:10D52000284E2B4FA36EEB40DA0707D556F825207F
:10D5300013781BB13946002028F07AFA0135102DF6
:10D54000F0D194F8680000287FF463AF21496DE7BB
:10D550002149002028F06CFA0020226C114928F0A3
:10D5600067FA1025174E1A4FA36EEB40DB0707D55D
:10D5700056F8252013781BB13946002028F058FAB8
:10D5800001351A2DF0D144E70020144928F050FA53
:10D59000226C55E734340020BC3E00208210040881
:10D5A000C0100408F11004080C1104082811040824
:10D5B000411104087C110408B0110408ED1104089D
:10D5C00013120408FC1904083A1204085212040841
:10D5D0003112040899120408CA120408E41204085B
:10D5E0002DE9F04F3A4D85B0D5E90D32580748BFC7
:10D5F0000026D5E9121B48BFB046D5F83CA05FBF56
:10D60000D5F850808B469246324E54BFDFF8E890F2
:10D61000DFF8E89013F0080F2F4B304A18BF1A4676
:10D62000B6EB08071FBF64237C0803FB0B44B4FB65
:10D63000F7F40CBF3C46A4B24B4629490020CDE983
:10D64000016ACDF80080BFB228F0F2F9234600202D
:10D65000CDE9009723491FFA8BF228F0E9F9B2458A
:10D6600001D8C24504D24A4600201F4928F0E0F9FB
:10D67000D5E9170318436B6E184309D11B4928F0ED
:10D68000D7F900201A4905B0BDE8F04F28F0D0B90D
:10D690000020184928F0CCF9002501270C4EDFF8AE
:10D6A00060800024F26D07FA04F3134204D041466F
:10D6B00000202A1928F0BCF90134202CF2D12035A1
:10D6C000602D06F10406ECD100200949D7E700BF20
:10D6D000BC3E002008100020131304081A1304088D
:10D6E00022130408541304088E130408AD1304080D
:10D6F00008140408C31304080E13040806130408CE
:10D70000F313040838B5FDF7EDF9044627F0E1FA04
:10D71000E3072AD401221046114600FA01F3234000
:10D7200002F1010223D01D4B33F811301C48062BA7
:10D73000028844881B4920D14FF20F039C4219D123
:10D74000B2F5406F28BF4FF4C0624CF23C330A8000
:10D75000438040F201730A889A4201BF124B134A78
:10D76000D2E90001C3E9000115E00021DBE7102A3E
:10D77000D2D1DBE74FF4C062E7E740F20725AB42C6
:10D780000AD14FF20F05AC4206D19A4204D14CF2B5
:10D790003C320B80428038BD0B80DAE71019040858
:10D7A000583F0020343400204C210020503F0020FE
:10D7B000014B1888704700BF34340020014B188893
:10D7C000000A704734340020164B1888020A10F003
:10D7D000FF00134604D1012A23D143F08000704793
:10D7E000072BFAD801A252F823F000BF11D8000885
:10D7F000DBD700080DD8000821D8000821D8000880
:10D8000015D8000819D800081DD80008092070474D
:10D8100018467047032070470B207047062070475A
:10D820000220704734340020044B05481B881A0A34
:10D83000B3F5406F38BF00EB8200704734340020EE
:10D84000E0180408044B1888044B020A53F82230ED
:10D85000C0B203EB8000704734340020B0180408D5
:10D8600010B5044632F072FD4FF20F02044B1C80DB
:10D870005A80BFF35F8FBDE8104028F098B800BF12
:10D88000583F00206E4A2DE9F0416E4B55686E4CB2
:10D890005D65516A99656D49D1F80002D865D1F886
:10D8A00004021866D1F80812586B5966916A10F094
:10D8B000040F9966D16A4FF00000D966116B1967A1
:10D8C000516B5967D26BD8649A67D3E90E1218BFAF
:10D8D00011465F4A91421A655DD301F12000A042D2
:10D8E00059D88869C5F308051864CE69062D5E64A9
:10D8F00055D1584DA84252D3574DA8424FD2058812
:10D900004DF6426085424AD11868C3F894005868C1
:10D91000C3F8980040F20170A242154604D22E6866
:10D920000432B6F1CD3FF7D00022C3E91F22C3E98C
:10D930002122C3E92322641BDFF818C1424DDFF81E
:10D9400018E19C648D422DD8D3E91FC7D3E9216526
:10D95000D3E923414FF0000E013AD2B2FF2A3BD166
:10D96000BEF1000F05D0C3E91FC7C3E92165C3E9B4
:10D970002341B3F85430C3F308030C2B3AD8022BDD
:10D9800053D9DA1E092A50D8DFE802F030563F4258
:10D990004F4F4F4F4F4C0021C3E910112C494FF40A
:10D9A0002060B9E755F8044D6445CBD37445C9D21E
:10D9B000E607C7D50026294F57F8048FA045C1D0E8
:10D9C0000136062EF8D12AB1013AD2B203EB820613
:10D9D000F467B7E70522F9E7E0464FF0010EBC46D1
:10D9E00037462E4625460C464146B5E740F601200F
:10D9F000BDE8F0813A2B18D1194B9B6913F0020F47
:10DA000040F2025318BF1846F2E740F60320EFE752
:10DA100040F2017240F60423B0F5206F14BF1046A7
:10DA20001846E5E740F60520E2E740F60722013B0D
:10DA30005A2B98BF1046DBE740F60220D8E700BF1C
:10DA400000ED00E0BC3E00200810002000E100E0F6
:10DA5000080000202063000860080408343F00200C
:10DA60000040005B00F00CB800F00AB800F008B805
:10DA700000F006B800F004B800F002B800F000B8FA
:10DA800072B61EF0080F09D01EF0040F0DD0DFF89B
:10DA900050E0AEE8FF1F6FF002000CE0DFF840E05E
:10DAA000AEE8FF1F6FF00E0005E0DFF834E0AEE8EF
:10DAB000FF1F6FF006006946EFF309828EE807004A
:10DAC00086460848084C854501D3A54501D384F313
:10DAD0000888FFF7D7FE84F30888FFF7C1FE00002F
:10DAE000BC3E002048000020081000204BF6EF62EA
:10DAF00083B2002B08BF1346044A000C13804FF674
:10DB0000CE2308BF1846024B188070477E4900207C
:10DB10007C4900200B4BB3F900201888002AB8BFBD
:10DB200080F0620042001A80074AB2F900101388A0
:10DB30000029BCBF83F4805383F00B03590011808C
:10DB4000584070477E4900207C49002030B50D24A4
:10DB500085B0124827F020FF224600210DF1010078
:10DB600030F0DAF901238DF80030032302258DF817
:10DB70000A400B4C694620468DF80B3027F0D7F849
:10DB80002A20FEF7C3FE04F500532A209D61FEF70C
:10DB9000A1FE04F58054E56105B030BDEC0F04082A
:10DBA0000040005B10B5094A137813F002040CD151
:10DBB0000749084809780078884206D0064863F08B
:10DBC0007D03048005481370017010BDF93C0020EE
:10DBD000003D0020FE3C002032340020FD3C0020AF
:10DBE000054B064A19881288914202BF0121044A56
:10DBF000117000221A807047403400203E3400200B
:10DC0000F73C002007B50346009102223D2003495E
:10DC10002BF088FC03B05DF804FB00BF711A040808
:10DC200007B5064B02221B783D200093044981234F
:10DC30002BF078FC03B05DF804FB00BF033D00202F
:10DC4000711A040838B50C4D0C4C2A7823789A4286
:10DC500000D138BD00210A482CF0B6FE094B1B88C4
:10DC6000834202BF0122084B1A702378013303F06C
:10DC700007032370E9E700BF003D0020FB3C0020C4
:10DC8000383400203E340020F73C0020074B93F945
:10DC90000030002B08DB064A137803F041014029CD
:10DCA00004BF43F005031370704700BF033D00201D
:10DCB000F93C0020282307B5054A3D20CDE9003274
:10DCC0000449702302222BF02DFC03B05DF804FB05
:10DCD0003800E00F6A1A04087028034607B504D11B
:10DCE00003B05DF804EBFFF7E5BF074A3D2012786B
:10DCF00006490192064A1278009202222BF012FC89
:10DD000003B05DF804FB00BFF83C0020701A040863
:10DD1000033D002008B50A4811F05EF8094811F0EB
:10DD20005BF8094811F058F8084811F055F8084810
:10DD300011F052F8BDE80840064811F04DB800BF98
:10DD4000403400203C3400203A3400203834002095
:10DD50003E3400203634002008B5DC22002104487F
:10DD60002CF0BCFD0122034B1880034B1A7008BD38
:10DD70001B3C00203E340020F73C002030B585B02D
:10DD8000FFF7EAFF32F090FB4FF07E634FF6FF7231
:10DD9000B3F84C30214D934208BF4FF47A732B8077
:10DDA00000231F4C2380FFF7C3F9FFF7CFF90028AA
:10DDB000FBD04FF07E634FF6FF72B3F842309342D0
:10DDC00008BF4FF4C8632B8000232380FFF7FCFCBF
:10DDD000431E144DDBB20A2B134C287018D840F2A6
:10DDE000035222FA03F3DB0712D50222C123029069
:10DDF000CDE900323D2084230C492BF093FBFF2317
:10DE00002B70D023237005B0BDE83040FFF752BF20
:10DE1000FFF750FFA023237005B030BD3034002041
:10DE200032340020013D0020F93C00206F1A040824
:10DE300037B504460D4631F06DFF022825D84FF462
:10DE40008F711B4830F01CFA1A4B197801F140030E
:10DE5000DBB2022B1FD901F0A003A02B04D00B06CC
:10DE600019D57E20FFF7CEFE4FF07E63B3F8403029
:10DE700013B1204628F02AF9B5B1002221460E48F8
:10DE800003B0BDE8304032F026BC204631F042FFFE
:10DE9000DC28D4D8D8E7CDE90014842302223D2021
:10DEA00006492BF03FFBDFE72A4621460448E7E717
:10DEB000751A0408053D00203C340020C11A0408EE
:10DEC0003A3400202DE9F84FFFF740F9A84C48B349
:10DED0002378580626D599074CBFA64BA64BA74AD0
:10DEE0001B7812789A4232D00120FFF743F9732051
:10DEF000FFF7F2FEA24A4FF6FF7113780133DBB24F
:10DF000013704FF07E62B2F848208A4208BF0322A5
:10DF1000934219DD51229B4B72201A70FFF7DCFEF1
:10DF200020232370984D994E94F900202378002ADD
:10DF300018DA13F030030ED01A2028F0E6F8237810
:10DF400003F07F032370EFE7FFF72CFEEAE70022E0
:10DF50008F4B1A80E6E72A78022AF0D18C4A2B7080
:10DF60001380E9E72A78012A00F0F1800DD9931E89
:10DF7000012BD9D83178FF2900F01E81002940F00B
:10DF8000EE80844B19783246E7E09A0719D5794933
:10DF90007A4A794892F800C007780A78ACEB020018
:10DFA000BA1A02F0070200F00700904298BF81F809
:10DFB00000C00A78BA4204D123F002032370FFF7AD
:10DFC00041FE237813F0300F1ED013F0200F714F55
:10DFD00015D0C2233B706B4B187802237B702378DB
:10DFE000B87023F03C0323700320012332462B70CA
:10DFF000684B1978FEF7CCFF28F087F894E7C12327
:10E000003B70FFF7E1FBE8E713F00C081FD0624F0D
:10E0100013F0040F39785F4B0FD06039C9B28020FC
:10E020001970FFF7EFFD237803F0F3033A782370BC
:10E030005A4B1A7001231846D8E781F080017E20E0
:10E040001970FFF7DFFD237803F0F703EEE79B0776
:10E0500032D5DFF820A1524B9AF800701B78DFF818
:10E0600044B1FF1A32F07BF9414681464D4832F007
:10E070002CFB804607F00707B7B9484632F06AF92B
:10E08000494B4046A3F8008031F044FE424B9AF8D9
:10E0900000201B78013043EA02133E4A43F0080394
:10E0A0001370C0B20323A1E74146584632F031FB5A
:10E0B000013F8046FFB2DFE7304B4FF6FF70197823
:10E0C0004FF07E63DB8F2C4F834208BF05233A78E5
:10E0D0000B44013B521A5B1A02F0070203F00703DC
:10E0E0009A42DFF8B48028DC30482CF024FCE0B9F8
:10E0F0002E482CF020FC01462C4B2D48002908BF4F
:10E1000018462C4B0021186032F0DFFA264B18809D
:10E1100031F000FE3A7898F80030013043EA0213FB
:10E120001C4AC0B21370022360E721482CF003FCA4
:10E1300018B9FFF773F80028DAD1184B1A7898F855
:10E1400000309A425ED0237843F00803FAE6337831
:10E15000FF2B4DD032460F49C95C00204AE7124BD5
:10E16000013989B2188811F01FF901460BE700BF89
:10E17000F93C0020FD3C0020FE3C0020003D00203A
:10E18000FA3C0020013D0020023D00201A3C002006
:10E1900032340020053D0020FC3C0020FF3C0020E4
:10E1A000FB3C002038340020363400203C34002072
:10E1B0003A34002054210020022A1CD1124A0021A6
:10E1C0001378013303F007031370104B18682CF019
:10E1D000FBFB0F4B002219880E4832F07CFA0E4BE5
:10E1E0001B880BB9FEF7A4FF0C4B1A780C4B1A7066
:10E1F00000232B7098E60B4A1378013303F00703D2
:10E200001370ECE7BDE8F88FFE3C0020542100209D
:10E21000363400203834002032340020FC3C00200A
:10E22000FF3C0020FD3C00202DE9F04F8046AC4F24
:10E2300085B00023DFF8DC92A8F8003099F80030B0
:10E2400013B93B70FFF7CCFCDFF8CCA2A54E0DF163
:10E250000E0027F05EFF272800F0A0813A469DF8C7
:10E260000E000DF10F013D78FEF7E0FE2028044678
:10E2700030D070B1FFF7B4FC7A2804D8732877D86F
:10E28000272C00F08B814FF4AE7197482FF0F8FFE8
:10E29000D4E73B789D4205D0022B3ED89DF80F2055
:10E2A000924B5A55DFF844923B7899F80010904C05
:10E2B000C02940F08180012B40F0C980FFF7B0FCFD
:10E2C000FFF7AEFC27F0A8FEFFF78AFC237858067C
:10E2D000AFD4B9E03B789D42B9D0022B04D89DF869
:10E2E0000F20824B5A55B2E7032B1ED07D4B188866
:10E2F000804B1B888342AAD131F00CFDDFF8E4B1DA
:10E30000C5B2691C58462CF00AFC29469DF80F201E
:10E31000BBF8000011F05CF820E0032B05D0754B32
:10E3200030881B888342BDD1E6E79AF80030714DF2
:10E3300083B14FF0000B3388012128462B808AF8E7
:10E3400000B02CF0ECFB012300935A4629886A4860
:10E3500032F0E9F930882B888342CDD0202C3FF46D
:10E3600076AF7A2C8FD8732C02D8002C88D199E7FD
:10E37000743C062C87D801A353F824F099E30008D5
:10E3800087E20008A1E30008ADE3000887E2000887
:10E39000B1E30008B5E300087420FFF79DFC4DE7EA
:10E3A0007620FFF799FCFFF771FC47E77720F8E745
:10E3B0007920F6E77A20F4E70E0607D4032B46D936
:10E3C0002678730645D4FFF70BFC3DE001F0E00230
:10E3D000802A23D1012B3AD17D20FFF713FCFFF7D0
:10E3E000FFFB267871062FD50225DFF830C1434A9E
:10E3F00099F800309CF80000117803F0070BABEBA4
:10E40000000E091A0EF0070E01F007018E4529D9FA
:10E410007820FFF761FCFFF739FC0AE7A02A0BD14F
:10E42000012B14D17F20FFF7EDFBFFF7D9FB2678F6
:10E43000720609D50325D8E77B20FFF74DFCFFF7CF
:10E44000CFFB23785D06E6D420232370F1E67C2001
:10E45000F3E72B4B1B78B3EB111F01D0FFF7C0FB89
:10E460000125C2E7A5F1020A83451FFA8AFA0DD0F9
:10E47000002124488CF800B0017016F002004FD043
:10E48000214A1180214A12785A4517D1BAF1010F59
:10E490001BD91B4999F800200B78C2F3021098424F
:10E4A00071D1144D2888002848D12620FFF7EEFBB3
:10E4B000FFF712FC262005B0BDE8F08FFEF738FE0E
:10E4C000BAF1010FE5D899F8003013F0080332D102
:10E4D0000F4A1370032D7FF4ACAEFFF763FBA8E681
:10E4E000F83C00203E340020751A0408033D00204B
:10E4F000F93C002040340020043D0020FE3C002078
:10E50000FC3C0020FA3C002032340020FD3C00207E
:10E51000193C0020183C0020F73C0020003D002062
:10E52000FEF728FE1E4A13785B4501D0FEF700FE79
:10E53000FFF788FBC4E7FEF757FECBE7013303F094
:10E5400007030B704FF07E63160742BF227842F03C
:10E5500008022270227822F005022270B3F84030BF
:10E560000BB127F0B3FD2B883D20019399F80030C3
:10E57000022200930B4985232AF0D4FF2B88002028
:10E58000A8F8003097E71207237802D543F0080374
:10E590005BE7DB073FF53FAF75203AE727208AE7C7
:10E5A000FE3C0020C11A040808B50F4B1B780BB1C4
:10E5B000002008BD0D4B1A780D4B1B789A42F7D1FD
:10E5C0000FF0ACF80028F3D10A482CF0B4F9002879
:10E5D000EED009482CF0AFF90028E9D0074B1878A5
:10E5E000B0FA80F04009E4E7183C0020FF3C00202E
:10E5F000FC3C00203A3400203C340020023D002046
:10E6000073B50024684600F0C1F90C4B00981C60FB
:10E610000B4B0C4D1C600C4E0C4B306018602C608A
:10E6200027F0F9FD2046019B3268013BDB0853804F
:10E630002B6801332B6002B070BD00BF5C2100204D
:10E640005821002060210020682100206421002042
:10E650002DE9F04F0E460027984689B0054606A8DA
:10E660001446059700F092F9731C14BFB3464FF09F
:10E67000080BB8F1000F00F0BC80C8F80070002D46
:10E6800000F0B980079BAB4240F2B58031F067FEE5
:10E69000073505AB25F007053146009381463B461B
:10E6A0002246284600F07CF9059E074606B130B99F
:10E6B000484631F04FFE192009B0BDE8F08FDFF871
:10E6C0004CA17388DAF80010DA00C0EBC3030139FB
:10E6D000272BCAF8001074D9002C50D1854205F1BF
:10E6E000080347D059463046029327F023FD0446DD
:10E6F000029B0590059A02EB030B584627F08BFD11
:10E70000059905F10F034A88C3F3CF03D21AABF87A
:10E710000220CA88ABF8043072B3D31A9BB201EB63
:10E72000C202ABF8063093808B88ED08A380BBF85B
:10E7300004300022314658466580E38000F0A8F995
:10E74000237843F001032370DAF800300133CAF86C
:10E7500000302C4A4846136808343B4413602A4A68
:10E7600011688B4288BF136031F0F4FD0020C8F8B7
:10E770000040A1E73446BDE7ABF80620D4E7F41823
:10E7800020460293039227F046FD029BF91DC9081B
:10E7900005986180D91DC908A180C18879B1C900D7
:10E7A000039ACD1DAA1A3A44C2F3CF020144E28073
:10E7B0008A80013BDB084380A388C380C0E7E180F7
:10E7C000F7E7012C19D106F10803B3FBFBF20BFBB1
:10E7D0001233A3B15946304627F0ACFC04462378E7
:10E7E000012243F0010331462046237000F050F926
:10E7F000AFE7222060E721205EE78542EAD1344678
:10E80000EDE700BF5C21002058210020602100209E
:10E810002DE9F3470446684600F0B8F8002C00F0F4
:10E82000AB8031F09CFD14F8086CF30704D534F884
:10E8300006ECBEF1000F05D131F08CFD012002B0D5
:10E84000BDE8F0874D494E4D0A68D5F80080A2EB2F
:10E85000CE020A6034F8041C0EF1010308F1010233
:10E86000A4F1080C9BB22A60B9B3ACEBC10292F8D8
:10E8700000A0B2F806901AF0010F578806F00206C1
:10E880001FD1FEB9A9EB0701012926D80EF1020319
:10E890001F44BBB2C5F8008034F8026CFEB9013BDE
:10E8A0009BB214F8081C6FF3000104F8081C002147
:10E8B00024F8061C53801378D18061F30003137091
:10E8C00031E056B119448BB214F8081C6FF34101C2
:10E8D00004F8081C00219180DEE76246DCE70CEBBF
:10E8E000C608DDE900710F44B845D8D21CF836706F
:10E8F000414617F001072AD0013B9BB214F8085C8F
:10E900006FF3000504F8085C002524F8065C5380CA
:10E91000137865F300031370C2F107030B44C3F3CC
:10E92000CF03D3808B8017490B681BB1934201D86A
:10E930005B8803B90A6014490B681BB1934201D389
:10E940005B8803B90A6031F005FD002077E7A6EB8C
:10E950000E06012ED0D8B8F80260A8F80270334431
:10E96000B8F806702E689BB2013E1FB108EBC701D4
:10E970002E60C3E72E6094E7222060E75C21002030
:10E980006021002068210020642100200249034A00
:10E990000160521A42607047C855002000000420F0
:10E9A000F0B506460020059F4C1C08BF08213860C2
:10E9B000BAB91F480568002D38D0B5F802E0DB0071
:10E9C00003EBCE0EC1F1000C2878C0070BD52ABB93
:10E9D000E888B0B105EBC005B5F802E003EBCE0E58
:10E9E000F2E71448E6E7B645F1D35AB905F1080451
:10E9F000B4FBF1F001FB1044A0190CB17045E7D84D
:10EA00003D60F0BD08290FD06C88013405EBC404CB
:10EA1000A01B00EA0C00201A8645F1D2A888002825
:10EA2000EFD0A5EBC005D7E73046E9E72846E8E791
:10EA30006821002064210020134B13B51B68044695
:10EA40000846FBB121B96846FFF7A0FF6CB90098F2
:10EA50000378D90707D55CB9C3889BB100EBC30025
:10EA60000378DA07F8D402B010BD084B1868EFE756
:10EA7000012C07D183882BB1A0EBC3000378DB07FF
:10EA8000F8D4F0E70020EEE76021002064210020A8
:10EA9000F8B5154F05460C463B68144EB2B1994285
:10EAA00009D041B13368994204D129460120FFF7CA
:10EAB000C3FF3060F8BD29460020FFF7BDFF336873
:10EAC0003860A342F1D0002CEFD0F3E7994205D192
:10EAD0003D603368A34204D13560EBE79842F7D339
:10EAE000F7E7AB42F8D3E5E7682100206421002076
:10EAF00038B54160044631F025FC054621460448FE
:10EB000025F074FB2846BDE8384031F016BC00BF44
:10EB10006C210020014825F066BB00BF6C2100205D
:10EB20000222014B1A6770470040005070B531F067
:10EB300009FC184E0546184826F02EFF3378DBB93D
:10EB400000F07AF9044620B1284631F0F6FB204661
:10EB500070BD00F0E7F9FFF7DDFF30F09FF90F4BD4
:10EB60001C6030F067F80E4B0E4A1860536F43F08C
:10EB70000103536727F055FB00F0A2F827F067FB6D
:10EB8000094B0024186001232846337031F0D5FB6F
:10EB9000DDE700BF153D0020F80F040870210020BC
:10EBA00098210020004000507421002038B5044610
:10EBB00031F0C8FB0F4D02462B78FF2B04D1B4B1C6
:10EBC000BDE8384031F0B9BB1BB9002CF8D00121A9
:10EBD00003E0002C0CBFFF2101210B44DBB22B70A2
:10EBE000B3FA83F304495B0910460B70E8E7194652
:10EBF000F3E700BF113D0020103D0020054B1B68CE
:10EC00005843054B00F5742000F23F20B0FBF3F0B1
:10EC1000704700BF9821002040420F0010B5094BFB
:10EC20001B786BB1084C237853B12FF0F3FD002310
:10EC3000064A237013700123054A1370054A1370A6
:10EC400010BD00BF143D00200E3D00200D3D0020F2
:10EC5000093D0020083D0020034B1B7813B1012221
:10EC6000024B1A70704700BF143D00200E3D00207B
:10EC700073B5114E0446337883420FD04FF40073BE
:10EC80000E4DADF8043058B101A8FBF715FC40203B
:10EC9000FFF7B4FF2B68181A2860347002B070BDFB
:10ECA0008DF8050001A8FBF707FC4020FFF7A6FF41
:10ECB0002B681844F0E700BFBB4900209C210020CE
:10ECC00073B5002401A88DF80440FBF7ABFC204687
:10ECD000FFF7CEFF364B37491A6F374802F007026D
:10ECE0000A60D3F80011354D01F0030101604FF4C3
:10ECF00080103349032A48664FF40030486601F516
:10ED0000983189692F4A01F00200C1F3400129704E
:10ED10002D4D15D0D3F8201101F0070102290FD095
:10ED2000D3F8281101F00701022909D0147080BB23
:10ED30001F20FFF763FF2B6803442B6002B070BDF8
:10ED4000012313700028F3D0194BD3F8003103F0DE
:10ED50000303022B26D0032B27D0012BE8D12FF061
:10ED60003FF902460028E3D0184B194EDC68002317
:10ED70001946C4F30B04013404EB84040138E4FBAA
:10ED8000060124F0DDFEFFF739FF2B6803442B60FA
:10ED9000CEE7D3F8003103F00303591E4B424B4139
:10EDA0001370D1E72FF06EF9DBE72FF01FF9D8E7EA
:10EDB00000800050A0210020A4210020183D002048
:10EDC00000900050193D00209C21002000C00150FF
:10EDD00040420F000122114B10B55A67104B114CE5
:10EDE0001B78A3B1022031F0B9FB80B12FF0A6FF50
:10EDF00068B1A36DD90302D5E36D9A0703D4094B1B
:10EE00009B6DDB0704D54FF48032044B9A6210BD32
:10EE10000122054B1A70FDF733FCF4E70050005A4D
:10EE2000193D00200040005A163D00200122014BF0
:10EE30001A707047193D002070B531F090FA144EE9
:10EE400005463478FCB9134B1C60134B1C60134B04
:10EE50001C6000F031F8012031F095FB30F06AF8C9
:10EE60000F4B0246186020B9284631F073FA232070
:10EE700070BD234640F2E7310A4824F061FE0A4B98
:10EE8000186001233370284631F064FA0020EFE760
:10EE90001C3D0020B8210020B4210020C02100200A
:10EEA000BC21002018FCFFFFB0210020014B186896
:10EEB000704700BFB021002010B50123002486B0A8
:10EEC0001648CDE903448DF80440ADF808308DF8BC
:10EED0000A40059426F060FDBFF34F8F01A8FBF7B1
:10EEE0006BFF204602A98DF80840FBF775FF20460E
:10EEF0000F212FF057F90F2120462FF059F9FBF77A
:10EF000041FF2FF03FF9064B43209C61FDF7FEFCCB
:10EF10004320FDF7DFFC06B010BD00BFF00F040872
:10EF200000800A5008B50A4826F036FD40F6015226
:10EF300000210120FBF7B8FD4FF49672002101205B
:10EF400025F0BBFE034A936C43F48073936408BDC1
:10EF5000F40F040800800A5008B5094826F01CFD8B
:10EF600040F6016200210220FBF79EFD4FF49272F1
:10EF70000021022025F0A1FE024B9A6C9A6408BD84
:10EF8000F40F040800800A5025282DE9F3410546B6
:10EF900004D82C46204602B0BDE8F08100240B4E78
:10EFA0000B4FDFF830800023CDF800801A46194659
:10EFB000386825F047FC8442EBD2262CE9D056F87D
:10EFC000043BAB42E6D00134EDE700BF6C1E040801
:10EFD00068440020FFFF0F002DE9F04F644E654D9F
:10EFE00089B027F085F931682868F9F731FE0446C1
:10EFF000002827D033680024D3E900019A691268F9
:10F000009047336804A89B699B689847336802203F
:10F010009B69DB689847326805985368E7B2B3FB91
:10F02000F0F3BB42916904F101044ED8CB68002093
:10F03000984733689B695B68984731682868F9F797
:10F0400007FE04460027DFF844A1DFF84481DFF81B
:10F050004491F4B9484B2868DB5D002B00F08380B5
:10F06000D8F8006002AB314603AAFAF739F82D2828
:10F0700007D070B9039B012B0BD031462868FAF7F3
:10F080006BF8DAF8003031461A682868F9F774FF2F
:10F0900004460137262F0AF1040A08F1040809F191
:10F0A0000109D6D1B4FA84F3344A5B0913702B6892
:10F0B0001B7C33B127F0E8F818B1D62130482FF087
:10F0C000DFF8204609B0BDE8F08F12680B6907FB36
:10F0D000002098479FE7D8F8003003AA194402ABF4
:10F0E0000191F9F7FDFF2D28034601992BD02868DF
:10F0F00013B30BF1010B5FFA8BF1B1422868EAD32D
:10F10000204BDB5D002BC4D0F3B27E2B2868C0D827
:10F11000D8F8003003AA06EB030B594602ABF9F707
:10F12000DFFF2D28B5D059462868FAF715F80136C3
:10F1300004460028E8D0ACE7039B7BB999F800208F
:10F14000029B9A42D5D099F80030DAF8002028685E
:10F15000F9F748FE0028CCD00446D1E70191F9F731
:10F16000FBFF0199EFE7084BA346DE5DC3E700BF55
:10F170004844002068440020441E04081E3D00202E
:10F18000041F04081E1E0408D21D0408CC1A04081B
:10F190006C1E0408F81D0408F7B51F46224B0C46E8
:10F1A0001B78164683B100F47023B3F5702F0BD192
:10F1B0000B4601461D4800970068F9F797FE044684
:10F1C00040B327F060F826E0FFF7DEFE252805466D
:10F1D00018D8174B1B78EBB1144B1868154B53F824
:10F1E0002510154B5B5D1BB13246F9F709FFE6E7C9
:10F1F0007F2C08BF00243B46324651FA84F1F9F7D0
:10F2000035FEDCE7FF2809D981B23B463046E2B241
:10F2100031F041F90024204603B0F0BD4FF48D7168
:10F2200006482FF02DF8F5E71D3D0020684400202A
:10F230001E3D00206C1E0408441E0408041F040820
:10F240002DE9F0419846254B04461B780E4617469B
:10F2500023B100F47023B3F5702F2ED02046FFF7B2
:10F2600093FE2528054607D81D4B53F820408CB93E
:10F2700000242046BDE8F081FF2805D942463946E2
:10F2800080B226F01EFFF3E740F24B1115482EF036
:10F29000F7FFEDE7144B1B78002BE9D0134B1868F0
:10F2A000134B5B5D6BB121463A68F9F765FE044686
:10F2B0000028DDD026F0E7FFDBE70B4B1B78002BA7
:10F2C000D6D07F2E08BF0026084843463A4654FA57
:10F2D00086F10068F9F786FDE9E700BF1D3D0020D3
:10F2E0006C1E0408041F04081E3D00206844002012
:10F2F000441E040810B5FFF747FE0A4B1B7813B9EC
:10F300000024204610BD084B002253F82010074B64
:10F310001868F9F7A9FE04460028F1D026F0B3FFDB
:10F32000EFE700BF1E3D00206C1E0408684400206B
:10F3300008B5520826F0AAFF30B1BDE808404FF4E6
:10F34000967102482EF09CBF08BD00BF651F0408DF
:10F350002DE9F7430646F0070F46154604D54FF44E
:10F36000EB7143482EF08CFFE90704D540F2D7112A
:10F370003F482EF085FF3F4B1C78B4B143F2602329
:10F380009E4208D12A4639463B482EF0D7FD002040
:10F3900003B0BDE8F0832B463A467F2146F4702047
:10F3A00003B0BDE8F043FFF74BBF06F47043B3F57D
:10F3B000805F3FD1C6F30B06304A06F17E646B1EB8
:10F3C0002344934230D82646DFF8A49006EB050884
:10F3D000464543D1A2070ED04FF6FF7337F8022BF4
:10F3E000A01E43EA024304220DEB02010193FFF742
:10F3F0009FFF0234023DAB070ED0023D25F0010312
:10F40000FB5A04226FEA03436FEA13430DEB020138
:10F4100060190193FFF78CFF002DB8D02A463946BA
:10F420002046FFF785FFB2E74FF4F67110482EF043
:10F4300027FFC8E706F46043B3F5005F06D1C6F3C3
:10F440000B0606F1016404F5FC24BCE74FF4FB71E4
:10F4500007482EF015FF6FF00F06B5E716F8013BD1
:10F46000FF2BB5D040F2012148462EF009FFAFE74F
:10F47000651F04081D3D002080490020FF03E00FA8
:10F480002DE9F04FE2289FB02CD8DC2808D870284E
:10F4900000F0CC80C03883B2092B0AD900205CE090
:10F4A000DE38042800F29680DFE800F09FA6B1B6AF
:10F4B000BD000928F2D801A353F820F0C7F50008D1
:10F4C0009DF400089DF400089DF400089DF40008D8
:10F4D0009DF4000861F500089DF40008B1F50008EE
:10F4E000F7F40008F52800F0A480B0F58C7FD5D1A2
:10F4F0000CF004F82EE02AF013FF044609A82BF0C4
:10F5000074F80EF023F905462AF0F6FE06462AF0B6
:10F51000F3FE07462AF0F0FE0DF11C0A8046514624
:10F5200008200DF1300B0EF019F9594610200EF09D
:10F5300015F92AF0F5FE81460EF008F93346CDE9BB
:10F5400004902A462046CDE902ABCDE9007809A90E
:10F550000BF084FE0EF018F901201FB0BDE8F08F0B
:10F560000EF0F4F804460EF0F1F805460CA82BF066
:10F570003CF80EF0EBF806460EF0E8F807460EF001
:10F58000FBF880460EF0E2F881462AF0B5FE291E0F
:10F5900018BF0121CDE90290201E334618BF01207B
:10F5A000CDE900780CAA2AF005FA2AF0AFFED3E7DD
:10F5B0000EF0CCF80CA90BF09FFA2AF0A7FE0CA8CD
:10F5C0002BF04DF8C8E70CA82BF00FF80CA80BF0A7
:10F5D000EBFABFE70EF0BAF80CA90BF06FFF2AF0B8
:10F5E00095FE0CA82BF08AF8B6E70CA82AF0FDFFD0
:10F5F0000CA80BF0E9FEADE70EF0A8F804460CA845
:10F600002BF055F820460CA90CF07AF8CDE70EF057
:10F610009DF80CF063F89FE70CA82AF0E6FF0CA811
:10F620000BF016FF96E70CF043F895E70CF0F4F8B2
:10F6300092E70EF08BF804462AF072FE014620464F
:10F640000BF0E6FE88E700BF2DE9F0436A288DB095
:10F6500000F2868032280DD80020D7E06FF49B732B
:10F660001844032800F27581DFE810F078017D016D
:10F670008C01940133383728EED801A353F820F0D9
:10F6800003F8000813F8000859F6000853F80008BA
:10F6900059F60008B3F80008FFF8000859F600080A
:10F6A00059F6000859F6000859F6000859F60008FE
:10F6B00059F6000859F6000823F9000837F9000840
:10F6C00059F6000859F6000859F6000859F60008DE
:10F6D00059F6000859F6000859F6000859F60008CE
:10F6E00059F6000859F6000859F6000859F60008BE
:10F6F00059F60008B7F90008F5FA000859F60008AD
:10F7000059F6000859F6000859F6000859F600089D
:10F7100059F6000859F6000859F60008ADF9000836
:10F72000D5F90008DFF9000859F60008FDF90008CE
:10F7300059F600088BFA0008A9FA000859F60008E3
:10F74000B9FA0008CFFA000859F600089FF8000837
:10F7500059F6000859F6000859F6000827FB00087A
:10F7600040F21B13984200F0EA81B0F58E7F33D24D
:10F77000EF2800F0DB8122D8822800F05D810DD8CF
:10F780007E2800F04C817F287FF466AF082009A90D
:10F790000DF0E4FF09A81BF0F3FC87E0AE287FF42E
:10F7A0005BAF2AF0A9FD04460DF0D0FF05460DF031
:10F7B000E3FF2946024620462EF061F876E0F42861
:10F7C00000F0AC81FE2800F08D81F3287FF444AF77
:10F7D00009A813F021FEACE1B0F59D7F3FF63CAFE8
:10F7E000B0F59B7FBFF43AAF40F21D13984200F092
:10F7F000A98140F2211398427FF42EAF1AF0EAF962
:10F8000001E017F081FF0DF0BFFF01200DB0BDE852
:10F81000F0830DF09BFF04462AF06EFD054609A813
:10F820002AF0D3FD2AF068FD06460DF08FFF07464B
:10F830000DF0A2FF07ABCDE9010329462046009752
:10F84000F3B209AA2AF0D9F92AF060FD9DF81C004C
:10F85000D9E72AF051FD05462AF04EFD06460DF087
:10F8600075FF074609A82AF0B0FD0DF06FFF80462E
:10F870002AF042FD04460DF069FF81460DF07CFF41
:10F88000E4B207ABCDE903033A4631462846CDE959
:10F890000084CDF8089009AB2AF0C1F9D4E708201C
:10F8A00009A90DF05BFF09A817F022FF2AF02EFD31
:10F8B000ABE709A82AF089FD0DF048FF05462AF0BC
:10F8C0001BFD06462AF018FD07460DF03FFF804657
:10F8D0002AF012FD04460DF039FF81460DF04CFF71
:10F8E000E4B207ABCDE9030332463B462946CDE9F6
:10F8F0000084CDF8089009A82AF0A1F9A4E72AF01D
:10F90000FBFC044609A82AF060FD0DF01FFF054628
:10F910000DF032FF2A46034609A920460CF07EFA74
:10F92000C4E72AF0E9FC04460DF010FF014620462A
:10F9300015F000FDBAE72AF0DFFC04460DF006FFE3
:10F9400005460DF003FF2946024620460CF00EFF47
:10F95000ACE72AF0D1FC14F0CFFDA7E72AF0CCFCED
:10F9600014F0E8FDA2E72AF0C7FC09A90446082024
:10F970000DF0F4FE0DF0EAFE09A9024620461EF045
:10F98000DDFA93E7082009A90DF0E8FE09A82DF09B
:10F9900079F98BE72AF0B0FC044609A908200DF09C
:10F9A000DDFE204609A92DF058F92EE70DF0CEFE18
:10F9B0002AF0CDF97AE72AF09FFC09A9044608202D
:10F9C0000DF0CCFE2AF098FC09A9024620462AF048
:10F9D000BCF96BE70DF0BAFE1AF0C8F813E70DF0AA
:10F9E000B5FE09A9044608200DF0B8FE2AF084FCF3
:10F9F00009A9024620461BF0E7FB57E70DF0A6FEDB
:10FA000009AA07A91BF0F2FA2AF080FCBDF81C0035
:10FA10002AF068FC082009A90DF0C6FEF5E609A940
:10FA200008200DF09BFE0DF091FE011E18BF012174
:10FA300009A81BF015FC39E70DF088FE07A904465C
:10FA400008200DF08BFE2AF057FC05460DF07EFED7
:10FA50000DF1190302930DF11A03019309AE031E70
:10FA600018BF01232A4607A9204600962AF00AF962
:10FA70002AF04CFC314608200DF096FEBDF81A0025
:10FA80002AF030FC9DF81900BDE609A908200DF008
:10FA900065FE07A909A810F02FFA2AF037FCBDF877
:10FAA0001C002AF01FFCB0E62AF026FC09A910F081
:10FAB00049FA2AF02BFCADE70DF048FE09A92AF01F
:10FAC00004F92AF023FC09A82AF097FC9DE60DF022
:10FAD0003DFE044609A82AF09AFC204609A92AF00E
:10FAE0000AF9E3E60DF032FE003818BF01202BF0D2
:10FAF000B7FDDBE60DF02AFE04460DF03DFE05469F
:10FB00000DF024FE06460DF021FE031E18BF012352
:10FB10003246294620462AF0A3F8C7E62AF000FC20
:10FB200016F046FF71E62BF097F96CE609A813F082
:10FB3000A1FC2AF0EBFB09A82AF072FC65E62CF088
:10FB4000EDFFB3E60DF002FE04460DF0FFFD011ED1
:10FB500018BF0121204612F0E5FBA7E62DE9F0438E
:10FB6000D328A9B000F23281C92806D84C2800F267
:10FB7000E98003284ED80020F1E1CA380928FAD8D4
:10FB800001A353F820F000BF65FF000877FB0008D1
:10FB900077FB000877FB000877FB000877FB00087D
:10FBA000BF020108C902010877FB0008ADFF000889
:10FBB000B9380A28DFD801A353F820F0ED04010872
:10FBC00077FB000877FB000877FB000877FB00084D
:10FBD00077FB000877FB000877FB00088902010823
:10FBE000830201087D02010895380728C3D801A3C4
:10FBF00053F820F02D03010877FB000877FB00087D
:10FC000077FB0008110301081D03010877FB0008BA
:10FC1000E700010804384828ADD801A353F820F0C4
:10FC20006104010877FB000877FB000877FB0008F8
:10FC3000E104010877FB000877FB000877FB000868
:10FC400077FB000877FB000877FB000877FB0008CC
:10FC5000370301089903010877FB000877FB0008C8
:10FC600077FB000851FF00086FFF000879FF0008CC
:10FC700087FF000877FB000891FF000877FB00086A
:10FC800077FB0008C1FF0008C7FF0008D5FF000888
:10FC9000AB000108B5000108DD00010877FB000892
:10FCA00077FB000877FB000877FB000877FB00086C
:10FCB0000B0101087F01010877FB000877FB0008B2
:10FCC00077FB000877FB000877FB000877FB00084C
:10FCD00077FB000877FB000877FB000877FB00083C
:10FCE00077FB00080F04010877FB000857040108A0
:10FCF00077FB000877FB000877FB0008EBFF0008A4
:10FD0000E704010877FB0008A702010877FB000859
:10FD10001F04010877FB000877FB000877FB000849
:10FD200077FB000877FB000877FB000877FB0008EB
:10FD300077FB000877FB0008F30101082D04010898
:10FD40003F0401089C282AD894283FF64DAF7A2812
:10FD500000F0BD827B2800F0BD8279287FF40BAFD4
:10FD60000DF0F4FC06A911F041FA2AF0CFFABDF823
:10FD700018002AF0B7FA9DF81A000DF005FD9DF85D
:10FD80001B000DF001FD9DF81C000DF0FDFC9DF821
:10FD90001D000DF0F9FC0DF11E01082058E3C328E9
:10FDA0003FF6E9AEB8283FF603AFAC2800F0428238
:10FDB000AD287FF4E0AE06A908200DF0CFFC2AF0B4
:10FDC000AFFA014606A811F01DFCC5E0F73883B272
:10FDD0005A2B3FF6D0AE5A283FF6CDAE01A353F8CA
:10FDE00020F000BFED030108A3030108CF030108C1
:10FDF000D9030108F303010877FB00085B01010840
:10FE000077FB00082703010877FB000877FB000851
:10FE100077FB000877FB000877FB000877FB0008FA
:10FE20004B0201087302010877FB000877FB00080A
:10FE300077FB000877FB000877FB000877FB0008DA
:10FE400077FB000877FB000877FB000877FB0008CA
:10FE500077FB000877FB000877FB000877FB0008BA
:10FE600077FB000877FB000877FB0008F704010820
:10FE70000F05010877FB000877FB000877FB0008F7
:10FE800077FB00082305010877FB000877FB0008D3
:10FE9000390501084305010849050108590501080C
:10FEA00077FB00082905010877FB000877FB0008AD
:10FEB00077FB000877FB000877FB000877FB00085A
:10FEC00077FB000877FB000877FB000877FB00084A
:10FED00077FB000877FB0008550201085F02010864
:10FEE00077FB000877FB000877FB000877FB00082A
:10FEF00077FB0008990101089D010108990101089B
:10FF0000A3010108A9010108C9010108CF010108E5
:10FF1000DB010108E7010108ED010108B301010857
:10FF2000B901010877FB000877FB000877FB0008A0
:10FF300077FB000877FB000877FB000877FB0008D9
:10FF400033050108790301087F03010885030108CF
:10FF50002AF0D2F91BF0D0FF2AF0D8F9012029B0FD
:10FF6000BDE8F0831BF0C2FF2AF0BCF9F6E72AF0E7
:10FF7000C3F91BF0C7FFEFE706A82AF0A3FA06A80B
:10FF800012F0BCFEE8E70FF0CBFB0DF0FDFBE5E760
:10FF90000DF0DCFB04462AF0C3F905460DF0D6FB54
:10FFA00029460246204610F059FCD5E72AF0B8F958
:10FFB00004460DF0CBFB014620462BF0D9F9CBE7E8
:10FFC0002BF0D1F9C8E706A82AF0E3F906A812F049
:10FFD0008BFDC1E70DF0BAFB044606A82AF0D9F95B
:10FFE000204606A92BF06FFBB6E70DF0AFFB1622FB
:10FFF0000021044606A82DF08FFF0DF0A7FB8DF819
:020000040801F1
:100000001C000DF0A3FB8DF81D000DF09FFB8DF87B
:100010001E000DF09BFB8DF81F000DF097FB8DF877
:1000200020000DF093FB8DF821000DF08FFB8DF873
:1000300022000DF08BFB003818BF01209DF8253001
:1000400060F300038DF825300DF080FB003818BFF9
:1000500001209DF8253060F341038DF825300DF027
:1000600075FB003818BF01209DF8253060F382032E
:100070008DF825302AF040F9ADF818002AF03CF947
:100080000DF12601ADF81A0008200DF067FB0DF008
:100090005DFB05460DF05AFB031E18BF01232046E9
:1000A0006AB206A912F0EEFB56E70DF04FFB2BF0FB
:1000B0007AFB51E70DF04AFB04462AF031F9054678
:1000C0000DF044FB06460DF041FB0346201E324670
:1000D000294618BF012029F036FE3DE70DF036FB1A
:1000E00012F0F0F838E72AF007F904462AF018F978
:1000F00005460DF02BFB06462AF0FEF83246034675
:10010000294620461BF076FC26E706A905A829F01B
:1001100007FE2AF0FBF89DF814000DF035FB06A948
:1001200008200DF041FBBDF820002AF0DBF89DF817
:1001300022000DF029FB9DF823000DF025FB9DF812
:1001400024000DF021FBBDF826002AF0CBF89DF825
:1001500028000DF019FB0B98FEE60DF0F7FA06A942
:100160000FF068FB2AF0D2F89DF818000DF00CFB98
:100170009DF819000DF008FB9DF81A0005E705A988
:1001800006A829F0CFFD0DF0FFFA082006A90DF012
:100190000BFBBDF81400E7E60020F6E600F084FE55
:1001A000F3E610F0D3FDD7E62AF0BAF810F064FFBA
:1001B000D2E60FF003FED7E60FF000FE10F0070FB7
:1001C0000CBF01200020E0E62BF092FADDE60FF0F4
:1001D000F5FDB0FA80F04009D7E619F0FBFC80F09D
:1001E0000100C0B2D1E60FF077FEB7E62AF061FE5B
:1001F000B4E60DF0ABFA06A91DF012FD2AF086F860
:1002000006A908200DF0D0FA9DF820000DF0BCFAE8
:10021000BDF822002AF066F89DF824000DF0B4FA2B
:100220009DF825000DF0B0FA9DF826000DF0ACFA0F
:100230000A9891E60DF08AFA044606A82AF0FAF820
:10024000204606A92CF06FFC86E60DF07FFA2CF014
:1002500002FD89E60DF07AFA20F0CEFDC1E70DF03F
:1002600075FA04460DF072FA41B2204620F0DAFD2C
:1002700074E62AF041F82CF0ECFC86E629F0FEFC4E
:1002800083E629F0FDFC80E60DF060FA05AA06A9D8
:1002900029F0F2FC2AF03AF8BDF818002AF022F80A
:1002A0009DF8140071E6082006A90DF057FA05A97B
:1002B00006A811F087F92AF029F805984CE60DF008
:1002C00045FA29F0D5FC47E629F0D4FC5DE610F0AC
:1002D0007FFF5AE60DF03AFA06A91EF033FC2AF029
:1002E00015F8BDF8180029F0FDFFBDF81A0029F037
:1002F000F9FF9DF81C000DF047FA9DF81D000DF068
:1003000043FA9DF81E000DF03FFA9DF81F003CE6F1
:100310000DF01CFA40B22AF064FD1DE60DF016FA4D
:1003200012F0AAF818E62AF085FD2EE60DF00EFA76
:100330002AF08EFD10E60DF009FA044629F0DCFFE4
:10034000054629F0D9FF064629F0D6FF07460DF0ED
:10035000FDF980460DF0FAF981460DF0F7F9CDE987
:100360000190201E3B463246294618BF0120CDF899
:10037000008029F06AFEEFE52DF08BFAEEE52DF016
:100380008AFAEBE529F0CCFF044629F0B5FF0146D7
:10039000204620F0B7FFE1E50DF0D8F929F053FE33
:1003A000DAE50DF0D3F904460DF0D0F905460DF06D
:1003B000CDF906460DF0CAF907460DF0C7F93246E9
:1003C0000090294620467BB22AF0F3FCC4E50DF0EC
:1003D000BDF92AF0F0FCBFE50DF0B8F904460DF0C8
:1003E000B5F941B220462AF0E8FCB5E520F01CFB47
:1003F000B2E50DF0ABF904460DF0A8F905460DF095
:10040000A5F92946024620462AF0D9FCA4E506A80B
:100410002AF0C6FC29F07AFF9DF81800B5E506A879
:100420002AF0A0F906A82AF0BDFC95E506A82AF056
:10043000BBFC29F06BFF06A82AF087F98EE50DF0CA
:1004400085F906A929F085FC29F060FF862006A918
:100450000DF0AAF982E50DF079F913F071F87BE55A
:100460000DF074F906A913F039F829F04FFF9DF843
:100470001C000DF089F99DF81D000DF085F99DF81F
:100480001E000DF081F99DF81F000DF07DF99DF81B
:1004900020000DF079F99DF821000DF075F99DF817
:1004A00022000DF071F99DF8250000F001000DF01B
:1004B0006BF99DF82500C0F340000DF065F99DF83B
:1004C0002500C0F380000DF05FF9BDF8180029F099
:1004D00009FFBDF81A0029F005FF0DF126015CE4C3
:1004E00013F028F851E512F0D7FF35E50DF02EF99D
:1004F00011F0EAFF30E506A829F04BFF0DF026F9D0
:10050000011E18BF012106A812F048FB24E529F0BE
:10051000F3FE04460DF01AF90146204614F0FAFAEB
:100520001AE511F037FC30E506A82BF0ADF806A966
:1005300033E426F06FFA28E50DF008F910F098FE84
:100540000AE510F0A3FE20E50DF000F9003818BF11
:10055000012010F0A1FE01E510F0A4FE15E500BF9A
:100560002DE9F041B0F5957F98B009D2B0F5867FBE
:1005700008D2762870D8662848D8142800F0DF8082
:1005800000208BE0A0F586701D28F9D801A353F850
:1005900020F000BF8D070108F1070108A707010837
:1005A000C907010807080108150801082F080108F4
:1005B0003F080108C1060108E30601085F070108BA
:1005C00081050108810501088105010881050108EF
:1005D00081050108810501088105010881050108DF
:1005E00081050108810501088105010881050108CF
:1005F00081050108810501088105010881050108BF
:1006000081050108550801085F08010867380F28AF
:10061000B6D801A353F820F01D07010863060108AE
:10062000A306010881050108590701084F070108C1
:10063000810501088105010881050108810501087E
:10064000810501088105010881050108810501086E
:10065000FF06010835070108B12891D101F050FECD
:1006600019E029F049FE0DF13601ADF834001020F3
:100670000DF074F80DF1460110200DF06FF80DF03B
:1006800065F80DF157018DF8560008200DF066F859
:100690000DA819F0DBFB29F039FE012018B0BDE8E8
:1006A000F0810DA819F0CCFA29F030FEBDF8340025
:1006B00029F018FE08200DF136010DF075F8ECE771
:1006C0000DA82AF095F809A90DA826F01DFC29F01F
:1006D0001DFE102009A90DF067F80DA82AF06EF88C
:1006E000DBE70DA82AF084F809A910200DF036F8F0
:1006F00009A90DA826F0E9FB29F008FEEDE70DA9F0
:1007000008200DF02BF80DF021F8011E18BF012173
:100710000DA826F023FE0DF037F8BEE729F0ECFD1A
:1007200004460DA908200DF019F820460DA91EF069
:10073000D5FEB0E70DF00AF826F022FEABE7082060
:100740000DA90DF00BF80DA818F066FBA3E70CF04F
:10075000FDFF18F029FC9EE716F020FB9DE70DA891
:1007600001F0C8F829F0D2FD9DF834000DF00CF826
:100770009DF835000DF008F89DF836000DF004F8EE
:100780009DF837000DF000F80E9884E70DA82AF0C8
:100790002FF809A90DA826F0ADFC29F0B7FD09A88E
:1007A0002AF03FF899E70CF0D1FF044609A9082088
:1007B0000CF0D4FF0DA910200CF0D0FF20460DAA9C
:1007C00009A926F0CEFB66E70CF0C0FF09AB05AA2D
:1007D0000DA926F0B2FC29F099FD0DA829F0EEFF35
:1007E000102005A90CF0E0FF09A82AF01AF854E738
:1007F00003A908200CF0B2FF09AB05AA0DA903A8B4
:1008000026F0B8FCE7E70DA829F0F2FF0DA801F0EB
:1008100039FB40E709A908200CF0A0FF0DA9102022
:100820000CF09CFF0DA909A826F0CAFB33E70CF0D9
:100830008DFF09AB05AA0DA926F0F1FCCBE703A9B2
:1008400008200CF08BFF09AB05AA0DA903A826F020
:10085000C4FCC0E729F064FD18F030F91DE70CF086
:1008600075FF06460CF072FF04460CF085FF054646
:100870000CF06CFF07460DF13408414608200CF0DF
:100880006DFF301E21463B462A4618BF0120CDF899
:1008900000802BF0D3FD29F039FD294620460CE7D6
:1008A00030B5DC2891B063D8B12804D8252800F0F1
:1008B000FA80002071E0B2382A28FAD801A353F850
:1008C00020F000BF7B0901089F090108FD0901080C
:1008D000190A0108B3080108B3080108B3080108A0
:1008E000B3080108610A0108B3080108230A0108D6
:1008F000390A01084D0A0108470A0108B30801082E
:10090000B3080108B3080108B3080108B3080108D7
:10091000B3080108B3080108B3080108B3080108C7
:10092000B3080108B3080108B3080108B3080108B7
:10093000B3080108B3080108D3090108B308010886
:10094000B3080108B3080108B3080108570A0108F1
:10095000670A0108710A01087B0A0108810A010877
:10096000870A01088D0A0108930A01089D0A0108F7
:10097000F6289ED121F07AF90EE005A829F0B4FD01
:100980000CF0E4FE04460CF0E1FE214642B205A85C
:100990002CF0D9FF29F0BAFC012011B030BD01A91B
:1009A00010200CF0DBFE29F0BBFC05900CF0CEFE15
:1009B0000DF119018DF8180010200CF0CFFE0DF18B
:1009C000290110200CF0CAFE05A901A82DF098F805
:1009D000E0E729F0A5FC05900CF0B8FE0DF1190137
:1009E0008DF8180010200CF0B9FE10200DF129012F
:1009F0000CF0B4FE05A82DF07EF8CBE729F090FCB2
:100A000004460CF0A3FE05460CF0A0FE69B20246B7
:100A1000204621F0ABF8BDE729F082FC21F02CF94B
:100A2000B8E705A901A82DF0D8F801A829F080FDA4
:100A300005A829F0AEFDAFE705A829F092FD05A8AD
:100A40002DF0D4F8A8E72DF02CFAA5E72DF0D4F876
:100A50000CF09AFEA0E70CF079FE2DF07DF89BE7F4
:100A60002DF082F8F4E70CF071FE21F079F893E7AD
:100A700029F042FC2DF0C8F88EE720F0B5FFE7E73B
:100A800021F040F9E4E721F089FC83E721F08CFCB8
:100A900080E729F045FC21F08DFC7DE729F040FC42
:100AA00021F08EFC78E721F037FC75E7032208B5CA
:100AB000054B00201A802AF0CBF9BDE80840024619
:100AC0000021024809F060BA823A0020E61F0408BB
:100AD00038B50F4DFDF7F6F92B886BB90D4C23880F
:100AE00063B900230A482380FDF79EFB288820B1C4
:100AF0002FF0F4F8084B1860012038BD2FF0C1FC2E
:100B0000064B1B88C01A238880B28342E9D3EDE7E5
:100B10004634002042340020C42100204434002008
:100B2000034B1A881AB13C20024928F0FBBC7047DD
:100B300046340020C41A040838B50446064DFFF7B1
:100B4000EFFF21462888FDF773F900232B80BDE8CD
:100B50003840FDF7B7B900BF46340020002273B516
:100B6000054610460E4629F0D4FE044630B1054A2B
:100B700000962B460021128829F0F9FF204602B08A
:100B800070BD00BF4634002008B5034B18882FF015
:100B9000C1F8C0B208BD00BF46340020014608B508
:100BA000074829F0BCFF18B1922106482DF068FBD8
:100BB000034B18882FF092F8034B186008BD00BF54
:100BC000463400200F200408C421002038B500213D
:100BD000094829F0F9FE05462FF09CF8074B04461A
:100BE00028461D802FF07AF8054B50FA84F41860DF
:100BF000044B01201C6038BDBC3A00204634002064
:100C0000C42100209C30002010B504462FF039FC90
:100C1000024B1880024B1C8010BD00BF44340020E2
:100C20004234002008B50FF041F828B1BDE8084073
:100C3000462102482DF024BB08BD00BF5F200408F8
:100C400001482AF07EB800BFC821002013B51C4817
:100C50002AF045F823F044F923F0A5F923F0A4F98C
:100C600023F0A3F9FCF7AAFD0446FCF7DDFD2346BB
:100C70000121144A0090042000F09EF8FCF798FD32
:100C80000446FCF7DFFD23460F4A012100900420B3
:100C900000F092F8FCF792FD012340F2A17283402C
:100CA000134208D00020FCF79BFC0020FCF79AFBC5
:100CB0000020FCF763FB25F01AFC02B010BD00BF5A
:100CC000C8210020BC200408D4200408012008B555
:100CD000064B18702FF096FC02202FF093FCBDE815
:100CE000084003490348FDF703BF00BF1F3D002034
:100CF000A8440020F821002070B50FF05FF810F034
:100D0000070F194D09D02B781BB9012028702FF03F
:100D100079FCBDE870400EF015BD144C2378032B10
:100D2000F1D925F0F0FB0028EDD00FF047F810B90D
:100D30002378032B14D80EF005FD04460028E2D0DA
:100D40002B785BB100262E702FF0FCFA0546314659
:100D500001202DF03BFB28462FF0EFFA204670BD16
:100D60004FF0FF34ECE700BF1F3D0020EC3D0020BA
:100D70001FB5FFF7C1FF0446FEF798F8A04228BF51
:100D8000204688B103A92DF05BFF034638B9CDE9B1
:100D90000000064A039906482FF08DFB18B1852103
:100DA00004482DF06DFA012004B010BD056503085C
:100DB000D8210020F52004080CB413B502460C46D7
:100DC00025F0B0FB60B9094B1B681A4208D005A991
:100DD0000498019102F05CFD14B1054827F026FD4E
:100DE00002B0BDE8104002B0704700BFB044002020
:100DF0004D21040808B55422002102482DF08CF83A
:100E0000002008BD2035002008B55422FF210248EB
:100E10002DF082F8002008BDCC340020024B23F8CE
:100E200010100020704700BFCC34002038B50546B4
:100E30004FF400500C4623F025F84FF4005328607F
:100E4000236030B94FF4C371BDE8384001482DF03C
:100E500017BA38BD4F2104080048704704390020F4
:100E6000014B1878704700BFDF490020014B188004
:100E7000704700BF88490020014B1888704700BFA9
:100E800088490020014B187000207047D649002087
:100E9000014B1878704700BFD6490020014B1870ED
:100EA00000207047CC490020014B1878704700BFE4
:100EB000CC490020014B1878704700BFCE49002074
:100EC000014B1878704700BF273D0020014B187078
:100ED000704700BF273D0020014B1878704700BFC6
:100EE000263D0020014B1870704700BF263D0020B2
:100EF000014B1878704700BFCF490020014B187094
:100F0000704700BFCF490020014B1888704700BFD1
:100F100086490020014B1880704700BF8649002099
:100F2000014B1878704700BFD7490020014B18705B
:100F3000704700BFD74900202DE9F74F414B424A87
:100F40000193424BDFF844911B78DFF84481DFF8CE
:100F500044E1DFF844C13E4F3E4E3F4D3F494048DB
:100F600002EB431A019B524503F1200309F12009CA
:100F700008F120080EF1200E0CF1200C07F12007DB
:100F800006F1200605F1200501930FD1002211463C
:100F9000344B324D1C78344E344B314FD0B28442F6
:100FA00003F1200346D803B0BDE8F08F304B314C3D
:100FB0005360002349E907432F4CDFF8E0B048E9CC
:100FC00007432E4CC2E902304EE907432C4C116016
:100FD0004CE907432B4C136147E907432A4C49E985
:100FE000050348E905034EE905034CE9050347E914
:100FF000050349F8201C48F8201C4EF8201C4CF82A
:10100000201C47F8201C46F8201C46E90743019C99
:1010100045E907B3DFF888B046E9050345E905036C
:1010200044E907B344E9050345F8201C44F8201CB3
:10103000203297E743E9085643E9061743F8101CA6
:101040000132ABE7D4250020F4260020E649002039
:101050003426002014260020F42500200832002029
:1010600009140408DD4900200D8F020874260020B1
:10107000B53702081DB603083D4C020869D80208BE
:1010800043CA0308956F020865A20108D426002010
:10109000B4260020942600205426002005120308C0
:1010A000BD330208002208B5074B1A605A6025F0CC
:1010B000B5FC064B187025F0B1FC054B1870054BBC
:1010C0001A78054B1A7008BDAA310020E93D0020AE
:1010D000E83D0020CD490020E73D0020002100B57B
:1010E00093B008466A460DF0CFF90146C8B90E4BD9
:1010F0000E4A09930E4B0D920A930E4A0E4B0E9216
:101100000B930E4A0E4BCDE90F230C930D4B6A4601
:1011100011930DF069FC003818BF012013B05DF881
:1011200004FB0120FAE700BFF7B00308D545020829
:10113000F5B20308290B0208696A0308455D020835
:1011400077B30308A93F0208074B1878112803D882
:10115000064B0341DA0704D5A0F143035842584136
:1011600070470120704700BFEB3D0020CBFFFDFF23
:1011700008B5064B1B78013B022B05D80020FFF772
:10118000E3FF0138C0B208BDFF20FCE7EC3D0020C2
:101190000022034B1870034B1970034B1A707047F1
:1011A000EE3D0020EF3D0020ED3D00202DE9F04F09
:1011B000DFF89080064698F800300D4685B0002B89
:1011C0003AD04FF6FB73984236D84FF0000B1C4FC5
:1011D000DFF874A03C7898F800305FFA8BF94B4543
:1011E0009AF8000011D9484402AA0DF10601C0B2D4
:1011F00019F0FCFE082229460DEB02002CF062FEDD
:101200000BF1010B0028E6D14C463B78A34208D1F4
:1012100098F80020631CDBB29A423B7004BF0023A5
:101220003B70324629469AF800301C44E0B205B0C3
:10123000BDE8F04F19F0C8BF05B0BDE8F08F00BFA2
:10124000ED3D0020EF3D0020EE3D00202DE9F04770
:10125000002492B006A8CDE9004400F077FA0423F8
:101260008DF818309DF82530DFF8888043F00103B1
:10127000DFF884908DF825300BAF5FFA84FA06A86A
:101280008DF819A000F0FEFDF0B13946504602AECF
:101290000DAD25F0F7FF95E80F0086E80F0097E801
:1012A000030007AB83E803000822694618462CF0C8
:1012B00009FE48B1314606A825F007FE58B199F855
:1012C0000130013389F801300134142CD5D10020CC
:1012D00012B0BDE8F0871022FF2128462CF01CFE3A
:1012E0003946504625F0E6FF98F80130013388F87A
:1012F0000130E9E7F53D0020F03D00202DE9F04305
:1013000097B004A800F022FA07230026DFF88C909B
:10131000214FDFF88C808DF8103099F80030F4B24E
:10132000A34203D8002017B0BDE8F08304A88DF8CD
:10133000114000F0A7FDE8B134232246202109A87E
:1013400024F0B2FE6A4694460DF136030DF1460EC6
:10135000154618685968083303C573452A46F7D1FE
:10136000614604A825F0B1FD30B198F8033001338F
:1013700088F803300136D0E71022FF2109A82CF0AD
:10138000CBFD34232146202009AA24F096FEFB78C9
:101390000133FB70EEE700BFF53D0020D949002086
:1013A000F03D00202DE9F04397B005A800F0CEF9FC
:1013B00008230026DFF88C90214FDFF88C808DF811
:1013C000143099F80030F4B2A34203D8002017B0CB
:1013D000BDE8F08305A88DF8154000F053FDE8B195
:1013E0003023224622210AA824F05EFE01AA944658
:1013F0000DF136030DF1460E15461868596808338D
:1014000003C573452A46F7D1614605A825F05DFD61
:1014100030B198F80330013388F803300136D0E753
:101420001022FF210AA82CF077FD3023214622202C
:101430000AAA24F042FEFB780133FB70EEE700BFFE
:10144000F53D0020743D0020F03D0020F0B504463D
:10145000012593B00DA800F079F90DA88DF834504E
:101460008DF8354000F00EFD10B9002013B0F0BD2E
:101470009DF8350008AC012818BF28466D464FF08E
:10148000110307BF02222146062221460EF048F82A
:1014900094E80F0085E80F0004AA17461A4B03F1E1
:1014A000100C164618685968083303C6634532465F
:1014B000F7D11022394628462CF004FD0028D5D05B
:1014C00029460DA825F001FD054628B10F4A012047
:1014D000137801331370C9E71022FF2120462CF046
:1014E0001BFD9DF835302146012B08BF02224FF02D
:1014F000110318BF062228460EF012F8044A13788A
:1015000001331370B1E700BF1D220408F03D002035
:10151000F53D0020F0B591B004A800F017F90223C2
:1015200004A88DF8103000F0ADFC10B9002011B007
:10153000F0BD1A230822012009A90DF0F1FF6A4627
:101540000DF12E031D4616460DF13E071446186890
:101550005968083303C4BB422246F7D1314604A878
:1015600025F0B3FC044628B10A4A01205378013320
:101570005370DCE71022FF2128462CF0CDFC1A2303
:101580000822204609A90DF0CBFF034A5378013306
:101590005370CBE7F03D0020F53D0020F0B595B04D
:1015A00005A800F0D3F8052305A88DF8143000F045
:1015B00069FC0623044605A88DF8143000F062FC8F
:1015C000054644B328237F220DEB03001E2124F09F
:1015D0006BFD01AA16460DF12D030DF13D071446D2
:1015E00018685968083303C4BB422246F7D1052363
:1015F000314605A88DF8143025F067FC0446002814
:101600003AD12F4A93780133DBB293706DB963BB43
:10161000002015B0F0BD0028FAD028237F221E211B
:101620000DEB030024F040FD01240DF13D0301AA60
:1016300017461E460DF14D0C1546186859680833BB
:1016400003C563452A46F7D10623394605A88DF818
:10165000143025F03AFC1A4A00B31A498B7801334A
:101660008B709378002BD3D084B91022FF210DF119
:101670002D002CF051FC09E0124A9378013393704D
:10168000002DD2D10E4B9B78002BC1D028237F2177
:101690001E200DEB030224F010FDB9E7937801330F
:1016A000DBB29370002BB3D02CB91022FF210DF1C7
:1016B0002D002CF031FC1022FF213046D9E700BF6D
:1016C000F53D0020F03D002070B524F0FDFC0446FF
:1016D00010B1A52024F0F7FC0020FFF7B7FE012091
:1016E000FFF7B4FEFFF716FFFFF758FFFFF7AEFD59
:1016F000FFF704FEFFF756FE00231D4619460F4E66
:101700000F4816F8012B0133114410F8012BDBB2FE
:101710002A44052B89B295B2F3D151EA050306D0CC
:10172000084802F0A1F82946074802F09DF81CB1CC
:10173000BDE87040FCF70ABA70BD00BFF53D00205F
:10174000F03D0020BE210408E521040810B5044640
:10175000142200212CF0E0FB014B236110BD00BFDF
:1017600000014405014B0361704700BF0044400481
:1017700010B503780446013B8AB0082B17D8DFE880
:1017800003F0093310180522242A30004FF003100B
:101790000AB010BD43781548002B08BF4FF4403005
:1017A000F6E701A925F0D3F908B90698F0E700207B
:1017B000EEE725F023FA0028F9D1607800F54030F3
:1017C00000F58070E4E70A48E2E7407800F5403031
:1017D00000F50070DCE7407800F5403000F540701F
:1017E000D6E7044B1868D3E70348D1E701000300AC
:1017F000040003003427002002000300044A054BC4
:1018000010B11B681360704712681A60704700BF00
:101810002C2700203827002030B543780446002BC1
:101820000B4808BF4FF4403087B00D46059025F0B7
:10183000A5FE1023CDE90153012300934FF410516D
:1018400040F20133226905A825F05BFE07B030BDE8
:101850000100030010B501240C4886B005908DF8F6
:10186000134025F08BFE0DF11303CDE90043002258
:1018700040F2013341F20101029405A825F041FE36
:10188000003818BF012006B010BD00BF10000300D3
:1018900073B501240026054622460B4801AB0DF125
:1018A00003018DF80360019425F056FE10F1880FB6
:1018B00003D12D202E7002B070BD18B99DF80330F1
:1018C0002B70F8E72046F6E71000030007B510225A
:1018D00043780748002B08BF4FF4403001AB01921A
:1018E00025F03AFE003818BF012003B05DF804FB74
:1018F0000100030010B5044686B001A9022211239D
:1019000001200DF00DFE9DF814300C48E37025F019
:1019100060F9062201A96070112301200DF000FE7C
:101920009DF814304FF44030A37025F052F9207028
:1019300015F0BCFC6060002006B010BD0100030083
:1019400030B5054619488DB00C46049025F016FEBA
:101950001023CDE90143012400942A6940F20133A8
:101960004FF4105104A825F0CCFD0546D8B91A2330
:101970000822204605A90DF0D3FDBDF91420BDF8BD
:101980001430002A02DA00200DB030BD6FEA434364
:101990006FEA53430822ADF8143028461A2305A9EC
:1019A0000DF0BEFDEFE72046EEE700BF02000300AA
:1019B000F0B585B004460E4629F07CFAC8B102A8FD
:1019C00017F0F8F8A8B1657B271D15F0020F09D0B4
:1019D000082238460DEB02012CF074FA10B12D20CC
:1019E00005B0F0BD02AB45F0020503CB6060796045
:1019F000657310223146034801AB25F0ADFD002888
:101A0000EED0ECE70200030007B510220378074888
:101A1000052B08BF4FF0031001AB019225F09CFD90
:101A2000003818BF012003B05DF804FB0400030078
:101A300030B5044691B07F220D4628231E2106A80A
:101A400024F032FB069B002043F4007306932378B6
:101A5000052B0BBF4FF00312124A0DF11D010DF1C2
:101A60002D010CBF0592059225F0E4FC059825F0A8
:101A700085FD1023CDE9015301230093226940F233
:101A800001334FF4105105A825F03BFD044628B959
:101A900028237F211E2006AA24F00FFB204611B028
:101AA00030BD00BF0400030070B543780446FF2B2F
:101AB0000E4696B012D1002501212A460430CDE908
:101AC0000C5500F01DFBFF2801D0607006E02A468F
:101AD00001210CA800F014FBFF28F6D165782D4BEE
:101AE00005F5403505F580759D4204954FDC2822AB
:101AF00000210CA82CF010FA284625F03FFD1023F9
:101B00000125CDE90163009540F201334FF41051F6
:101B1000226904A825F0F5FC002835D163686178B6
:101B2000CDF84D30A3680CAACDF8513005238DF8BF
:101B30003230637B5B0103F40073ADF8303000F0AA
:101B400051FB054600BB607805A925F09BFB9DF87D
:101B50002C305A060AD42846049A07A925F06AFCB4
:101B60009DF82C3043F040038DF82C30637B607877
:101B7000DB0648BF9DF82C3005A944BF63F07F0306
:101B80008DF82C3025F096FB284616B070BD1A252E
:101B9000FAE700BF1301030008B50378013B082BE7
:101BA00006D8DFE803F00C2D13172A2F1B2127007E
:101BB000002025F0E3FC003818BF012008BD437861
:101BC0001148002B08BF4FF44030F2E7BDE8084051
:101BD00025F02EB9BDE8084025F0B8B8407800F5EA
:101BE000403000F50070E4E7407800F5403000F543
:101BF0004070DEE7054B1868DBE74FF00310D8E7CD
:101C00000348D6E70348D4E7010003003427002047
:101C100002000300040003007FB50C4E0446306848
:101C20000D4625F0ABFC1023CDE9015300230093B2
:101C30004FF4105140F201333046226925F061FC27
:101C4000003818BF012004B070BD00BF3427002049
:101C500007B50648102201AB006825F07DFC00386E
:101C600018BF012003B05DF804FB00BF342700203B
:101C70002DE9F043074620488FB0884616466B464C
:101C80001022006801A925F067FC0025002D05AB96
:101C90000CBF36205C200024994601AA12F8011BD3
:101CA0000134E4B24140102C03F8011BF6D109A81D
:101CB0002AF003F84A46214609A82AF002F8BDB9DD
:101CC00041463A4609A82AF064F8324609AC0DF1BB
:101CD000340C234603CB6345106051601C4602F16F
:101CE0000802F6D115B10FB0BDE8F0830125CDE7AC
:101CF00032462146E6E700BF38270020F0B50C4603
:101D0000064687B008461546FFF732FD6388214F27
:101D10001A0738602CD52A46314610202AF09BF845
:101D20001D4E306808B125F029FC1023CDE9015380
:101D3000002300934FF4105140F2013322691648FA
:101D400025F0DFFB20BB33683B606388D90717D5DC
:101D500000232A4601210DF117008DF81730FFF7F7
:101D600087FF6388002B0CBF2120002007B0F0BD47
:101D7000DE06EAD52A460821201DFFF779FFCFE7C6
:101D80009A0701D50223E4E75B07EAD50323E0E7DE
:101D90000120EBE73827002030270020F0B593B072
:101DA0000446FFF7E5FC354E0546306010B92D209E
:101DB00013B0F0BD002118220CA82CF0ADF8284675
:101DC0000CA925F0D5FB0028F1D13768A7F54033E1
:101DD000B3F5803F1FD222780D9D022A0F9B4FEA58
:101DE00015253DD023F0F9FA012814D19DB940F210
:101DF0000113384608AA0CA90D93089700F0DAFAE7
:101E0000002308A88DF82030FFF742FD9DF8203010
:101E10000BB9FFF71FFD60880028C9D004A9204630
:101E2000174D08AF25F070F83A46214604A8FFF791
:101E300065FF286808B125F0A1FB1023CDE90173E7
:101E4000002300934FF4105140F2013322690C48F3
:101E500025F057FB2B68003818BF01203360A7E737
:101E6000002BBFD108A9204625F04EF808A920462E
:101E700025F02BF823F0B1FAC2E700BF3827002085
:101E80003027002038B5034C2568FFF787FF256011
:101E900038BD00BF382700207FB50A9E9DF820403E
:101EA0009DF82450CDE90034CDE9025613460A4688
:101EB00001460448006825F089FB04B0BDE8704085
:101EC00024F0F7BF3827002010B504461346074A10
:101ED00010680A4606492CB125F052FBBDE81040B7
:101EE00024F0E7BF25F05FFBF8E700BF38270020AC
:101EF000004440042DE9F04303780446092B0D46C5
:101F00009DB050D005AA1646284B03F1080C174681
:101F100018685968083303C763453A46F7D109AAD8
:101F2000904618681B7938603B71214B03F1100C07
:101F3000174618685968083303C763453A46F7D10E
:101F400020464FF0100904240DAFFFF727FF42464B
:101F5000234601213046CDE900940297FFF79CFF0C
:101F600017A8FFF7F3FB0923294617A88DF85C3063
:101F700012AD24F0AAFF17A8FFF710FF2346424630
:101F800001213046CDE90145CDF80090FFF784FFEF
:101F90001422294638462BF095FFB0FA80F040090C
:101FA0001DB0BDE8F0830020FAE700BF2D22040831
:101FB0003B2204082DE9F04186B0064603A80C46F2
:101FC00017F03EFE054600284AD1BDF80C309806B1
:101FD00046D51022294620462BF09EFF01A816F078
:101FE000E9FDC0B1777B06F1040817F0020F06D0B7
:101FF0000822404601A92BF065FF00282ED101AB35
:1020000047F0020703CB7060C8F804107773238889
:1020100043F008032380238843F00203238016F053
:1020200071F9606028F046FF30B10E4B1B68A36069
:10203000238843F0040323800B4B1A68D1035EBF4F
:10204000238843F010032380130203D5238843F42D
:1020500000632380284606B0BDE8F0812D25F9E70E
:102060002425F7E7242700202827002030B5224B1D
:1020700005461B780C46834289B03AD901A925F060
:1020800001F9182101A82AF0B7FA10B9292009B0DE
:1020900030BD01AB03CB9DF81C30C4F8211013F008
:1020A000020F14BF08221822590748BF42F020022D
:1020B0002280C4F81D00180642BF228842F4007234
:1020C0002280D907E2D50523A3700C4B53F82530A5
:1020D000A36116F01DF92388606143F00602228097
:1020E0009DF81C200020520644BF43F08603238045
:1020F000CDE72720CBE700BFD049002000220020F9
:102100002DE9F04F8FB0064602A80C461746FFF7A0
:102110001DFB04238DF808309DF8153043F00103B2
:102120008DF81530002C54D06B462B4A106851683E
:1021300003C39EB10822694630462BF0C3FEB0FAB5
:1021400080F56D094FF00009DFF894A09AF800308F
:102150005FFA89F4A34203D8FF2433E00125F1E7B5
:102160001922FF2107A82BF0D7FE204607A925F04A
:1021700089F89DF83480B8F1FF0F03D18A21174800
:102180002CF07EF83DB1082107A82AF035FAC8B135
:1021900009F10109DAE702A88DF80940FFF772FE9C
:1021A00008228346314607A82BF08CFE5BEA00002C
:1021B000EED118F0010FEBD0FF2F03D037B918F094
:1021C000800FE5D120460FB0BDE8F08F37EA080850
:1021D000F7E70224F6E700BF982204084C2204081F
:1021E000D0490020F0B5314B0D461B7814468B4288
:1021F00093B058D970B11922002108A82BF08CFE99
:1022000000242B4B284643F8254008A925F052F816
:10221000204618E002F11D0630466A4604AB08A9C4
:1022200024F0A8FF88B130460DF022FFC0B1FF278F
:10223000384608A9FFF71AFF2288BDF8203053401E
:102240009A050DD4212013B0F0BD30469DF82170C1
:102250000DF00EFF0028EBD1FF2F01D0BD42E7D1DA
:1022600023889B0512D5D4F81D00716808AB03C301
:1022700024F067FC002814BF0122032223889B104E
:1022800023F07F0313438DF83830B9E704A816F024
:1022900091FC0028E7D00822304604A92BF012FE5A
:1022A0000028E0D1CEE72720CDE700BFD0490020AD
:1022B0000022002070B5114B05461B780C46834266
:1022C000164688B017D901A924F0DCFF192101A80E
:1022D0002AF092F910B9292008B070BD9DF81C3081
:1022E000284623EA0602144301A98DF81C4024F075
:1022F000E1FF0020F0E72720EEE700BFD0490020F3
:1023000038B50024054D2B78E0B2834201D8002077
:1023100038BD25F035F80134F5E700BFD04900207D
:102320002DE9F04398461E4B81461B780E46174612
:1023300085B0ABB9C6B91B4B18689B880190ADF846
:102340000830194B1C68A4B1184B1D788DB104EBF3
:10235000450534F8023B9F420ED0A542F9D103E077
:1023600024F0EFFF0028E5D10126304605B0BDE896
:10237000F083032501ACEAE7B8F1000FF5D19DF831
:102380003430BDF8302047F4004101A82AF060FB4A
:102390008D234846064A01A919F022FAE5E700BF55
:1023A000E7490020A02204083C270020FA3D002035
:1023B000CF66040870B505461446F9B1F2B1166847
:1023C000864204BF0F4B136012684B684A61DAB251
:1023D00022B923F0FF0343F001034B602246284655
:1023E00025F010FB60B9AE420AD1304625F09FFAC5
:1023F00031462068BDE8704023F01CB86FF08600BD
:1024000070BD00BFF000020010B50A46044619B1C5
:10241000024B00211B68984710BD00BFB844002044
:102420000E4B0340B3F1607F06D1B1F5885F14BF56
:102430006FF0860000207047B3F1707F0BD101F47C
:10244000E043B3F5005F06D111F4E06F0CBF6FF00D
:102450008600002070476FF0860070470000C07F44
:102460009142F8B506460C4600F01D8121F0FF00B0
:10247000B24988420CD122F0FF0383423CD114F0D0
:10248000FF0334D0AE4943F000738B422FD10AE1F1
:10249000AC4DA84216D0AC4B98420DD024F4FF733B
:1024A00023F00103B3F1062F06D0A84FB84203D0A2
:1024B000A7F5A067BB4267D122F0FF038B422DD165
:1024C0000022F0E022F0FF038B42F9D0834227D1B3
:1024D00084EA0203FF2BF3D89A4B984200F0FE8067
:1024E0009949884240F04C8114F0FF010FD112F05D
:1024F000FF0340F0E1801EE192498B4210D184EA53
:102500000201FF29DCD814F0FF0100F0DC808C48C8
:1025100041F00071814240F0EA80C4E0AB42D6E76E
:10252000894DAB4200F09B8022F4FF7121F0010144
:10253000B1F1062F06D0854FBB424AD005F5007594
:10254000A94221D184EA0201FF29B9D87B4D24F4A4
:10255000875121F01F01A94240F00E8114F0FF01C4
:10256000D5D179498B4200F0DD8022F4FF7121F052
:102570000101B1F1062F00F0D5807448834200F0CC
:10258000D180734B9942B2D004F0FE45B5F1A06FF3
:102590002AD102F0FE43B3F1A06F91D184EA020385
:1025A00033F47E138CD12504C4F30543C2F30540F4
:1025B00002F4004140F1F280002900F0EB808342F8
:1025C00038BF034624F47E1242EA034242F400423A
:1025D00069E084EA0201FF2940F2998004F0FE4597
:1025E000B5F1A06F3FF46CAFB5F1407F7FF468AFF9
:1025F00002F0FE43B3F1407F7FF462AF84EA02034E
:1026000033F47E157FF45CAF31462046FFF708FFB8
:1026100000287FF455AF14F47C1300F0C780C4F396
:10262000054312F47C1504F4004C02F4004700F05A
:10263000E280C2F30540BCF1000F00F014810546B2
:10264000002F00F00C819D4238BF1D462D0405F47B
:102650007C1524F47E142C4344F4004223E084EAE5
:102660000201FF29BAD8354988421ED001F58051B0
:1026700088420FD0984240F0838014F0FF017FF42D
:1026800046AF31498B424DD112F0FF0314D104F013
:10269000FE45A9E714F0FF033FF429AF284943F0B2
:1026A00000738B4204D11046F8BD14F0FF03F5D13E
:1026B00012F0FF033FF404AF214943F000738B4253
:1026C0007FF462AF08E012F0FF02ECD01C4B42F046
:1026D00000729A427FF4F4AE2246E4E714F0FF035E
:1026E0000AD0174943F000738B42DCD003461549EA
:1026F0008B427FF436AF15E012F0FF02D3D0104BBF
:1027000042F0007199420CBF22460022CBE70B49F0
:1027100088421FD114F0FF0304D0094943F000732D
:102720008B42C0D012F0FF03C6D104F0FE45B5F1D4
:10273000A06F7FF459AF1A46B5E700BF000300064B
:10274000FF00000200130006000200060009000658
:102750000004000645498842DCD0A8428DD0444D93
:1027600024F47F7121F00301A94201D09842BED127
:1027700014F0FF01BBD0CAE63E4988423FF4EEAEFA
:102780003B4D24F47F7121F00301A942F0D03A4976
:102790008842ECE7834288BF002284E700293FF4A7
:1027A0008FAE83422CBF224600227CE73349214072
:1027B000B1F1607F0ED13248E1B241F00071814247
:1027C00017D001F17E4104390F293FF62AAF2D4B76
:1027D0005B5C26E7B1F1707F7FF423AF06F4E04144
:1027E000B1F5005F7FF41DAF0123C6F302218B40DA
:1027F00017E7102315E721491140B1F1607F1FD180
:102800001F48D1B241F00071814226D001F17E41D2
:1028100004390F2911D93846BCF1000F7FF410AFED
:10282000002F7FF459AF83427FF44AAE1B0403F4B8
:102830007C1324F47E121A4335E71348405CFAE611
:10284000B1F1707FE7D106F4E041B1F5005FE2D16C
:102850000120C6F30226B040EDE61020EBE6AB42C5
:1028600088BF00221FE7002FDDD09AE70013000683
:102870000004000600020006000900060000C07FF8
:1028800003000002A6220408A62204088A42F8B522
:1028900006460C4600F0DB806F4922F4FF7323F0FC
:1028A00001038B420ED06D4B22F0FF01994209D0FB
:1028B0006B4822F47F7323F00303834202D0694BF9
:1028C000994228D1684B24F0FF0199420FD114F0AE
:1028D000FF000BD0654B40F00070984240F0B9808B
:1028E00082EA0400FF288CBF00200120F8BD5B4B6A
:1028F0009942ECD0A3F588539942E8D024F4FF73B1
:1029000023F00103B3F1062FE1D056488142DED017
:1029100053498B42DBD004F0FE43B3F1A06F14D1D6
:1029200002F0FE43B3F1A06F40F0938082EA04030B
:1029300033F47E1340F08D8014F40040D6D0C4F3FD
:102940000540C2F305429042CDE7B3F1407F6AD122
:1029500002F0FE43B3F1407F7BD182EA040535F4F7
:102960007E1576D131462046FFF75AFD002870D1FA
:102970003F4B12F47C1703EA02031BD0B3F1607FD4
:10298000C2F305473FD13B49D3B243F000738B42BA
:102990003DD003F17E43043B0F2B01D83649CD5C7B
:1029A00014F47C1FC4F3054333D1BD4214BF00208F
:1029B00001209BE7B3F1607F0DD12E49D3B243F0E4
:1029C00000738B421DD003F17E43043B0F2BDAD8FA
:1029D0002A49CF5CD7E7B3F1707FE1D106F4E04339
:1029E000B3F5005F03D10127C6F302239F4006F42D
:1029F000E043B3F5005FD3D10125C6F302218D403A
:102A0000CEE71027BFE7B3F1707FC9D1EFE71025FC
:102A1000C6E712F47C1F01D1AB4218D022047FF527
:102A200065AFBB425FE7B3F1106F12D124F01F60B6
:102A300020F4702068B902F0FE43B3F1106F7FF408
:102A400055AF0F48104040F01060A042AEE70120A3
:102A50004CE700204AE700BF000200060013000612
:102A6000000400060009000600030006FF00000243
:102A70000000C07F03000002A6220408A62204086A
:102A80000000FFF6074B20F47E10984206D107396C
:102A9000072934BF00206FF0860070476FF0850073
:102AA000704700BF0001400500F0FE43B3F1A06F86
:102AB0003FD1214B20F0FF029A4203D110F0FF00DA
:102AC00027D170471D4B9A4220D0A3F588539A42D4
:102AD00018D020F4FF7323F00103B3F1062F0DD0BB
:102AE00017498A4206D0174A93421BD110F0FF00C3
:102AF0000FD1704710F0FF000BD1704710F0FF00AE
:102B000007D1704710F0FF0003D1704710F0FF00AD
:102B100011D00D4B40F00070984214BF00206FF0B0
:102B20008600704710F4004F0CBF00206FF0860045
:102B300070476FF086007047000300060013000620
:102B40000009000600040006FF00000237B50D4D25
:102B50000C466B78022B12D12B78072B0FD1002358
:102B60000A460193014601AB281D22F0AFFC20B9B3
:102B7000019BA34218BF6FF0930003B030BD6FF00C
:102B80008800FAE7402700202DE9F84388461746D9
:102B90001C4600F015FB054688BBD8F80060B6F867
:102BA000009009F4E043B3F5804FB36808BF27F005
:102BB000010737EA03031AD10CB3254B24F0FF02B7
:102BC0009A421FD114F0FF0304D0224A43F000734D
:102BD000934232D022464846F168FFF757FE074637
:102BE00068B9224648463169FFF750FE70BB6FF066
:102BF000840500233046C8F8003025F0C2FB284683
:102C0000BDE8F883144B9A42DCD0A3F588539A426E
:102C1000D8D024F4FF7323F00103B3F1062FD1D0F1
:102C20000E498A42CED00E4A9342CBD004F0FE43E6
:102C3000B3F1407F04D12304CCD56FF08605D8E7EB
:102C4000B3F1A06FF7D0034B9C42C2E73D46D6E7F5
:102C500000030006FF000002001300060009000642
:102C60000004000610B5114C2378580744BF23F028
:102C7000040323702378990705D500F047FA2378D9
:102C800023F00203237063781BB10023084A6360BA
:102C900053600023082106486370FFF7B5FB2378D3
:102CA000DA0744BF23F00103237010BD4027002042
:102CB0004427002038B51E4C62782378022A01D1BF
:102CC000072B11D0DD0712D52378980707D400F021
:102CD00015FA2378054643F00203237078B9627829
:102CE0002378CAB15A071FD50025284638BD22F0DF
:102CF000E2FB054630B1237843F001032370FFF770
:102D0000B1FFF2E722F0E0FB2378054643F0010330
:102D100023700028F3D1D7E7D907E3D505496260CE
:102D20004A6002226270DDE743F004032370DBE7B0
:102D300040270020442700202DE9F04F9A46002329
:102D4000904601F0FE4293B0B2F1806F0E46DDE98D
:102D50001D97CDE90833CDE90A33CDE90C3305D011
:102D6000184625F00EFB6FF086042EE00B464FF45C
:102D7000807208A9FFF708FF0446089814B125F0EF
:102D800000FB22E0038803F4E042B2F5005F1ED1AD
:102D900013F4E06FC3F3022119D0544C26F480726F
:102DA000A2420AD004F50074A64206D0504CA642B6
:102DB00003D0A4F53F44A24209D101258D40102D36
:102DC00010D925F0DEFA6FF08304002574E042F29A
:102DD0000402934202D1474B9E420AD0464B9E4288
:102DE00011D10D25A94506D225F0CBFA6FF0890443
:102DF000EBE70C25F6E729460EA8FFF7A7FE0446E9
:102E000010B10898BBE700255146404609AA24F0B6
:102E1000C5FE04460028F4D149461C980BAADDF8EB
:102E200024B024F066FF04460028EAD10898DDF8B3
:102E30003080D0E90812B8F1000F1FD008EB050C64
:102E40004468A9EB0503240A012C42D0022C17D0B8
:102E5000002C86D1CDE905370EAB0093CDE903AC4C
:102E60003346CDE9015B22F091FD10F1860F064655
:102E700012D1089825F085FA3446A6E7C446DFE764
:102E8000CDE905370EAB0093CDE903AC3346CDE970
:102E9000015B22F07BFD0646089825F072FA044695
:102EA000002EE9D1002890D125B12A4640460EA92E
:102EB0002BF044F83B681D4409A83D6024F086FED1
:102EC0000BA824F02CFF002808BF204613B0BDE853
:102ED000F08FCDE905370EAB0093CDE903AC334657
:102EE000CDE9015B22F04AFDD5E700BF0010C00428
:102EF00000FF4004000180040013C0042DE9F043EA
:102F00001F460023914601F0FE428DB0B2F1806F62
:102F10000D46DDE91586CDE90633CDE90833CDE967
:102F20000A3307D0184625F02CFA6FF086040023E8
:102F3000336078E00B464FF4007206A9FFF724FED9
:102F40000446069814B125F01CFAF0E7028802F452
:102F5000E043B3F5005F14D10123C2F302218B409B
:102F600079B13C4C25F48071A14215D004F5007470
:102F7000A54211D0384CA5420ED0A4F53F44A14241
:102F80000AD042F204039A4202D1344B9D420ED041
:102F9000334B9D4202D10D23BB42C4D8394648462B
:102FA00007AA24F0FBFD044618B10698CBE70C23D2
:102FB000F2E74146149809AADDF81C9024F099FE26
:102FC00004460028F1D106980A9C4368D0E908120B
:102FD0001B0A012B33D0022B13D0002BA3D12B467D
:102FE000CDE90386CDE90174CDF8009022F0D0FC44
:102FF00010F1860F05460ED1069825F0C2F92C4631
:1030000095E72B46CDE90386CDE90174CDF8009014
:1030100022F0BEFC0546069825F0B3F90446002DC3
:10302000EDD1002883D107A824F0D0FD09A824F011
:1030300076FE002808BF20460DB0BDE8F0832B4681
:10304000CDE90386CDE90174CDF8009022F098FC1B
:10305000E0E700BF0010C00400FF4004000180044E
:103060000013C00400F0FE42B2F1A06F08BF20F4CC
:103070007E1000F0FC42B2F1806F04D0034A90420F
:1030800004BF01221A706FF0850070470002C00370
:1030900000F14043252B70B505460E460CD828227A
:1030A000154C02FB0344237E022B02D16369834249
:1030B00018D06FF08B001AE0012125F03CF9B8B16F
:1030C0000D4B00221C46197E022902D15969A942E2
:1030D00005D00132262A03F12803F4D1E9E7282399
:1030E00003FB0244204625F019F900B9346070BD95
:1030F0006FF08700FBE700BF4C2700200122024B46
:10310000002083F8F02570474C2700202DE9F0417E
:103110000A4C002526464FF0010803272046C4F834
:103120001C802776013524F0E5FB262D04F12804C8
:10313000F4D1002386F8F035BDE8F0814C2700205B
:10314000F8B51E4D064695F8F0350F4683B30024BA
:103150002B462246197ED1B13CB9022905D1D96945
:1031600019B91979002918BF1C460132262A03F122
:103170002803EFD114B96FF08C0006E0204625F04B
:10318000CDF8204624F0B6FB10B100240EE01C461A
:10319000237E83B9012323763EB1651BED1003F135
:1031A000CC335D4305F18045356000203C60F8BDBF
:1031B0006FF08800E9E76FF09600E6E74C27002003
:1031C000F7B500262C4B0E6093F8F03507460D46F8
:1031D000002B4ED0FFF75CFF10F18C0F044645D159
:1031E00029463046FFF7ACFF044600283ED10123B4
:1031F0002E68CDE90000694630467761736001AA08
:1032000025F042F9044670B1DDE9000125F03AF9F4
:10321000286824F06FFB14F18C0F08BF6FF087044F
:1032200000232B6022E0DDE90012304624F0E5FAAD
:103230000446DDE9000125F025F9002CE8D12868D5
:103240008368D90444BF43F48063836083689A042D
:1032500044BF43F400638360037E012B04BF022359
:10326000037625F05BF804460028D9D1204603B048
:10327000F0BD6FF08804F9E74C27002030B40D4D05
:103280002C681C606C685C6000249C605468DC6086
:1032900014881C8254885C8294685C61D4689C6148
:1032A000126930BCDA6119620A46014603F1240052
:1032B0002AF044BEB62204082DE9F8432329044627
:1032C0000F4691469846089E04D86FF09805284608
:1032D000BDE8F883082219492AF0F4FD05460028C4
:1032E000F3D1A368002BF0D1216A243F8F42C8F8A4
:1032F0000010EAD3B1F5005FE7D271B9C9F8000058
:10330000E3687360238A3380638A73806369B36080
:10331000A369F360E3693361D9E7012022F06EFF0E
:10332000C9F8000030B1D8F8002004F124012AF0D7
:1033300005FEE5E76FF08C05C9E700BFB62204087B
:103340002DE9F04F9B4691B00B1E0A93AD4B904672
:1033500014BF8146994600241A9E9BF8000070B95C
:10336000444538BF224643464FF000000A9928BF23
:1033700008F1FF32C847204611B0BDE8F08F25287C
:103380000BF1010B06D0224643460A99651CC8473B
:103390002C46E2E700230DE02D2A2AD0302A06D061
:1033A000303A092A4FF0000711D80A2532E043F0DD
:1033B00001038B46594611F8012B2B2A1CD0EBD860
:1033C000202A1CD0232A1DD02A2A2BD000279BF884
:1033D00000202E2A64D19BF801100BF10102A1F10B
:1033E0003000092843F4806351D800254FF00A0CBF
:1033F00026E043F00203DCE743F00403D9E743F09F
:103400000803D6E743F01003D3E78B4605FB0722FA
:10341000A2F13007594611F8012BA2F1300009281A
:10342000F3D9D4E756F8047B8B46002FBCBF43F09A
:1034300002037F42CBE702460CFB0511A1F13005E8
:10344000104610F8011BA1F1300EBEF1090FF2D9A0
:10345000114611F8010B6C282CD024D8682830D0E4
:103460006A2837D011468B461BF8010B672875D8A0
:1034700057284BD8452807D085D9462800F03181F8
:10348000472880D143F4006343F020033FE12A2919
:1034900007D156F8045B0BF1020225EAE575D7E780
:1034A0005A460025D4E7742801D07A28DAD143F4AB
:1034B0008073D8E750786C28F9D143F44073911C9D
:1034C000D1E75078682802D043F08003CBE743F07F
:1034D000C003F4E743F40073C5E70A2A00F06281F1
:1034E000072A7FF450AF43F0210305930823CDE969
:1034F00003531023CDE9011356F8043B22460093F1
:10350000484643460A9925F0F6F8FAE0A0F1580239
:103510000F2A3FF638AF01A151F822F08D3501088E
:10352000873301088733010887330108873301088F
:10353000873301088733010887330108873301087F
:10354000873301088D3501082D3701088D350108B5
:1035500007370108E736010807370108A0F16902BB
:10356000D2B20F2A3FF60FAF012149F2410C914030
:1035700011EA0C01B1D0782803F4806122D100292E
:1035800000F0908023F00D02102307E0622803F47E
:10359000806220D142BB23F00C02022312F400719E
:1035A00000F08380CDE907720022CDE9043206F1F4
:1035B000070A2AF0070A06950292FAE80223CDE9E3
:1035C00000233DE06F2812D123F00C0209B123F053
:1035D0000D020823E2E7582816D1002A39D123F03A
:1035E0000C0242F02002CFE723F00D02D5E7692854
:1035F00023F0100230D023F01C0209B123F01D0289
:103600000A23CBE73585030842BB23F0100293055C
:1036100027D5073626F00706B24671685AF8083BE8
:103620000A26CDE907720027CA0F0029CDE90467F1
:103630000695029202DA5B4261EB4101CDE900316D
:103640004346224648460A9925F098F804465646CD
:1036500083E623F00D02C4E70029D8D023F011023D
:10366000D5E7D00506F1040A01D5336802E051061A
:1036700013D53378CDE904720A22002B02924FEA67
:10368000D37203950192B8BF5B4200934346224632
:1036900048460A9925F02FF8D8E71306E5D5B6F97C
:1036A0000030E7E723F00C026EE7D00506F1040ACC
:1036B00006D5CDE90472CDE9023501913368E4E71E
:1036C000510608D53178CDE902350023CDE90472E1
:1036D000CDE90013DAE7316812F0800F18BF89B224
:1036E000F1E743F02003CDE90173073626F0070622
:1036F0000095B6EC020B4346224648460A99F2F77B
:10370000CBFF044629E6672801D143F40063CDE9E5
:103710000173073626F007060095B6EC020B434608
:10372000224648460A99F2F7FBFDEAE713F0020544
:1037300023D04FF0010A631C0B93224643460A999B
:1037400016F8040BC8475DB354460B9A1EE0434677
:1037500020200A99C8470AEB04020AF1010A5745DA
:10376000F5D8002F07F1FF3308BF002307F1010A46
:103770001C4408BF4FF0020ADDE7AA46EBE7551CE0
:10378000434620200A99C8472A460134BC42F6D352
:10379000A7EB0A03574538BF00230B9A1A440B9234
:1037A0000B9CDAE53246002D52F8046B14BF294613
:1037B0004FF0FF310B9232463144107808B18A4203
:1037C00011D1A2EB060A13F480620C9202D0AA4532
:1037D00028BFAA4613F002030D931BD1AAEB0403E2
:1037E00022460F9308E00132E7E7531C0E93202096
:1037F00043460A99C8470E9A0F9BD3189F42F4D8A4
:10380000A7EB0A03574538BF00230AF101021C4405
:1038100003EB020AA31B0E9304E01D464346224617
:103820000A99C8470E9BF41816F8010B28B10C9B97
:10383000002BF3D06B1E002DEFD10D9B93B12246D0
:10384000AAEB040505E0561C434620200A99C84708
:10385000324653199F42F6D8A7EB0A03574538BFA3
:1038600000231C440B9E78E50FB41FB506AA52F83E
:10387000043B02A90392009204484FF0FF32FFF785
:103880005FFD05B05DF804EB04B070471B880308CA
:103890001FB5034600914FF0FF3203A90248FFF71E
:1038A0004FFD05B05DF804FB1B88030807B50093C6
:1038B00013460A4601460348FFF742FD03B05DF890
:1038C00004FB00BF2D8503081FB5CDE9020100935D
:1038D00002A9134603484FF0FF32FFF731FD05B050
:1038E0005DF804FB2388030808B5154B4FF4E47218
:1038F000002118462AF010FB0922034602614261AA
:103900001048114A98614FF48061DA61002219620F
:103910009A625A62DA62C3F8F0000C48C3F8F40005
:10392000C3F8F8100A49C3F80021C3F8FC20C3F813
:10393000042111F8010D98540132102AF9D108BD63
:10394000005400202023040800500020004C0020D8
:10395000392304082DE9F84FDFF88880824698F86B
:1039600000308946532B164601D0FFF7BDFF1827BC
:1039700007FB0A87D7F80051D7F8FCB05D452FD96F
:10398000D7F8F840D7F8F410641BB44228BF344687
:103990004846294422462AF0D1FAD7F8F83025447F
:1039A000AB4208BF0025A144361BABEB050B5E45BF
:1039B00028BF5E465EB1182303FB0A83D3F8F410D8
:1039C0003246294448462AF0B9FA3444354424B1F1
:1039D000182303FB0A88C8F800512046BDE8F88F79
:1039E0000024E2E7005400202DE9F843174E1F465B
:1039F00033780546532B8946904601D0FFF774FF74
:103A0000082D1FD8EFF311824FF0200181F31188A8
:103A10006DB11824002304FB0564C4F8F090C4F8C9
:103A2000F480C4F8F870C4F80031C4F8FC301823EE
:103A300003FB0566089BC6F8043182F31188002059
:103A4000BDE8F8834FF0FF30FAE700BF00540020D4
:103A500013B50446694624F069FF204625F0C0F8F6
:103A6000FF28024606D020469DF80010F7F760FABE
:103A700002B010BD0048FBE70080FFFF4FF4007369
:103A800007B50A490DF10602ADF8063024F064FFCF
:103A9000BDF80630B3F5007F05D1022808BF00202D
:103AA00003B05DF804FB2120FAE700BF402D0020A1
:103AB0002DE9F0418AB001AC05460B462746194A6C
:103AC00002F1200C264610685168083203C6624590
:103AD0003446F7D1002B08BF3B46002710681C4630
:103AE0003060384603F10C0690B95FFA87F8424619
:103AF0002846218825F081F950B942462846E188B8
:103B000025F08CF920B942463146284625F098F92F
:103B10000137032F06F1080604F10204E4D10AB0CC
:103B2000BDE8F08148230408F0B589B005460E468B
:103B300001F01AFF044600BB01AC06F10C070FCFE1
:103B40000FC497E8070084E8070001A9284605F09C
:103B5000A3FF2846311D25F01FFC044648B928461E
:103B6000074901F0DFFA044618B9284601F0C6FEFD
:103B7000044628463168FFF79BFF204609B0F0BD98
:103B800040230408014924F01CBF00BFED58010880
:103B900070B5164E032804460D4633781ED023FA1E
:103BA00004F202F00102AA421DD053B10122A24048
:103BB000A54023EA02032B43DBB233704BB1012053
:103BC00070BD2DB10A4B01201B6898473378EDE793
:103BD0003570074B00201B689847F0E79A07DED046
:103BE00003F0FC03E9E7002070BD00BFFC3D0020AE
:103BF0007C2F0020F8B505460C462CF0A3FB104F97
:103C000006463B7833B1012D04D01CB90D482AF08B
:103C10007BFF3C7021462846FFF7BAFF0A4B04465B
:103C20001B783BB93B782BB925F0C0F810B1074B96
:103C30001B68984730462CF080FB2046F8BD00BF3B
:103C4000FD3D0020502F0020FC3D0020BC44002002
:103C5000054A0B46117831B100211170034A012148
:103C60005268187810477047FD3D0020BC44002082
:103C700038B5074D04462B78834207D001F09CFDF0
:103C800020462C70BDE83840FAF790BF38BD00BF21
:103C9000FB3D00201B4B022910B5187002D00329F0
:103CA00004D010BD184B1B78002BFAD105F05CFE38
:103CB0000028F6D04FF00052144BC3F88020BFF319
:103CC0004F8FBFF36F8F01F0FFFC0028E9D001F0A8
:103CD000E1FA0028E5D10E4B1C6834B123689847FF
:103CE000BDE81040002001F05BBD24F066FE094BEA
:103CF00018602CF023FC084B1860204601F0ECFC07
:103D0000EEE700BFE9490020FB3D002000E100E0B4
:103D1000A02F0020782F0020742F002038B50446F3
:103D20000D4605F021FE80B14FF00052124B1A6093
:103D300001F0CAFC48B9012D07D8012001F030FD7F
:103D40000E4B1B6823B15B6898470D4B1C7038BD48
:103D50002CF0F4FB0B4B1A68801A18602AF08EFFC7
:103D60004FF47A72084B1B6802FB003024F027FEE8
:103D7000012001F0B1FCE8E700E100E0A02F002005
:103D8000E9490020742F0020782F0020F0B585B07D
:103D90002CF0D8FA344D04462B7823B133482AF05E
:103DA000B3FE002852D12AF045FF02AA03A924F04D
:103DB000E7FF0346002838D024F0F6FF029B984224
:103DC0001CD100202A4B03991B682A4E994230705F
:103DD00020D90027C91A012324482B70264A3346CC
:103DE000CDE900772CF086FB002837D1234A1378E1
:103DF000D90701D53178F9B1204611E024F0D2FF7E
:103E0000029B984228D0002318461949194A09688C
:103E1000137003910121FFF7BBFE002320462B7096
:103E20002CF08BFA002005B0F0BD20462B702CF052
:103E300084FA212005B0F0BD03F0FE031370002BBF
:103E4000DAD10F4B1B6898472046E9E720462CF053
:103E500074FA0E2005B0F0BD0220B3E7032320461C
:103E60002F703370F3E700BFFD3D0020502F00207E
:103E7000702F0020E8490020513C0108FC3D002043
:103E80007C2F002038B52CF05DFA144D04462B78B9
:103E9000EBB9134A13491370134B144A14481A60B0
:103EA000144A5A60FAF724FE13491448FAF720FE20
:103EB000134A144B1A60144B5B6F03F44073B3F551
:103EC000007F02BF0222114B1A6001232B70FAF708
:103ED000ADFF20462CF031FA002038BDFE3D002019
:103EE000FD3D00206C230408BC4400208D3D0108EA
:103EF000402F0020F53B010874230408482F0020C0
:103F0000713C01087C2F002000400050702F0020E1
:103F100010B50446D0F818210B4B4FF40061C3F8DC
:103F2000C42090F82420D20102F4006205F038FC8D
:103F300094F8243013F0100F4FF4007314BF034AA9
:103F4000034A536410BD00BF003E00B0001002B829
:103F5000002002B837B50C46264D69B90A46012142
:103F600005F01EFC244BEC645C6005F073FC202221
:103F7000224B5A6603B030BD0122114605F010FCF9
:103F800007221E4B0121DA60237901A885F84C3005
:103F90006379019325F092F8019BC2B2D34000F0FF
:103FA0000F0040EA031085F84D00A27985F84E20F5
:103FB000E27985F84F20206828650193BBB1012183
:103FC00002888B420CD821794B1E13440C4A136291
:103FD000C2F8CC1020220B4B5A6605F03BFCC9E717
:103FE00030F811500131AA4228BF2A46E9E71A46A3
:103FF000E9E700BF003F00B04C3F00B0006000B8F0
:10400000004000B8005000B8D0F8E43013B11A688E
:10401000032A10D8094BDB6BC3F3C20213F0380F2D
:1040200003F0070018BF504313F4E07FC3F382127C
:1040300003D050437047986A400E7047008001B823
:10404000431C07D06FF0FF02034B10405A62A3F5E8
:1040500080535862704700BF00E000B82DE9F0437C
:104060008F7880460F2F0C4685B003D9212005B0EC
:10407000BDE8F08327B90122414B1A700020F6E712
:104080000D784E78EDB9002EF0D194F90310E08848
:1040900002F0C2FF2128E9D055EA0603A088DFF824
:1040A000F89013D003F01CF84FF60403B9F8002081
:1040B00001469A425FD1AE42334638BF2B460026B6
:1040C0002DE0082DD2D8082ED0D8DEE703F008F86E
:1040D0004FF6040501464FF605002A4A136E9BB2BF
:1040E000AB4208BF0346B1F5803FA9F800300FD9B5
:1040F00002230825136680230126C2F880302B4650
:1041000049084FF6FF720139914228BF114608E075
:104110008023012608251666C2F880302B46002928
:10412000EFD1002202920122013FFFB200920197DB
:104130002A4608F1F80002F073FE1EB14FF4801217
:10414000114B5A650221114BA2681A600C4B197071
:1041500098F82D30013B8B4290D8032301200C4A64
:10416000C2F850320B4BC3F85002C2F8641204225A
:10417000C3F8642282E703480266A9F800309AE790
:10418000FF3D002000C001B800D001B8882F0020FA
:10419000006001B8005001B88E490020F8B504460F
:1041A0000F4616462CF0CEF80546A047044620B12F
:1041B00028462CF0C2F82046F8BD04F087FC042203
:1041C0000549D1F8F03E23EA07033343C1F8F03E36
:1041D000024B5A64ECE700BF003000B0002002B888
:1041E00000F01803182B0AD003070AD440F2011379
:1041F00010F0100018BF1846034BD8677047002016
:10420000FAE70120F8E700BF003F00B0044B186850
:10421000830654BFC0F30F204FF6FF70704700BFF6
:104220006830002038B10368044A002B08BF1346E9
:10423000034A13607047014BFAE700BF0B8A03087B
:10424000CC44002010B4D0E9544122400B4052EA43
:10425000030104D003495DF8044B096808475DF881
:10426000044B7047CC440020024B986E00F00F00C6
:10427000704700BF003F00B00F2938B505460C4617
:104280000ED801F0AFFA01280CD1074A2846936EE8
:1042900023F00F032343936624F0E1FD002038BD93
:1042A0002120FCE70220FAE7003F00B0014BD86E66
:1042B000704700BF003F00B0014B0020D966704737
:1042C000003F00B003282DE9F347884665D8344BFA
:1042D00013F80090334B1E5C334B13F800A02CF006
:1042E00031F8074604F040FB054640B100230022A8
:1042F000CDE9003301200023002104F063F904F02C
:104300003BFB48B100230022CDE90033002000230D
:104310004FF4004104F056F9002E3CD0234BDC6CE6
:1043200004F00804224B31464846DC6404F02CFCBF
:10433000012352463146484604F0B4FC1D4BDC6470
:10434000DDB11D4B1868D0F89410F83003F04EFA28
:104350001A490868FFF774FE4FF0FF330B60184BE3
:104360001A68511C06D06FF07E401649C863A1F54B
:104370008051CA634FF0FF321A60B8F1000F04D0C9
:10438000114B002103205B689847384602B0BDE816
:10439000F0472BF0D2BF3446C4E702B0BDE8F08747
:1043A00084230408802304087C230408004000B808
:1043B000006000B8005000B874300020C8440020ED
:1043C000C444002000E000B8BC4400200F4A536CF5
:1043D00013F0A00F15D1906C10F0040013D10C4B0A
:1043E000D3F8F03E23F07F4323F0FF035BB1D368A3
:1043F000C3F30362092A07D0B2F10C0018BF0120F1
:104400007047002070470120704700BF000002B8CD
:10441000003000B0074A084B30B10221C2F86412E4
:104420000422C3F8642270470421C2F864120222F5
:10443000F7E700BF006001B8005001B870B50D4645
:10444000064620B91C4B1B68D3B10E2017E001F0C3
:10445000C9F901282DD1194B93F90040D6F8E43061
:10446000C4F11C040BB193F92630E41A641BC4F1A7
:104470002B03002BB8BF5B42232B0CDD212070BD2A
:1044800001F10F03002BB8BF5B42232BF6DC0B4B73
:1044900019700020F3E786F827502BF053FF084AE5
:1044A000136A23F4FF2343EAC42313622BF045FF6E
:1044B000EFE70220E3E700BF74300020003E002059
:1044C00000C000B818B9034B93F90000704790F989
:1044D00027007047003E002010B5FFF719FD03F0DC
:1044E00059FD2BF02FFF0A4A0121D2F8C03E0446A5
:1044F00023F02003C2F8C03E0222064B08469A6011
:10450000054B5B68984720462BF017FF002010BD35
:10451000003000B0001002B8BC440020094B08462F
:104520001A6D91020BD4D3F84021D20708D4D3F8E6
:10453000803013F4706F14BF0120002070470120F9
:10454000704700BF004001B8F8B50D46D0F8943070
:1045500002EA010423EA01032343C0F894304D4AE0
:1045600001F00B0323EA0401D1642340A2F5805239
:104570006F070646D36410D50121FFF7CFFF60B166
:1045800004F0A4FA4FF4007314F0040F14BF424A6D
:10459000424A13650422424B5A64E90606D514F0D8
:1045A000100F14BF00221B223E4B5A652A0618D555
:1045B000230611D54FF40012374BDA642BF0C2FEFC
:1045C0000E210746032003F061F840F20122354B2B
:1045D0003846DA622BF0B1FE214606F1F80003F00E
:1045E00005F9EF0503D5E0053DD503F01FF8A90552
:1045F00003D5A2053AD503F025F815F48C6F1DD02C
:1046000014F4806237D096F82530DB070CD5F28D94
:10461000B6F82A3193422CD0B6F82C319F1A7B423F
:104620007B41214A82F8DC30D6F8E410304624F091
:10463000EDF980221D4B98671D4B1A612B0510D593
:1046400004F044FA1B4A14F4006FD2F8F03E14BF91
:1046500043F0006323F00063C2F8F03E0422104BE5
:104660005A640020F8BD02F0DBFFC0E702F0E4FF6F
:10467000C3E70123D5E76805D6D596F82530D907D5
:10468000D2D5094B114683F8DC200B4B30461B6812
:104690009847C9E7006000B8005001B8006001B851
:1046A000002002B8004000B8003E00B0003F00B05B
:1046B000000002B8003000B0A82F0020014B18689D
:1046C000704700BF942F002037B52BF03BFE00242D
:1046D00001230022CDE90034002305461946104687
:1046E00003F070FF022002F063FA064B21461C60C3
:1046F000054B02205B68984728462BF01EFE20469B
:1047000003B030BD9C2F0020BC4400202DE9FF41A8
:1047100002290D4616469846039004D1FFF7D4FFB0
:1047200004B0BDE8F0812BF00DFE1E4F04463B683F
:104730003BB1B34205D02BF000FE002321203B60AB
:10474000EEE7194B0022C3F800803E6000230126EB
:104750004FF0000810461946CDE9006603F032FF1D
:10476000124B022083F8008002F022FA43462A46C8
:10477000022003A902F03AFA0D4B039A1A6008B915
:104780002046D8E70B4D2B689847212804D02046B7
:104790002BF0D3FD0020C3E731466B680220984719
:1047A000F5E700BF9C2F0020982F0020023E00203C
:1047B000942F0020BC440020044B5B6E5B054EBF71
:1047C0000120034B187800F00100704700C001B8C9
:1047D000023E00200A78022A11D0101F42424241B4
:1047E00052004B781201022B0BD0191F4B424B4148
:1047F0005B000549054842EA8312FFF7CFBC01225E
:10480000EFE70123F5E700BFF0FFFF002D58010897
:104810000B78022B10D0181F434243415B004A78AB
:10482000022A0BD0111F4A424A4152000F2104486C
:1048300043EA8202FFF7B2BC0123F0E70122F5E769
:10484000595801082DE9F8430E780446042E0D4608
:1048500090F830810BD100275FFA87F9484601F0C4
:1048600007FE08B14E4602E00137042FF4D130466E
:1048700001F0FEFD002849D094F83031B34209D14F
:10488000AA88D4F8A4309A4204D16A88B4F83231A4
:104890009A4238D084F83061AB883046A4F834317D
:1048A0006B88A4F83231AB8804F59875C4F8A4304D
:1048B000FF2384F82B3024F043FB84F82A00284699
:1048C00001F066FD18BB284601F0C8FDF8B9D4F820
:1048D000E03053B194F83011414506D02046B3F989
:1048E0001220F6F7A7FA84F83901204601F03EFEBF
:1048F0000949A4F834010123084AD1F8FC1004F155
:10490000F80003F079FC0020BDE8F88321200C2397
:1049100084F83031F8E700BF004F00B0A43F00B08A
:1049200070B5054690F830010C460C281FD0FF29C1
:1049300001D1212070BD1AB14FF0FF320D4B1A602A
:1049400024F0FEFA064695F8300101F001FE84429B
:1049500028BF0446E4B2B44238BF3446E0B285F81A
:104960002B0001F021FFFF28E3D00020E2E7022026
:10497000E0E700BFD844002010B590F8303104467D
:104980000C2B44D0D0F8E03080F82A10DBB3D0F8FC
:10499000F020D2B990F839318B421CD30022204646
:1049A000FFF7BEFF48BB1B4B1B7813F0FD0F23D155
:1049B000204601F0DBFD18490123184AD1F8FC100C
:1049C00004F1F80003F018FC16E0B0F94220B3F946
:1049D00012309A42E2DD0022204694F83911FFF7A6
:1049E0009FFF50B9C4F8E000204624F064FC4FF665
:1049F000FF739842014601D1002010BD2046BDE85A
:104A0000104005F087B9FF2380F82B30F4E702202F
:104A1000F3E700BF92490020004F00B0A43F00B070
:104A2000F0B504468FB001F067F8D4F89C30054625
:104A3000012B00D010B128460FB0F0BD6C492046C4
:104A400024F0CDFAD4F8E0600146E58DC4F8E40026
:104A50003EB133682BB15B681BB11A68032A00F2C0
:104A6000A4802BF06FFC01462046FFF7CDFA0746E5
:104A700008462BF062FCD4F8E410B3898DF80E7070
:104A8000EB1A9BB2D6E9012000FB03225948ADF88E
:104A90000C3003680292994207D0204623F0B6FFFB
:104AA00080225549554B88671A61554D534E00F089
:104AB00099FE0128FBD12B6CDB07F8D4736CDF0166
:104AC000F5D4D4F8E41020460D919DF80E200299FB
:104AD00008AB03F081F8002847D100F083FE0128DD
:104AE000FBD1464A4649536CD801FCD40B6CDB071A
:104AF000F9D408A901A803F0F5F90546002834D136
:104B0000E28D404B5A6494F8243060F3410384F8FA
:104B1000243001F0BFF8D4F8E0305969431E0E6824
:104B2000DBB2FD2B049624D84B680128059330D1C5
:104B30000126DF1C06D90133334B5B6846D0DA1CF3
:104B400041D80593024604A9204601F01DF8002E25
:104B50007FF471AFD4F85431990529D494F82430F6
:104B600043F0020384F8243065E7022528460FB09D
:104B7000F0BDF71C13D9244B01361B6818BF012662
:104B8000DA1C1BD804934B68FF280593D1D0002072
:104B9000D8E70246204604A900F0F6FF4BE74B6831
:104BA000FF280593C4D02A46F4E79F6A7F0E64E786
:104BB00020464FF4803124F0AEFB3CE7FF284B68E1
:104BC00013D00593C3E7FF28C1D1E0E7DE1C06D868
:104BD0000246204604A9059300F0D6FFBAE7FF2855
:104BE000B8D10022204604A9F6E701200593A0E7EA
:104BF000FC4F00B0842F0020003F00B0000002B83E
:104C000000C002B8008001B8E044002010B50C4696
:104C100019B124F0EFF800B10434204602F060FA34
:104C2000024B4042C3F8E00E002010BD003000B03F
:104C3000838E70B593420C4615461CD3836C8B4211
:104C400008BF00242BF07EFB4FF49C530B49064613
:104C5000CA68C2F30362D340DA0702D54B6C9B03E8
:104C600004D401222946204601F044F930462BF0B5
:104C700064FB002070BD2120FCE700BF000002B8EB
:104C80002DE9F0410B460646154611B92120BDE835
:104C9000F081002AFAD0032905D8002201F094FA05
:104CA00003460028F2D01C889A78B4F5804F02F0B1
:104CB000070180F08680A1F1070C1879DF88DCF10C
:104CC000000343EB0C0305292B7394BF0023C2F3AD
:104CD0000013C2F3801C6B73930985F810C003F0B6
:104CE0000203C2F3C00C43EA0C03C2F34012E8749F
:104CF0006B74AA74D6F89430AF82D8064DD40639B6
:104D000001294AD8B6F81280F76908F1FF38083C43
:104D100004EA0804395D2C4B80295B6D08BF6FF0F5
:104D20007F014FF000031CBF323949B2A973AB6059
:104D300096F82600013404EA080460BB3B5D5B0181
:104D400003F47E63FF2B9CBFDB43D8B2D6F8EC3074
:104D500003B19847631CE87303EA0803F95C013365
:104D600003EA0803FA5C013303EA080341EA02217B
:104D7000FA5C013303EA0803F85C41EA02410023CC
:104D800041EA00616A7C304603F0A6FA06232860F7
:104D9000AB7100207BE71846DCE700230020EB73B3
:104DA0000A4BDA69C2F30723120448BF63F0FF031A
:104DB0005AB212F1800F1CBF323B5AB2AA7303469B
:104DC000E5E7022063E700BF004000B800C000B87C
:104DD00011F5004F1FBF01F30E01044BC1F30E018B
:104DE000002014BF99642120704700BF008001B8E3
:104DF0002DE9F04104460E4619B990F824305A06C0
:104E00004AD44FF6FF73618ED4F8E470994204D00F
:104E1000334B1B680BB120469847324D2B68BB4281
:104E200056D0314B1B6833B1002F54D0396801B1D3
:104E3000B968204698474FF00708204601F096FBD6
:104E4000002E3AD0294B93F90030C3F11C0317B15F
:104E500097F926209B1A062094F9276024499B1B6A
:104E60000A6ADB0222F4FF2203F4FF2313430B62DE
:104E7000D4F8E4201F4B2A60986701F041FD00251B
:104E800001211D4A1D4B1170204683F8845023F0E8
:104E9000E6FF2846BDE8F0814FF6FF71114DD0F8CE
:104EA000E4702A6866F38613BA42418680F824309B
:104EB000B7D101F05BFB4FF00108114A4346D2F82D
:104EC000FC1004F1F800A2F65C7203F095F9B9E762
:104ED0004FF00108B1E7394620469847ABE700BFDD
:104EE000902F0020842F00208C2F0020003E0020D7
:104EF00000C000B8006000B8013E0020003F00B0D4
:104F0000004F00B0054A12681AB190F81E1119B985
:104F10001047084602F0DABB01487047802F002096
:104F200000FEFFFF3A4B2DE9F7431C6801F40079BE
:104F300000F00103174653EA090206460D4640D029
:104F40004FF0000893B30023002201200021CDE997
:104F5000008803F037FB41462046FFF7D3FF0122CC
:104F600041462086104624F058F9D4F8941004F1F4
:104F7000F80002F03BFC27490868FFF761F84FF0A2
:104F8000FF330B60244B1A68511C06D06FF07E4033
:104F90002249C863A1F58051CA634FF0FF321A60FD
:104FA00094F8243043F0040384F82430B9F1000F5E
:104FB00007D00121204624F0AEF925F40075064300
:104FC0000D432B4632462046FFF73CF9FB070FD531
:104FD0001349144A08680021136811600121124A1C
:104FE000117003B19847114B002102205B6898476C
:104FF00017F00E0F08D04FF4FD723B21002003B0D4
:10500000BDE8F04304F0D2BE03B0BDE8F08300BFBA
:1050100074300020C8440020C444002000E000B8E0
:10502000982F00209C2F0020023E0020BC4400202E
:1050300008B558220021064828F06EFF1022FF21F3
:10504000044828F069FF04F005FC002008BD00BFFB
:10505000F43E00B0383F00B073B586216F22A0F84F
:1050600014118221C0F80021C0E9411264220C23EE
:10507000C0E9432207224FF0FF35002680F8303187
:105080004FF6FF730446C28700F14C028264204A47
:10509000C385A0F840304263038780F829304385F8
:1050A00080F82760C0F8A450458680F82C5003F0A3
:1050B0006BFC2046FFF7BCFF0122164B2046C3F8CD
:1050C000382294F92710FFF7B9F96023124A41F604
:1050D000FF71D3644FF03A42116311670F4A2946BA
:1050E000D36440220E4B20465A64D4F89420FFF734
:1050F0002BFA0E230022CDE9003340F202231046A2
:10510000194603F05FFA01F0CDF9304602B070BDE8
:105110004000FFFF005001B8004000B8005000B848
:10512000002002B810B50C46FFF782FFCCB1A3787F
:10513000082B18D8E278082A15D843EA021313F08E
:10514000FF030CBF19466168084AC2F8F4102178C1
:1051500082F84811617882F84B3182F8491104F0E5
:1051600079FB002010BD2120FCE700BF003E00B00D
:10517000012A10B512D8032B10D803EB82020123A9
:10518000074C934094F84A01DBB221B1034300205D
:1051900084F84A3110BD20EA0303F8E72120F9E73B
:1051A000003E00B0044BD3F8F03E13F0806F14BF04
:1051B00023200020704700BF003000B00246F8B541
:1051C000B0F8344100F1F805FFF7ECFF0B688E688A
:1051D000013304BFD2F800310B604B68013304BFC8
:1051E000D2F80C314B60771C3BD1D2F80831CF6834
:1051F0008B607E1C3CD1D2F804610F69CE60013710
:1052000004BFD2F8F8700F614F69013704BFD2F8BC
:10521000FC704F618F69013704BFD2F810718F6144
:105220008F6967BBC0F1640408688C6110B16F2896
:1052300038BF6F20C2F808314B68C2E94006C2E9A6
:1052400043340B692846C2F8F8304B690F49C2F85D
:10525000FC30D1F8FC1007230D4A02F0CDFF0020EE
:10526000F8BD04F16F031B1AB34238BF3346BEE7E3
:1052700004F18606361ABE4238BF3E46BDE76F349B
:10528000241ABC4238BF3C46CEE700BF004F00B0F6
:10529000A43F00B070B52BF055F805460B4E00F05A
:1052A000A1FA012805D028462BF047F80224204611
:1052B00070BDF36813F0706FF1D1F46814F080548E
:1052C000EDD128462BF039F8F1E700BF000002B815
:1052D00038B52BF037F84FF6FF710A4A13888B4226
:1052E00003D12BF02AF80E2038BD074C074D1B04C4
:1052F0006567A4F58054636711802BF01EF80020C9
:10530000F2E700BF90490020006001B80000FFFFF5
:105310002DE9F74304460F4615461E46FFF756F89B
:1053200028B3204623F041FB78B97A4BD3F8F02E0E
:105330001EB10E2003B0BDE8F08302F03003102B45
:10534000F7D002F0C002402AF3D0DFF8F88102F073
:1053500021FED8F81430D907EBD52AF0F3FF064622
:10536000032001F023FD20B130462AF0E6FF0220A1
:10537000E0E7D8F8142012F00608F5D130462AF0FC
:10538000DCFF644B4FF400612046D3F8F09ED3F865
:10539000C86E04F019FA40B14FF4007201215E4B5F
:1053A00008465A64424623F038FF94F82530DA075D
:1053B00007D5D4F894305B0542BF4FF40022574B19
:1053C0005A643946204604F0A5FC524BC3F8F09EBF
:1053D000C3F8C86E0028ADD194F82430980601D4E3
:1053E000002D58D0C5F3400003F036FB022315F41E
:1053F000807F1FBF494A002153644FF03A420BBFE0
:10540000454A91615364536303F060FB4FF480633A
:1054100015F0040F14BF424A424A15F0400F1365BD
:105420004FF004023C4B28465A644FF0400314BF2F
:105430003D4A3E4AC2F8B830FEF7D2FE204623F07D
:10544000F4FB38B14FF4807315F0010F14BF334AE9
:10545000314A5364A90647D54FF6FF72B4F840307D
:1054600093420FD0324A3349526F100CC2F30112EB
:105470000132B3FBF2F30880294A2A492E481B0463
:1054800048675367003D18BF012594F8243065F341
:10549000451384F82430204623F0ACFCF0B12046BC
:1054A00023F0C3FBD0B14FF40031204604F08CF957
:1054B000431C03229BB2214801A923F02EFD9DF835
:1054C000042002F00703052B9DF8053015D11207C3
:1054D0000DD443F480731A4AC2F8D030002003B0D0
:1054E000BDE8F04323F026BDFFF7F2FECAE713F054
:1054F000040F09D19DF80630EBE703F03002202AB3
:1055000005D113F0010FF4E74FF48073E3E79DF842
:105510000630E0E7003000B0002002B8001002B80A
:10552000005001B8006001B800D000B800E000B839
:10553000004001B8904900200000FFFF0C0000BAB5
:10554000003E00B000C001B82DE9F3410646884690
:1055500015461F462AF0F6FE0446032001F026FCFD
:1055600038B120462AF0E9FE0E24204602B0BDE8FC
:10557000F081042001F01AFC0028F2D120462AF024
:10558000DCFE01232A4641463046FFF7C1FE0446B1
:105590000028EAD1DFF8C4804FB388F8000039460C
:1055A0003046FEF75BFD00284AD198F80030012B09
:1055B0001AD02022234B5A64234B9B6FB3F5817F73
:1055C0001DD2012023F0CBFC2AF0BCFE1F4B064667
:1055D0001B680193BBB901F075FC2B0625D401F0C3
:1055E000B5FC03F00FFA25E003F020FABDE798F8C8
:1055F0000030012BF8D0002BDBD12124B5E780222D
:10560000134B1A61DDE7042001F0D2FA00230122D6
:10561000042001A901F0EAFA0028DCD103F06EFAB7
:10562000212430462AF089FE9FE70022094B9A6721
:1056300001F08CFC084B01215B6800209847F0E7E3
:10564000044692E7001002B8003F00B0882F002007
:10565000000002B800C001B8BC440020FF3D00209B
:1056600008B50B4BD3F84C114B1C10D011F08041F6
:105670000DD1084B1B6813B10320FEF723FE4FF03A
:105680008062054B1A6501225A6102229A6208BDA6
:105690000080E00F74300020001002B84FF40022A8
:1056A000034B586C03F500535A64C0F3C040704775
:1056B000000002B8024B034A00201A60704700BF86
:1056C0008C2F0020553F0108024B586900F0010063
:1056D000704700BF00C001B808B50D4B5A69D1072B
:1056E00010D518B9BDE8084001F03EBA5B69DA0789
:1056F0000DD401F02BFA0323064A1364A2F580525D
:10570000536404E05B69DB0701D40028F1D108BDD4
:1057100000C001B800A0095030B56FF04044114DF1
:105720002040C5F85042104CC4F850024FF0FF30F2
:10573000C5F85402C4F8541238210A40C5F864125E
:10574000C4F8642209490A4A0020C2F8C810A2F528
:105750008052C2F8C8300423C5F864320223C4F86A
:10576000643230BD006001B8005001B80000FFFF96
:1057700000E000B890F92430002B0CDA4FF0805391
:10578000064A29B19360A2F58052D3600020704789
:10579000D3609360FAE70E20704700BF006001B845
:1057A0004FF0806310B1024A53617047014AFBE732
:1057B000001002B8002002B8202350B1064AC2F8F7
:1057C000F433064B196C11F0020104D1032002F0EE
:1057D000F7BB034AF3E77047001002B800C002B8F5
:1057E000002002B80F4BDB68C3F30363013B0B2BB4
:1057F0000FD8DFE803F006060C06060606080A08BE
:1058000008080220704704207047052070470320D5
:105810007047054B5B6913F0060F0CBF0120042095
:10582000704700BF000002B800C001B8094AD36841
:10583000C3F303630B2B08D06FF49050184100F0B2
:10584000010080F0010040007047506C10F480307F
:10585000EDD17047000002B80C490D4ACB68C3F384
:105860000363062B07D8042BD8B20BD8C31E5842AB
:10587000584140007047072B06D1D1F8680110400D
:10588000ECD170470220704700207047000002B83A
:105890005FFFF9FF094BDB68C3F303639A1E012A1C
:1058A0008CBF00220122012B02701EBF4FF4026246
:1058B00022FA03F303F001030B707047000002B8F3
:1058C000094AD368C3F30363032B01D0072B08D124
:1058D000936CDB0605D4D06C80F00800C0F3C000E8
:1058E00070470020704700BF000002B8024B002242
:1058F000196823F067BA00BFB00F040810B5FF2283
:105900004FF6FF71044623F078FA68B9FF224FF68C
:10591000FF71204623F082FA30B92046BDE81040DE
:10592000FF22024923F08CBA10BD00BF9023040867
:1059300010B55B0743EA02439DF8082043EAC163C0
:10594000520502F0BC621A43064942F4C87204468A
:1059500003F026FF002220461146FFF769F90020D8
:1059600010BD00BF9007E12D37B50C4605460B4B27
:105970001A680B4B19680B4B186801F0ADFC94F8D2
:1059800028302846009394F82B3094F8292094F876
:105990002A10FFF7CDFF03B030BD00BF3830002024
:1059A000343000203C30002008B5FFF789FF88B173
:1059B000094BDA6912030DD5586C10F4003009D187
:1059C000DB6C13F0100F4FF010030CBF034A044AB6
:1059D000D36408BD0220FCE7000002B8001002B842
:1059E000002002B8034610B500B3124AD16909037A
:1059F0001ED5946CC4F38114032C15D0022C17D13E
:105A000022460D49B1F8CC0001F10061801A01F580
:105A100036710144184628F091FA064A0472D26C95
:105A2000120A4272002010BD0822EAE72120FAE79C
:105A30000220F8E7000002B8003E00B070B50C4646
:105A400005460A4E0A480022012C08BF3046094B81
:105A50000949FFF761FE631E5C425C4195F8243002
:105A6000002064F3C71385F8243070BD91D1061966
:105A700090D106190000F6289E0C4B5404292DE9FC
:105A8000F04104460F462ED84E1EF6B2032E8BBFB1
:105A90000025164BA84613F806809CBF144B9D5D4D
:105AA00023F0A8F980B94FF000084FF460320020CD
:105AB000104B6D045A6245EAC835A3F580535D6208
:105AC00084F82D70BDE8F0812046FEF7EFFB80B230
:105AD0008428E8D8022EE8D894F824102046C90972
:105AE000FFF7ACFFE1E72120ECE700BF8C230408BF
:105AF0008823040800E000B810B590F82630022B87
:105B000008D11B4BD3F89C1031B9C28D272A0ED96E
:105B10000E2002E0042B01D0002010BD144BD3F85E
:105B20009C30002BF8D1C28D272AF1D80121114BCE
:105B30001868114B984214BF31246FF003040C48CD
:105B400018BF0023A0F8B64008BF012350246343C8
:105B5000282404FB013309491944895CFA31A0F86F
:105B6000BC1007490B449A5C064B1A70D4E700BF7F
:105B7000003E00B0D42F002000F049028824040821
:105B800098230408033E002010B5124B0C68C3F89C
:105B90007842C3F87C42C8B1D0F8E030B3B15B6959
:105BA000A3B1501EC0B2FD2812D9013404BF6FF05A
:105BB000010008600868FF2A186007D14A680132AE
:105BC00002D16FF001024A604A685A60002010BD9D
:105BD000012AF2E7004001B8F0B585B06D460E46E7
:105BE0000F4B074614460FCB85E80F000D4BD3F83B
:105BF00048020090D3F84C2201923EB1631EDBB202
:105C0000FD2B0AD93060FF2C00D172602246294654
:105C10003846FFF7B9FF05B0F0BD012CF4E700BF2F
:105C2000782504080080E00FF0B585B06E460D4B76
:105C300007460D460FCB86E80F0000F02BF83146E3
:105C400004460246384623F080FA4DB140B9FF2C95
:105C50001BBF04AB03EB8404009B54F8103C2B6087
:105C600005B0F0BD78250408FF2818BFC3434FF0E6
:105C7000180108BF1023064A18BFDB00C2F8FC1346
:105C800018BF03F00803A2F58052C2F8FC33704736
:105C9000002002B8024BD3F8F807C0F3C0407047A9
:105CA000000002B84FF03A43D3F81421D2031ED5B6
:105CB0004FF480320E49C1F81421A1F58051C1F88A
:105CC00018215A6DD1B2C2F30722C3F8A410C3F849
:105CD000A4200422C3F8A4200022C3F8A420C3F8FF
:105CE000A420C3F8A420C3F8A420C3F8A4207047BC
:105CF000002000BAF0220B4B01219A64A022A3F5E8
:105D000080539A644FF03A43826CC3F8F410FC213C
:105D1000C3F8CC10C3F8D0204FF40052C3F8F020E1
:105D2000704700BF006000B8F8B54FF03A440D4628
:105D3000174606462AF006FB012304226363084B3C
:105D4000E76026616561C3F814214FF00042054BFE
:105D5000C3F880212AF0F1FA0DB102236363F8BD84
:105D6000002000BA00E100E02DE9F04105460124E1
:105D7000006800F00700063004FA00F3A868EC6839
:105D80005E1EA04262D000EA060E6C6810441E43FC
:105D90000640A3EB0E000EEB040C8242644618D9B9
:105DA000D31A0EEB030298B1431E052B04D94B1CEA
:105DB000ACEB0303022B59D80B460844ACEB010EA5
:105DC00003EB0E0113F8014B83420C70F8D101462E
:105DD0006C688AB1531E052B01F1010302D9E01A48
:105DE000022812D80A44611E00E0013313F8010CA6
:105DF000934201F8010FF8D12AF0A4FA0223AE6011
:105E0000AB62BDE8F0412AF098BA0B46204622F07A
:105E1000030E8E4453F804CB734540F804CBF9D1FC
:105E200022F00303D01A920701EB030C04EB0307E3
:105E3000E2D0CA5C0128E254DED09CF8013002288E
:105E40007B70D9D09CF80230BB70D5E7042A35D9D5
:105E50000878043AA86148780431A86111F8020C66
:105E6000A86111F8010CA861A8688CE70B4620F026
:105E700003070F44ACEB010E1C684EF803400433DB
:105E8000BB42F9D120F0030310F0030F01EB030E26
:105E9000A0EB03040CEB030728D011F80380012CBE
:105EA0000CF8038022D09EF80130022C7B7018BFC2
:105EB0009EF80230084418BFBB7088E7013A032AF5
:105EC00012D8DFE802F00F1507020B4613F8012B7A
:105ED0001946AA610A4612F8013BAB61114611F856
:105EE000013BAB610B78AB61BDE8F08108446EE724
:105EF0000A46F3E738B50B46154601464FF03A44DB
:105F000068B101221048C4F8F4201A46FFF72CFFAC
:105F100025B14FF03A430422C3F8F42038BD73B1E1
:105F2000D4F8D8209A4284BF0122C4F8F4204FF05C
:105F30003A42C2F8D4300223C2F8F430E8E7012331
:105F4000C4F8F430E4E700BFCC0000BA38B504462A
:105F50002AF0F8F94FF03A420121638F0546516764
:105F60004BB3B3FA83F3C3F11903DBB2A069C2F8F0
:105F7000B410C2F88C300723C2F89000C2F8B030D9
:105F80004FF4A02302F50052C2F81431A2F580525A
:105F9000C2F8183100220C4B1A600C4B5B6C5B0290
:105FA00009D54FF480020A4B04F1F8005A64D4F882
:105FB000941001F01BFC4FF4E0232846E363BDE896
:105FC00038402AF0BAB900BFB02F0020000002B854
:105FD000002002B82DE9F84305460C46B1B1D0F8CF
:105FE0001880478F2AF0AEF9B5F83CC0791E01EA57
:105FF0000C0323F00702032C0646DFF8F8E04244C6
:106000005FD1DEF8004024B92AF097F90E20BDE8F0
:10601000F88324F00104DEF8000020F00100A04223
:1060200054D10023CEF80030238894426FEA4343D2
:106030006FEA534323803FD1EB8F08EB07091846E3
:10604000083880B202F108044C4528BF44460828AD
:1060500004D9B4F800E0BEF5804F41D263440F4349
:106060001B1A3B409BB2AB87E887947811884FF0AE
:106070003A42C1F30C019165C2F89830C2F8B00001
:106080004FF48022174B04F00704C3F814214FF09B
:106090000042154BC3F88021FFF704FE042C0BD1FE
:1060A0004FF48002114B05F1F8005B6C104B5A6401
:1060B000D5F8941001F09AFB30462AF03EF9002002
:1060C000A5E7601E012898BF1446A4E7E88F434463
:1060D000E31A48BFDB1908389842A5DC304693E73D
:1060E0002246ADE7002000BA00E100E0000002B85F
:1060F000002002B8B02F0020154B10B51968CA8FC8
:106100008B8F488F13440138073B8C69034023F081
:1061100007031C4402F108034FF03A429BB2CB87BD
:10612000C2F8B0304FF480220A4BC3F814214FF06C
:106130000042094BC3F88021A07800F00700042832
:1061400003D1064AD3681B03FCD4054B1C6010BD69
:1061500074300020002000BA00E100E0000002B826
:10616000B02F002010B5064C216839B1CB0703D4FD
:10617000044B1868FFF72EFF0023236010BD00BFFB
:10618000B02F0020743000204FF480320C4B0D49AA
:10619000C3F818214FF03A43C1F81421D3F8AC10DA
:1061A000D3F88C20012302F0070206329340C1F39A
:1061B0000C01083B994201D8FFF774BD704700BF3E
:1061C000002000BA001000BA2DE9F04780460C46C6
:1061D00016468769458F2AF0B5F8B8F83C2005F1D6
:1061E000FF3C02EA0C0323F00701032C82463944EA
:1061F000B8F83E0019D14A4C24689CB90244073AC9
:1062000002EA0C0222F00702BC183B44E31A48BF22
:106210005B19834210DB50462AF08FF80024204699
:10622000BDE8F08724F00104EFE7012C02D0022C36
:10623000EBD108380C46E8E7002E3FD08C4241D124
:106240004FF03A42D2F858904FF03A41D1F8AC2092
:10625000B8F81270C2F30C02934247DA2588B5F5FC
:10626000804FD8D2A378C5F30C0503F007037A1E3C
:10627000A5EB09053A43052B337005EA02052DD835
:106280002DB2E84340F23D420421C00F03F08EFDE1
:106290007580E3783374D8F81C207B1E03EA090369
:1062A000D118B160A9B213FA85F5AF422FBF002310
:1062B000FF1AB780F26024BFB180F36050462AF025
:1062C0003CF8ACE7A4F10802974284BFED0802EB6A
:1062D000C502B2F80090C9F30C09B5E7114B5B6D2C
:1062E000003B18BF0123A5EBC305C9E74B6D7A1E20
:1062F000A3EB09033A431A400B4915B2002DCB68B2
:106300000BDCC3F30363D81E43424341DB0033700D
:10631000CB6C72801B0A3374BDE70823F7E700BF1C
:10632000B02F0020004000B8000002B8054BA822A2
:10633000D3F84C013121431C0CBF0120C0F3807005
:1063400003F034BD0080E00F10B50F4B1C78ACB9E2
:106350000E4BD3F8F8375B0309D490B10F23441EDA
:10636000B4FBF3F410300444E4B2204610BD40F610
:106370001D023F21204603F019FDF6E70001C4B2DB
:10638000F3E71024F1E700BF92490020000002B8B3
:1063900038B5294D0446297819B92022274827F015
:1063A000BBFD2378264A6188137051804FF2F002BA
:1063B0002449C1F8C821244A4BBBA1F50051D1F8AA
:1063C000F81711F4002F4FF0FF011CBF1F48C0F851
:1063D000DC3011704FF040731A4AC2F834311C4B54
:1063E000D3F8F83713F480230BD14FF47F01C2F8B0
:1063F00030111849C1F8303148F2C801164BC3F8C2
:10640000F4100723C2F8FC330122124B0DE00024E4
:106410000E48022BC0F8DC404FF0FF001070D9D1BD
:1064200007230422C1F8FC330A4BC3F8FC230123E1
:1064300000202B7038BD00BF043E0020E03F00B0BC
:1064400092490020002002B8ED490020004001B828
:10645000000002B8001002B8003F00B0034B1A68F9
:1064600002609B8883800020704700BF9249002013
:1064700010B5044600F0E6FF094BD3F8F80734B92D
:1064800000F44020B0F5402018BF012010BD022CC0
:106490000ABF80F400300020C0F34040F6E700BFA0
:1064A000000002B82049D1F8FC37FF2B31D01F483B
:1064B000C3F303120270D1F8F81703F00F030903B6
:1064C0005BBFC2EB02120F3B02F1FF32D2184ABF90
:1064D00003EB0213D3B2DBB2154A164913700978E5
:1064E000154B1A68E9B1B2F1A06F1AD3D3F8501264
:1064F000124A134BB1F1FF3F18BF1346114A136004
:1065000041F66A02104B1B68B3FBF2F30F4A1360AB
:106510007047D1F8F83713F4002F0CBFB4235A2377
:10652000DAE7074BEAE700BF000002B8EE490020B7
:10653000063E0020EC4900200080E00F5082E00F72
:1065400088250408B42F0020D42F0020B82F002065
:1065500020B1022804D1034B18787047024BFBE7A7
:1065600000207047EE490020063E00202DE9F74F3D
:10657000D0F8A4404C22022C38BF02247B49013CB5
:10658000CB6CD1F8DC507A49C3F38213DA400B6844
:106590000646A34290F83071764BDFF800A2DFF890
:1065A0000092DFF8008202F0010216D118789042C2
:1065B00013D19AF80000B8420FD1D6F8A80060B104
:1065C000A8420AD196F82B5099F80000854204D1D0
:1065D000B8F8040003B0BDE8F08F98F800001A7016
:1065E0000C60FFF7B5FF0346002A00F091800423FA
:1065F0004FF07F41604AC2F8BC30604BC3F8BC101A
:1066000096F82B301B06C2F8BC30002040F27122F5
:106610005B4B19211B68B3FBF2F36343182BB3FBED
:10662000F1F14FEA004400F29380002C00F09B80CF
:10663000B4FA84F2C2F12002C2F10F03012B38BF79
:106640000123D440A14201D2013B6408421C03F063
:106650001F0152008A40121BDFF838B19208CBF8B4
:10666000B0201A0242EA03121343019300EB002305
:1066700000EB0325434B40F6970218682B210038A6
:1066800018BF012003F092FBFA223E4B02FB04F0FC
:106690001B6840F6FF72B0FBF3F00A2358433A4BF5
:1066A00000F57A74C3F8D820019AA3F58053C3F893
:1066B000D820364AA3F58053C3F8DC50D2F8F82727
:1066C000520308D4D3F8DC3003F47F02C3F303533E
:1066D0001343CBF8FC30C6F8A8502D4D00F6B83067
:1066E0002C6001F0F7FC4FF47A722A4BC3F8A40037
:1066F000C3F8F8002B68B4FBF2F0B3FBF2F3A8F890
:10670000043096F82B308AF8007089F8003061E781
:1067100096F82B00984228BF1846C0B22FB1022F1E
:106720007FF473AFFFF710FE70E7184BD3F8F8371C
:106730001903F7D450B10F230138B0FBF3F0013047
:10674000154B1B68034413F8010C5FE70120F7E7C2
:10675000B1FA81F23CB1B4FA84F3D21A002A3FF7BD
:106760006BAF0F236EE70F2370E700BF004001B847
:10677000D8440020053E0020001002B8002002B8D6
:10678000D42F0020B82F0020006001B8000002B80C
:10679000BC2F0020003F00B0B42F0020EB490020A8
:1067A000EA4900209249002038B5254B05461A7861
:1067B000244C0C2A02D1FF20207038BD104622F054
:1067C000BFFB01461046FFF7C3FEA84228BF28467C
:1067D000C0B2884238BF08462378C0B28342ECD0AA
:1067E00020703ABB184BD3F8F83713F4002321D1AB
:1067F0004FF2F001154AC2F8C811C8B10F23013891
:10680000C0B2B0FBF3F3591CC3EB0313C01A431C13
:106810000D4A1B01D2F8C80143EA01330343C2F811
:10682000C831D2F8C8210A4BC3F8FC202078C4E74D
:106830000121EDE7074B1868FFF798FEF6E700BF68
:1068400092490020ED490020000002B8002002B863
:10685000003F00B074300020014B1870704700BF3B
:10686000EC49002010B5044603F07EF878B1154BD2
:106870001B786BB964B1144B1B784BB1134B1B786D
:10688000013B012B04D84FF40042114B1A6510BD97
:10689000104B1B6D1B04FAD429F054FD044602F082
:1068A00015F94FF400420C4B2046BDE810401A6524
:1068B00002220A4BC3F8D4240422054B5A6429F05F
:1068C0003CBD00BF073E0020083E0020C02F002036
:1068D000002002B8000002B8001002B800D0035037
:1068E0000122024B00201A70FFF7BCBF073E0020B8
:1068F0000022024B01201A70FFF7B4BF073E0020B0
:10690000054BD3F8843013F0030F4FF4802314BFEA
:10691000024A034A93647047004000B8005000B830
:10692000006000B873B5054600F08CFD01213A20E7
:10693000F3F7B8F83D4C3E4B00201D70FFF792FF77
:106940002378013B012B08D8E37B01A88DF80430A4
:10695000237C8DF80530F0F70BFE0022354BC3F891
:10696000D424A5B94FF6FF71334AC2F88410F82138
:10697000A2F58052C2F88410C3F8D4542F4B4FF0C4
:1069800080421A650020FFF7BBFF02B070BD62684D
:106990005AB32B4B1B6803EB5203B3FBF2F3013BDF
:1069A0001B0243F0F80326782349022E254A1ED005
:1069B000032E4FF6FF751F4826D0012E2FD143F02E
:1069C0000203C1F88450C2F884300723C0F8D434DD
:1069D000E37B01A88DF80430237C8DF80530F0F7B7
:1069E0009FFD0120FFF73EFF17E0F823DBE74FF69E
:1069F000FF7043F00103C1F88400C2F8843006221E
:106A00000C4BC3F8D424E3E743F00503C1F88450EA
:106A1000C2F884300423C0F8D4340B4BAFE7C1F87C
:106A20008450C2F884300023F5E700BFC02F002057
:106A3000083E002000C00350006000B8002002B8EB
:106A4000D42F0020005000B8001002B8034B1B6D7B
:106A5000002BBCBF024BC3F888007047000002B88F
:106A6000004000B82DE9F04700F046FD4FF47A767B
:106A70002D4BB0FBF6F618604FF4FA7373430746DC
:106A80002A48190E1B021818294A4FF0000341F139
:106A900000011DF055F8274BA0F5807205461A63DA
:106AA00020B946222B2103F081F901254FF47A7297
:106AB0004FF0000A6A435346500831021DF040F877
:106AC0001C4B1D4AB7F57A7F9A601C4B4FEA05684C
:106AD00019601B4B8946044618604FEA152505D2FC
:106AE0009B222B21504603F061F901264FF47A7363
:106AF000A8FB030103FB05117308C01841F1000155
:106B0000002332461DF01CF80E4B023419600E4B68
:106B100049F10009A408186044EA8974054B013C56
:106B20009C63BDE8F08700BFD42F002020A10700A0
:106B300040420F0000C001B802110100E42F002004
:106B4000E02F0020DC2F0020D82F00200822044B4B
:106B5000C3F884215A600122024BDA60704700BFFB
:106B600000E100E000C001B80822064BC3F8842110
:106B7000C3F88420BFF34F8FBFF36F8F0422024B03
:106B8000DA60704700E100E000C001B810B50446CB
:106B9000A242A2EB0000A3EB010104D2034B013996
:106BA0009B6B0133184401F0030110BD00C001B814
:106BB00038B501250A4B02019D504FF480730446FD
:106BC000084A8340536629F0BDFB074AA540137865
:106BD00023EA05031370BDE8384029F0AEBB00BFBF
:106BE00000E101B800E001B8113E00202DE9F84FA6
:106BF000164605468A461F4629F0A4FB022E00F0E1
:106C00009180804629F0ABFB5A4B5B4AD3F8209029
:106C100092F869405A6EE4B2520744BFD3F820900C
:106C2000013404F0030429F095FB4846214600F0A6
:106C300045FA8446DAF80000012E04BF01306044B2
:106C4000ACEB000C08BFCAF80000BCF1804F7DD34C
:106C500000F046FA8145A1EB040188BF454BDFF8FF
:106C600038C188BF01F1FF3101F0030188BF9B6B80
:106C7000A0EB090E0CF80510A1B1F90742BF41F6CF
:106C80001F723E4B5A67BA0742BF3C4B3C4A5A6799
:106C90007B0742BF0022374B9A673C0742BF002266
:106CA000344B9A6511244FF0010A324B05F1100262
:106CB000120103EB051BCBF80C0132499C501A6AF8
:106CC0000AFA05F4586E0B78A2EB0902E4B22343EA
:106CD00072450B7025D34FF48073AB40034220D133
:106CE0001CF80520002A40D10EB3274AF807536646
:106CF00007D541F61F7140F20110204B59675067CC
:106D00005967B90706D51D4B1D4A1F491F485A67C9
:106D100048675A677A0742BF01221D4B1A613B0739
:106D20001AD4404629F009FB0120BDE8F88F194A22
:106D30002D0142F805A042F89C3C29F003FB1149C3
:106D40000B7823EA04030B7029F0F7FA404629F088
:106D5000F4FA0020BDE8F88F2120FFF777FE4FF40A
:106D60008032044B4046DA60DCE7074A404653660F
:106D7000D8E700BF00C001B8003E00B000E001B895
:106D800000001F1F113E002000D001B800000101CB
:106D9000000002B800E101B8093E0020024B18785B
:106DA000003818BF01207047113E0020034B1030FF
:106DB0000001185800F00100704700BF00C001B882
:106DC000044B01F0F071103041F003010001195043
:106DD000704700BF00C001B870B50646FEF774FCEE
:106DE000044608B1FFF7C0FE00230A4D3046AB61F0
:106DF000EB612B6200F074F9074BC9B283F869109C
:106E000028622CB1FFF7A2FE4FF08062034B5A6458
:106E1000002070BD00C001B8003E00B0002002B8E4
:106E20002DE9F0419DF818800D46B8F1000F08BF1C
:106E30000022214EB5F5803FB168074621F470016C
:106E400041F4A001B1609DF820409DF81C104FEA6C
:106E5000042444EA016444EA031444EA084444EA8A
:106E600002044FF0180140F2D9222CBF002001206B
:106E7000746502F09BFF3564B8F1000F1AD00F4B18
:106E8000BC68D3F8B8306F2C38BF6F245B0606D5CA
:106E900000F00EFC18B10A4BB3FBF0F31C44204683
:106EA00000F01EF90130854238BF0022024B34BF8A
:106EB0005A645864BDE8F08100C001B800C000B851
:106EC00000093D0038B51A4B5D6C2DBB1024202005
:106ED000FFF7BCFD174B9C6002F0D6FB164BC3F8C6
:106EE000844101F039FD48B12A4600200821FEF70F
:106EF00019F8124B5C66A3F580531C67104AD368DF
:106F000003F07063B3F1807FF9D9094B0D4A5A67DA
:106F100041F201429A6738BD01F01EFD0028F4D00D
:106F2000094B064A5366A2F580521367EDE700BF8E
:106F300000C001B8001002B800E100E000E001B8B4
:106F4000000002B8011B01181000002008B5212024
:106F5000FFF77CFD4FF48032014BDA6008BD00BFC3
:106F600000C001B808B52220FFF770FD4FF4802261
:106F7000014BDA6008BD00BF00C001B8F8B5174D7D
:106F80000446EB6BDB0124D500F006FCA0FB0446B5
:106F9000E86B070A050C10F0FF0005D140F25942DA
:106FA0002B2102F003FF0120EDB2AD01B5FBF0F0A3
:106FB000FBB210EB831005D140F25E422B2102F0B0
:106FC000F5FE012002460023204631461CF0B8FDA4
:106FD000F8BD00F06DFBA0FB0401F9E700C000B8AC
:106FE0000246012030B50B4CA0F12003C0F1200572
:106FF00024FA05F504FA03F32B4304FA00F595424D
:107000008B4100D330BD0F2801D00130ECE7FF20C9
:10701000F8E700BF40420F0010B50C46FFF7AEFF87
:10702000C30943EA4163C01A61EBD111FFF7D8FFEE
:10703000FF2814D00F220C4B40F01000C3F8B820EA
:10704000A3F58053C3F8B800A3F580535B6ADBB2A5
:10705000802B06D02046BDE8104000F089BB2120DF
:1070600010BD0220FCE700BF00E000B838B529F0F1
:1070700076F9084B084A1D6A92F869405A6EE4B2E4
:10708000520744BF1D6A013429F064F9284604F010
:10709000030138BD00C001B8003E00B00346064AF7
:1070A000103302EB00111B01D1F80C01D158C1F3D0
:1070B000400121F05FBF00BF00C001B8064B1B6854
:1070C000434303EB8171054B1B68A3FB003013F1B5
:1070D000004341EB00007047DC2F0020D82F002038
:1070E0000C4A20F04043014610B5002014684FF0D0
:1070F0000042E4FB0320084A890F126802FB0300E8
:10710000064B9B6B984204D901330131C01A01F040
:10711000030110BDE02F0020E42F002000C001B8C3
:1071200040B1836833B10649C268096803F130434E
:10713000032A00D8704743F8041B043AF8E700BF5D
:107140001830002070B51646054600B3F9B1F2B10B
:107150004268104B006803321B68920800F130400F
:107160009847044688B9EA68A8680332314692080D
:1071700000F1304021F017FF044630B9D5E9040290
:10718000214600F1304026F0C7FE204670BD212484
:10719000FBE700BFDC44002070B50C68651C15D00F
:1071A000C4F302669E42C4F3074530D1A4B29442B0
:1071B0002DD804EB8506B24229D2141BA50824F071
:1071C00003040E59340F04D0012C08D000222124CE
:1071D00002E06B1C51F82320C0E9002470BD0E4C66
:1071E00034F8133042EA03431A686B1C51F8234009
:1071F00001EB83014B6822405E4036F0704404D1BD
:107200001B0F032B04BF8B681A430024E4E70135EE
:1072100001EB8501C1E700BF9C25040807B501A863
:10722000F3F76EFC254B2649D3F86022D2B2FF2A31
:107230001DBFD1F87801130243EA0213D1F8783167
:107240001CBF20F47F621343C1F8F8331C4BD3F802
:10725000F837190354BF09200C20F3F7ABFAC82202
:10726000184B42F201015A654FF4C02203F5104356
:10727000C3F868214FF48032C3F86C21124AC2F877
:10728000701202F52042D2F8F827120308D44FF406
:1072900070610E4AC2F8A0104FF42062C3F8A0201B
:1072A00001220B4BC3F8002403F53043D3F86821C7
:1072B000084B1A6003B05DF804FB00BF0080E00FCC
:1072C000000002B8008001B8006001B8002002B8D8
:1072D000005001B8AC2F0020836810B4074C03F1B4
:1072E000304324681B689C4203D15DF8044BFFF7D0
:1072F00029BF00205DF8044B704700BF1830002004
:10730000134B1B78002B20D0124B134A00201A601D
:10731000124B134A1A60134B134A1A60134B1A6824
:10732000134B1A60134B144A1A60144B144A1A6018
:10733000144B154A1A60154B154A1A60154B164A1C
:107340001A60164B164A1A6070470220704700BF39
:10735000123E002024300020902E04081C30002013
:10736000F82504082030002018260408F0440020E6
:10737000183000203C300020E02504083430002084
:1073800098290408383000201426040830300020E2
:10739000C8250408283000201C2604082C300020B2
:1073A000102604080022012138B51E4B5A649A6445
:1073B000DA641D4A516102219162DA68C2F3036204
:1073C0000D2A01D0002AF8D111220124174DDA63C9
:1073D0004FF0FF302C7021F042FE00232B70144D33
:1073E00040F2437228685421C01A18BF012002F0ED
:1073F000DDFC104B28681A680F4B1968FFF7A2FED6
:1074000000F086FF0D4B1868FFF78AFE0C4B1868DA
:10741000FFF786FE4FF08062034B5A6103F58053FD
:107420005C6138BD000002B8001002B8123E0020B6
:107430001C30002020300020243000203C30002070
:107440003030002001230D4A0D49C2F88032916688
:107450000C4A53600C4A53600C4A5360A2F58042B8
:107460005360A2F54042536002F5C032536002F50A
:1074700080425360A2F50042536070470090005074
:10748000FF0B001600D000B8001000BA005001B881
:1074900038B50324FFF7D6FF114A124B124D1A6577
:1074A000FFF7BCFE114BC3F8104101232B6500F020
:1074B00071FD4FF460736B614FF400732B65FEF741
:1074C000E9FB0021FEF7D0FB4022094B1C64A3F529
:1074D00080535C64074BC3F884215A6038BD00BFF9
:1074E0000048F000000002B8001002B8005001B8D7
:1074F00000A0095000E100E008B526F037FD044B7C
:107500001B6FC3F300430133B0FBF3F008BD00BFB2
:107510000080005070B5044698B1B1B13A4A52F8B3
:10752000043B834213D10023384A116CC907FCD4B1
:10753000374800EB830021F03FFD364B10600122FD
:107540001A6470BD01330C2B02D1334D2CE00123A2
:1075500052F8041BA142F5D1304A32F81330E3E768
:10756000C2F3016335F81300110C93B211F0FE0F52
:1075700043EA0043606820D00434CAB2022A21687A
:1075800008D9D4E90160033AC3E9001698600C34C5
:107590000C33F3E704D16268C3E90012083403E056
:1075A000012A01D1043419602268531CD8D1002269
:1075B000164B1A6003F58053C1E7120F072AEDD866
:1075C000DFE802F00704090D1013181DC04303F58E
:1075D00000531860E2E71A6842401A60DEE703F5DC
:1075E0008053F6E721F0BBFCD8E7012203F5805376
:1075F0008240F2E7012203F500538240EDE71A686A
:1076000030EA0202FBD1C9E7E82F002000C002B82F
:10761000404000B000D002B89C2504088A3A0020FF
:107620000122014B1A657047001002B80122014B7C
:107630001A657047002002B84022014B1A65704756
:10764000002002B84022014B1A657047001002B8B2
:107650000B4B1B68D3F8E43023B11A68022A01D916
:10766000186A7047074B9A6E90B238B1064BC2F356
:1076700007421B68DB085343B3FBF0F0704700BFC1
:1076800074300020004001B8D42F0020064BDB6886
:10769000C3F30363984206D1044A936E23F0F003C8
:1076A00043EA011191667047000002B8003F00B044
:1076B000054B1B68D3F8E43013B11A680A2A01D8C5
:1076C000FFF7C6BF186C7047743000202DE9F743F0
:1076D000064621F03DFC00248046DFF8909028F01B
:1076E00031FE0DF1070105460DF10600FEF7D2F857
:1076F0009DF806308BB9721C29D021F029FCA0EB33
:107700000804284628F019FE9DF8063013B99DF8A4
:1077100007303BB3A642E2D824E0D9F80C3013F48A
:10772000603FE8D0D9F8180021F09DFC731C074693
:1077300003D021F00DFCA0EB0804284628F0FDFD45
:1077400017F5007FE0D0384603B0BDE8F083284647
:1077500028F0F3FD9DF80630002BC0D19DF80730CE
:10776000002BBCD1004FEEE700FEFFFF00C000B8C9
:1077700010F1800F04D04D28CEBF7F20323040B2B0
:10778000FF22044BC0B25A62A3F580535862002016
:10779000704700BF00E000B80B4A10B5136F0B4CE8
:1077A000116F03F00703E35CC1F3CD0101FB033369
:1077B000126F0748C2F3454202FB033300688001A1
:1077C000B0FBF3F010BD00BF004001B894250408E1
:1077D000D42F0020044BD3F8B03010B1C3F30332E0
:1077E000027003F00F007047000002B8064B01F072
:1077F00080015B6C03F480030B4302BF4FF4001263
:10780000024BDA64704700BF000002B8006001B8A4
:107810000F4B1B788BB1012B11D10E4A012102F5C0
:1078200080528B4291600FD80A4A0B49002B08BF47
:107830000A4693689B07FCD47047074AEEE700228C
:107840004FF480539A60FFDE00239B68FBE700BF84
:10785000133E0020004003B8000003B838B50B4BBE
:107860000B4C002818BF1C46A569E3691D4007D0D2
:10787000084B1B682BB12846984704F50054A561B6
:1078800038BD6B05F9D5FFF7C3FFF6E7004003B835
:10789000000003B8403000202DE9F04F404F8046F3
:1078A00085B038680C4621F080F820B900242046C5
:1078B00005B0BDE8F08F22460021404626F02CFBA3
:1078C000384B5D6915F00105F0D102F0DFF806468E
:1078D0000028EBD03F68384621F0EDFC4FF6FF73EF
:1078E000984234D04FF060512F4E304B304AD3F88D
:1078F0004C90D6F88C30D1644FF00061A2F58052E4
:10790000D16424220421C6F88C202A4A4FF4804BEB
:1079100091604FF480520027DFF8A4A0CAF868B045
:10792000F262A7421ED30421234A9160A2F5F032ED
:10793000C2F88C304FF060521D4BDA6409EA020342
:107940001E4AD3644FF480421D4B9A66AFE731461E
:10795000384621F057FC0146384602F0DBF9002892
:10796000C0D0A3E7B26E5104FCD5B268D205F9D5F8
:10797000CAF868B0D6F890200135012D0392D0D90D
:10798000E21B042AA8BF042208EB070003A9019305
:10799000009226F0D3FA009A019B3A4497B2C0E7CE
:1079A00074300020000002B8004000B8004001B868
:1079B000006001B8001002B8002002B8005001B801
:1079C000006000B84FF604014FF60502044B012099
:1079D0001B6C9BB28B4208BF1346024A136670476A
:1079E0000080E00F00C001B82DE9F74F81460F4637
:1079F0004FF0FF35FFF73AFB002601908A462C46F0
:107A00003046DFF8D8B006F110031B015BF80330F5
:107A100003F00308B8F1010F15D13046FFF73EFB24
:107A200002460B4601985146FFF7B0F8DBF8643088
:107A300006F10802D340DB0739D5002F40D00025DE
:107A40002C463E6040460136082EDCD160B3234A06
:107A50000027D2F808C0916B0CF440330131A4FB2D
:107A60000141641941F10001B3F5003F30D1536B7E
:107A70000CF4405C013347F10006BCF5805F22D175
:107A8000156B15F5807505FB06F647F1000203FB43
:107A90000266A5FB03323244594304FB0212A3FBE6
:107AA00004341444C9E9003403B0BDE8F08FA8429F
:107AB00071EB0403C6D207B13E6005460C46C1E730
:107AC0003D463C46BEE7320242EA13621B02E3E750
:107AD000136B13F5807347F10002DDE700C001B8B6
:107AE000034B1A6E596E03F500530A401A6670472D
:107AF00000800A502DE9F34105460F4668461146BD
:107B0000FFF772FF0646B0B1AFB1DDE900321B0AE4
:107B100043EA0263A5FB0384094B120A05FB0244F6
:107B20001A6812B9FFF7E8FC0246002340462146D6
:107B30001CF006F83860304602B0BDE8F08100BFA6
:107B4000D42F00204FF00052014B1A60704700BF45
:107B500000E100E04FF00052034BC3F88020BFF378
:107B60004F8FBFF36F8F704700E100E0F8B50B4611
:107B7000002213F8044B944225D91D68854224D174
:107B800006245A791D79124B88181E6804FB0503D8
:107B9000104F33F8063C7B43B3420ED900238A5A78
:107BA0007A43964202D804FB0300F8BD9D42FAD9FD
:107BB000013304FB03F2825AF2E740F244423D21D2
:107BC000002002F0F3F80020EFE708330132D2E79B
:107BD0004430002040420F002DE9F04F4FF0000EDE
:107BE000A2FB016BDFF8F4C2DFF8F48216EB0C0C99
:107BF0001F466BF10003E0457EEB030383B009D21F
:107C000040F23E220E21704602F0D0F8022003B06E
:107C1000BDE8F08FD7F814A00C4615468146BAF19E
:107C2000000F04D0DAF80030032B00F29A809E4B4C
:107C30009E4A9B6BD2F8FCA0C3F314089C4B1B6FAD
:107C40005A074EBF4FF440039B0503F0E07348EA28
:107C50000308984BD3F8EC305B0048BF48F08078BD
:107C600048EA456826F0BCF9012D0246CED100282D
:107C7000CCD0914B984200F0858003F5122303F598
:107C8000F863984200F090808C4B984200F0EB80B3
:107C9000002501902B4600204FF000711BF050FF93
:107CA0002B46019A013006FB03F300FB0B33A6FBC6
:107CB00000600344C8F31300A0FB0221203300FB43
:107CC00005119B093B607E4BD20C1C6042EA41319E
:107CD0007C4B18F4801F08BF494219607A4B0C4452
:107CE0001C60BAF1000F5BD000237B60BB60DAF848
:107CF0001C5018F0807F18BF6408002D46D099F8FA
:107D00002620093A012A41D9694ED6F83C21D002F1
:107D10007FD4DAF80000002C00F0A980B4FA84F1D6
:107D2000072900F3A480C1F1080325FA03F304FA3C
:107D300001F10133B1FBF3F14B004FEA442C013365
:107D4000E40D01E002330131A5FB0362B44574EB9D
:107D50000202F7D2C1F30E031B0343F00063BB60C2
:107D600016E0042BDAF828807FF47CAF18F0807FCF
:107D700014BF4FF4400308F0E07328F0E07848EABD
:107D800003086FE7002351481D468CE7DAF800002E
:107D900000230628FB603B6102D9DAF830303BB99A
:107DA000002003B0BDE8F08F002349481D467AE764
:107DB00026F016F9DAF83010FFF7D8FE044610B1B5
:107DC0008378002B56D126F0CBF8DAF83010FFF785
:107DD000CDFE04460028E3D08378002BE0D0407924
:107DE0004FF4AE62003818BF01203D2101F0DEFFE4
:107DF000207940F2715200384FF03D0118BF012048
:107E000001F0D4FF237962791B0243EA02133B613C
:107E1000C6E781EAE172A2EBE1722E49C8F381580C
:107E200011F808C019464FEA8C6C6008CCFB0201BF
:107E300022461BF085FE0346DAF800000E280ED914
:107E4000194A916BB26CD6F83C61D20607D501F4A1
:107E5000801106F40016314308BFC3F58013C3F345
:107E600013037B6057E700231B481D461BE72B4687
:107E700021025FE7407940F25552003818BF0120D7
:107E80003D2101F093FF207940F25652003818BF8F
:107E900001203D2101F08AFF237962791B0243EA28
:107EA0000213FB608FE700BF008001B8004F00B0F5
:107EB000004001B8000002B800F04902005A620216
:107EC0004C30002048300020443000200A3BB2DF14
:107ED000313641DCA4250408D694BFD6006CCA888C
:107EE000807C814A10B5044686B059B9214B41685F
:107EF000D3F8FC30827A2048059300686B46FFF780
:107F00006BFE69461D4B0A685A631A4BD3F8FC3066
:107F100033B34B6843B11A4B1A4AC3F83C214A6841
:107F2000A3F58053C3F83C218B6843B1144B164A28
:107F3000C3F81C218A68A3F58053C3F81C21134A97
:107F4000C868D2F8983123F4EE630343C2F898313D
:107F5000D2F89031096923F4EE630B43C2F89031F3
:107F6000002022890A4B9A6203F5A033186406B0F8
:107F700010BD00BF004F00B074300020008001B879
:107F8000006001B8FFFF0F0000F0FF0F000002B813
:107F9000004000B8074BD3F88022D20707D55B6EAC
:107FA000002B4FF48043B4BF034A044A13650020FA
:107FB000704700BF00800050002002B8001002B8D7
:107FC000064B1A6C9207FCD4022240EA012058604A
:107FD000034B1A640122034B1A70704700C002B8A9
:107FE00000D002B8143E002040B10368012B05D92F
:107FF0000069034B002808BF1846704700487047C7
:10800000AC25040810B590B10468012C0FD90269A1
:108010006AB11168094B102C196051685960916858
:1080200088BFD268996094BFD960DA6010BD102211
:108030000021024825F070FFF8E700BF543000200F
:108040001F4B2DE9F0410D4616461C6890B34FF4C6
:108050007A7343438A68A3F6AC539B1A4A689B1A07
:10806000184A92F86C20D20701D5A3F6B833164A05
:10807000D8171168154FA1FB033201FB002213F141
:10808000807342F100025B0E43EAC213803B33620D
:108090000F4BD3F8C43073623B6873B1204620F0B5
:1080A000A9FE50B1324629463B68D4F8D800BDE855
:1080B000F04118474AF6C873D9E7BDE8F08100BF20
:1080C00074300020003E00B06430002050300020AA
:1080D000003F00B0084BC1171A68A2FB000302FB67
:1080E000013310F1807043F10003400E40EAC310E9
:1080F000803820EAE0707047643000200722194B76
:1081000070B51A64184B194A1D68194BEC08E00544
:10811000C0184FEA153141F1000100231BF010FD9A
:10812000144B154E18601548FFF7D4FF4042C6F8AF
:10813000DC0049F65800FFF7CDFFC6F8A80010484C
:10814000FEF7CEFF024660B1E301500818184FEA6F
:1081500015714FF0000341F100011BF0F1FCC6F86E
:10816000B40070BD000002B8D42F002065CD1D0002
:10817000B2E60E0064300020003F00B07011010034
:1081800040420F0098B14FF47A735843094BA0F660
:10819000B830DB681844084B93F86C30DB075ABFE3
:1081A000A0F59C500838A0F6AC50FFF793BF47F2FB
:1081B0003050FAE754300020003E00B010B50446BD
:1081C00098B10B4BD3F8FC00FFF71CFF4FF47A7308
:1081D00003FB04F0074BA0F6AC50DA689B68104430
:1081E000C01ABDE81040FFF775BF4AF6C870F8E73F
:1081F000004F00B054300020F8B50446084615463C
:108200001E46FFF7FFFE9CB106F0020716F00406BB
:108210000FD16FB14FF47A7063685843002B4BD184
:10822000FFF758FF28636069FFF7ACFFE8623EBBC9
:10823000F8BD2069002839D04FF47A735843254B94
:10824000A0F6AC509B68C01AFFF744FFA862A08B51
:1082500078B34FF47A7358431E4BA0F6AC509B682A
:10826000C01AFFF737FFE8612A461A49E068FFF7AE
:10827000E7FE0021A069FFF7A1FF6863002FC9D1C5
:10828000A06800BB47F23050FFF724FF68614FF44D
:108290007A70236858432BB10E4B1B6803F51C53AF
:1082A00010331844FFF716FFA861C1E74AF6C870FB
:1082B000CAE74AF6C870D4E7064B1B6803F51C539F
:1082C00010331844ACE74FF47A735843A0F5FA50D2
:1082D000DAE700BF5430002038B5054608461C4692
:1082E00020F059FE0246D5F8E400FFF77DFE436812
:1082F000A018002B044AA8BF4FF4FA721A44034B8B
:1083000092FBF3F2104438BD0CFEFFFF18FCFFFF98
:1083100070B588B06D46194C0FCC0FC594E80F00AE
:1083200085E80F004FF480720021154825F0F4FD18
:10833000AC220021134825F0EFFD20220021124835
:1083400025F0EAFD21F071F8104B1B783BB16D462A
:108350000A4E0FCD0FC695E80F0084E80F000C4AB7
:108360000C4B1068516803C3906818600A4BD3F82F
:1083700078210A4B5A6608B070BD00BFE03F00B0DC
:10838000543E00B0543F00B0E04F00B0043E002027
:10839000BC250408B03E00B0000002B8003F00B0A9
:1083A00008B527F0CFFF0E4B1A78A2B90D4A126814
:1083B00012F4843F0FD10C4A102111651B7863B968
:1083C000084B1B68DB0508D4074B20221A65BDE863
:1083D000084027F0B2BF054AEEE7044BF5E700BFBF
:1083E000193E0020F0130020002002B8001002B84F
:1083F0000A4B197801F0FF0229B1002119700849D0
:108400009202C1F80821597801F0FF0229B1002138
:1084100059709302024AC2F80C317047153E002091
:10842000005000B8064BD3F8F00E064B9B6C1A01B7
:1084300003D4054B9B6E1B0401D500F5807070477B
:10844000003000B0000002B8004000B810B527F0BE
:1084500079FF0E2104460320FFF718F940F20122AC
:10846000034B2046BDE81040DA6227F066BF00BF2C
:10847000004000B8064B00201B6893F82430DB094D
:1084800002BF0322034BC3F85022FBF7C3BF00BF58
:1084900074300020006001B80022044B1A70044BB5
:1084A000197811B11A70FFF77BBF7047183E002092
:1084B000193E002038B527F045FF4FF08043244C8B
:1084C0000546C4F88030BFF34F8FBFF36F8F4FF076
:1084D0000043C4F88030BFF34F8FBFF36F8F012389
:1084E000C4F88430BFF34F8FBFF36F8F0223C4F8FB
:1084F0008430BFF34F8FBFF36F8F0423C4F88430F1
:10850000BFF34F8FBFF36F8FFFF724FB0823C4F82F
:108510008430BFF34F8FBFF36F8F1023C4F88430C4
:10852000BFF34F8FBFF36F8F2023C4F88430BFF3A6
:108530004F8FBFF36F8F8023C4F88430BFF34F8F0A
:10854000BFF36F8F2846BDE8384027F0F6BE00BF66
:1085500000E100E038B527F0F5FE05464FF0804316
:108560000B4C23604FF0004323600223636004231D
:108570006360FFF7E7FA082363601023636020233A
:108580006360802363602846BDE8384027F0D5BE8D
:1085900000E100E0012370B5074C2370074B1E6813
:1085A000074B3240D3E9005319402840FCF7BAFC8E
:1085B0000023237070BD00BF173E00206C300020E8
:1085C000F01300202DE9F047DDF820A003EA0108B0
:1085D000099B06460D4602EA000703EA0A09BAF1BA
:1085E000000F40F04F81031F0B4300F00F8105285F
:1085F00071F1000380F0E58050EA010300F075811D
:10860000431E0B4300F02581FFF754FFB84AD2E91F
:10861000004323EA050324EA06043C4343EA08072F
:10862000B44BC2E900471E6826EA0A0646EA090674
:108630001E60FFF7B5FE14F02A4F14BF48F2020384
:108640004FF40043AC4AB007D26EAC4848BF43F485
:10865000005383EA020122EA0302C266A84A0B40E1
:108660008166D366C4F380421203210348BF42F4FB
:108670008072E30648BF42F40052A24BA50648BFF1
:1086800042F40072600648BF42F480622106D96855
:1086900048BF42F4006282EA010323F080539A4803
:1086A00019401A40C1608360984B17F4007FDA606C
:1086B000974B07F4007200F0048101224FF48025EB
:1086C00083F88820E30448BF45F48035A00348BF01
:1086D00045F48015A10748BF45F4001514F4001FA8
:1086E000DFF8688206D0D8F8000020F09CFE08B9B8
:1086F00045F40025E20248BF45F40035FB06854BF2
:1087000048BF45F480051A6A834985EA020323F0CD
:1087100001031A400A621D40CB61804B16F0010F25
:108720001D627F4B7F4A18BF1A467F4B7D071B6F28
:1087300048BF42F000627D4882EA030123EA020357
:1087400003677B4B0A4041661A677A4A04F00103CB
:10875000D16CA0F5803081EA030221EA0301C164F3
:1087600082641A40744B2002DA64D8F8002048BFB3
:10877000724B92F8F62058BF714B610748BF43F423
:10878000806322B114F4C06F18BF43F480733207C2
:108790004FF03A42BDE8F047D2F8181148BF43F015
:1087A000004383EA010222F4A02266481140C0F887
:1087B00018111340C0F81421634AC2F81831FFF7AA
:1087C000C9BEA0F580630B4306D020F48063A3F5F7
:1087D00000730B437FF418AF27F0B4FD4449D1E98F
:1087E000003223EA060322EA050242EA08023B437A
:1087F000C1E90032554A126892F8F610514A09B39D
:1088000013F4C06F1ED04FF4807311E027F09AFD6F
:10881000374AD2E9003123F004033B4341EA08011F
:1088200057EA0807C2E900314FF48063454A0BD08C
:10883000C2F81431A2F58052C2F81831BDE8F047F1
:1088400027F07BBD4FF48073C2F81831C2F81431A1
:10885000F4E727F077FD264AD2E9003123F001033F
:108860003B4341EA0801C2E900310123384A57EA93
:1088700008071BBF9364A2F58052D364D36408BF7A
:108880009364DBE750EA01037FF4BEAEBAF1010F57
:108890007FF4BAAE27F056FD164A136823F00103A1
:1088A00043EA090313604FF48063204AB9F1000FD3
:1088B00004D05366A2F580521367BFE7136753666F
:1088C000BCE793F8881071B183F88820214BD3F866
:1088D000A41003F50053C3F8A410C3F8A0104FF080
:1088E0005023C3F8A4200025ECE6BDE8F08700BFC4
:1088F000F01300206C300020004000B8006000B889
:10890000005000B8004001B8006001B8005001B844
:10891000003F00B0000002B8002002B8001002B80A
:10892000041C00030418000300C001B800E001B8F3
:1089300000D001B800C000B800D000B80D0A0A0984
:10894000090A0A09002000BA001000BA7430002099
:1089500000E000B800400050024B5868C0F3C0006F
:10896000704700BFF0130020024B186800F00100B0
:10897000704700BFF0130020024B5868C0F3C030AE
:10898000704700BFF013002010B50446FEF780FDCD
:10899000FFF790FD2046FDF7ADF9FEF703FDFEF76A
:1089A00061F8FEF7D3F8FFF7A9FB13490723134A31
:1089B000D1F8FC1004F1F800FFF71EFC4FF08071B5
:1089C0000020FEF7FDF94FF000720D4B4FF400113F
:1089D0000120C3F80021FEF7F3F9FEF7F3FF20B9F9
:1089E00040F27532142101F0E1F920F056FBBDE8A8
:1089F00010400120FDF796BF004F00B0A43F00B02B
:108A000000D001B88022074B5A64082203F5805336
:108A10005A64054AD2F8C03E23F02003C2F8C03E93
:108A2000704700BF001002B8003000B010B527F04A
:108A300089FC01210446FFF7E5FF054B0020196181
:108A4000044B5B6898472046BDE8104027F075BC92
:108A5000000002B8BC440020F8B5194C0546207847
:108A60004FF49762B0FA80F03E21400901F09EF980
:108A700055B960784FF49762BDE8F840B0FA80F0DD
:108A80003E21400901F092B94FF440660D4F0E4D62
:108A9000D7F808314FF49762C3F381232370C5F8E8
:108AA000086160783E21B0FA80F0400901F07EF95B
:108AB000D7F80C31C3F381236370C5F80C61F8BD9E
:108AC000153E0020004000B8006000B8F8B5084C22
:108AD000084D636C0423084F6B64636C5B0300D424
:108AE000F8BD042602207E6420F039FA6E64F4E7B3
:108AF000000002B8001002B8002002B8A82238B561
:108B00001A4B5D6C03F500535A6410229A60A3F56A
:108B1000804302F100521A675A66FFF769FC144B52
:108B20001B7813B90320FEF743F80024114B9C6710
:108B3000FFF7CCFF104A114BD2F8F01E0B40C2F8E1
:108B4000F03E04220E4B5A640E4BAA06C3F8C840EE
:108B500008D503F580739B6FB3F5817F22BF802218
:108B6000024B1A61BDE83840FCF7B2BB000002B806
:108B70001D3E002000C001B8003000B0DF0000FF43
:108B8000002002B8003E00B010B551B920B3154B1B
:108B9000DB681B0E13F00E0F1ED1134B1B6CD90795
:108BA0001AD4FFF753FC0F4C0020FEF713FE0328E6
:108BB00001D0092805D1A36ADA07F5D4A36CDB0339
:108BC000F2D4FFF783FF0122084B5A6102229A6216
:108BD000042203F580535A644FF4C062044B9A6533
:108BE00010BD00BF000002B800C002B8001002B8FB
:108BF000006001B808B503210920FEF747FD2022D7
:108C0000014B1A6108BD00BF000002B80D4A10B543
:108C1000D2F8A030D2F8A4100B40B3F1804F0CD39F
:108C20004FF040400849094CC1F8A400D467C1F88E
:108C3000A0004FF48021064AD161034AC2F8A03057
:108C400010BD00BF00400050006000500000FF0158
:108C5000001002B838B5054627F074FB0E4B0446E9
:108C60001868FDF773F935B1FFF716FC2046BDE82B
:108C7000384027F062BB094B1B78002BF6D0084B1D
:108C80001D78002DF2D1FFF707FC2A464FF48040F3
:108C90000021FFF77FFCE9E774300020183E002038
:108CA000173E00202DE9F84F594B06460D46144655
:108CB0005B6C002A40F0A98013F0A00F14BF4FF0A6
:108CC00001094FF00009FCF703FBA0234FF0000A55
:108CD000DFF858810320C8F84430FDF769FF04200D
:108CE000FDF766FF4B4FFFF7D7FB4B4B4FF0040BE5
:108CF0007B67C7F878A0FFF7E9FE484B4FF4807117
:108D0000D3F8C02E42F02002C3F8C02EFF22C8F8CC
:108D100008203F4A1161D3F8F02E41491140C3F8B1
:108D2000F01EC8F844B0C3F8C8AE7B6913F0060F54
:108D300004D0FEF717F95846FDF73AFFB9F1000FD6
:108D400008D04FF40062374B5A644FF40042A3F549
:108D5000E0339A6666B1344BDB6C180701D4FFF739
:108D600075FBFFF747FF0420FDF722FFFFF740FBED
:108D7000274B5A69D10746D5DA6812F0706FFBD1DC
:108D80002A4B2B4A5A642B4A936E23F0F0039366C6
:108D900015B12046FFF75EFF274BD3F84C315A1C24
:108DA00001D05B0002D50122204B5A615CB31E4BFF
:108DB000DA6E03F500539A6603F5D0331B6A1B4A3B
:108DC00023F00103D3611D4BD96803F5005399606B
:108DD00003F50053D3F8841003F5005399674FF05F
:108DE0003A43D3F8181103F50053C3F81411144B88
:108DF000D96C03F500539964124903F58033596621
:108E00004FF608435364BDE8F88F4FF000095AE766
:108E1000000002B800C001B800000101003000B03D
:108E2000DF0000FF001002B8004000B8002002B8C8
:108E300010003000003F00B00080E00F004001B89B
:108E400000C000B85000002F9E4B2DE9F04F9A6EE5
:108E5000DB6E85B002EA03089B4BC3F868804FF0D5
:108E60003A43D3F81461D3F818311E40974BC3F836
:108E70001461974B9A68DB6802EA030A954BC3F8C2
:108E800008A003F52043DA691B6A02EA0309924B42
:108E900009F47702DA61914BD3F80422110706D462
:108EA000D3F804311A07C3F3C00740F1E98027F073
:108EB00049FA8B4B5A695F6E1B6F12F0060F07EA77
:108EC0000307884A27F0007323F4006314BF4FF0B0
:108ED000010B4FF0000B53667B0706D5824A92F8D0
:108EE00069300133DBB282F8693027F026FAB8F135
:108EF000000F00F0E38018F400442BD027F022FA92
:108F00000146FFF78FFA0446784D2B6818681A68F7
:108F10009042FCD018689042FCD0FFF783FAA04240
:108F200040F0B080084627F008FA714B1C60714B86
:108F30005D6C15F4E05240F0A78024F07F4424F0EB
:108F4000DF040CB9FFF7DAFD6B4B01201B68984773
:108F50004FF0807418F0020F4FF0000514D0654BED
:108F60005D495B6C03F460424A64002A00F0A08013
:108F70001D0400F1A08013F4005F0CBF4FF00053FC
:108F80004FF0006300251C43C8F340384FEA4808FF
:108F90005A4B3340002B4BD016F4206F0AD040F6CA
:108FA00045120621002000F001FF0020FFF752FECD
:108FB00026F48026F00506D5FF22474B44F4C06412
:108FC0009A60FFF743FA16F0090F0BD040F65A12D9
:108FD0000821002000F0EAFEFFF70CFE4FF03A43B4
:108FE00001225A6316F0106F0CD040F6631209216B
:108FF000002000F0DBFEFFF7FDFD002211461046C9
:10900000FCF778FF16F4202F0AD040F66B120721E8
:10901000002000F0CBFE0020FFF71CFE26F4802687
:10902000F10301D5FDF7B0F8002EB8BF48F00808ED
:1090300072070ED54FF03A431B6B13F4005F4FF4E9
:10904000005317BF214A2E4A136344F4000408BF9B
:109050001363730548BF44F0040416F4802301939E
:1090600000F0B780FDF748F8013806284AD8DFE855
:1090700010F03B013E013B01410144014701470122
:10908000BB4634E7044640E70192FFF737FD124B39
:10909000019A5A6415F4805307D115F4806F0CBF00
:1090A0004FF080544FF0806454E74FF0804451E714
:1090B0004FF0007366E74FF0004363E744464546D0
:1090C00066E700BF004000B8006000B8002000BAAA
:1090D000004001B8006001B8002002B800E100E0E3
:1090E00000C001B800E001B8003E00B0D04400204C
:1090F00068300020000002B8D4440020090B0B891E
:10910000001000BA40F69C120321002000F04EFE31
:109110004FF03A420121D2F88C30D2F8AC0003F083
:109120000703063301FA03F3C0F30C001B1A9BB2CA
:10913000072B12D97E4B5B6C58020ED47D48D36C42
:10914000D26E406D58B103F0070306339940C2F365
:109150000C03C91A89B2072901D844F40074764B6C
:109160001B78002B35D04FF03A43D3F8143113F469
:10917000A02F2ED1714B724A1B7893B9FB0410D4E7
:10918000137873B1E3086F4943EA457383F0010331
:10919000D1F8F01E03F001035B0021FA03F39807F6
:1091A00017D10420FDF704FD674B68495967FFF7A5
:1091B00073F9634A137843B9654B1B782BB1654B40
:1091C000654A1B682340134201D144F4804427F4CC
:1091D0008057BAF1000F27D01AF4805F18BF44F40B
:1091E00080241AF4807F18BF44F400241AF4005F2E
:1091F00018BF44F010041AF4007F18BF44F0200494
:109200001AF4806F18BF44F040041AF4006F18BFBE
:1092100044F080041AF0805F06D0504B002118689B
:1092200045F48055FCF7A6FAB9F1000F3ED019F4C9
:10923000802F18BF45F4007519F4803F05D0484BC6
:1092400003201B6844F48054984719F4801F18BF0A
:1092500044F4003419F4001F18BF44F0020419F458
:10926000003F18BF44F4801419F4800F18BF45F074
:10927000100519F4002F19D0324BD3F8C03E13F06B
:10928000C00F13D02A4AD368C3F30363032B01D062
:10929000072B05D1936CD90602D4D36C1A0736D5A7
:1092A0004FF400222F4B29F40029DA61002F00F03F
:1092B00019813B0540F190802B49DFF88CA0CB78D9
:1092C0002A4A002B58D04FF40060013BDBB25066B5
:1092D000CB7033B9264B1B78E3B140F60142254BE6
:1092E0005A670023002275E044F4803410E744F408
:1092F00000640DE744F480640AE744F4807407E7EF
:10930000174B02201B6844F00804984700E744F418
:109310000014CBE7DAF8783013F4A05F15BF4FF4F0
:10932000807340F60143CAF85830CAF87830D8E75D
:10933000000002B8004000B8193E0020183E00208E
:109340001B3E0020003000B000C001B80000010149
:109350001A3E0020F0130020088D01007430002018
:10936000D4440020002002B8093E002000E001B8EB
:109370001D3E002000D001B80320FDF719FCDAF8EB
:109380001430AA4813F0060F04BF41F61F73A84A11
:10939000A84908BF53674FF40062A54B5A66DAF834
:1093A000143013F0060308BFCAF87830B0F86630FE
:1093B00013F400625CD023F40063A0F866300B78ED
:1093C00003F0FF0A002B57D1FDF7CCFDFFF796FB0A
:1093D000534620221C431543B80009D52E20FDF723
:1093E00035FB4FF00052924B45F008051A675A665C
:1093F000F90606D52B20FDF729FB10228C4B1A67A6
:109400005A6617F0306F05D1FA045FD5BBF1000F33
:1094100000F0B4803B0111D52920FDF717FBFFF7C1
:109420009BFA48B1844B8549814A53660B6701F525
:109430004051C968480422D445F0040517F0007B68
:1094400028D00420FDF7B4FB2720FDF7FFFAFFF733
:1094500055FB4FF00072764B5A66794BD3F8F02EDD
:10946000520674D40222774B9A6045F0020528E038
:109470000B784FF40053ADE74FF4004332E7136726
:1094800020205366FDF7E2FA2D2045F00C05FDF78C
:10949000DDFAD3E717F0807FDFF8ACA142D00420DB
:1094A000FDF786FB2820FDF7D1FADAF87830002B9B
:1094B00035D1FFF723FB5E4B5F4A45F001051A6784
:1094C0005A66FEF7D7FF00225F4B9A657B0509D5E8
:1094D0005E4A9378002B00F0A480013B9370002338
:1094E00048EA0308424620462946FFF753F8019B05
:1094F0000BB1FCF737FE4FF00042554B06F0043637
:10950000C3F81461534B19F4002FC3F880211EBF18
:109510004FF400224B4BDA6105B0BDE8F08FCAF87A
:1095200078B0C8E7F904CED50420FDF741FB4A4BDB
:10953000CAF87430FDF716FDDAF8643013F0407F96
:10954000C1D12A20FDF782FAFFF7D8FA85E7D3F8D0
:10955000C03E9B0689D40222404B9A60404B1B6858
:1095600093F82530D80780D5304B93F8DC30002BAA
:109570003FF47BAF80223B4B1A6176E7334A137985
:109580004BB1013BDBB2137113B92C4B364A5A670E
:1095900000231C439AE70420FDF70AFB0320FDF794
:1095A00007FB294B2C4A5A6726F0CCFE82460DF168
:1095B0000F00FEF70FF92D4B83461B780BB1FEF71A
:1095C00045FFBBF1030F0ED1DFF898B00020FEF786
:1095D00001F9032807D1DBF82830D907F6D4DBF8E6
:1095E0004830DA03F2D49DF80F30032B06D1012264
:1095F0001F4B50461A7026F0A0FEC9E74FF03A43C1
:10960000D3F8143113F4A02FF1D1FEF745FF5046E3
:1096100026F093FE174B03201B6898474FF48043B6
:10962000B7E70220FDF7C4FA012359E7003E00B076
:1096300000E001B81D3E00201000002000D001B85D
:10964000003000B0002002B800C001B8093E002080
:10965000002000BA00E100E000000101001002B8A3
:1096600074300020000002B80000010D1C3E0020F4
:10967000183E0020D44400200122024B1A62DA6115
:10968000704700BF002002B8094A08B5D369116AC3
:109690000B40084923F47F00DB07C86106D5D16879
:1096A0004FF0FF30C1F303611FF001FD08BD00BFA3
:1096B000000002B8002002B80C4A08B5936CD26CC6
:1096C00013400B4A9364DB070FD50A4B40F6F53283
:1096D0001878122100F0010000F068FBBDE8084096
:1096E000002201200021FEF755BF08BD00C000B8D0
:1096F00000E000B8F0130020164B10B51C6C5A6C3B
:109700001440154A24F002011164E20705D540F621
:1097100054420020196800F049FBA30718D5022223
:109720000D4B1A640D4AA3F5005314685B687CB1B5
:10973000DBB2042B07D100220121094B1868234614
:10974000BDE810401847052B02D100221146F4E76E
:1097500010BD00BF0080095000A00950A82F0020B4
:109760007430002038B50B4C0B4DD4F88430DB0737
:1097700006D4A36FD4F884201340084A936738BDF9
:10978000D5F804315A06F0D5FFF7B6FF4023C5F8E7
:109790008431EAE7008001B800E100E000A001B8F0
:1097A00070B514460D4626F0CDFD064BD3F8C06EBD
:1097B00074402C407440C3F8C04E26F0BEFD06EA4B
:1097C000050070BD003000B0034BD3F8C03E994394
:1097D0000CBF012000207047003000B02DE9F0419F
:1097E00017460A43012A1D469DF818409DF81C6043
:1097F000DDF8208029D8B44227D2082E25D8032BA3
:1098000023D8B8F1000F20D00A460021FBF7B0FCA6
:10981000FF21EB009940C943DFF834C008F1FF385D
:10982000FF00E2B2964202D80020BDE8F0813D1967
:109830000CEB8505D5F8F82018F8010F0A40984080
:109840001043C5F8F8000134EBE72120EDE700BF35
:10985000003E00B0174BD3F8C02E12F0010312D017
:10986000154B93F84C30154A43F08073C2F8D03052
:109870004FF4801302F50052C2F8B430A2F58052C2
:10988000C2F8B83070471106EDD40D4B93F84B1168
:1098900021B1D20602D593F84831E4E74FF48012A3
:1098A0000020084B0549C3F8B820C1F8D000C3F820
:1098B000B4207047003000B0003F00B0004000B856
:1098C000003E00B0006000B8034B1868034B00284E
:1098D00008BF1846704700BF70300020C8620408F7
:1098E000F0B50D4604468BB018B9002420460BB0E5
:1098F000F0BD1A4E3768002FF7D12022394602A852
:1099000024F00AFB236801A80193154B1B88ADF8CE
:109910001430144B1B68079300F080F804460028AD
:10992000E3D0306000F0A0F8204639461EF0B5FFC5
:1099300020461FF02AFC38B10020306000F094F877
:1099400020461FF01DFCD0E72046FAF797F80028C4
:10995000F2D1002DCAD02046A847C7E774300020B6
:109960003A2304083C230408024B1868003818BF47
:109970000120704774300020002108B5024B0846D2
:109980005B689847002008BDBC440020431E033399
:1099900006D8044B984228BF1846642838BF642074
:1099A000704700BF40420F0038B5194B05461B6891
:1099B0000C4603B1984744B1236833B11B680133A7
:1099C00003D0E3680BB1A3684BB91FF0AFFA0020D6
:1099D0004FF4B672412100F0E9F9212038BD20464C
:1099E000FCF7A4FC00230B4A85F83C31C5E937435A
:1099F000C2E9003363694BB1074A422110684FF452
:109A0000C572C31A5842584100F0D0F90020E5E76A
:109A1000A42F002000440020D42F0020F8B50446D5
:109A200026F090FC002607460E4B1B6893B19E68FB
:109A3000AEB196F82420D20711D435460FCC0FC50D
:109A40000FCC0FC523682B6096F8243043F0010338
:109A500086F82430384626F070FC3046F8BD1B6886
:109A6000E4E700BFF844002010B5044618B9054BE0
:109A7000054A136010BDFAF7D5FBD4F8E830002B87
:109A8000F6D1F4E769910308F4440020014B18680B
:109A9000704700BF0044002008B502460868FFF781
:109AA00075FF08604868FFF771FF48608868FFF736
:109AB0006DFF8860C868FFF769FF0B69C860581CB4
:109AC00003D00B48834228BF03460B614B69581CE7
:109AD00003D00748834228BF034688694B61FFF7DC
:109AE00055FFBDE8084088611046FBF767BB00BF23
:109AF00040420F00D0F8E0302DE9F04105460C4619
:109B000013B1C38D8B424CD0D5F8DC30002B4BD039
:109B10009E68002E48D0D868002845D0013800B291
:109B200000281ADB002106E0128A591CA24217D233
:109B300009B2884211DB0B1803EBD3735B1003EB04
:109B4000C30206EB8202B2F80EC003F1FF3EA44549
:109B5000EAD90FFA8EF08842EDDA2120BDE8F081D3
:109B60004FF6FF7299B29142F7D09BB203EBC30359
:109B700006EB83062846B6F9122095F83011D5F881
:109B8000F080F1F757F90746B8F1000F04D0002331
:109B9000324628461946C047EC85C5F8E06085F88E
:109BA00039710020BDE8F0810E20BDE8F08100BFD2
:109BB0002DE9F04782B004460F461646FBF76EFDCE
:109BC000002863D14F4D2B68D4F8DCA0D4F8E08096
:109BD0000BB1534576D04FF00009AF60FBF702FEA2
:109BE0000128074665D120461FF004F9002851D10D
:109BF0002B68DAF80010D8F8002013B118688842F2
:109C00006BD020461FF0B0F8C5E900A8D4F8F0509A
:109C10008DF80760002D67D00022204611460DF117
:109C20000703A8472046FAF7FBFE0546B9F1000FE7
:109C30000FD076B9D4F88C300BBB012F05D025B1ED
:109C4000314B002103205B689847284602B0BDE8ED
:109C5000F087B5FA85F04FF485623321400900F0B2
:109C6000A5F831462046FBF7C3F8284B05461B688C
:109C7000414620469847D4F88C30002BDDD0002296
:109C80004FF400732046FAF7DDFAD6E700231D4DA6
:109C90006B6098E794F82530DA07A9D5D4F89430AA
:109CA0005B05A5D51A4B0122002120461B68984769
:109CB0009EE700210120FAF705FBFBF793FD012841
:109CC000FBD190E76B68002B85D0434583D1AB680F
:109CD0009F4215D04FF001097FE7696811B109680B
:109CE000914291D059688CE794F82A1094F8393150
:109CF0003246994228BF19462046FAF711FE91E7ED
:109D00000025A2E700440020BC440020F4440020C9
:109D1000A82F0020F8B50F46054626F013FB39465C
:109D200006462846FFF7E6FE044620B1304626F0F8
:109D300004FB2046F8BDFBF793FC22463946284633
:109D4000FFF736FF04460028F0D128461FF052F8EE
:109D50000028EBD095F8253013F001030DD0D5F88D
:109D6000942052050DD5B5F82A21BA4205D0B5F890
:109D70002C31DB1BB3FA83F35B09034A82F8DC3036
:109D8000D4E72346F9E700BF003E00B038B5044DE4
:109D9000044C054B286021601A6025F0D9FE38BDBF
:109DA00078300020FC4400207C30002010B550B9F1
:109DB0000548064B0160064802601868054B1860AC
:109DC0001868FFF7E3FF10BDFC440020743000204A
:109DD0007C300020783000202DE9F041364F0646D7
:109DE000FB68C3F30363022B64D11FF0B1F805468F
:109DF000DFF8DC80BC6A14F4802449D126F0A2FA92
:109E0000FB680546C3F30363022B3BD130461EF0CB
:109E1000F1FF28B1294B93F8DC200AB183F8DD402B
:109E20000022274B83F88420234B5B6C98053DD59B
:109E3000224BD3F8C43059889A68C90748BF182103
:109E4000D66848BF927806F4000044BF01FB023395
:109E500003F10C021B4B06F008069B6993608022FD
:109E6000194BDA6038B14FF4003203F5A043CF202C
:109E7000DA61FCF7EBFDCEB14FF40072134B5A647C
:109E800002229A60284626F058FA2046BDE8F08162
:109E90001FF05EF8401B40454FF06C024FF0470149
:109EA0008CBF00200120FFF781FFA3E78022024B37
:109EB0001A61E7E70224E8E7000002B8003E00B0BC
:109EC000003F00B000C000B800C001B8002002B8D8
:109ED0003F420F0070B506460D461446F2F772FD7C
:109EE0000022044B1E80044B1D60044B1C60044B7D
:109EF0001A6070BDA43A0020883000208430002011
:109F000080300020054B10B51968054C054B2268C0
:109F100018681BF050FD00B9206010BD883000208B
:109F200080300020884400202DE9F84F0E4614466A
:109F30000AB34FF0000BDFF84480DFF84490DFF8FD
:109F400044A0D8F80070D9F80050DAF80000ED1BF2
:109F5000A54228BF254638442A46314623F0C2FF91
:109F60002F44641BC8F8007004D0FFF7CBFF2E44C9
:109F70008346E6E75C462046BDE8F88F8030002047
:109F800084300020883000200FB400B50D4BA3B002
:109F90001B7893B18022022002A9FFF79BFF25AB1B
:109FA0008021249A02A80193F9F780FC02A9C2B289
:109FB0000020FFF7B9FFFFF7A5FF23B05DF804EB22
:109FC00004B070471E3E00200022024B1A605A6007
:109FD0009A607047A63A00200122024B1A70FFF7E0
:109FE000F3BF00BF1E3E002008B5054805F01EFA6D
:109FF000BDE808401022FF21024823F08DBF00BFBA
:10A00000204500208C30002070B50D4D2B68A3B981
:10A01000BDE870400B4805F009BA00F037FE013486
:10A020003378E0B28342F8D84FF47A712B68054850
:10A030005943BDE8704025F03DBF0024024EEFE7D4
:10A04000B444002000450020763D00202DE9F34770
:10A050000F4600219846234B81461B8816461180E7
:10A0600023B90024204602B0BDE8F0871E4826F040
:10A070002CFB0446DFF870A009F10405002CF0D099
:10A08000204625F02BFE011D28461FF0BFFC10B313
:10A09000002514232A4621464846009526F043FB16
:10A0A000204625F037FE14280BD82B463580002F8C
:10A0B000D8D00022214600923846142226F033FBE5
:10A0C000D0E7204625F026FEA0F11405ABB24345AB
:10A0D0003380C7D8EBE72146504626F01AFB0446EA
:10A0E000CCE700BFB23A0020B43A00200023024A75
:10A0F0001380024A13807047B43A0020B23A00201D
:10A100002DE9FF4100238DF80C304FF0FF33061D81
:10A11000304601A901931FF079FC054618B1FFF7FD
:10A12000E5FF01250AE0144F3B883BB10146134887
:10A1300026F0CBFA0446DFF844801CB9284604B068
:10A14000BDE8F081204625F0C9FD011D30461FF015
:10A150005DFC50B100222146084820F054FC3B88A9
:10A16000002BDED0013B3B80DBE72146404626F05A
:10A17000D0FA0446E1E700BFB23A0020B43A00202A
:10A180002DE9F7430D461646074620B90024204620
:10A1900003B0BDE8F083FFF7B3FFDFF86C80184B26
:10A1A000B8F800201B889A42F0D23DB306F11401A2
:10A1B00089B20022104620F0ACFB04460028E5D00E
:10A1C0004FF001090146142300223846CDF80090D3
:10A1D00026F0A9FA3DB13346142221462846CDF88F
:10A1E000009026F0A0FA00222146064826F073FAD5
:10A1F000B8F800300133A8F80030C8E71421D8E7D8
:10A2000098490020B43A0020B23A002008B500F086
:10A21000C5FE094B1B6853B14FF47A710748594387
:10A2200025F048FE064B074A00201A6008BD034887
:10A2300005F0FCF8F6E700BFB4440020004500201C
:10A240001C3200200663040808B5044804F0C4FD6D
:10A25000BDE80840024804F0BFBD00BFB43A00208A
:10A26000B63A002037B5124B124D1B780446F32B3B
:10A270002A88114B14D111490978032910D10021E2
:10A280000193012308460093022320F0FFFA08B14E
:10A2900000232B80204603B0BDE8304005F0C6B84F
:10A2A000019301230093002319461846EDE700BFF0
:10A2B0001F3E0020B63A0020E5AA0108423E0020D9
:10A2C0002DE9F041214F86B08DF80F303B88BDF865
:10A2D0003060BBBB1FF0F4FAADF8160025F01AFD94
:10A2E000012304461A460DF10F010DF1160004F08A
:10A2F000B7FF38BBBDF8160025F00CFD054630460B
:10A3000025F008FD291889B20DF1160020F007FC90
:10A310000546B8B93046BDF8168025F0FBFC611C37
:10A320002B4632460090C9B2404620F020FCBDF8D2
:10A3300016309DF80F203B80054B142105481A70FC
:10A3400025F0B8FD06B0BDE8F08100BFB63A0020A8
:10A350001F3E002014260020F8B50446002859D1DD
:10A360000020F8BD928AA24252D0482202FB03523A
:10A3700092F82C20022A11D148224FF6FF7C02FBD2
:10A380000352118E614507D192F83800022814D18A
:10A39000928F39E00846EFE78C4239D0482202FB21
:10A3A000035292F83810022906D14FF6FF71928FAE
:10A3B0008A4202D094422BD040B1482000FB035087
:10A3C00008301FF04CFBA04222D0012001363A7821
:10A3D000F3B29A42C4D9482159436A18695C0129E9
:10A3E000F4D1D2F804C01CF0800FBED01CF4005F82
:10A3F000B8D192F82C000228CCD092F8381002295B
:10A40000DBD14FF6FF71928F8A42D6D09442D4D1DD
:10A410000120A6E70026024F3046024DD7E700BFD5
:10A42000D9490020AC22002037B505460C4699B129
:10A43000FFF792FF80B1FF220821204620F0C3FCE5
:10A44000034648B96A4605490868496803C26A462E
:10A450001946284611F062FB03B030BDFC620408C7
:10A460002DE9F04F144698464FF0FF33B5B005463E
:10A47000002289462046062111939DF8F8A01FF07E
:10A4800003F9002206210E9020461FF0FDF800225D
:10A490000A2100F4804620461FF0F6F8042DC3B2CE
:10A4A0000D9300F03C81052D00F05A81012D5FD104
:10A4B0001BA8F7F74BF9092316AA17468DF86C303D
:10A4C0000DF5887C40AB154618685968083303C5FC
:10A4D00063452A46F7D139461BA81CF0F6FC1BA899
:10A4E000F7F75CFC98F8083012AD022B03BF2B463F
:10A4F000D8F80000D8F80410D8F800300CBF03C317
:10A50000CDE91233449B0A21149305230DF1420235
:10A5100020468DF854301FF0B7F806210DF14102A6
:10A5200020461FF0B1F80C210DF1430220461FF028
:10A53000ABF8AAF1030C11AB1190DCF10000CDE9EE
:10A54000005340EB0C0021469DF842309DF841201D
:10A5500021F0C7FD002800F0DF80BAF1030F0AD018
:10A560004822944B449902FB09339A698A420CD3DE
:10A5700035B0BDE8F08F00220A2120461FF084F894
:10A5800000F0F000F028EBD1F2E74FF0000B449A16
:10A590009A6100220A2120461FF076F8C3B20D937B
:10A5A00000220A2120461FF06FF8C0B2E02840F0D8
:10A5B000DE800022062120461FF066F8400640F1AA
:10A5C000DF800121204625F0C1FB002800F0E98052
:10A5D0000121204625F0BAFB05460121204625F041
:10A5E000B5FB002800F0DF800121204625F0AEFBFE
:10A5F00007460B211BAA20461FF046F8384625F0D7
:10A6000089FB00220746062120461FF03DF89DF8F1
:10A610006C30C0F30030FF1A0B21A7EB800716AA9D
:10A6200020461FF031F80023FFB2009329463B4635
:10A630009DF858201BA826F076F8B9F1FF0F16D028
:10A64000482303FB09F35B49CA18CB5CFF2B0ED0F0
:10A650005368BAF1000F03D1590408D4927D32B97E
:10A660004821544A43F4C06301FB0922536016A8F1
:10A6700012F0ECF9504B514A93F9003010780F93D7
:10A6800020F0DBFE02280F9B40F28F80042840F26E
:10A690008E8006288CBF00250125AD016FF06C026D
:10A6A0009342B8BF1346082BA8BF08236E3343F369
:10A6B00046030022012120461D441EF0E5FF002E26
:10A6C00014BF01230023EDB2C2B208D03C490E886A
:10A6D0003C4909888E4294BF00260126760016A9BF
:10A6E0000A911BA93343CDE90871119903930E9B7D
:10A6F00006910D99C3F380130591029344999DF837
:10A70000FC300491CDE900A3294643465846CDF8D4
:10A710001C901CF0ABF92BE74FF0070B39E7BAF1AF
:10A72000000F14D1B9F1FF0F0ED04823214D03FBC8
:10A7300009556B685F0407D4AB7D2BB952460121E4
:10A7400020461EF0A1FFA8614FF0060B28E700226B
:10A750000C2120461EF098FF4FF0030B11901FE7CD
:10A76000002E3FF405AF40461FF0FBF800E7002243
:10A770000A2120461EF088FFC0B2E2283FF419AF3C
:10A780000022062120461EF07FFF00F00300012872
:10A790003FF417AF002E3FF414AF40461FF0E1F82E
:10A7A0000FE7254619E7274623E7C02576E78025EA
:10A7B00074E700BFAC2200205E3E00205F3E002018
:10A7C00098490020B23A00202DE9F04F8DB0804624
:10A7D0000F4615469946BDF858A000F0E5F9044625
:10A7E000002F39D108AE39461022304623F094FBB1
:10A7F000FF2C02AF22D04822374B02FB04335A68A9
:10A80000500401D49B7DCBB100220A2150461EF09A
:10A810003BFFC0B2E02811D0CDF8189096E80F00A9
:10A8200087E80F000023524600932146434602204A
:10A830000195FFF715FE0DB0BDE8F08FCDF818902B
:10A8400096E80F0087E80F00002301950093434628
:10A85000524621460420ECE7BB1E012BEBD8FF2813
:10A8600008AE0DF1080B29D0314600F0D7FB482285
:10A87000194B02FB04339B7DD906C3F3820201D43A
:10A88000072A16D1BDB103F003039F420ABF4FF060
:10A89000010C4FF0040C1546CDF8189096E80F0007
:10A8A0008BE80F004346524621466046CDE90075CD
:10A8B000BFE7002DE7D04FF0040CEDE71022002198
:10A8C000304623F029FBCDF8189096E80F008BE86E
:10A8D0000F00CDE90075BAE7AC2200202DE9F04366
:10A8E000002287B00D2104461EF0CEFE002800F0A5
:10A8F00099800022062120461EF0C6FEC0F30725DF
:10A9000015F0050640F08E803246062120461EF0E6
:10A91000BBFE070400F186803246062120461EF069
:10A92000B3FE400477D40022012120461EF0ACFE85
:10A9300005F0070507468DF81450002D75D12A46FD
:10A94000072120461EF0A0FE0390644EFFB2337B29
:10A95000B146BB420AD19DF81420337A934205D107
:10A96000002B7CD13368039A9A425BD00DF10C081E
:10A9700098E8070089E807004FF4FA6158483773F0
:10A9800025F098FA0022062120461EF07DFE00F0F8
:10A99000030001284FF000026CD10A2120461EF06E
:10A9A00073FE00F0F000F0283CD000220621204683
:10A9B0001EF06AFE10F4C05FC0F3C12232D106213E
:10A9C00020461EF061FE02062CD45DBB2A460621FD
:10A9D00020461EF059FE430602D440461EF0C1FF39
:10A9E0000022062120461EF04FFE002205460621C9
:10A9F00020461EF049FE00220646092120461EF090
:10AA000043FE00940346C6F340324046C5F3C121DD
:10AA1000FFF7DAFE06E00621324620461EF034FE3D
:10AA2000410680D507B0BDE8F083022DFAD105219B
:10AA30000DF10B0220461EF027FE204625F04EF9B0
:10AA40009DF80B100822014403A823F04BFA0022C2
:10AA5000082120461EF018FE8DF8150075E7022B20
:10AA600084D10822314603A823F02CFA00287FF471
:10AA70007DAFD7E7062120461EF006FE10F0030545
:10AA8000D0D12A46062120461EF0FEFD10F4C05FFC
:10AA900011D100220A2120461EF0F6FD00F0F00040
:10AAA000F028BFD000220A2120461EF0EDFDC0B2E2
:10AAB000E32895D1B6E72A46062120461EF0E4FD9C
:10AAC000C0F3C1200228E4D02A46062120461EF009
:10AAD000DBFDC0F3C120032882D0A3E78C30002027
:10AAE00020450020002108B5024B084619801BF0C4
:10AAF00015FF08BDB63A002008B5204A0B4612786B
:10AB0000824239D91E4900EBC000482201EBC00146
:10AB1000184623F0E7F902780346012A02BF42688B
:10AB200042F018024260827D1AB1426842F48042CB
:10AB300042605A6803F11800110619465CBF42F4DE
:10AB400080525A6091F82C20022A0BD0032A0FD091
:10AB50001AB95A6842F480325A600C318842F1D1F5
:10AB6000002008BD5A6822F4805242F48072F3E754
:10AB70005A6842F04002EFE72720F2E7D949002067
:10AB8000AC220020064B1B78834207D94823584348
:10AB9000044B185C431E58425841704700207047D0
:10ABA000D9490020AC2200202DE9F84306460025B3
:10ABB0004FF048080C4FDFF834903B78ECB2A342DA
:10ABC00001D8FF240DE02046FFF7DCFF08B901356E
:10ABD000F3E708FB0491304608311EF017FF002808
:10ABE000F5D02046BDE8F883D9490020AC220020EA
:10ABF00030B5084B48211A780023074CD8B282425E
:10AC000001D8FF2005E0013301FB03F5655DFF2D51
:10AC1000F4D130BDD949002064220020F8B50546A2
:10AC2000FFF7C2FFFF28044606462AD1FFF7E0FFE0
:10AC3000FF28044625D003B203EBC303124FDB0009
:10AC40002868696803F108023A4403C2A8681C3303
:10AC5000106031461022F81823F05EF948220021D6
:10AC60004FF6FF706243BB18996183F84460988285
:10AC7000287A58600120B854997583F82C6083F8BD
:10AC800038602046F8BD00BFAC22002013B5144B3D
:10AC900004461B78834220D9124B1B7883421CD96F
:10ACA000FFF770FF60B148220F4B02FB04339B6932
:10ACB000009304236A46214621201BF0FEF90CE094
:10ACC000042322460DEB030021211BF0EDF94FF088
:10ACD000FF330093019B0133EBD102B010BD00BFE5
:10ACE000763D0020D9490020AC22002070B54B4BA6
:10ACF00004461B7896B083426ED96E463422FF21FB
:10AD000009A823F009F91022FF21304623F004F9A5
:10AD10002046FFF737FF002849D048226243404DC4
:10AD2000AB18AA5C8DF824205A680A921A7C002A73
:10AD300054D19B680B93482303FB04539A7D12F074
:10AD40001C0F18BF1C338DF835201CBF0FCB86E8B5
:10AD50000F00482303FB045191F82C20032A8DF89F
:10AD6000462046D103FB0453D3F82E00D3F832100B
:10AD700012AA03C2D3F83A00D3F83E1003C2482106
:10AD800001FB045292F83830032B8DF8473001D084
:10AD9000002B39D101FB0455D5F82E00D5F832101F
:10ADA00012AB03C3D5F83A00D5F83E1003C33423E1
:10ADB000214609AA20201BF080F92046FFF766FFF4
:10ADC00004A8F6F7C3FC0723314604A88DF8103019
:10ADD0008DF811401CF079F816B070BD022AAAD186
:10ADE000D96898680BAA82E803005B7C8DF8343040
:10ADF000A1E7002AB6D0022A01BF0B8EADF8483079
:10AE0000CB8DADF84A30BAE7022B01BF938FADF876
:10AE10005030538FADF85230C9E700BFD9490020F8
:10AE2000AC2200202DE9F0430027DFF82481474CB5
:10AE300097B098F80030FDB2AB4202D817B0BDE829
:10AE4000F0832A463423202109A81BF02DF9E94676
:10AE500004A8F6F77BFC0723494604A88DF81030B8
:10AE60008DF811501CF050F848239DF824206B43B6
:10AE7000FF2A02D1E2540137DBE7E254DDF828C0B3
:10AE8000E618C6F804C09DF8353006F11C0EB375FF
:10AE900099E80F008EE80F001CF0020206F108038B
:10AEA0003BD0DDE90B0183E80300022333749DF8F6
:10AEB0003430737448236B432CF4C062E1184A6049
:10AEC0009DF84620032A81F82C202AD112AA03CA11
:10AED000482203F12E0604EB060CA051CCF8041016
:10AEE0004FF6FD7102FB0542D186482202FB054266
:10AEF0009DF84710032982F8381000D0E1B93A33A1
:10AF000014AA03CAE618E05048234FF6FD7203FB6B
:10AF100005437160A3F84220ADE70B9B3274B36028
:10AF2000C8E7002AD2D0022A01BFBDF848200A860D
:10AF3000BDF84A20CA85D8E7022901BFBDF85030C4
:10AF40009387BDF85230538795E700BFAC220020AD
:10AF5000D9490020F7B5FFF765FF00240C4E0D4DD1
:10AF60000D4F3378A34202D92B78A34201D803B006
:10AF7000F0BD042322460DEB030021211BF094F8C1
:10AF8000482303FB0473019A01349A61E4B2E8E7B1
:10AF9000763D0020D9490020AC22002030B4084B77
:10AFA00048201978FF250023064CDAB2914202D8D6
:10AFB00030BCFFF7CFBF00FB03F20133A554F4E729
:10AFC000D9490020AC220020F0B40B4611490546B7
:10AFD000097881421CD948241C2114FB00140E4E10
:10AFE00003F1100C3444274618685968083303C726
:10AFF00063453C46F7D1482303FB0566B37D2846ED
:10B0000023F01C0343EA8202B275F0BCFFF76EBE68
:10B01000F0BC7047D9490020AC220020034630B470
:10B020000E4A084612789A4204D830BC10220021F9
:10B0300022F072BF48221C2112FB0312084B1A4453
:10B04000034602F11005144603CCAC421860596067
:10B05000224603F10803F6D130BC7047D9490020DD
:10B06000AC2200202DE9F84F04461E464D4B884681
:10B070001B789146A342BDF82800BDF82C103FD99B
:10B08000B8F1000F02D0B8F1030F4FD1B9F1000FA2
:10B0900036D04FF0480B444F04EBC4050BFB047B48
:10B0A0009BF82CA0ED00BAF1FF0F05D19BF83830CA
:10B0B000FF2B0DD1002026E005F12E000822494685
:10B0C000384422F0FFFEA0B19BF83830FF2B19D096
:10B0D00005F13A0008224946384422F0F3FE38B11F
:10B0E000BAF1FF0FE6D02046BDE8F84FFFF7FEBDEE
:10B0F000012048230C22634302FB00303844C686FB
:10B10000BDE8F88F01200C234FF0480A58430AFB92
:10B11000040A2E35BA442844082249468AF82C806D
:10B12000384422F0DFFEAAF83660DCE7B8F1020FFF
:10B13000D9D148231C4A03FB042393F82C60022E28
:10B140000BD1DD8D854223D093F83850022D11D1DB
:10B150005B8F8342C7D101201BE093F83850022D4A
:10B1600006D15B8F8342F6D0FF2EBCD1002504E0D0
:10B17000FF2EFBD0FF2DB6D1012548230C266343BB
:10B1800006FB053313440222D88583F82C2006E001
:10B19000002048230C25634305FB00331344198624
:10B1A000A1E700BFD9490020AC2200202DE9F047DB
:10B1B0001F4B05461B7889468342924635D90027A6
:10B1C0003E46DFF8708000EBC00408EBC40494F83E
:10B1D0002C30032B07D8013B012B16D8DFE803F0F6
:10B1E00006200627F3E7FF2B18BF0126062F04F1E0
:10B1F0000C04F6D126B94823FF226B4308F803203C
:10B200002846BDE8F047FFF771BD0822494604F122
:10B210002E0022F057FE30B9FF2384F82C30E5E7EA
:10B22000E38D5345F8D00126E0E7BDE8F08700BF85
:10B23000D9490020AC220020064A034612788242F7
:10B2400006D94822FF215343034AD154FFF74EBD8C
:10B25000704700BFD9490020AC2200202DE9F04FF3
:10B2600004464FF6FF7585B0174614F48032BDF8DA
:10B270003C60029208BF2E46E2060846BDF83890B0
:10B280009DF84C8007D5FFF78FFCFFF7D5FF002016
:10B2900005B0BDE8F08F210771D514F4004BC4F35D
:10B2A000C22A04D09F2222FA0AF2D207EFD50393D2
:10B2B000FFF7B4FC3D4A05461278039B8242E6D96B
:10B2C0003946CDE90096109AFFF7CCFEBBF1000F8E
:10B2D00004D0524628461199FFF776FE14F4C06F49
:10B2E000334BC4F3412E04F480702DD1482202FB6D
:10B2F000053268B112999161917D21F00301917538
:10B30000482202FB0532516841F02001516004E0FF
:10B31000917D906121F003019175482214F4003F62
:10B3200008BF4FF0000802FB0533012F83F844806B
:10B3300005D102995A68E9B942F080025A6028465C
:10B34000FFF7D4FC0120A3E7AEF10202012A9FBF60
:10B35000482202FB053212999161482202FB053214
:10B3600092F816C02CF0030C4EEA0C0191750028DF
:10B37000D3D0C5E742F402525A609E82DFE7FFF75E
:10B3800013FC0A4B1B78834281D9012F08D1482234
:10B39000074B02FB00335A689D8222F402525A6026
:10B3A00033464A461099FFF701FFCBE7D949002001
:10B3B000AC22002044235843024B185C431E5842E1
:10B3C00058417047682200202DE9F84306460025C1
:10B3D0004FF044080C4FDFF834903B78ECB2A342B6
:10B3E00001D8FF240DE02046FFF7E4FF08B901353E
:10B3F000F3E708FB0491304604311EF007FB0028F8
:10B40000F5D02046BDE8F883743D00206822002076
:10B410004422024B02FB003319637047682200206C
:10B4200030B500224424084B084D1978D0B281422F
:10B4300001D8FF2007E004FB02F3EB5C0132013B83
:10B44000DBB2FD2BF2D930BD743D00206822002014
:10B45000F8B50546FFF7B8FFFF280446064628D191
:10B46000FFF7DEFFFF28044623D003B203EB0313EC
:10B47000114F9B00286869681A1D3A4403C2A868E6
:10B480003433106031461022F81822F045FD442272
:10B4900000214FF6FF706243BB18196383F82C60DC
:10B4A0005885287A58800120B85483F82D109E744E
:10B4B0009E772046F8BD00BF6822002010B50D4BD6
:10B4C00002461B780C4683420ED9FFF773FF68B122
:10B4D00071B1094902EB021001EB800144222046C0
:10B4E00022F000FD002010BD2720FCE72D20FAE708
:10B4F0000120F8E7743D00206822002000210A4660
:10B5000010B5074B1C78C8B2844201D8104610BD54
:10B51000FFF750FF08B10132D2B20131F3E700BFAB
:10B52000743D002013B5124B04461B7883421CD98E
:10B53000FFF740FF60B144220E4B02FB04331B6B4C
:10B54000009304236A46214623201AF0B6FD0CE03E
:10B55000042322460DEB030023211AF0A5FD4FF032
:10B56000FF330093019B0133EBD102B010BD00BF4C
:10B57000743D00206822002070B50D4D2B78A3B9D2
:10B58000BDE870400B4803F051BFFFF7CBFF01341B
:10B590003378E0B28342F8D84FF47A712B780548BB
:10B5A0005943BDE8704024F085BC0024024EEFE70B
:10B5B000D849002040450020753D002070B53A4B29
:10B5C00004461B7896B0834261D93022FF210AA835
:10B5D00001AE22F0A1FC1022FF21304622F09CFC9B
:10B5E0002046FFF7E7FE00283CD0442262432F4D5F
:10B5F000AB18AA5C8DF828205A88ADF82A201A7B4F
:10B60000002A46D15B680B93442303FB045393F851
:10B610002D208DF83520D2061EBF34330FCB86E89F
:10B620000F00442303FB0452917C03FB04538DF869
:10B630004610022904BF526912929A7F022A08BF5B
:10B640001B6A8DF8472008BF1393442303FB04555E
:10B650006B8DADF854302B7C8DF8563095F82C302E
:10B660008DF85730302321460AAA22201AF025FDF2
:10B670002046FFF757FF05A8F6F768F8082331467C
:10B6800005A88DF814308DF815401BF01EFC16B07F
:10B6900070BD022AB8D1D3E901010BAA82E80300E8
:10B6A0005B7B8DF83430AFE7743D002068220020CA
:10B6B000F8B500244427074D074E2B78E0B28342AB
:10B6C00000D8F8BDFF2207FB00F3F254FFF776FF26
:10B6D0000134F2E7743D002068220020064A034648
:10B6E0001278824206D94422FF215343034AD1549F
:10B6F000FFF764BF704700BF743D00206822002040
:10B7000038B50D4A04461278824212D90B4D41B920
:10B710004423FF224343EA542046FFF74FFF002013
:10B7200038BD00EB0010442205EB800022F0DAFB6C
:10B73000F2E72720F4E700BF743D002068220020D4
:10B740002DE9F0430026324F324D97B03B785FFA37
:10B7500086F8434502D817B0BDE8F083424630234F
:10B7600022210AA81AF0A0FC05A8F5F7EFFF08238C
:10B770000DF10409494605A88DF814308DF815809F
:10B780001BF0C2FB44239DF8282003FB08F3FF2A8B
:10B7900002D1EA540136D9E7EA54BDF82AC0EC18C0
:10B7A000A4F802C09DF8353004F1340E84F82D3031
:10B7B0001CF0020C99E80F008EE80F0004F104035E
:10B7C00020D0DDE90B0183E80300022323739DF8F9
:10B7D00034306373442202FB08529DF84630937460
:10B7E000129B53619DF847309377139B1362BDF80A
:10B7F000543053859DF8563013749DF8573082F8B5
:10B800002C30C7E70B9B84F80CC06360E2E700BFF5
:10B81000743D002068220020F7B500234420FF2655
:10B820001B4D1C4C2978DAB2914216D8FFF788FFDD
:10B830000024194E174F3378A34202D92B78A34224
:10B8400010D8164B1B78E3B14FF47A715943144862
:10B8500003B0BDE8F04024F02DBB00FB03F2013340
:10B86000A654E0E7042322460DEB030023211AF03F
:10B870001BFC442303FB0473019A01341A63E4B2F2
:10B88000D9E7074803B0BDE8F04003F0CFBD00BFE3
:10B89000743D002068220020753D0020D84900201A
:10B8A00040450020F8B5204B05461B882D2B28D895
:10B8B0002A2B28D901F04AFF1C4B1D4A1B6806465B
:10B8C000053300211B48136024F0FFFE0446194F86
:10B8D000CCB1032120461FF05DF9312814D112218B
:10B8E000204603F061FDB04205D140F60F401EF046
:10B8F0000DFD00232B702146384624F00AFF044634
:10B90000E6E7382BD6D0F8BD3228F4D10521204601
:10B9100003F04AFDB042EED140F60F401EF0F6FCB7
:10B9200000232B70EFE700BFBA3A0020C4210020AB
:10B93000A0300020BC3A002070B500210546114817
:10B9400024F0C3FE04460F4E0CB9204670BD0321FF
:10B9500020461FF01FF93F2805D02146304624F02D
:10B96000D8FE0446F0E70921204603F01DFD022819
:10B97000F3D10A21204603F017FDA842EDD10120A2
:10B98000E4E700BFBC3A0020F8B50021054619489D
:10B9900024F09BFE0446174F04B9F8BD032120464E
:10B9A0001FF0F8F845281ED11B21204603F0FCFCAF
:10B9B000A84218D10521204603F0F6FC831EDBB215
:10B9C000012B0BD821460B4824F0A3FE0646214646
:10B9D000002208481FF017F83446DDE7FF221B213C
:10B9E000204603F0F5FC2146384624F092FE04463A
:10B9F000D2E700BFBC3A0020F0B589B00446F5F7A5
:10BA000047FA334B06461B78112B1FD1607801A9EA
:10BA10001EF028FB20BB0027F5F73AFAFEB2B04231
:10BA20001CD9304603A920F00CFF9DF80C500137BB
:10BA3000002DF1D1214630460FF066F918B340F6DB
:10BA40000445A84214BF8C258D251CE0122B05D17E
:10BA5000618860781EF093FB0028D7D18C2512E016
:10BA600040F20913BDF804209A42D4D16388B3F59B
:10BA7000006FD0D1601D1BF068F80E28CBD00028D5
:10BA80000CBF00258D2503A8312124F006FE238854
:10BA9000618804A8ADF80E3024F0FFFD237912214F
:10BAA0008DF81230D4F8053003A8CDF81330D4F84F
:10BAB00009308DF81C60CDF81730637B8DF81D5070
:10BAC0008DF81B301EF0D0FB284609B0F0BD00BF3A
:10BAD000EF49002037B5144B05461B78113B012B6D
:10BAE0000FD98D246846322124F0D7FD07216846FE
:10BAF0008DF802508DF803401EF0B6FB204603B0CF
:10BB000030BDFFF719FF0028EBD128460FF0D4F81D
:10BB1000044618B92846FFF737FFE3E740F6044329
:10BB20009842DED08824DDE7EF49002003787BB916
:10BB30004378012B0CD1074B1B88562B064B15BFA6
:10BB4000027A1B781A70037200234360012303708A
:10BB5000704700BFBA3A0020EF49002070B5057861
:10BB6000044665B94378042B09D10C4B1B88522B32
:10BB700006D1F5F78DF9656020810123237070BD32
:10BB80000689F5F785F9864202D921236360F4E737
:10BB9000207A6560F5F776F9EFE700BFBA3A002042
:10BBA000037810B504466BB90121194A4360128825
:10BBB0000170417839B9174B562A0BBF1B88027A9E
:10BBC00003721A8010BD05290FD1562A05D1F5F749
:10BBD00077F940F050002072F4E7007A00F00F008F
:10BBE0002072BDE81040F5F771B906290ED1562A2A
:10BBF00004D1F5F771F940F06000ECE7007A00F04D
:10BC00000F002072BDE81040F5F76CB90370D9E75A
:10BC1000BA3A0020823A0020037810B50446CBB926
:10BC20000122436043780270242B14D006D80D2BD8
:10BC300009D01E2B0BD0002323700BE0362BFAD13A
:10BC4000F5F762F901E003F013FD208102E0034BF8
:10BC50001B78238110BD024BFAE700BFD0490020BA
:10BC6000233D00200378C3B901220270427843606B
:10BC7000242A06D0362A0CD00D2A0DD1007A03F0E2
:10BC8000FDBC03890A2B8BBF2123044A4360137038
:10BC900070470089F5F73EB903707047233D0020D7
:10BCA0002DE9F043164693B00C461D46074624F096
:10BCB000B9FC1AF0B1FE02A80DF0C2FF012EDFF8A8
:10BCC000CC8045D0032E0ED04FF003091FF0F2F8C0
:10BCD000A84213D02946384615F09EFC2146384626
:10BCE000F5F764FA0AE018B9BDF808309B07EBD401
:10BCF000B8F80030980746D44FF00209CDF8049008
:10BD000098F8003032462146009338462B461AF008
:10BD1000F1FB804624210DA824F0BFFC39460DF12B
:10BD2000360024F0BAFC206861680EAB03C32946D4
:10BD30000DF142008DF840608DF8418024F0ADFC9B
:10BD400010210DA81EF090FA404613B0BDE8F08314
:10BD5000B8F80030D907CFD5DA0603D413F0200F96
:10BD6000B2D10BE009AB204605AA0DA91BF035FAAC
:10BD7000B8F800309B06A7D40028BDD1B8F80090D1
:10BD8000C9F38009A2E713F0080FE9E7823A00201F
:10BD90002DE9F04387B01746DDE911841A469DF876
:10BDA00040300E9D7D2BBDF83CE030D8DFF8689028
:10BDB000B9F80090B9F1360F13D0B9F1380F1AD095
:10BDC000B9F1340F25D100932A467346CDE9018499
:10BDD0000BF0C2FE10B90CB1AB7A237007B0BDE80E
:10BDE000F083CDE901E300902B463846CDE903848A
:10BDF0000BF02EFEEEE7CDE901E300923B460A464A
:10BE0000CDE90384014628460BF062FEE2E73820C4
:10BE1000E4E70120E2E700BFBA3A002010B4084C82
:10BE20002478202C03D1B1F90640002C03DA5DF808
:10BE3000044B0BF039BF02205DF8044B704700BF84
:10BE4000F14900201FB503780446EBB90122436095
:10BE5000037A0274142B02700ED8142B0ED8DFE86C
:10BE600003F02F101B0D0D0D0D0D150D0D0D0D18E3
:10BE70000D0D0D0D0D2528003D2B1DD00023237029
:10BE800002E004F005FA607404B010BD05F05CFF38
:10BE9000F9E710F00BF8F6E704F006FA014604F1B2
:10BEA000110024F0FAFB02232374EDE705F08AFF6A
:10BEB000E9E714F0CDF9E6E7144B1B784374E3E7A8
:10BEC000102307226946012003F02AFBBDF8001069
:10BED00004F1110024F0E1FB9DF80230BDF80610DA
:10BEE000E3749DF8033004F1170023759DF80430C6
:10BEF00063759DF80530A37524F0CFFB02AB03CB2F
:10BF00001023C4F81900C4F81D10CDE7084A00201A
:10BF10002DE9FF4702780446002A40F011810123F1
:10BF20000370037A292B2DD8292B31D8DFE813F0A1
:10BF300033005C006300300030006C006C003000A7
:10BF4000A2008500AB00B100F70030003000FC001B
:10BF50003000300030003000300030003000300061
:10BF60003000300030003000300030003000300051
:10BF70003000300030000B010B011C01300030009C
:10BF80003000F500342B00F0F6803D2B00F0FB80F4
:10BF900000232370D4E0057C102D6BD1113024F0E8
:10BFA0007AFBE37CADF800008DF80230237D04F1CC
:10BFB00017008DF80330637D8DF80430A37D8DF874
:10BFC000053024F068FBD4F81D10ADF80600D4F855
:10BFD000190002AA03C22B4607226946002003F07B
:10BFE0009FFA00236360ABE0037C012B42D1407CCD
:10BFF00004F054F9F5E7037C022B3BD1113024F017
:10C000004AFB04F057F9ECE7037C022B32D11130E4
:10C0100024F041FB237A052B4FF6FF7307BFADF8E1
:10C020000000ADF80230ADF80200ADF8003068460F
:10C030008DF804300FF07CFFD3E7564A037C12786A
:10C040005E08B2EB530F15D9534F00F11105B846F6
:10C050000FFA86F905EB460A55450DD14FF4004518
:10C0600031464D4828F8195004F0E6F80028B8D0B9
:10C07000A8F800502123B5E7284624F00CFB023530
:10C0800027F8020BE8E7113024F005FB0DF0B6FDB0
:10C09000A7E7113024F0FFFA404B05461B7833B96F
:10C0A0004FF6F773984233D81EF010FF99E74FF61A
:10C0B000F672431E9BB293422AD804F055FE38BB59
:10C0C0006946284603F03EFF10B3284620F0A6FE3E
:10C0D000F0B928461FF004FAD0B928460AF0D6FC79
:10C0E000B0B9284624F0ADFB90B92846FEF734F9E4
:10C0F00070B928461EF0EAFE40F6074313220320DB
:10C1000027491DF01CFA40F607401AF0F7FC68E7D3
:10C110001EF0D0FEA8423FF464AF022362E74FF066
:10C12000FF330093437C82E7457C123024F0B3FA5E
:10C130006A46ADF80000294601201DF0B8FF606096
:10C1400004B0BDE8F087037C042B93D100F111010A
:10C1500001201BF07DF9237A232B02D11FF086FCEE
:10C16000EDE720F013F9EAE7407CC31E012B81D8EC
:10C1700006F0ECF835E7437C0A49003B18BF012381
:10C1800042600B70DCE7407C07F0DAF900283FF4EE
:10C1900028AF6FE7C349002074350020EB3D002035
:10C1A000721A0408FE490020144B027810B51B884F
:10C1B00004466AB942604278032A0AD1562B104BD2
:10C1C00002D11B78237201E0227A1A7001232370B6
:10C1D00010BD022A02D1562B0A4BF1E7092AF7D1EA
:10C1E000562B03D107F0E4F82072EFE7007A00380D
:10C1F00018BF012007F0C4F8E8E700BFBA3A0020F2
:10C20000F0490020F149002038B50378044673BB9B
:10C2100001220270427843601F2A25D00DD8122ACD
:10C220001FD0182A17D0052A0ED0174DD9B2685C36
:10C23000FF281FD10023237019E0382A18D0402A84
:10C24000F3D1F4F755FE11E0104B114A1B78127828
:10C250009B1A23810BE00F4B1B78B3FA83F35B0926
:10C26000F7E70D4B1B88F4E7F4F706FE208138BD95
:10C270000A4BF7E7824203F10103D7D1084B53F889
:10C2800021301B78E5E700BF60630408D449002033
:10C29000EF3D0020E249002084490020A049002011
:10C2A0000C6304080278034630B4002A3CD1012113
:10C2B000017041784260192923D00DD8122935D058
:10C2C00018292BD0052911D0324DD4B2285DFF2872
:10C2D00043D100221A7027E0382933D0402935D0C5
:10C2E0001F29F1D130BC0089F4F7C0BD2A4A007A79
:10C2F00011782A4C42182478A2420ADD19225A6089
:10C3000012E0274A017A1078234A1278801AC0B2C4
:10C31000EFE7234B1A7030BCF4F73ABF0389214A88
:10C32000B3FA83F35B09137030BC704747F23052A5
:10C330000089904201D92122E1E71B4B30BC1880D3
:10C3400010F094BD0289194B1A80EDE7008902288C
:10C35000F1D830BCC0B2F4F7D1BD814202F1010284
:10C36000B3D1134A082C188952F8242001D9342952
:10C370000DD111788142C1D310705A68002AD3D1EF
:10C380005A78112AD0D130BC187AF4F787BD1070D2
:10C39000CAE700BF60630408EF3D0020D3490020D6
:10C3A000D4490020E249002084490020A04900200F
:10C3B0000C6304082DE9F0438DB0DDF85080B2F82D
:10C3C0000090CDF8008007460C4616461D461AF030
:10C3D000BAF8002843D1452103A824F05EF921884A
:10C3E0000DF10F008DF80E7024F057F961880DF1F2
:10C3F000110024F052F92379E1888DF81330637924
:10C400000DF115008DF8143024F047F921890DF154
:10C41000170024F042F9A37A0DF11A0130468DF885
:10C4200019301DF0D8FC48468DF82C5015F004FA50
:10C43000012301930DF10B038DF80B00009342468D
:10C440002B46212103A801F0E3F818B1054B1B7816
:10C45000212B04D1044A137843F0040313700DB068
:10C46000BDE8F083F14900207E3E00202DE9F04335
:10C470000D46064691461C4689B0014628469DF861
:10C480004480129F14F026FF02A83F2124F005F9F2
:10C4900032460DF10A0101201AF0CCFF49460DF198
:10C4A0000F008DF80E5024F0F8F821880DF11100DE
:10C4B00024F0F3F861880DF1130024F0EEF82379ED
:10C4C000E1888DF8153063790DF117008DF816307D
:10C4D00024F0E3F821890DF1190024F0DEF8A37AA5
:10C4E000BDF8401007A88DF81B3024F0D6F80B4B90
:10C4F00017211B7802A8402B08BF00274FF000032C
:10C5000008BFB846CDE900333A4643468DF81E8051
:10C5100001F07EF809B0BDE8F08300BFF2490020C9
:10C520007FB504460D4616467D21684624F0B5F8D1
:10C5300021460DF1020024F0B0F82868696801ABCB
:10C5400003C30D2168468DF80C601DF08DFE044B71
:10C55000196811B12046F4F729FE04B070BD00BF80
:10C56000643200202DE9F04705460F4619480021A6
:10C570001646984624F0A9F84FF0000A0446DFF862
:10C580005490BCB1D5B15FFA8AF080450AF1010A36
:10C5900019D1204623F0BEFB411E89B2204602F08D
:10C5A00003FF0FB1C30705D5FF2E04D0C0F3410030
:10C5B000864200D000242046BDE8F0872946204668
:10C5C00002F0F2FEE1E72146484624F0A2F80446D4
:10C5D000D7E700BFB83A0020014802F0FDBB00BF1A
:10C5E000B83A00207FB5ADF8060023F077FB05468A
:10C5F0008479C6791AF00EFA0021400040F001005B
:10C600008DF80F00FF2208462B78FFF7ABFF10B123
:10C61000002004B070BDBDF8060023F07BFB34445D
:10C620006400083404F0FE048442F1D101230DF1CA
:10C630000F011A460DF1060002F012FE0246002814
:10C64000E6D10548BDF8061024F045F8034A01205C
:10C65000137801331370DCE7B83A0020213E002044
:10C6600010B50D4B04461B7883420DD923F0DAFF39
:10C670000121024623460846FFF774FF50B1BDE88A
:10C680001040002102F090BEC01AC0B2BDE81040B8
:10C6900019F0FFBEFF2010BD213E0020034B18788B
:10C6A000034B1B781844C0B2704700BF213E0020E6
:10C6B000203E002070B50A4D00EB4004A60005EBBB
:10C6C00084041AF0A9F908F07BFF08B11AF0CAF93E
:10C6D000A279A188A859BDE870401DF08DBD00BFAA
:10C6E0006045002013B5044623F09CFF114A00B2B8
:10C6F00000EB400002EB8002D4B13F2C18D0137A3B
:10C700000133DBB2D179137299420FD80023432150
:10C710001372684623F0C1FF01200DF10201224689
:10C720001AF088FE062168461DF09EFD02B010BD7D
:10C730000023E7E76045002037B50B4B05461B7823
:10C740000C46312B0ED14421684623F0A6FF294622
:10C750000DF1020023F0A1FF052168468DF8044089
:10C760001DF082FD03B030BDF049002038B5030450
:10C7700015D4032913D80B4B0B4D1B7803EB430344
:10C7800005EB8304A171E271A0800A46014655F8C9
:10C7900023001DF031FDBDE8384008F011BF022034
:10C7A00038BD00BF243E00206045002010B50B4C72
:10C7B000237833B1F1F7F8FE18B1EAF7EDFB002367
:10C7C0002370F4F785F908B100F040FB044B1878AA
:10C7D00018B9BDE8104000F00FB910BD223E00208E
:10C7E000253E00202DE9F041234BDFF89C800546D3
:10C7F0001868D8F800300E46C01A83B2DC2B1746F2
:10C8000031D9DC20F4F7CAF982241C4B1A7812B112
:10C81000002282241A701A4B1A781AB1002244F0AE
:10C8200001041A7000F07AFF08B144F0040417B153
:10C83000F6B144F00804D8F800305C706B1EDBB22F
:10C84000012B04D800F06AFF002818BF00250D4B0B
:10C850001D7000F063FF08B919F034FE3046BDE8E2
:10C86000F041F4F769B9C0B2F4F798F98024CCE745
:10C8700044F01004DFE700BF9C300020273E00207A
:10C880002A3E0020233E0020C4210020144B0278C1
:10C8900010B51B880446BAB942604278072A14D101
:10C8A000562B07D10AF09EFE012814BF6323622392
:10C8B000237207E0007AA0F16203584258410AF05F
:10C8C00097FE60600123237010BD042AFCD1562B13
:10C8D000044B01D11B78EBE7027A1A70F2E700BF34
:10C8E000BA3A0020F2490020037810B5044653BB41
:10C8F0004360012303704378342B27D00FD8172BC4
:10C9000022D006D8012B17D00C2B11D00023237076
:10C9100019E02D2BFAD1104B1B78238113E0412B0A
:10C9200016D0422B16D0392BF0D119F0BBFD01E007
:10C9300003F076FB208106E0084B1B68B3F5803FCF
:10C94000EBD31D23436010BD054BE5E7054BE3E743
:10C95000054BE1E7054BDFE7DD490020A421040892
:10C96000263E0020DB490020D9490020743D0020EC
:10C97000037810B50446B3B90122436043780270CE
:10C98000342B27D008D8172B1BD02D2B0CD00C2BD9
:10C9900012D00023237006E0392B21D0413B012B1C
:10C9A000F7D80223636010BD0389022B01D921232C
:10C9B000F8E70E4A1370F6E7007ABDE8104003F07E
:10C9C00035BB00891AF09EF80028F0D12289084B67
:10C9D0001A70E8E7074B028919789142E7D3F7E725
:10C9E000008919F05DFD6060DDE700BFDD490020D2
:10C9F000263E0020DB49002038B5054600F08EFEBB
:10CA000010B90024204638BDF4F7E0F804460028A9
:10CA1000F7D0034B012229461878FFF7E3FEF1E730
:10CA2000233E002038B503780446002B40F09B805D
:10CA30004360012303740370037A472B0AD8102B39
:10CA40000BD8042B00F0E380072B00F0C680032BEB
:10CA500000F0B8800023237085E0113B362BF9D815
:10CA600001A252F823F000BF45CB010855CA0108C6
:10CA700055CA010855CA0108E1CB010855CA010889
:10CA800055CA010855CA010855CA010855CA010806
:10CA900055CA010855CA010855CA010855CA0108F6
:10CAA00055CA010855CA010855CA010855CA0108E6
:10CAB00055CA010855CA010855CA010855CA0108D6
:10CAC00055CA010855CA010855CA010855CA0108C6
:10CAD00055CA010855CA010855CA010855CA0108B6
:10CAE00055CA010869CB01087DCB010883CB010839
:10CAF00055CA010855CA0108A1CB0108BFCB0108DE
:10CB00009BCB010877CB0108F7CB010855CA010878
:10CB100055CA0108E7CB010855CA010855CA0108E2
:10CB2000F1CB010855CA010871CB010803CC0108FB
:10CB300009CC010817CC0108FDCB01081DCC010868
:10CB400023CC01080723384D03742988113023F0C2
:10CB5000A4FDAB78E374EB7823752B7963756B795F
:10CB6000A375AB79E37538BD18F04FF96074FAE737
:10CB7000EAF762F9FAE718F03FF9F7E718F02BF94E
:10CB8000F4E70423037418F01CF9024604F11101C0
:10CB90000120BDE838401AF04DBC18F029F9E5E74E
:10CBA0000323037418F01BF930B1027843788078BE
:10CBB0006274A374E074D6E703460246F8E718F0FF
:10CBC00006F9D3E70223037402F0BAF8014604F130
:10CBD0001100BDE8384023F060BD02F011FDC5E74B
:10CBE00001F0E8FBC2E7042303741DF002FBCCE76D
:10CBF00007F036FABAE706F005FCB7E706F0F6FBF1
:10CC0000B4E705F0CDF8B1E7084B1988DFE7084B2A
:10CC10001B784374A7E71AF01FFBA7E703F00CFA91
:10CC2000A4E70DF083FFA1E7006504088A4900200E
:10CC3000253E002038B503780446002B3DD1012362
:10CC40000370037A043B432B00F2B780DFE803F064
:10CC500022B5B530B5B5B5B5B5B539B5B58CB5B541
:10CC6000B578B57D8689B5B5B5B5B5B5B5B5B5B544
:10CC7000B5B5B5B5B5B5B5B5B5B5B5B56E4452B57F
:10CC8000B5644B5D738E9AB59EB5A1A7B5B5B5AB2E
:10CC9000B592B5B1037C012B1BD1437C484A003BC4
:10CCA00018BF01230020137019F00CFC002311E0C1
:10CCB000437C1BB102F06CFC606038BD02F07CFC70
:10CCC000FAE7407C003818BF012018F08AF80028E5
:10CCD000ECD021236360F0E7407C003818BF0120CE
:10CCE00018F077F8F3E7037C012BF2D1407C18F0C1
:10CCF0006CF8ECE7037C042BEBD100F1110101206F
:10CD00001AF0A6FB18F05FF8E1E7037C012BE0D1F5
:10CD1000407C18F068F8DAE7037C032BD9D1C37C98
:10CD2000827C0021407C18F058F8D0E790F911007F
:10CD300018F06DF8CBE790F9110018F05FF8C6E72E
:10CD400090F9110001F082F8B0E7457C123023F031
:10CD5000A2FC01462846F4F761F8A7E7F4F754F877
:10CD6000A4E7F4F747F8A1E70223B3E7407C06F015
:10CD70002FFBA1E7407CBDE83840003818BF0120F8
:10CD800006F03ABB407C01F0E1FA95E71DF033FA7A
:10CD900093E7113023F07FFC07F04EF986E7407CE3
:10CDA00007F050F982E7113023F075FC054B18802D
:10CDB0007CE7407C0DF0C0FE78E7002303707CE741
:10CDC000253E00208A49002038B50446F2F73CFC95
:10CDD00010B10125284638BD2046F2F7BFFE0028D5
:10CDE000F7D12046F3F7BCFB0028F2D1204619F01A
:10CDF000F0FA0028EDD12046F3F752FD0028E8D1E3
:10CE00002046F2F73DFB0028E3D1204619F04DFB08
:10CE10000028DED1204619F06CFA0028D9D120462E
:10CE200019F04BFB0028D4D1204619F034FB002820
:10CE3000CFD1204619F03BFB05460028C9D1214639
:10CE40000148FDF7A1F8C5E7776304082DE9F04F25
:10CE5000B5B0F3F765FEF3F797FEDFF844830646B7
:10CE6000D8F80030C84D9A78DFF8389302F0030103
:10CE700001290BBF05200320B3F80110597808BF22
:10CE8000B3F8032001F003042A8005941C780344BE
:10CE9000BE48DFF814B303604FF00000C9F800305B
:10CEA000BB4B0CBF4FF0000A4FF0010A09068BF88C
:10CEB0000040187005D5582332202B8000F064FC08
:10CEC0002CE1B44F397821B91AB1582330202B8086
:10CED000F4E719F034FB18B9582342202B80EDE712
:10CEE0004FF001030FA88DF83C3017F0B8F89DF80B
:10CEF0003C20002A00F012812C88562C00F2B280CF
:10CF0000462C31D8272C57D92046FFF75DFF002843
:10CF100040F00481582331202B80CFE7A4F18F0308
:10CF20000E2BF1D801A252F823F000BFFBD4010868
:10CF300017D5010895D5010809CF010809CF0108C7
:10CF400055D5010809CF010809CF010809CF01080B
:10CF500009CF010809CF010809CF010809CF01084D
:10CF600009CF0108B1D40108A4F147020F2ACBD898
:10CF700001A151F822F000BFCBD4010809CF01086C
:10CF8000B5D3010809CF010809CF010809CF01086D
:10CF900009CF010825D40108F5D4010809CF0108FB
:10CFA00009CF010855D10108ADD1010809CF010809
:10CFB00007D2010825D20108272CA5D801A252F8D2
:10CFC00024F000BFF7D00108BBD40108E3D1010869
:10CFD0008DD2010809CF01087BD00108ABD201082E
:10CFE00009CF010809CF0108BDD20108BDD201084F
:10CFF000CBD20108CBD2010809CF0108D7D3010851
:10D0000009CF010809CF010809CF010809CF01089C
:10D01000C5D4010809CF010809CF010809CF0108CB
:10D02000E1D4010809CF010809CF010809CF01089F
:10D0300009CF010809CF010809CF010809CF01086C
:10D0400009CF010809CF010809CF010809CF01085C
:10D0500009CF010809CF010809CF0108D1D401087F
:10D06000DBD401089D2C11D88E2C3FF657AF652CD0
:10D0700000F0FB81812C7FF447AF052E4ED9D9F803
:10D080000030053E3344C9F8003047E0F12C00F091
:10D09000EC811ED8AA2C00F0DB80AB2C7FF434AFDF
:10D0A000942200210FA820F037FF13AB0DF14D02A1
:10D0B000019301203849009211AA00F08BFB0FA8C0
:10D0C00016F083FF9DF83C30002B40F08680212035
:10D0D00084E0FC2C00F00B8240F205139C427FF4AC
:10D0E00013AF00F033FB044600F030FB014620464E
:10D0F00004F080FB72E000F029FB0446102000F0F1
:10D1000043FB022000F040FB48F210101DF0EAF84B
:10D110003A781AB9102C01D101223A70D8F80030AF
:10D120009BF800201A70D8F800209378002B40F06C
:10D130003D82BAF1000F00F039822B8893700121F3
:10D140002A880598D31F5A425A4135B0BDE8F04F9E
:10D15000FFF748BB0023CDE90F33119300F0F6FA37
:10D160008DF83D000FA816F050FF9DF83C301BB91C
:10D170002122ADF844301092084911AB10AA0020CA
:10D1800000F028FBCAE700BFBA3A0020A030002018
:10D19000243E0020283E0020A66304089363040870
:10D1A000C42100209C300020293E0020387801282E
:10D1B00001D0022012E00023B449CDE90F331193CE
:10D1C0000DF13D0211AB00F005FB0FA816F032FF88
:10D1D0009DF83C300BB92123109310981DF096F860
:10D1E0009CE73B78012BE4D1711F0520C9B2F3F70E
:10D1F000B5FC30B1FFF7F6F900280CBF2120002064
:10D20000ECE71920EAE700230120CDE90F33119361
:10D210009F4911AB0DF13D0200F0DCFA0FA816F0AA
:10D22000F2FED5E70023CDE90F33119300F08EFA1B
:10D230008DF83D000FA816F0D4FE9DF83C301BB9C8
:10D2400021228DF844301092924911AB10AA96E732
:10D25000942200210FA820F05FFE00F077FA8DF8ED
:10D2600044000FA816F0A3FE9DF83C301BB9212204
:10D270008DF84C3010920DF14D0213AB009200204E
:10D280008549019310AA00F0A5FA47E794220021EE
:10D290000FA820F041FE0120804912AB11AA00F036
:10D2A00099FA0FA816F08FFEDEE70120FFF7A4FB26
:10D2B000002840F0828107232B802FE7A4F1090288
:10D2C0005042504119F0E9F828E700F03FFA0628EB
:10D2D000074616D10C2C3FF46CAF0024282000F038
:10D2E00053FA6F4B1E88E2B2022331460FA818F0A2
:10D2F000DBFE0134BDF83C001CF0F4FF142CF2D12D
:10D300000CE7082804D10C2C3FF453AF002065E74C
:10D310000B28F8D00C2C02D109283FF44AAF4FF06B
:10D320000009604E3378BB4225D10C2C02D07078B6
:10D3300000F02AFA71680022737809880FA818F0A3
:10D34000B3FE0C2C29D100F001FA03467078834219
:10D350007FF4BDAE00230FAAD9B2884216D80FA918
:10D3600000F0FCF97368727818880FA918F0A9FE0C
:10D3700000201CF0CBFF09F10109B9F10B0F06F1F8
:10D380000806CFD10C2CC1D1272027E712F8011BAA
:10D390000133FF29E0D03B2020E7092F05D11522DA
:10D3A00000210DF1820020F0B7FD70780FA900F088
:10D3B000FBF9B3E601210FA819F032FB30B91CF0DC
:10D3C000A5FFBDF83C001CF08DFFA7E621201CF056
:10D3D0009DFF0020F7E700F0B9F904461CF08CFF30
:10D3E000814600F0B3F9074600F0B0F919F4004F98
:10D3F00006467FF4DEAE032F3FF6DBAE012C3FF690
:10D40000D8AE294823B200EBC3043A46494650F847
:10D4100033001CF0F1FE002E18BF3E46A4F8049025
:10D42000A67173E700F092F900230128ADF83C30B3
:10D430008DF82C3017D81C4B00B203EBC0040BAA9C
:10D4400053F830000FA91CF0F3FEA3791C1E18BF7F
:10D450000124BDF83C001CF045FF9DF82C0000F0B5
:10D4600093F920462AE51C46F3E72A240F4E36F8A6
:10D47000020B013C1CF036FF14F0FF04F7D12B889F
:10D48000652B7FF44BAEF3F7B5FC47E696630408D3
:10D49000996304089C6304089F630408A363040859
:10D4A000D81F0408B063040810460020203500206F
:10D4B0001CF022FFF3F7A8FB30E600F047F902F07A
:10D4C000A7F8FBE419F04AF828E619F03EF825E63B
:10D4D00002F0CAFD0146082069E71DF0EBFC72E787
:10D4E0000FA81CF0EFFF0FA805F008FC76E61DF072
:10D4F000B1FCE3E419F09DFAE0E41CF063FE4FF6A2
:10D50000FF73984205D000F021F92D4B18700020D0
:10D51000D4E40120D2E408230BAA8DF81B3007AB1A
:10D52000CDE9013203930DF11B030120254900933E
:10D530000DF11A020FAB00F04DF99DF81A000B9B8C
:10D54000003818BF01209DF81C200FA91DF094FD84
:10D55000C0B2B3E4102007A900F000F90BA9102015
:10D5600000F0FCF80FA8F4F7F1F809230FA88DF8E4
:10D570003C30F4F7F7F80BA90FA819F0A6FC0FA898
:10D58000F4F70CFC07AA11460120F4F79DFC1020CB
:10D5900007A90CE71CF016FE1CF0A4FE042000F006
:10D5A000F3F8182000F0F0F80F2087E42B88D370F0
:10D5B000D8F800201B0A1371C1E535B0BDE8F08F23
:10D5C000223E0020AA63040813B504460A4B03EB6D
:10D5D000C0018A7953F8300089881CF00DFE01A83B
:10D5E0000F2123F05AF8032101A88DF806401CF002
:10D5F0003BFE02B010BD00BF1046002008B5034836
:10D600001DF099F980F00100C0B208BDBC3A0020BD
:10D610002DE9F04782460F4691461C469DF824802E
:10D6200018F08FFF00283CD008F1030020440021AF
:10D63000384422F0C7FB054620B901221A4B1A7064
:10D64000BDE8F08722F04AFB184B06461B783A46A5
:10D65000037080234370012351468370033020F010
:10D660006DFC2CB1F81C22464946304420F066FC83
:10D67000B8F1000F06D003343C44424608993019F3
:10D6800020F05CFC012018F01DFF094A29461378A0
:10D690000848013B012B9CBF00231370002223F09C
:10D6A0001AF80120CCE700BF2A3E0020293E0020C6
:10D6B000233E0020BC3A002013B5044619216846D9
:10D6C00022F0EBFF22460DF10201012019F0B2FE1B
:10D6D000062168461CF0C8FD152C02BF0222024B31
:10D6E0001A7002B010BD00BF283E002013B50A4BCF
:10D6F00004461B78022B0DD10D2101A822F0CDFF8D
:10D7000021460DF1060022F0C8FF04210DEB0100B7
:10D710001CF0AAFD02B010BDEB3D002008B5034887
:10D720001DF009F980F00100C0B208BDBC3A00202C
:10D7300008B5054801F050FBFEF74EFFF0F7EAFA96
:10D74000BDE8084018F0BBBEBC3A0020024A13688E
:10D75000591C116018787047A030002038B5044675
:10D76000044D08462246296820F0BCFB2B68234460
:10D770002B6038BDA03000200346024A10680344E5
:10D7800013607047A0300020054B064A19681268E4
:10D790008A1ADB2AD8BF08701A6801321A607047EB
:10D7A0009C300020C421002038B50446074D084BAA
:10D7B00028681B68C31A2344DC2B02DC224620F0B5
:10D7C00091FB2B6823442B6038BD00BF9C300020A8
:10D7D000C42100200EB477B5054607AB53F8046B9F
:10D7E0000193013E16F8013F23B903B0BDE8704034
:10D7F00003B07047019A622B02F104011468019191
:10D8000033D0703BD9B20729ECD8072BEAD801A155
:10D8100051F823F085D80108E5D70108E5D70108BC
:10D8200035D80108E5D7010835D8010847D80108DF
:10D8300059D801081DB1FFF789FF2070D2E7207881
:10D84000FFF7A2FFCEE71DB11CF056FD2080C9E70F
:10D8500020881CF047FDC5E71DB11CF061FD20606C
:10D86000C0E720681CF052FDBCE702F108030193F9
:10D8700053682146187815B1FFF770FFB2E7FFF73C
:10D8800093FFAFE702F108030193002DAAD00448EB
:10D89000536801681B780B4403602160A2E700BF56
:10D8A000A03000200023F0B585B0CDE9013303930B
:10D8B000124B134D1B78134E8DF8043022F04FFDA0
:10D8C0002A78337804469A420F4F0CD03178386862
:10D8D00001AA29701BF032FC50B140F6C8110B4868
:10D8E00020F0CEFC04E038681BF008FC0128EDD0E5
:10D8F000204622F02FFD05B0F0BD00BFBE4900203C
:10D90000FB490020FC490020BC30002008640408CA
:10D91000F8B52B4B1B7823B140F6B831294820F0DD
:10D92000AFFC22F01CFD284B07461C8814F00604AF
:10D9300009D001214FF4807021F0AAFC3846BDE8DF
:10D94000F84022F007BD21464FF4807021F0A0FC82
:10D95000204600F0E1FF022808D180221B4B8021E5
:10D9600018681AF085FFFFF79DFFE7E7204600F0F3
:10D97000D3FF054638B1012807D040F6ED311148F4
:10D9800020F07EFCDAE70246E8E7FF220F4E104B5C
:10D9900030681A70FBF7F0FF30681BF0AFFB01280E
:10D9A000CCD02A46294630681BF0AAFB21462C2001
:10D9B00021F09AFC21460A2021F096FCBEE700BF28
:10D9C000313E002008640408C03A0020BC3000202A
:10D9D000FB4900200021014822F06CBA9C4600203F
:10D9E0007F2837B5044612D14FF6FF731849024617
:10D9F000ADF80630098802230DF1060022F04BFD38
:10DA0000BDF80640E2054CBF6FF04A0464B222F054
:10DA1000A6FC104B05461C700F4B1B88DB0710D56E
:10DA20000E4B1B78002B0E4B0CBF21466FF07F0175
:10DA300018681AF04DFF20B140F63661094820F011
:10DA40001FFC284603B0BDE8304022F083BC00BF75
:10DA5000D61F0408F3490020C03A0020323E0020BF
:10DA6000BC3000200864040810B517F0B4F960B1A8
:10DA700017F0C0F90B4A80B141F20D03BDE8104028
:10DA800041F20D01074821F055BD074B1A781B796B
:10DA90009A4204D100220023F0E70D23EEE7034A67
:10DAA000F9E700BF400D0300BE490020488D01008A
:10DAB000F8B5164E0D46337802F0010423B14FF449
:10DAC0006A71134820F0DCFB124B134F1D60134D9D
:10DAD000A4B1134B997801B10121202021F0D8FB8A
:10DAE0002B783B700F4B1C780F4B00211C700423CC
:10DAF00033700E48BDE8F84022F0DCB92146202002
:10DB000021F0C6FB2B783B70EEE700BF313E0020D2
:10DB100008640408AC3000202E3E0020FD4900209F
:10DB2000B03000202F3E0020303E00209C460020D8
:10DB30002DE9F84322F013FCDFF8A0810546B8F880
:10DB40000030614C13F4807F03D0237873BBFFF760
:10DB5000DFFE0021084621F0C7FB5C4B1A78FF2A44
:10DB600013D01A7802F0FF0632BBFF221A70237816
:10DB7000052B0AD100232846237022F0EBFB304608
:10DB80001CF05FFE22F0EBFB05462378504E062B7F
:10DB900009D13378FF2B06D03378022B15D1002121
:10DBA0004C4822F087F9FF2333702BE000214FF41B
:10DBB000807021F06DFBCCE71A78012A4FF0FF024C
:10DBC00014BF33264C261A70D4E7337813B1337858
:10DBD000012B22D121F0FCFB07463E4896F800902D
:10DBE00001F024FCFF235FFA89F9337077B1B9F1B2
:10DBF000010F44D16421374884F8009022F05AF98B
:10DC0000FFF750FE284622F0A5FB06E028462770C5
:10DC100022F0A0FB38461CF014FEB8F800301B06BA
:10DC200005D50021802021F033FB18F065FF01F0BD
:10DC3000FFFA294E308000B32778012F42D122F01D
:10DC40004DF8054610B3013022F025FD00F4406088
:10DC5000B0F5006F1AD104223946284621F07EFF24
:10DC6000284422F018FD4FF6FF7398420ED1002091
:10DC7000318800F035FD00233380BDE8F8830023B0
:10DC80002846237022F066FB3F20C4E7114801F0CC
:10DC9000CDFB002108462170012500F0D3FC23783C
:10DCA0000BB9FFF735FE0020318800F019FD002385
:10DCB0003380002DE1D020780028DED1BDE8F84384
:10DCC0001CF0E1BD0025EAE7313E0020FA490020C2
:10DCD000F94900209C460020BE3A0020C03A0020AE
:10DCE000074B1A7842705A7882709B781A1E18BFB8
:10DCF00001220370034B02711B78C370704700BF91
:10DD0000B0300020FD49002008B513460A461946E8
:10DD1000064B18681AF05CFE30B1BDE8084040F2CE
:10DD2000D741034820F0ACBA08BD00BFBC3000208A
:10DD30000864040808B513460A461946064B1868D5
:10DD40001AF040FE30B1BDE8084040F2DE41034821
:10DD500020F096BA08BD00BFBC300020086404085B
:10DD6000024B1878431E584258417047313E0020FC
:10DD700008B5064B1B7823B14FF4A161044820F08D
:10DD80007FFAFFF7C5FD002008BD00BF313E00202F
:10DD90000864040808B5054B01EB810118684900C7
:10DDA0001AF098FD002818BF212008BDBC300020C3
:10DDB00008B5044B1868F5F74BFE0A2390FBF3F007
:10DDC00040B208BDBC300020014B1878704700BF3E
:10DDD000FC49002008B5044B18681BF031FAB0FA72
:10DDE00080F0400908BD00BFBC30002038B5124D9E
:10DDF0000C462B78012B04D940F229510F4820F012
:10DE00003FFA21460020FFF7E5FF90B10C4B1C7054
:10DE10002B785BB9FFF77CFD0A4B93F900100A4B96
:10DE2000C90118681BF075FA002038BDFFF73AFDEC
:10DE3000F2E72120F9E700BF313E00200864040822
:10DE4000FC490020333E0020BC300020014BD8703C
:10DE5000704700BFB030002008B5074B18681BF0B2
:10DE6000EDF930B1054BB3FBF0F083B20BB11846BE
:10DE700008BD0120FCE700BFBC30002040420F007D
:10DE80002DE9F347594E012022F004FB338899070E
:10DE900004D440F6FB31564820F0F2F9DFF87481E3
:10DEA00098F80030053B012B04D940F6FD3150486D
:10DEB00020F0E6F94F4F3B6823B94FF440614C48DE
:10DEC00020F0DEF9348814F020046FD001212220E4
:10DED00021F00AFA4FF47A74FFF7BEFF3B681B7813
:10DEE0000933434304EBC30498F80030A5B2062B72
:10DEF0000BD121F001FE0446FFF7AEFF602358432B
:10DF00000C2303FB0400284485B2D7F800903A4B59
:10DF100099F800801C7808F1FF381FFA88F8002C67
:10DF200049D133885A0505D409F1010022F0B3FB29
:10DF3000C0F340143149324A887812784B7812FB8A
:10DF400000F2304F93423B70A4BF9B1A3B703B786A
:10DF5000CA78BD60934238BF13463B7016F055FF38
:10DF600058B316F050FF012814BF1025082525438B
:10DF7000DFF8A4A0802349464246DAF800001AF0F0
:10DF8000DBFC214B1978214B197033889B0616D581
:10DF900000972A461E4BDAF800001BF0CDF8D0B9E6
:10DFA000002002B0BDE8F04722F074BA21462220DA
:10DFB00021F09AF990E70024BCE72546D8E72A46E5
:10DFC000104BDAF800001BF0B5F8014618B925200F
:10DFD00021F08AF9E4E72146262021F085F94FF463
:10DFE0003B61034820F04CF9DAE700BFC03A00205B
:10DFF00008640408AC300020343E0020BE490020F4
:10E000002E3E002060460020FC490020FB490020F5
:10E01000B0300020313E0020BC300020184B10B53D
:10E020001B889B0704D440F66461164820F028F949
:10E03000154B1B78053B012B04D940F6656111484F
:10E0400020F01EF9114B1B6823B940F667610D489B
:10E0500020F016F900240E4B0E4921201C7021F0EF
:10E0600043F9014618B9BDE81040FFF709BF02287F
:10E0700004D12046BDE8104021F0CCB910BD00BF4E
:10E08000C03A002008640408313E0020AC30002073
:10E090002B3E002031E20108F8B5594C23889A073D
:10E0A00004D54FF43771574820F0EAF8564801F08C
:10E0B000BDF922F054F9238805465B070BD51AF009
:10E0C0007CFC524B1B68C01AB0F5717F03D900214C
:10E0D000042021F0DDF828464D4D22F03BF92B7845
:10E0E000042B32D122F03BF9238806465F0708D57E
:10E0F0004548002121F0DEFE3046BDE8F84022F020
:10E1000029B922F027F922F02AF9424B06461B785A
:10E11000414F13B9238859050FD50523012102204A
:10E120002B7021F0B5F8FFF779FF304622F012F995
:10E130003B68DA78394B1A70F8BD3868013022F044
:10E14000AAFA8206E9D50623E8E7062B4DD1344B1F
:10E150001B78FF2BF0D1334E16F05EFE3378002B88
:10E160003DD022F0FCF8238805465B0705D52648FC
:10E17000002121F09FFE2846BFE722F0EBF833781C
:10E18000013B337022F0EBF804460121022021F01C
:10E190007FF8FFF743FF20461F4C22F0DBF8206892
:10E1A000013022F078FA00F44060B0F5006F13D12E
:10E1B000246801210422204621F0D0FC204422F0D2
:10E1C0006AFA0146184B04201A783378D21AD2B270
:10E1D000BDE8F84022F028BA4FF6FF71F2E7402080
:10E1E0002B70BDE8F8401CF02CBB012BA4D1002300
:10E1F0002B700E4B1868FBF7BFFB3F20F1E700BF09
:10E20000C03A0020086404089C460020A830002082
:10E21000313E0020343E0020AC3000202C3E002057
:10E22000F94900202E3E0020FD490020BC3000208E
:10E2300008B50A4B1A7882B9012210281A7004D046
:10E2400040F65B61064820F01BF80021202021F0F9
:10E250001FF8BDE80840FFF713BE08BD2B3E0020A5
:10E260000864040808B5094B1B88DB0604D440F297
:10E27000A651074820F004F81020002121F008F8EA
:10E28000044B1868BDE808401AF04DBFC03A0020A2
:10E2900008640408BC30002010B5064C20681BF050
:10E2A00061F8C30704D52068BDE810401BF05DB8D5
:10E2B00010BD00BFBC300020012208B5074B11463D
:10E2C00018681AF01DFF00212C2021F00DF8BDE880
:10E2D000084000210A2021F007B800BFBC30002010
:10E2E000014B4008185C7047F549002008B51346FB
:10E2F0000A461946064B18681AF070FB30B1BDE8A3
:10E30000084040F6A54103481FF0BABF08BD00BF52
:10E31000BC3000200864040808B5044B18681AF0E3
:10E32000EDFE013818BF012008BD00BFBC30002041
:10E33000054B10B54C002246014618681AF0B8FA91
:10E34000031B5842584110BDBC30002003289DBF1C
:10E35000024B187000202120704700BF2F3E002084
:10E3600070B5054621F0FBFF0E4B0F4E1B8804468F
:10E37000DA07357008D50D4B0D4D1B78012B08D9E8
:10E38000012128681BF04BF82046BDE8704021F0C1
:10E39000E1BF1BB116F015FDC305F1D4317881F052
:10E3A0000101EEE7C03A0020F4490020323E00208F
:10E3B000BC30002010B5054C94F900007F2801D135
:10E3C000FFF70EFB94F9000010BD00BFF3490020D9
:10E3D0000C4B10B51B880446DB0711D5FFF744FB37
:10E3E000094B84F0010208211868D2001AF040FAA3
:10E3F00030B1BDE8104040F6F46104481FF040BF62
:10E4000010BD00BFC03A0020BC30002008640408E2
:10E4100008B5044B014618681AF0EBFA003818BF2B
:10E42000012008BDBC30002010B50A4C23787BB118
:10E43000FFF742FF0021042020F02AFF00210220E4
:10E4400020F026FF00232370BDE81040FFF760BADC
:10E4500010BD00BF313E002038B5094800F0BCFCBB
:10E460000024084D95F84430E0B2834200D838BD0E
:10E4700005EBC000043000F0AFFC0134F2E700BF50
:10E48000E03100204031002008B510460249482202
:10E490001FF054FD002008BD9831002008B5054844
:10E4A00022F067F9014620B9BDE80840014821F093
:10E4B00001BD08BDBC460020002238B51B4B1546E7
:10E4C0001C461A700132082A5D609D8043F8085F7F
:10E4D000F8D14822002116481FF01EFD4FF6FE73AA
:10E4E000A4F868306FF480337F2200211148E3657F
:10E4F0001FF012FD104BC4E91255C4E9283584F809
:10E50000445084F85050656584F8A850EFF702FB3A
:10E51000FF220A4B01211870094B00201A70E8F7FE
:10E5200043FA0020FFF7BAFF002038BD4031002039
:10E5300098310020C03000200000FFFF353E002051
:10E54000863E002010B5AC24084B04FB0030836CE1
:10E5500053B990F850403CB931B1C0E9121220468D
:10E56000FFF79CFF204610BD2120FCE74031002032
:10E57000AC2370B503FB00F5094E731993F85040B6
:10E580005CB9204611F028FB735D204643F002037E
:10E590007355FFF783FF204670BD0120FCE700BFE5
:10E5A00040310020AC235843024A135C23F003039C
:10E5B000135470474031002070B516461F4A044678
:10E5C0001278C2BBAC211E4D01FB00518A6C92BB7C
:10E5D00091F850203AB1022B2DD191F8441007291F
:10E5E00007D91C2026E091F844100729F9D8012BFF
:10E5F00008D0AC2000FB0450CA00011D0C301FF0F5
:10E6000071FC0021AC2303FB04F000249DF81430BE
:10E6100000EBC1012944CB71049B8E808B602B18C9
:10E6200093F84420204601328C7183F84420FFF790
:10E6300035FF204670BD0120FCE700BF343E0020BE
:10E6400040310020F8B5234B04461B780F46002BC1
:10E650003ED1AC23204D03FB0053B3F8A03023B9C7
:10E6600040F241311D481FF00BFEAC2202FB045268
:10E67000D2F8A46036B192F8A33039460020B2F83F
:10E68000A020B047AC2300216343EA18A2F8A010F1
:10E69000C2F8A410482192F8A82001FB02322A44B3
:10E6A000D2F89820964213D0EB5C9B070CD5AC2295
:10E6B0006243AB5C204623F0020343F00103AB54FA
:10E6C000BDE8F840FFF7EABE11F0A8FA0028EED145
:10E6D000F8BD00BF343E00204031002087650408AB
:10E6E0002DE9F04F89B0059008460D4621F0F6FA65
:10E6F000044618B9212009B0BDE8F08F284621F062
:10E7000009FBC0B20838221892F802B092F803A0B0
:10E710005268215C029200222778B4F80130ADF8EB
:10E720001E20424A049192F80090B9F1000F09D0DE
:10E730003F4B1B6823B1514620464FFA8BF2984756
:10E740000020D8E703F00703022B6DD00134092223
:10E750004946204621F002FA023F3F1A3B06064690
:10E760005FFA87F8C6D4334FD7F890303BBB00210F
:10E770000DF11E09434622460846CDF8009011F0DF
:10E7800063F9C3B20546002B4AD1BDF81E001EF046
:10E79000EBFCD8B9BDF81E001EF0E2FD0390BDF8F9
:10E7A0001E001EF0E1FCE8B906EB08020123214639
:10E7B000484692B200F054FDC8B119209BE74A4682
:10E7C0000121284698470028D1D193E7D7F8943003
:10E7D000BDF81E00002BDDD0A11998470028D9D123
:10E7E000022088E742460398A1191FF0A7FBBDF855
:10E7F0001E0021F073FA049B059A8372029B80F835
:10E8000008A01BBAC360AC2303FB027393F850202B
:10E8100080F809B0BDF81E0022B1DB6C03B1984747
:10E82000E8B268E7BB6FF9E7012064E7343E0020F7
:10E83000A4300020403100202DE9F84308460F465F
:10E84000164602F101091EF090FD804638461EF082
:10E8500084FC042856D138461EF0A3FC48F6610516
:10E860004FF6FF7248F64103294C904208BF1D46FF
:10E87000B4F85C10301D21F010FF38461EF091FCFA
:10E880000146B01D21F009FFB4F85E1006F1080042
:10E8900021F003FF06F10A0438460EF00BFC10B11C
:10E8A00045F01005ADB22946484621F0F6FE38463F
:10E8B0001EF056FD4246014620461FF03FFB3846FB
:10E8C000012121F043FA4444074660B121F022FAC5
:10E8D0000546384621F002FAEDB201462A462046A6
:10E8E0001FF02CFB2C440B4AA41B13780134591C39
:10E8F0001170F37034703046BDE8F84309220121ED
:10E9000021F02CB9484621F0C6FE4C460546C3E727
:10E9100040310020353E0020AC2210B54824504341
:10E92000094B1A1892F8A81004FB0100034493F84D
:10E930007700022806D092F850301BB9032818BF80
:10E94000012010BD0020FCE74031002070B508B167
:10E95000012070BD234C94F8A850002DF8D1294611
:10E96000B4F85C20FFF7E6F929462846B4F85E20A3
:10E97000FFF7CAF92946284604F16002FFF7B6FC02
:10E9800094F87730002BE3D0284694F85860FFF7CE
:10E990001BFA864215D1002094F95A50FFF708FA65
:10E9A000854216D10020FFF7B7FF0446002021F072
:10E9B0008DF80028CDD02146BDE870400020FFF73B
:10E9C000D7B9284694F85810FFF710FA0028E2D07B
:10E9D000BFE7002094F95A10FFF7DCF90028E1D0D6
:10E9E000B7E700BF403100200346AC2010B5144605
:10E9F000164A00FB032292F8770002280CD1E07F30
:10EA0000022809D141B112490978012913D992F894
:10EA10005810227891420ED118462178FFF7DAF982
:10EA200090B1482221460B481FF088FA002021F0BF
:10EA30004DF808B9002010BD044B93F8A800002839
:10EA4000F8D1FFF783FFF5E72120F4E740310020FC
:10EA5000C749002098310020AC2208B5084B02FBC2
:10EA6000003300205A6DD86483F8500012B1586505
:10EA7000FFF7F8FB0020FFF769FF002008BD00BF8B
:10EA8000403100207FB51C4C94F8A83023B1002001
:10EA900084F8A800FFF75AFF94F85A30B4F8A05051
:10EAA0008DF80F3025B940F2F92114481FF0E8FB2A
:10EAB000134A29460020FFF7BFFEE66F0246104CBE
:10EAC0009EB10DF10F0301930023214628460093C8
:10EAD000B0470246247854B920462146FFF7B2FDDC
:10EAE0002046FFF7DBFC04B070BD0122F2E70020F6
:10EAF0000349FEF7DDFFF6E7403100208765040893
:10EB0000C030002038B5494B1C78002C58D14848FB
:10EB100000F08CFC204620F0D9FF002850D0454C56
:10EB20002378D90733D594F850201AB123F0030382
:10EB3000237045E023F00103237011F057F8237888
:10EB400005469A0701D511F047F82946002010F034
:10EB50005DFD40B92378284643F001032370BDE8EA
:10EB6000384011F039B80023482284F8A33094F8D3
:10EB7000A83084F8A25002FB0343D3F89830A4F8DD
:10EB8000A000C4F8A430BDE83840FFF77BBF94F87C
:10EB90004400B0B104F1A003251D95E8030083E80B
:10EBA0000300FFF76FFF94F844202846D20004F1D9
:10EBB0000C011FF097F994F84430013B84F844307D
:10EBC00038BDA26C62B99B0711D52378002023F0D1
:10EBD000020343F001032370BDE83840FFF75EBC39
:10EBE0000123A06484F85030904723789EE711F009
:10EBF00015F80028E9D194F8A83073B1F2F7B8FA03
:10EC000094F85030002BDBD1FF2818BF84F8A800FF
:10EC1000BDE838400020FFF799BED4F88C30002BB7
:10EC2000ECD098470028CBD1E8E700BF343E002065
:10EC3000BC4600204031002070B50446002020F082
:10EC400045FFAC235C430B4E351995F850300BB1A2
:10EC5000002070BD0028FBD0074821F08AFD002865
:10EC6000F6D1335D002BF3D195F84400B0FA80F073
:10EC70004009EEE740310020BC46002010B5084AAC
:10EC800003461BF023FE14684FF6FF7203EB4003AC
:10EC90009C42184603D9018802339142F8D010BD36
:10ECA000FC3100202DE9F047204F05463B88A3B3F7
:10ECB000B0F90230002B30DBDFF87C801C49D8F83B
:10ECC00000001FF031F920B94FF4EA7119481FF024
:10ECD000D7FA0026DFF85CA0DFF860903A88B3B27C
:10ECE0009A4204D84FF4EB7150461FF0C9FAD9F894
:10ECF0000030B2B253F83200D8F8001003EBC2046F
:10ED000068B943F83210A38828460133A3801BF06A
:10ED1000DDFDE38803EB4003E380BDE8F0871FF0EF
:10ED200003F901360028D9D1EDE700BFC23A00202F
:10ED3000306404083A640408DC460020F031002006
:10ED400038B5094C094D22682B689A4204D94FF412
:10ED5000877107481FF094FA28682368C01A20F0CA
:10ED6000010080B238BD00BFFC3100200432002019
:10ED70003A64040838B5124C124D21462846F2F781
:10ED800055F823680BB12B681BB9DE210E481FF024
:10ED900077FA2A680D4B0E491A60236823F00103A5
:10EDA00013440B600B4B1A602AB9BDE83840F821B8
:10EDB00005481FF065BAFFF7C3FF6428F5D938BDD1
:10EDC000F4310020F83100203A64040800320020B9
:10EDD00004320020FC3100202DE9F0411D4B044697
:10EDE0001B78012B24D1008820F05AFF0546D8B1AA
:10EDF0000426DFF864802C4621F0B1FA074620464D
:10EE0000FFF750FF638843EA08036380A05B20F0AC
:10EE100047FF0446384621F09DFA1CB1B4F9023090
:10EE2000002BE9DA062E01D1BDE8F0810626E2E7E3
:10EE3000022BF9D121F093FA0246208820F030FF0E
:10EE400018B10388C3F30E0323801046BDE8F041D8
:10EE500021F080BA363E00200080FFFF2DE9F04F00
:10EE60000024BA4B97B006461C8021F078FA0123A3
:10EE7000DFF8EC82B64F3B70B8F80030A8F80040DD
:10EE8000ADF81630B34B1B68019321F063FAB24B17
:10EE900021461A88B14BD20018681FF03DF80DF1D9
:10EEA0001600FFF799FF002E3CD1DFF8B8924FF023
:10EEB000000B0125D9F80040019B9C4239D3BBF1DE
:10EEC000000F39D1002DF2D0D9F80040DFF898A218
:10EED00025462246019B9A4273D302230DF1160068
:10EEE0003B70FFF779FF002E40F08F80D9F800606B
:10EEF0003246AA4280F0A280908820F0D1FE18B15C
:10EF00000388C3F30E039380D08820F0C9FE18B1A4
:10EF10000388C3F30E03D3801046FFF7AFFE02460B
:10EF2000E7E79847E3B256F823300134002BF8D1D5
:10EF3000BBE7BBF1000F3ED00BF1FF335FFA83FB61
:10EF400016AB03EB8B0252F8402CB2F90200518849
:10EF50000028B1DA4B04AFD4924641F48040931DAF
:10EF60002AF8020F02933AF8020F20F099FEF0B14E
:10EF7000B0F902E0B0F802C0BEF1000F17DB6FEA93
:10EF80004C4C6FEA5C4CA0F802C00390FFF78AFE7D
:10EF9000BBF10F0F8FBF002516AB039A03EB8B005D
:10EFA0009EBF0BF1010340F8402C5FFA83FB029BEC
:10EFB0009A45D8D180E72046FFF760FE22460446F6
:10EFC000C3E710461BF082FC8346B2F902001188A9
:10EFD00000280AEA010108DA204620F057FE08431B
:10EFE00081B204EB4B0402EB4B0510461180FFF796
:10EFF00045FE02466EE798475FFA8AF356F82330DB
:10F000000AF1010A002BF6D170E74FF0000AF3E78E
:10F010003046FFF733FE82467EB1B6F90230718882
:10F02000002B0ADA3088C0F30E0020F039FE864249
:10F0300003462DD1C1F30D0171805646AE42E7D390
:10F04000DFF81CA121F08BF90021064650461BF089
:10F05000BBFC20F025FE0546002800F087803046E6
:10F0600021F078F928461BF031FC0646204620F0B6
:10F070000DFE814676003246294620461EF032FFBC
:10F08000002249460DF1160021F025FB3444D9E752
:10F090001BD930461BF01AFCC1F30D0142007180F0
:10F0A0001846314692B21EF01DFFC6E75046FFF7E4
:10F0B000E5FDD146854203D9B0F90230002B01DAD3
:10F0C000824603E0FFF7DAFDF4E7B146554507D97C
:10F0D000BAF80000C0F30E0020F0E2FD8245E5D34F
:10F0E000B9F1000F30D0B9F80000C0F30E0020F0E5
:10F0F000D7FD034638B93346CB46994513D8B145B9
:10F100009BD0D946ECE748461BF0E0FBB9F802205B
:10F110004946C2F30D02A9F80220420092B21846F5
:10F120001EF0E0FEE7E718460193FFF7A7FD019BFD
:10F130009B46854203D9B0F90230002B01DA034621
:10F14000DBE7FFF79BFDF4E7CB46DAE7C43A0020A4
:10F15000363E0020FC310020C23A0020F031002071
:10F16000C63A0020003200200080FFFFBDF81630B4
:10F170003870A8F80030044B30461C6021F0EAF8E3
:10F1800017B0BDE8F08F00BFFC3100202DE9F04141
:10F19000054620F085FD0F460446D8B121F085FADA
:10F1A00020B940F2FB4120481FF06AF8284620F0C1
:10F1B000B1FD05462046FFF761FDBD42064609D078
:10F1C00004D840F2035118481FF05AF82588ED0B77
:10F1D00002D02781BDE8F081678020461BF076FBD6
:10F1E000074604EB400821F0BAF8104B1A68B24207
:10F1F0000AD1C3F8008021F0ADF82A464046BDE8A8
:10F20000F041FF211EF088BEA6EB0806B5B221F042
:10F21000A1F8072DF1D90023083D44F81730C8F8AC
:10F220000430A8F80250D5E73A640408FC31002005
:10F2300038B521F094F80021054604481BF0C4FBC2
:10F240000446284621F086F8204638BDC63A0020FC
:10F25000024B1888B0FA80F040097047C63A002087
:10F260002DE9F74F044600881F4620F019FD884617
:10F270001546064621F019FA20B940F2FE613F48D2
:10F280001EF0FEFF3388DB0B009306D033892B443E
:10F290003381002003B0BDE8F08F208820F03AFDD4
:10F2A00082463046FFF7EAFC019021F058F8DFF87B
:10F2B000D0B0019BDBF8002081469A421DD1FFF7B8
:10F2C0003FFDA84204D2484621F044F81A20E1E765
:10F2D0000AEB050373803FB1208820F0FFFC2A462B
:10F2E000414650441EF02AFE3046FFF7C7FCCBF8DB
:10F2F0000000484621F02EF8CBE721F02BF82088BB
:10F3000020F008FD2844009980B220F05BFD0646FD
:10F310000028DBD020F0E2FC8146208820F0DEFCD3
:10F320008246208820F0F6FC5146024648461EF0F0
:10F3300005FE3046AFB120F0D1FC0746208820F012
:10F34000E9FC2A46414638441EF0F8FD0121208898
:10F3500020F0FCFC01210246304620F00BFD268007
:10F3600097E720F0BBFC8046208820F0D3FC2A469B
:10F37000394640441EF0D0FDE8E700BF3A64040877
:10F38000FC31002038B50C46054620F0C3FCA042F5
:10F3900003D82D2103481EF073FF284620F09EFC61
:10F3A000204438BD4E64040870B506460D4620F072
:10F3B00095FC044648B1304620F0ACFCA84203D886
:10F3C000352102481EF05CFF605D70BD4E6404088C
:10F3D00070B50C460646154620F09CFCA04203D8AA
:10F3E0003E2104481EF04CFF304620F077FC00B16F
:10F3F000055570BD4E640408342101481EF040BF1D
:10F4000065640408036910B55BB18268064B9A42D3
:10F4100001D1002010BD446921F038F8201AF9D537
:10F42000F7E74FF0FF30F5E7F9F3010882681C4B6E
:10F4300070B59A420446056819D120F090FF2369FF
:10F4400023B1A34206D100222A601A61BDE87040B0
:10F4500020F080BF1A4611461269A242FBD12A68E9
:10F46000A24208BF29600B6100232361EEE7036914
:10F4700093B198426E6803D19D210A481EF000FFA7
:10F480002B46B44209D122699D4218BF1A614FF040
:10F49000000308BF6A60236170BD33463669F0E738
:10F4A000F9F30108656404082DE9F04306460025D8
:10F4B000164FDFF85C808BB0BC7814B90BB0BDE898
:10F4C000F083B7F800908EB9009623462A46B8F824
:10F4D000001003A821F027F923463146484603AA25
:10F4E00016F0EBFD2544EDB20437E5E72346494627
:10F4F00003A8002216F0D8FD012300932A462346D4
:10F50000B8F8001003A821F00EF9EBE774640408C2
:10F51000C83A00200148FFF75FBC00BFC83A00208E
:10F52000F7B51546174A04460846118811B1164A20
:10F530001278CAB1D4B10022294603B0BDE8F04028
:10F5400016F0B2BD3A44D2B20436B778002FF1D0EB
:10F55000B6F800C0AC45F5D184F001043B460094F8
:10F5600021F0E1F803B0F0BD084EEEE70246214677
:10F57000284616F0A2FD284603B0BDE8F04017F07B
:10F58000BFBA00BFC83A0020FF49002074640408D5
:10F5900010B5074C238843B10020FFF785FF0020FA
:10F5A000FF22044B20801A7010BD0220FCE700BF30
:10F5B000C83A0020FF49002038B50E4D2B78FF2BAC
:10F5C00014D100210C4B9C7864B9224620461BF0D4
:10F5D000A0F90A4B188058B101202C70FFF764FF86
:10F5E000204638BD2144C9B20433ECE70220F8E7D5
:10F5F0001920F6E7FF49002074640408C83A002087
:10F60000024B1888B0FA80F040097047C83A0020D1
:10F61000142810B518D8082805D117F087FAC401A6
:10F62000E4B2204610BD0E2802D117F082FAF6E7A8
:10F63000064B53F82040002CF3D00A282478F0D150
:10F6400007F0D0FF0443EBE7FF24EAE79C640408DB
:10F65000014BB3F868007047403100200048704704
:10F66000AA310020014B1878704700BFE43D00200C
:10F67000014B1878704700BFE73D0020014B187020
:10F68000704700BFE73D0020204B022810B5204CFA
:10F69000187002D00438012822D82378042B0BD00C
:10F6A00000211C4820F006FC2378033B012B03D9E2
:10F6B0000021194820F0FEFB184B1B689A0022D548
:10F6C00013F0805F40F6114418BF4FF441642046A8
:10F6D00012F092F9C8B92046BDE8104017F00EBAF2
:10F6E0000C48FFF7A3FE0C48FFF7A0FE1BF0C1FD7E
:10F6F0002378033B012B03D811F056FA1624E6E7D2
:10F700000EF012FCFAE71524E1E710BDEB3D0020F6
:10F71000EC3D0020004700209426002028270020F0
:10F72000024B187800F00F00704700BFEB3D00203F
:10F73000034B187800F00F00831E58425841704761
:10F74000EB3D002008B51BF07FFDC0B11BF098FD1C
:10F75000A8B110F059FB90B90A481BF0ECF870B151
:10F7600009481BF0E8F850B117F0E8F938B112F089
:10F7700055F920B9BDE8084004481BF0D6BA00206E
:10F7800008BD00BFCA3A0020FA3A00200832002023
:10F7900030B505460C4693B081B910B9002013B0BE
:10F7A00030BD1023072269460120FFF7B9FE9DF8FE
:10F7B00005305A1E052A28D91720F0E71822002103
:10F7C00020461EF0A9FB002DEBD1FFF7B1FF30B3AF
:10F7D00017F020F96A4601460020FEF755FEBDF8F5
:10F7E0000430204623819DF80230A3729DF800303A
:10F7F000E3721BF049FF002304F11401237304F1A9
:10F8000010001BF0D5FFE081C8E7084A9DF80410FE
:10F8100012789142D0D12B70002CD6D1BEE7044B88
:10F820001B78033B022BD3D9C6E700BF243D002041
:10F83000EB3D002030B593B005460C46FFF778FF4E
:10F8400020B90C4B1B78033B022B10D817F0E2F8C1
:10F850006A4601462846FEF717FE00209DF8023052
:10F86000607023709DF80030A37013B030BD172076
:10F87000FBE700BFEB3D0020054B1878012805D0C1
:10F8800000F0FD00A0F1310358425841704700BF1D
:10F89000EB3D00202DE9F3410E460021054620F006
:10F8A00014FF0023124FADF806002B800DF1060067
:10F8B0001BF041F8044610B102B0BDE8F0812146CA
:10F8C0000DF106001BF080F8804620F007FA438A0D
:10F8D000B34207D99B1B438222464146284620F06B
:10F8E000FAFEE3E743895B07E0D53B88F3E700BF17
:10F8F0008A49002008B50A48FFF798FD09484FF4E7
:10F900007A71FFF7C7FF07481BF015F830B9BDE85B
:10F9100008404FF47A71024820F0CCBA08BD00BF0D
:10F92000E04600209A4900201FB50146002201A8A8
:10F9300020F090FB064801A920F050FF20B120F0F4
:10F94000CDF94089C0F3400005B05DF804FB00BF6D
:10F950009A49002030B585B00D460022014601A825
:10F9600020F078FB084801A920F038FF50B120F0C2
:10F97000B5F904460146082228461EF0B3FA60890C
:10F98000C0F3400005B030BD9A49002010B5044CCA
:10F9900020461BF007F86388181A80B210BD00BF1C
:10F9A0009A490020F8B50546F8B100210F4820F02B
:10F9B0008CFE0446A8B10D4F204620F08FF9064674
:10F9C00020F034FB830705D40822294630461EF078
:10F9D00079FA38B12146384620F09BFE04460028CB
:10F9E000EAD10024201E18BF0120F8BD9A4900204A
:10F9F00010B50C460146064820F0F0FE30B120F06C
:10FA00006DF943891C4214BF0120002010BD00BFC6
:10FA10009A4900201FB51446024601A820F01AFB9F
:10FA2000074801A920F0DAFE40B134B120F056F9C0
:10FA30001422014620461EF055FA012004B010BDE4
:10FA40009A4900201FB50146002201A820F002FBC0
:10FA5000094801A920F0C2FE58B120F03FF94389BE
:10FA6000024613F0020004D0507B80F00800C0F37F
:10FA7000C00005B05DF804FB9A490020014601482A
:10FA80001BF002BA9A490020F8B504460E4614202D
:10FA9000002120F097F9054620461AF083FF63887D
:10FAA000834225D925B3314620461BF0EDF908BB2A
:10FAB000284620F013F907460A2231461EF012FAB2
:10FAC000082206F10A0107F10A001EF00BFA0A4BA0
:10FAD0001B887B82238823B94FF47A71074820F072
:10FAE000E9F920460022294620F0F5FD0020F8BD66
:10FAF0001C20FCE72E20FAE78A490020E04600207F
:10FB000010B5044686B0B0B120F090FA10F00200B3
:10FB100011D1CDF80E006168CDF81200ADF81600D5
:10FB2000206801AB03C32289044801A91A80FFF7AA
:10FB3000ABFF06B010BD2120FBE700BF9A490020B3
:10FB4000F8B50D4616461F46044648B320F06EFA37
:10FB500030BB2046FFF792FFE0B12146114820F06C
:10FB60003DFE20F0BBF8438905734673877343F06D
:10FB7000020321894381204601F08EFCFF280446C0
:10FB800006D001F08FFB18B10022074B43F8242068
:10FB9000002004E02046FFF7B3FF0028DDD0F8BDC9
:10FBA0002120FCE79A49002014240020F7B59DF895
:10FBB00024400D4601949DF82040064600941F46BF
:10FBC0000EF0D0F84FF6FF718842044610D0BB0704
:10FBD00011D4284601F0DEF9204620F09FFAFF28D4
:10FBE0001FBF084A32F8103023F4804322F8103047
:10FBF000204603B0F0BD0246294630461BF04BF9C3
:10FC0000EAE700BF3E3A002073B50E4601461448AD
:10FC100020F0E4FD0546D8B120F060F843890446A1
:10FC2000334012D09B0736B20BD5002E09DAA17BE8
:10FC3000437B0289007B0191012100912146FFF75E
:10FC4000B5FF638923EA06036381628912B101204B
:10FC500002B070BD294602481AF0D5FEF7E700BF92
:10FC60009A4900200148FFF7B7B800BF9A49002021
:10FC70001FB50C460B4A014601A820F0EBF901A87C
:10FC8000FFF7FCFE60B101A9074820F0A7FD20F0B6
:10FC900025F80368236043680020636004B010BD4A
:10FCA0002D20FBE7086504089A49002013B53F4C56
:10FCB000FFF760F816F0B5F9D4F8FC311020C3F363
:10FCC00007430193FFF7A4FC000650D50020FFF77F
:10FCD0009FFC01064BD5019B802B3ED1236A9A07DE
:10FCE00004D440F61544204602B010BDE3699B07DA
:10FCF000F7D52F4819F042FA01201AF0C1FD16F08D
:10FD0000C2F904460028EED100F09CF929481AF007
:10FD1000E6FF00F039FAEDF7C3FA16F081F90BF0BF
:10FD200003F90BF055F9F1F707F9F1F7BBF9F1F722
:10FD3000D5F905F0E3F816F0FBFE16F0FCFE12F024
:10FD400019FB1D480DF068F808F090FA17F0E7FA73
:10FD50000028C8D017F0E5FAC5E7019B812BC0D178
:10FD6000D4F80C315B00BCD5D4F80C31BFE71020BF
:10FD7000FFF74EFC0006BCD40020FFF749FC01064B
:10FD8000B7D5019B802B05D1084B1A6AD207A8D59D
:10FD9000DB69ACE7019B812BA3D1044BD3F80C2189
:10FDA000002A9EDAD3F80C31A1E700BF0080E00FF3
:10FDB000690345EC0832002029F9010810B51BF051
:10FDC00055FA70B301F0AAFE80F00104E4B20020FD
:10FDD000FEF7A2FA44EA800424B21BF035FA10BB05
:10FDE00002200443164820F0C4FC44EA401415489D
:10FDF00020F0BFFC24B244EA0014134820F0B9FC00
:10FE000024B244EA8014114820F0B3FC24B244EA3E
:10FE100040240F4820F0ADFC24B244EAC02080B258
:10FE200010BD0124D3E70B481AF085FD0028D7D078
:10FE300009481AF080FD80F00100C0B24000D0E710
:10FE4000404700202448002008490020A447002003
:10FE500004480020CA3A0020FA3A002008B501F010
:10FE600021FC0EF04DFDFDF763FE15481AF063FD11
:10FE700008B906F06DFD13481AF05DFD08B908F0E9
:10FE8000DFF903F0F9FF0DF07FF90F481AF059FF81
:10FE90000E4B1B78043B022B09D80D4820F069FC5F
:10FEA00028B1FFF78BFF102801D109F091FD16F062
:10FEB00047FE1AF0FDFFBDE808400648FEF7CEBF3A
:10FEC000CA3A0020FA3A002008320020EC3D002017
:10FED000244800202465040808B51BF0C7F920B9A0
:10FEE00040F2911103481EF0CBF9BDE808401BF029
:10FEF000C4B900BF12650408F8B54FF6FF77104B80
:10FF000006461B780C46033B012B0F8009D8304670
:10FF10000BF0C2F84FF6FF73984220800ED00020FD
:10FF20000DE00DF07BFAB84205462080F7D130464F
:10FF300000F0FAFEA8422080F1D1E8E72D20F8BDBC
:10FF4000EC3D00204FF6F77370B5984204460D461D
:10FF500086B05AD81AF0AEFFA04207D108222C4929
:10FF600028461DF0BFFF002006B070BD294EB6F830
:10FF70006830A3420AD10022082106F16A001AF073
:10FF800022FF18B9082206F16A01E9E7ACB1224B59
:10FF90001B78033B012B1AD8002301221946204667
:10FFA00000930AF023FFFF2823D1294620460BF0B7
:10FFB000C7F880F00100C0B2D6E7184B1B689B075A
:10FFC000E5D4284608F0F6FD0028E0D0CBE720462F
:10FFD00001F0FAF9FF2806D129462046FFF748FE2E
:10FFE0000028D9D1BFE7294601F010FA0028F3D044
:10FFF000B9E702A91CF025FC0028D6D1DDF80D30A8
:020000040802F0
:100000002B60DDF811306B60ADE70120ACE700BF7D
:10001000373E002040310020EC3D00202827002002
:10002000014B1878704700BF243D0020014B187029
:10003000704700BF243D0020014B1878704700BF77
:10004000C649002010B50649064C082320467F22E9
:10005000098820F020FA20461AF066FF10BD00BF84
:10006000C81F0408373E002000487047373E002074
:10007000082208B503491DF025FFB0FA80F04009B9
:1000800008BD00BF373E0020F0B51F4601F44043D5
:10009000B3F5004F05460C4616468BB01DD01AF03E
:1000A00009FF104B00220692BDF85020ADF8260043
:1000B0000592BDF84C20214604929DF84820284620
:1000C0000392119A0292BDF84020CDE900323B46DE
:1000D00032461CF05EFF0BB0F0BD1AF0EBFE0DF1E6
:1000E0002603DFE7373E0020014B1870704700BF42
:1000F000DF3D0020074B44F6FF701A7840F6FF738F
:10010000012A18BF1846044B1B780BB140F400407D
:10011000704700BFEC3D0020DF3D0020F7B50D46E5
:10012000044616461F460021284602F097FA0B4B5C
:10013000002183F859402A463346204600970FF0A5
:1001400023FA014630B10222204603B0BDE8F04058
:1001500000F006B8012003B0F0BD00BF4031002020
:1001600013B513460C461AB1022A0CBF13460123DD
:100170000021044A019100922246FEF71DFA02B0C6
:1001800010BD00BF77B3030800B5002093B0FEF7A1
:1001900093F91E4B18880CF045FE1D4B1D491A782B
:1001A00000200FF097FB3422002168461DF0B4FEBA
:1001B0000B238DF800306FF4803301934FF6FE73FC
:1001C000ADF8103003238DF81D30134B134A0893FC
:1001D000134B10680993134B51680D93124B6A46E9
:1001E0000E93124B0F93124B1093124B119302ABC1
:1001F00003C300210846FEF7F7FB6A4601210020F1
:10020000FEF7F2FB13B05DF804FB00BF8449002049
:10021000E4490020A821040881090208373E002093
:10022000F7B00308D5450208290B0208455D02080E
:1002300077B30308A93F020837B5144B0A46009369
:100240004FF400430146ADF80430E0B901200FF04F
:1002500041FB30B104E031F813000134A84203D16E
:10026000212003B030BD002402ADE0B205EB400018
:1002700030F8085C30F9080C0028ECDA0133D8B209
:100280009042F0D3E2E70023F9E700BF990089002C
:10029000014B1878704700BF3F3E0020014B18709B
:1002A000704700BF3F3E0020014B1888704700BFD9
:1002B0009E490020014B1880704700BF9E490020D6
:1002C0002DE9F84F06460846884620F0E4F9DFF8A5
:1002D0005891054699F8003043B9504B1B682BB92B
:1002E0004F4B1B6813B9FF20BDE8F88F15F4406A27
:1002F00005F040071AD197BBB5F5804F5FD24FF498
:1003000080740023DFF81CC1002B62D18025434A92
:10031000126862457CD1002299F800704149D0B240
:1003200087425ED80133032BEED1DCE708F10300EE
:1003300020F0B1F94FF6FF73984214BF0124022454
:1003400087B1052705F44043B3F5004F44F0080496
:1003500024D0B5F5804F23D244F4807420E0544675
:100360000327EFE7B5F5804F4FF00507F4D3BAF553
:10037000406F14BF022008203844404420F08BF91D
:1003800083461AF0B4FD05F4404558450CBF44F0CF
:10039000080444F00404B5F5004F01D144F0800492
:1003A000BAF5006F0FD108EB070020F074F905468D
:1003B0001AF080FDA842A4D144F01004A1E75446ED
:1003C00003270220D8E7BAF5406F08BF44F02004A5
:1003D00097E7012B03D1124A4025126899E71025AF
:1003E00099E731F802EB0132A64598D1002E3FF48F
:1003F0007BAF357078E7A64501F10101F6D0C8B2B0
:10040000CFB232F817E032F91770002FF3DA89E72C
:10041000002A87D000200146F2E700BF18320020F2
:100420001C320020243B0020833E0020034B1A781E
:10043000022A04BF09221A70704700BF423E002002
:10044000044B1888044B1978044B1B6803B11847F8
:1004500016F048BBCC3A0020403E00202C32002051
:10046000002208B510461A2102F05AFA0022014B68
:100470001A6008BD2832002070B5054638B9BDE8BD
:1004800070400B4B00221A21187802F049BA094B30
:10049000074E1C78E1B21A29F1D825FA04F3DB07DC
:1004A00003D54422307802F03BFA0134F2E700BF72
:1004B000423E0020014A0020F0B50C8805460E4659
:1004C0008BB0E4B94FF6FF77ADF8247012F028F83E
:1004D00010B902200BB0F0BDCDE90340CDE90544D1
:1004E000134A0294B2F85C306032019300923B46AA
:1004F0004CF60101FF2009AA1CF04BFD3080284674
:100500001AF00AFF0B4C70B1237863B1013BDBB2E8
:10051000284623701AF000FF38B12078B0FA80F036
:100520004009C0B2D6E70523F2E70120F9E700BF92
:1005300040310020004A0020034B11461B6803B1E4
:10054000184716F0C7BA00BF28320020F8B50D4B87
:1005500005461B78012B13D100244FF6FF770A4E76
:1005600030881FF0BBFB2B88025B9A4203D1308896
:100570001FF0B4FB07530234202CF1D10120F8BD49
:100580000020FCE7413E0020CE3A00202DE9F04754
:10059000174B80461B781546012B26D100246FF09F
:1005A0007F092746134E30881FF098FB00EB44006C
:1005B00090F901304FEA440A4B4506DD30881FF0C0
:1005C0008DFB504490F90190E7B20134102CEAD130
:1005D0004D450ADA30881FF081FB00F8178030881B
:1005E0001FF07CFB7C0020444570BDE8F08700BF15
:1005F000413E0020CE3A00200148FEF7EDBB00BF8F
:10060000CE3A00202DE9F04705460E4690461FF0F1
:1006100035FE044638BB014620201FF0D3FB134FA4
:10062000388000B30122124BA1461A70114BC3F857
:1006300000804FF07F0838881FF050FB00F80490CE
:1006400038881FF04BFB20440234202C80F80180B6
:10065000F1D1094B31461D602846BDE8F047074BF4
:10066000074A0FF0D9BB0120BDE8F087CE3A002041
:10067000413E00202C3200202032002039070208A1
:100680008D050208F0B585B004460D4617461E4696
:100690001FF0F4FD90B90A4B1F600127094B1F7032
:1006A0001AF0BAFB084A0346009229462046CDE9D3
:1006B0000167064A0FF0E4FB05B0F0BD4D20FBE7F3
:1006C00024320020423E00208109020853B303086F
:1006D0002DE9F041144F00253C784FF6FD781F2C92
:1006E00091BF0024C4F341141C34E406202D0CD126
:1006F00001203B78032103F01F03984020430B4B5C
:100700000B4ABDE8F041FFF7BDBF16F087F9431E65
:100710009BB243450646F8D8064B18881FF0DEFA10
:1007200046530235E2E700BF403E0020E9070208D9
:100730004D050208CE3A0020F8B5284D022628883B
:100740001FF0CCFA90F9014028881FF0C7FA304416
:1007500090F90130A34205DA28881FF0BFFA30442F
:1007600090F901400236202EEED10027662CDABF28
:10077000193466B27F263C4628881FF0AFFA384409
:1007800090F901300237B342BCBF0134E4B2202FEC
:10079000F2D114B9124B1C70F8BD16F03FF9B0FB42
:1007A000F4F3002703FB1400C4B228881FF096FA64
:1007B000384490F90130B3420CDA4CB928881FF064
:1007C0008DFA084BC25D1A70BDE8F840FFF780BF94
:1007D000013CE4B20237202FE7D1F5E7CE3A002002
:1007E000413E0020403E002070B5154B1B78012B88
:1007F0001ED100244FF6FF76124D28881FF06EFAA6
:10080000035BB34215D028881FF068FA035B83B1FD
:1008100028881FF063FA0C4B025B0C481A800121F8
:100820000B4B0C4A0068FFF72DFF00220A4B1A60A1
:1008300070BD0234202CE0D1BDE87040FFF748BF06
:10084000413E0020CE3A0020CC3A00202032002049
:100850004104020803B30308243200207FB5054693
:100860000C4616461FF00AFD00286BD1062D03D852
:100870005223EB40DB071AD4B4F1006F05D3E30E2B
:100880001C3B032B18D94F202EE000222F4B1A605F
:100890002F4B1D701AF0C0FA03460A2D54D8DFE81A
:1008A00005F02D183E49182518535341360002F023
:1008B000F3FDB4F1006FE2D20022244B042D1A6044
:1008C000234B1D70E6D1022001F040FD1AF0A4FA7E
:1008D0000346012202921F4A01921F4A00921F4AB8
:1008E000314620460FF0CCFA04B070BD31462046A8
:1008F0001B4A04B0BDE870400FF0AABA314620464A
:10090000184B194A04B0BDE870400FF085BA0022B8
:100910000292164A0192104A0092154AE0E702221A
:100920000B4B1A7000221046124904B0BDE870400B
:10093000FDF708BE002202920F4A0192064A009279
:100940000E4ACDE74D20CFE70120CDE72832002029
:10095000423E0020790402088109020853B30308CB
:1009600069B60208610402083905020815B30308D4
:10097000B90402082D0402080BB3030807B30308E7
:10098000F0B585B0ADF8060018B9752164481DF0C2
:1009900077FCBDF806001CF0E0FB0446BDF806003D
:1009A0001CF0DBFB082846D00C2CBDF8060042D119
:1009B0001CF0D6FC07461FF06EFE0DF10F01064637
:1009C000BDF806001CF0F9FE002879D009220021AC
:1009D00038461FF0C3F89DF80F301033C518BDF826
:1009E00006001FF097F9EDB2854269D22946BDF89D
:1009F0000600FEF7D9FC06F44C4416F440660546A2
:100A000014D0F81C1FF047FE4FF6FF73984208BF42
:100A100044F04004B6F5006F08D1781D1FF03BFE8E
:100A20004FF6FF73984208BF44F010049DF80F3052
:100A30005BB3072D44D1BDF806001CF084FB0446CF
:100A4000BDF806001CF089FB082817D0A30615D5B1
:100A500024F0200189B2BDF806001CF05FFBBDF850
:100A600006001CF07DFC002109221FF077F800F140
:100A7000100189B20DF106001AF051F80022BDF8FC
:100A8000061028481FF027FE1AE0082D16D8BDB121
:100A9000013D072D14D801A353F825F0F90A0208E7
:100AA000050B0208C10A0208C50A0208C10A0208A9
:100AB000110B0208370A0208170B02087C2D24D0FC
:100AC00005B0F0BD24F48844A4B2B4F5084FF7D1C2
:100AD000BDF806001CF03CFBBDF806100CF042FA15
:100AE0000028A8D0BDF806001CF09DFB002201469E
:100AF00002201FF099FDE3E724F48064A4B2B4F56A
:100B0000484F97E7B4F54C4F94E7B4F54C4F92D06B
:100B10004CF6500301E04CF640439C428AE700BF8C
:100B200080650408CA3A00202DE9F0410F4690463E
:100B300006461FF0D3F8044630461FF0EBF8C5B266
:100B4000083D2C44E178084BA2781970074B3146D8
:100B50001A70002043463A4615F04CFD003818BF85
:100B60000120BDE8F08100BF5F3E00205E3E002016
:100B700037B5144600221D4619F0CBFE024648B197
:100B80000021054B0846CDE90053234619F07EFEAF
:100B900003B030BD1920FBE777B303082DE9F04F10
:100BA000DFF84081DFF8409198F8002099F8003094
:100BB00006469A4285B004D340F2171142481DF010
:100BC0005FFB30460DF10F011FF05CFA20B14FF4CE
:100BD0008D713D481DF054FB98F800709DF80F4052
:100BE0003D1B15F0FF0530D04FF0FF3C374B012186
:100BF0001B78A140184699F800304FF6FF790CFA9F
:100C000003FC0023324A01F1FF3E0193C1F1000AC7
:100C10009DF80430984243D8122004FB00002D4B6D
:100C2000A0F1120105EBC5025200194404F10109BB
:100C300018441DF057F94FEA89092748A9F1040122
:100C40000144AA0048441DF04DF9224904EBC402B6
:100C500001EB420321F81260204A013712784FF667
:100C6000FF71DA731A745A7412025A801C4A0D20EA
:100C700012781A7110225A7100229A73C3F8062052
:100C8000C3F80A20144B43F8242088F800701FF0A2
:100C9000CBFC0EB909F070F9204605B0BDE8F08F25
:100CA00013884B450AD053680AEA030B03EA0E0384
:100CB0000B4403EB4B0343EA0C035360019B0832E4
:100CC00001330193A4E700BF93650408DE490020C7
:100CD000D8240020D2370020142400205F3E0020BA
:100CE000433E0020E53D0020DC4900202DE9F04195
:100CF000074600250A4B0B4E93F80080ECB2A04546
:100D000003D8FF242046BDE8F08108223846B11DF3
:100D10001DF0D8F801350028F4D01236EEE700BFF8
:100D2000E53D0020D237002008B5FFF7DFFFFF28A0
:100D30001DBF00B2044B00EBC0004FF6FF7018BFA0
:100D400033F8100008BD00BFD237002008B5044BAF
:100D5000B3F868001FF058FD024B53F8200008BD9F
:100D6000403100201424002007B50DF107011FF0C9
:100D700089F930B19DF80730034803EBC30300EB5A
:100D8000430003B05DF804FBD23700202DE9F8439F
:100D9000294E044633785D1E2D1A8342EDB204D8E5
:100DA0004FF4A17125481DF06BFA0123A3404FF0C9
:100DB000FF305F1E3B4400214FF6FF7E6FEA0308C1
:100DC0001F4A92F800C01F4A127890401E4ACBB2C8
:100DD0009C4523D8BDB127B204EBC4041B48640072
:100DE00005EBC50204F112010144520020441DF03C
:100DF00079F8BF001648AA00391D014402F0FC0230
:100E000038441DF06FF833780022013B33704FF601
:100E1000FF71BDE8F8430E201FF006BC1388734530
:100E200007D0536808EA03093B4003EB5903034327
:100E3000536008320131CAE7E53D0020936504089C
:100E4000DE490020DC490020D8240020D2370020D1
:100E50001424002010B50A4C207858B9094B1B788F
:100E60001A2B03D9952108481DF00AFA0322074BD3
:100E70001A7010BD0138C0B2FFF788FFECE700BF61
:100E8000E53D0020DC49002093650408E13D002099
:100E90002DE9F04705461FF0B7FCFF28044624D192
:100EA000DFF884901E4B99F800201B789A422BD2D1
:100EB0002846BDE8F047FFF771BE38883B795045BA
:100EC00018D86F2B4FEA131214D85B0710D01237C3
:100ED00008F1010899F800105FFA88F6B142ECD8E1
:100EE0000023104ADEB28E4214D32046BDE8F087BC
:100EF000022AECD90DF040FC0028E8D12946304602
:100F0000BDE8F0471AF05ABA4FF000084FF6F77AEA
:100F1000044FDFE7107901338F28EFD81232E1E771
:100F2000DC490020D2370020E53D00204FF6F77362
:100F3000984210B514D8FFF7ABFFFF2810D0134C20
:100F400000B200EBC00004EB400415F0D1FA1049E8
:100F500038B962880B7802EB0313A3EB121363809A
:100F600010BD227C637C09789A42E2732374617419
:100F700007D98B4203D213468B4228BF0B461B0274
:100F8000EDE78A42F8D31346F9E700BFD2370020D5
:100F90005F3E00202DE9F04106460F4600240E4D2D
:100FA000DFF8388098F80030A34201D8BDE8F0811E
:100FB0000822294630461CF085FF40B935F8063C2A
:100FC000BB4204D02046FFF7E1FE013CE4B201340D
:100FD000E4B21235E6E700BFD8370020E53D002037
:100FE000F8B5054608460E46FFF780FEFF2830D0CC
:100FF0001D4B294653F820703046FFF7CBFF28469B
:10100000FFF746FFFF28044625D10CF0D5FAFF284C
:101010000AD1164C207838B115F000FD2378B0FBCA
:10102000F3F202FB1300C0B229461AF0C7F90446D6
:1010300023B20F4D03EBC30305EB430508223146F2
:10104000A81D1CF04FFF2B79204603F00F032B71D6
:10105000F8BD0027D3E7074B1B78002B18BF0027EC
:10106000014B43F82070E3E714240020DC49002002
:10107000D2370020024A00200A2330B585B01A4634
:10108000054601A90120FEF74BFA4FF6FF73BDF8A4
:101090000C209A4202D1012005B030BD0822FF2168
:1010A00001A819F090FE04460028F4D1BDF80C0008
:1010B00001A9FFF795FF024B43F820502046EBE7CC
:1010C0001424002038B50B4B04461B780D46834290
:1010D00004D840F25E2108481DF0D2F8074804EB1E
:1010E000C40400EB44002946BDE83840082206301D
:1010F0001CF0F8BEDC49002093650408D2370020BC
:1011000070B5044608460E461FF07EFBFF280546D4
:1011100010D02046FFF7EAFDFF2807D0084B1B78C8
:1011200023B9084B53F8202043F8252021462846B0
:10113000FFF7C8FF31462046BDE87040FFF72ABFE1
:10114000024A0020142400202DE9F843002680469E
:1011500001273446114DDFF84C9099F80030A34236
:1011600010D83E430134E4B21A2C4FEA470705F188
:101170001205F2D14FF0FF30094B1B7898403043F5
:10118000BDE8F8832B884345EBD028461AF06EF96A
:101190000328E6D82B796F2BE3D8E3E7D23700207A
:1011A000DC490020E53D002010B5084C00EBC000F4
:1011B00004EB400423795B0707D120461AF056F967
:1011C000237923F007031843207110BDD237002084
:1011D000044B1B78033B012B86BF034B1878002080
:1011E000704700BFEC3D0020E53D002038B5144BB2
:1011F0000C461B78834220D9124B1B78033B012BF2
:101200001BD9114B00EBC00003EB400533F8103045
:1012100028460B806B881B0A8B701AF027F9E07048
:101220002B79A91D03F007021B09227163710822A3
:10123000A01D1CF057FE002038BD0120FCE700BFB8
:10124000E53D0020EC3D0020D2370020072805D8DE
:10125000C30703D5024B1870002070472120704748
:10126000034A0020014B1878704700BF034A002052
:1012700018B1072805D8C30703D5034B1870002001
:1012800070472120704700BF433E0020014B187873
:10129000704700BF433E0020014B1870704700BFED
:1012A000024A0020014B1878704700BF024A002014
:1012B00070B51A48FEF7BAF8194B1B78033B012B9F
:1012C00028D805F00BFD03F09DFCBDE870404FF4FD
:1012D0007A5112481EF0EEBD23798F2B4FEA13117D
:1012E00011D8013120461AF0F1F8062901D8032956
:1012F00009D12379002223F007034FF6FF710F2055
:1013000023711FF091F9123401353278EBB29A4211
:10131000E2D8D6E70025034C034EF6E7004700204D
:10132000EC3D0020D2370020E53D00200022084B94
:101330001878084BD1B2884203F1120300D87047E5
:1013400013F80D1C013221F0100103F80D1CF1E718
:10135000E53D0020D23700202DE9F0470226122774
:10136000DFF85C90DFF85C8099F8004000250CE025
:1013700007FB05F338F803A0002150461AF08BF85C
:1013800010B15CB1013CE4B2013599F80030EAB229
:101390009342EDD8A34204D14FF6FF7A5046BDE800
:1013A000F08715F03BFB99F80030012EA3EB040306
:1013B00090FBF3F202FB1300C4B2EDD00126D5E797
:1013C000E53D0020D237002010B504461FF01CFA7E
:1013D000FF2808D120461EF0A1FEFF281FBF024BA8
:1013E0001B78C018C0B210BDDC490020044B00219E
:1013F0001A78044B04481B781A4492001CF08CBDE8
:10140000DC490020E34900201424002010B5134BD0
:101410000C461B7886B0834212D9114900EBC000FC
:1014200001EB40010822204606311CF05BFD002242
:101430000821204619F0C7FC80F00100C0B206E088
:10144000C01A01A9C0B20CF0EBFB10B1002006B02D
:1014500010BD01AB03CB20606160E8E7DC490020F0
:10146000D237002008B5074B024653F820308B4294
:1014700006D915204FF6FF711FF0D6F8002008BDE1
:101480000120FCE714240020024B013143F8201016
:10149000704700BF142400202DE9F34781460C4615
:1014A00000272A4EDFF8ACA09AF80030FDB2AB421C
:1014B00010D8694620461BF0F6FAC0B308226946E8
:1014C00048461CF0FFFC90B3494620461AF002FB48
:1014D000FE2537E006F106080822414648461CF082
:1014E000F1FC90B94FF6FF739C422BD03388A34296
:1014F00028D020461EF012FEFF2814D1494620466F
:1015000002B0BDE8F047FFF76BBD14B912360137E2
:10151000CAE73388A342F9D100220821404619F0D6
:1015200052FC0028F2D12846FFF730FCCCE74946B0
:1015300000201EF0C3FDFF28054603D0044B1B7896
:101540000344DDB2284602B0BDE8F087D237002060
:10155000DC490020E53D002008B5FFF7E7FE054B1C
:101560001B78013B012B03D8BDE808400CF044BBBD
:1015700008BD00BFEC3D00200F4B1B7883420CD808
:10158000C01A0E4AC0B232F81030D90411D443F454
:10159000805322F8103001207047094B00EBC00047
:1015A00003EB40035A79D10603D442F010025A717A
:1015B000F1E70020704700BFDC4900203E3A0020E0
:1015C000D237002038B505460C46FFF78FFBFF28C1
:1015D0000ED1294600201EF071FDFF280CD0074BCC
:1015E000074A1B78034452F823300020236038BD9B
:1015F000034B53F82030F8E72D20F8E7DC490020B2
:101600001424002038B505460C46FFF76FFBFF2871
:101610000DD1294600201EF051FDFF280BD0074BAD
:10162000074A1B78034442F82340002038BD044B8E
:1016300043F82040F9E72D20F8E700BFDC490020FF
:1016400014240020F0B5134B06461B78FBB100258F
:101650001148DFF84CC090F800E0104807781F44AC
:10166000E8B2864501D80020F0BD7C1B94FBF3F066
:1016700003FB10440CEBC4003CF83440B44204D1EA
:10168000002AF1D184788C42EED00135E8E7184683
:10169000EAE700BFDE49002014270020E33D0020D8
:1016A000D824002070B514F0ADFC14250F49104E5D
:1016B0000B78328830809B1A03449BB2B3FBF5F45D
:1016C00005FB14330B700B49E2B20B78934292BFC7
:1016D00000239B1ADBB2032A0B7088BF0023064944
:1016E0009EBFD2000B68D3400B6070BD463E002009
:1016F000D03A0020E23D002014270020084B186853
:10170000084BC2B21B789A4208D2074BC0F307209D
:101710001B78984234BF0020012070470120704799
:1017200014270020DE490020453E0020F8B505467C
:101730001746FFF7E3FF064610B9184B1A783AB977
:10174000212001224FF6FF711EF06EFF0020F8BD30
:101750001348DFF854C003780133B3FBF2F402FB03
:10176000143303700F48DCF8002000EBC30420F8AA
:10177000335002F10132A1703846CCF80020FFF757
:10178000E3FCE670606019F095FBA84201D10120EE
:10179000DDE7E3780133E370F9E700BFDE490020BD
:1017A000E33D0020D82400201427002010B50B4C66
:1017B0000B4A2378063B137014F024FC0022094BDB
:1017C000FF211880084B09481A602278D2001CF0CB
:1017D000A3FB0422064B1A7010BD00BFDE49002097
:1017E000453E0020D03A002014270020D8240020B5
:1017F000E23D002004289FBF034B1870034B0020DC
:1018000094BF197021207047443E0020044A0020F4
:1018100048B139B1044B1B780B70044B1B78037033
:101820000120704708467047443E0020044A0020CB
:101830002DE9F84307461EF029FE05461B481EF019
:1018400098FF1B4B60B31C683C1B2C44A4B20022C5
:10185000184BDFF868901B78174D03EB830399F85A
:10186000006005EB43055FFA82F846450AD9AB886C
:1018700005F10A00A34216D90A23B21A29465A438F
:101880001CF030FB013689F80060AC80B8F1000F25
:1018900003D1394605481EF00DFB2846BDE8F88304
:1018A0003C461D60D3E705460132DCE720470020B7
:1018B00030320020483E002032370020493E0020D0
:1018C0002DE9F74F00241EF0E1FDDFF8BC80A246B1
:1018D00098F800E0A3467246DFF8B0901FFA80FC4B
:1018E0000746264EB9F800003178ACEB00039BB2F6
:1018F000234D0093A0EB0C0001EB810305EB4303A8
:1019000001905FFA84FCF4451AD3BAF1000F00D0BD
:101910003170724504D2002088F80020FCF7BEFD2B
:1019200098F800303BB30A223378164802FB03557F
:10193000A988C9F8007003B0BDE8F04F1EF0BABA2C
:10194000B3F804C00098844510D84FF0010A93F80A
:1019500002C001310CF1FF3C013AA3F804B083F856
:1019600002C0C9B2D2B20A330134CAE70198844432
:10197000A3F804C0F7E703B0BDE8F08F483E0020AD
:101980003237002020470020493E0020303200201E
:1019900030B51E4A1E4C137885B0013BDBB2137084
:1019A0002068616801AA03C2218920461180194A72
:1019B00004F10A01127813440A225A431CF092FAE5
:1019C0009DF8064014F00F050FD1BDF80C000EF085
:1019D000DDFC24092A460CBF01210021BDF80400CA
:1019E00005B0BDE8304003F019BEBDF80800FFF7B0
:1019F0001FFF03468288ADF8082001AA03CA128897
:101A0000186059601A8105B030BD00BF483E002003
:101A100032370020493E0020F8B50024084D094F18
:101A2000094E3B783178E2B20B449A4204F101044A
:101A300000DBF8BD2846FDF7CFF90A35F1E700BF16
:101A400032370020493E0020483E002070B5124B3E
:101A500006460D46104611491A78114B09781B7835
:101A60000B44934206DB1F204FF6FF711EF0DCFD96
:101A7000002070BDFFF7DCFE01350680857004464E
:101A80001EF0FFFCE0800EF087FC20810020FCF7B8
:101A900005FD0120EDE700BFDB490020493E0020A5
:101AA000483E0020844600230A222DE9F047DFF853
:101AB0006480DFF8649098F8007099F8005013493A
:101AC00007EB050EDCB274451DDA02FB04F631F8B3
:101AD00006A00133E24501EB0600F3D1631CAEEB37
:101AE00003030A365A4331441CF0FCF9A5428BBF6C
:101AF00005F1FF3507F1FF3789F8005088F80070CD
:101B00000CB9034B1C70BDE8F08700BF32370020D2
:101B1000473E0020493E0020483E0020044B054A35
:101B20001B781278D3420CBF01200020704700BF01
:101B3000483E0020493E0020024B1878003818BF6C
:101B400001207047483E0020002108B5094B0A4893
:101B500019700A4B19700A4B19700A4B1A7802EB6C
:101B6000820252001CF0D8F9BDE808400648FDF793
:101B70005DBC00BF493E002032370020483E0020B7
:101B8000473E0020DB4900202047002010B50B4CC9
:101B900023784BB10A4803F0CDFE58B1084B012120
:101BA000188819F059FB08B9002010BD0122054B17
:101BB0001A70FAE7FFF7ECFEEAE700BF483E0020A4
:101BC00032370020473E002010B50E4B1B78B3B1D2
:101BD0000D4C238883424FF0000310D10B4A137041
:101BE00049B9A3781033A37019F0A7FE18B9A378E8
:101BF00023F00F03A370FFF7CBFE012010BD1846A2
:101C0000FCE700BF483E002032370020473E00205E
:101C100070B592B00C46064614F0FCFEE17A05461B
:101C20000020FCF7D7F828B394F90A0019F0D9F886
:101C300010BB134BE27A294683F85820A27A83F826
:101C40005A206A46FCF720FC4FF6FE739E420CBFFA
:101C50004FF6FF7323896A4629460020ADF80660D7
:101C6000ADF80430FCF7C0FE40B92289054B5A801C
:101C700012B070BD5520FBE75620F9E72120F7E7A9
:101C8000403100203432002010B5044601460822BD
:101C900009481CF027F9237B022B0AD8002B14BF1C
:101CA0003122012205490B7017234B61044B1A7036
:101CB00010BD00230122F5E7383200203432002025
:101CC000EB3D0020014B5861704700BF34320020CB
:101CD000014B1878704700BF3432002010B5054C16
:101CE0002378112B03D0D62103481CF0C9FA4123D5
:101CF000237010BDEB3D00209E650408064B014695
:101D00001B78042B04D1054A137E053313767047E4
:101D100003481EF0CFB800BFEC3D00203432002055
:101D20004047002008B50648FDF756F80548FDF77E
:101D300053F80EF057FFBDE8084001F0C9BB00BFE3
:101D4000CA3A0020FA3A0020064B1878332806D009
:101D500000F0EF00A0F143035842584170470120C2
:101D6000704700BFEB3D0020002208B5074B4FF63F
:101D7000FE701A7019F0AAF84FF6FF7019F0C3F848
:101D8000034B5869BDE8084014F0B8BEEB3D002095
:101D900034320020014B1878704700BFE03D00202E
:101DA00008B5064B187838B10548FDF72BFB4FF402
:101DB0007A73B0FBF3F0C0B208BD00BFE03D002075
:101DC000D4260020014B187C704700BF343200201D
:101DD0002DE9F0438BB00746154698460E469DF810
:101DE000489049B9104605AC1EF098F921460BF011
:101DF00017FF172818BF2646B9F1000F0AD1124B5A
:101E00001B781BB928461AF073FED0B92846FDF797
:101E100019FE02E028461AF06BFE80F00104E4B2DD
:101E20009DF850302A4602939DF84C303146CDE95A
:101E3000009338464346039419F08FFB0BB0BDE87E
:101E4000F0834C46ECE700BFE73D00202DE9F04F62
:101E500097B099469DF88830BDF880B0219D0893D1
:101E60009DF88C300E4658460FA9049207931BF03C
:101E700044FB05B3002800F0208195F801A00FACC9
:101E8000CAF3400A8E4B19F0800F1B7814BF4F46DF
:101E900049F08007022B17D04FF6FF78002D40F055
:101EA0008781022558461BF053F92B4642462146AE
:101EB00019F0D0F8BCE058461BF0CBF904460028D6
:101EC00000F0FB80AA46DDE71EB97E4B1B78002B95
:101ED000E2D00DF13A012046FEF70EF858461BF00D
:101EE000CBF9012838BF0120C3B2059395B3281D53
:101EF0001EF0D1FB804609F002032046069318F03D
:101F0000B4FF21460990814600201EF0D7F8069ABA
:101F1000099B12BBFF2820D1EEF7C6FF6A4A127850
:101F2000824200F032814FF6FF72099B934214D136
:101F3000FDF72CFD002800F028814FF6F773984537
:101F400023D919F097FD11A98146FDF7FBFF002861
:101F5000F7D02EE0BDF83A80CDE74FF6F772904506
:101F600020D8934211D898450FD0194622460AA886
:101F70001EF070F80A980B9913AB03C3BDF830201C
:101F8000022113A81A80FDF73FFE404611A9FDF774
:101F9000D9FF024628B9082111A818F014FF00281B
:101FA00066D0C1464FF6F67209F1FF339BB29342F9
:101FB000C7D8BAF1000F03D1444B1B78002B60D176
:101FC00058461BF0C5F8059B4A460193012321465C
:101FD00000933B46FDF7EAFD4FF6FF7398428046BB
:101FE00000F0D380014600220AA81EF033F80A98B8
:101FF0000B9913AB03C3BDF83020022113A81A803C
:10200000FDF702FE002D3FF44DAF002E40F0D280D0
:1020100045460123C7F3C0074246CDE90163214687
:102020002B4604980397CDF800A019F096FAA8461D
:10203000BAF1000F0FD04FF6FF7398450BD0404612
:102040001EF06CF8FF281FBF214A32F8103023F42D
:10205000804322F81030089B7BB318F02BFF249BA1
:10206000014600934246234607980CF097FF24E070
:102070000822204611A91BF025FF00287FF461AF3C
:102080008FE7002D64D0134B1B68980727D5049B5E
:102090000F2B21D0281D1EF0FEFA02230121CDE9CD
:1020A00001310023C7F3C0070246009321464FF6D3
:1020B000FF730498039719F050FA17B0BDE8F08F3A
:1020C000EB3D0020E03D0020E43D0020E73D002006
:1020D0003E3A002028270020079B012BDAD1281D3B
:1020E0001EF0D9FA80461EF019F8099040461EF0FD
:1020F0008BFB4FF6FF71BDF83A208A4256D042451D
:10210000099B53D1FF2B4AD018461AF033FD784073
:1021100010F0EF0F14BF01230023BDF83A0009931C
:102120001DF0FCFF0690BDF83A001EF06DFB099B08
:1021300066B14FF6FF7CBDF83A10614506D04145C7
:1021400004D0069A0240D2B2FF2AA3D1002BA1D11B
:10215000224649460AA81DF07DFF0A980B9913AB49
:1021600003C3BDF8302058461A801AF0F1FF3A46F2
:102170000146059B13A8FDF7E3FC30B94FF6FF734A
:10218000BDF8548098457FF43DAF4FF6FF789DB180
:102190000126281D1EF07FFA4546804639E7FF28B4
:1021A00004D0069BB3FA83F35B09B6E70023B4E7D8
:1021B0000226EEE70026ECE7012573E60022014B3C
:1021C0001A7670473432002008B50B4B1B78022B6F
:1021D00010D10A4B1B78033B012B0BD9084B187805
:1021E00000F00100FDF780FF0023064AC2E9013339
:1021F000538008BD0020F3E7EB3D0020EC3D0020BC
:10220000E03D00203432002038B5174D2B78033BD9
:10221000012B1CD8154BB3F868204FF6FF739A4278
:1022200015D10320FDF730FA02F0DEFCFFF7CCFFFA
:102230002B78033B012B01D909F01CFA00201DF07B
:1022400045FC78B1BDE83840002018F03ABBFDF7F6
:1022500005FA0446FDF7FCF90146204608F078FC33
:102260000220DFE738BD00BFEC3D002040310020F8
:1022700008B5114A114B58611378032B1BD0D3B109
:10228000332B01D0432B10D10D4B1B78033B012B7B
:1022900005D803231370BDE8084014F02FBC14F0D8
:1022A0002DFCBDE80840FFF7AFBF21231370BDE848
:1022B000084002F08FBA08BDEB3D00203432002008
:1022C000EC3D002038B504461348FDF7AFF8134B3A
:1022D0001B78013B012B1DD8114D5CB92B7823B124
:1022E00040F619402C7014F009FC0024FFF76CFF35
:1022F000204638BDFF2C05D04FF47A710648614363
:102300001DF0D8FD2B78002BEFD1012340F61840AB
:102310002B70E8E70224E9E7D4260020EC3D0020FA
:10232000E03D002038B504460D46FDF7F9F928B127
:102330003DB1204619F06AFA002038BD024B1C70EE
:10234000FAE70220F9E700BF4C3E002038B5114DF6
:1023500004462B78834218BF28700FF0D3FC80B15D
:1023600024B920460FF0C8FC02220DE001200FF036
:10237000C3FC2B781A1F012A05D9062BF4D103229E
:1023800002E0002CF5D10122BDE8384000210846CA
:1023900018F0F9BFEC3D002030B5044685B0684622
:1023A0000D4619F0D4F894B100212846144A19F0CA
:1023B0001EFA144B20681B7861688DF80430124BAC
:1023C0001B788DF8053002AB03C306F0C9FB0F4B39
:1023D00093F8582093F85A308DF803208DF8023086
:1023E00018F085FDADF8000018F064FD1023ADF87D
:1023F0000600072269460020FDF792F805B030BDBF
:1024000000F8FF07243D0020EC3D00204031002073
:1024100010B5144B04461A78134B002083F858204B
:102420001DF054FB10B1002018F04BFA00210846B3
:10243000FFF7B2FF0D4B1B78033B012B0ED80EF0BC
:10244000B3FB2046FCF708FB40F6174014F056FBA0
:102450000023074A1380074A138010BD0BF064FD68
:10246000EFE700BF4A3E002040310020EC3D002055
:102470008A3A0020883A002010B501460446002020
:10248000FBF7A8FC90B10C4B1B78023B032B0FD839
:102490000A4B1C701DF0F2FE60B9094A0949FCF7AD
:1024A00051F8003818BF0120800010BD5520FCE70E
:1024B0000220FAE74D20F8E7EB3D00204A3E0020DD
:1024C000ED5D020811240208F8B506461DF0D6FE9F
:1024D000044668B91DF0FAFA50B1064D204695F849
:1024E000587085F8586018F0ECF910B185F85870FC
:1024F0004D20F8BD403100202DE9F04180461846BE
:10250000033B012B0E46174602D918B121243CE0AB
:10251000FFF71CFF294B1B78012B4CD0284B1D7853
:10252000022D08D0032D46D1B8F1000F03D1254B61
:102530001B689B073FD43320FDF7A6F801F0A2FDEE
:10254000B6F1006F34BF204B052231464FF0060034
:1025500038BF1A78FEF782F9044628BB1B4D287352
:10256000012000F0EDFF18F0C2FC68802846B8F1A9
:10257000000F0DD0022300F8043B19F085F86C73AE
:102580002F613946304614F057FA2046BDE8F081F5
:10259000012300F8043B19F077F86C732F6139467A
:1025A000304614F048FAF0E72846FDF76DF8B8F128
:1025B000000FF4D0E5E70224E7E700BFEC3D002080
:1025C000EB3D002028270020054A0020343200205F
:1025D000034B187818B9034B034A1B78D05C70473B
:1025E000EA3D0020EC3D00208C66040838B5174B0E
:1025F00004461B78033B012B06D8437BDB0703D53E
:1026000090F909000EF01AFA0025114B83F8595081
:102610002079FFF759FFFFF7DBFF61882488034625
:1026200022462846FDF77AFD044620B11720FFF721
:102630001FFE204638BD1723064DC82106486B6192
:102640001DF038FC03232B76F3E700BFEC3D0020A0
:10265000403100203432002040470020F0B51A4DB0
:1026600006460C4693B0A5F8680005F16A0729BB39
:10267000C5F86A10796014F0CDF96A460146002069
:10268000FBF702FFD5F86A30ADF81060CDF81230D4
:102690007B68CDF8163014F0BDF96A46014600207B
:1026A000FCF7A2F94FF6FF73B5F86800984203D023
:1026B00014B1064914F0C3F913B0F0BD082238462E
:1026C0001BF010FCD7E700BF40310020AA310020EA
:1026D0002DE9F041DFF8B8801F4698F80030054634
:1026E0000C4616461BB102252846BDE8F081531E54
:1026F000052BF8D81DF0C2FD0028F4D13B7B032B3D
:1027000014D14FF6FE739C4212D1012E09D0022E35
:10271000E9D118F0CFFB4FF6FB73984203D818F0BD
:10272000C9FB044604E019F0A5F9FAE7012EDAD056
:10273000EDB939462046FFF76BFA05460028D3D19C
:1027400098F80030332B03D0532B1CBF0E4B18616D
:102750003046FFF7FBFD00214FF6FF70FFF77EFFCD
:102760000A4B1B78002BBFD00BF0B2FBBCE7397BC8
:10277000721ECB1E594259415042504107F082FA15
:1027800005460028D5D0AFE734320020064A0020A5
:10279000EB3D00202DE9F84305468846914618F0A8
:1027A00089FB344E04463378033B012B06D86B7B00
:1027B000DB0703D595F909000EF040F92879FFF7FA
:1027C00083FE00216888FFF749FFFDF755F82A4F7F
:1027D00060B14FF6F672631E9BB2934206D919F0B0
:1027E00049F9B7F8683004468342F8D0204618F01B
:1027F0006DFB288818F087FB4946B7F86800C0478A
:10280000044628B91920FFF733FD1920BDE8F883E5
:10281000B7F868101AF0DBFC0023184D87F8593020
:102820002B7803F0FB03022B02D0204618F07FFE2A
:10283000002220461146FFF709F90446A8B11723E4
:102840006B613378042B09D1C8210D481DF032FB90
:1028500003232B7684F00100C0B2D7E74FF4167142
:1028600007481DF027FB0023F3E71720FFF700FDC3
:10287000F0E700BFEC3D0020403100203432002062
:1028800040470020F0B50C461E460B46204907463F
:1028900089B004F1140053F8045B834241F8045BEF
:1028A000F9D11B8802AD0B80D4F80E00D4F81210B9
:1028B000238803C5ADF8103023798DF812208DF8E8
:1028C000133000233A468DF814304FF6FE71012084
:1028D00002ABFFF7FDFEC8B902A8FFF7D5F9237BCD
:1028E0004BB10C4D0C4B01AA29460120019314F069
:1028F00027FD2A781AB92046FFF778FE03E0204624
:102900000199FFF747FF08B9044B1E7009B0F0BDED
:10291000D23A0020343200209FB603084B3E0020FC
:1029200001232DE9F341304E05460F4600202F4983
:102930001446737300F0D2FD0FF09EFBDFF8AC80FD
:1029400038B9012D01D9042D0FD12146384614F094
:10295000C7F8102000210AF013FE00283CD0002008
:1029600002B0BDE8F041FBF799BD002CF1D1204B3E
:102970001B78212B03D0062B01D0532B02D101F061
:1029800029FFE6E7FCF778FF0028E2D000F0D2FD4F
:1029900028B9307BC0F11800FFF76AFCD9E7154B66
:1029A00041462046019300F099FD20B14FF40061AB
:1029B00011481BF065FC01AA0B4998F80C0014F0B3
:1029C000BFFC32781AB90948FFF710FEC1E7019938
:1029D0000648FFF7DFFEBCE7FFF7AEF80028BED1E0
:1029E00002B0BDE8F08100BF34320020D23A0020AE
:1029F000EB3D00209FB603089E6504081FB5144BED
:102A000004461B88DB0707D44FF6FF700021FFF751
:102A100025FE002004B010BD0A2301201A4601A99A
:102A2000FCF77EFD4FF6FF73BDF80C209A42EBD009
:102A30000822FF2101A818F0C6F90028E4D10CB93A
:102A40000120E7E7BDF80C0001A9FFF707FEF7E753
:102A5000EA3A002038B50C46154618F037FA03F06C
:102A6000E5FF29462046FFF7F9FD00F063FD48B178
:102A7000074BDB790E2B28BF0E230133DBB2054A4F
:102A8000137038BD044B1B78013B18BF0123F6E7D8
:102A9000D23A0020633E0020EC3D002038B50022F1
:102AA0000821044618F08FF90546C8B918F002FA53
:102AB0002A464FF6FF71FFF7CDFF2046217CFFF736
:102AC0006BFC6269E189207C18F091FE054B1B7854
:102AD000012B01D107F040FAFFF796FB002038BD2B
:102AE0000120FCE7EC3D002038B5274B04461B785D
:102AF0000BB1022038BD4FF6FF7302899A42F8D01D
:102B00001DF0BCFB0028F4D1204D2B6813F002000F
:102B100007D018F0CFF94FF6FE73984201D118F0A4
:102B2000A9FF2146FFF774F80028E3D12B689B0723
:102B30004CBF02200120FFF709FC0021012007F013
:102B4000A1F80028D6D1124B1B780BB10BF0C0F9BD
:102B500000220821204618F036F958B90D4B2046BE
:102B60001B7823740C4B63610023E381BDE838407C
:102B7000FFF794BF0421204613F052FF0028EDD048
:102B800040F61240B6E700BFEB3D002028270020AA
:102B9000064A00204C3E002000F8FF0770B5264B87
:102BA00005461B780E4613B10224204670BD4FF631
:102BB000FF7302899A42F7D01DF060FB0028F3D121
:102BC00018F078F94FF6FE73984201D118F052FFD1
:102BD0002946FFF71DF804460028E6D1EEB105208E
:102BE000FFF7B4FB0121002007F04CF80446002851
:102BF000DBD102460821284618F0E5F878B90F4BDA
:102C000028461B782B740E4B6B610023EB81FFF77A
:102C100045FF044666B905200BE00620E0E70421E5
:102C2000284613F0FDFE0028E9D040F61244BCE728
:102C30000420FCF729FDB8E7EB3D00204C3E0020C6
:102C400000F8FF0738B51D46FFF742FD0446C8B936
:102C50002B7B2846032B03D1BDE83840FFF71EBF6E
:102C6000FFF712F8084B25469C8118F0E3F8012184
:102C7000064B81401A780620FDF7F0FD044608B1A6
:102C8000034B1D70204638BD34320020054A002019
:102C9000EB3D002030B5012087B0FFF7AFFE6B465B
:102CA0000446144A1068516803C384B905F066FFEE
:102CB00002A818F04CFC4FF6FF752246BDF80E0036
:102CC0002946FFF7C7FEF8F745F907B030BD6B4658
:102CD000094AD2F86A00D2F86E10B2F8685003C3FD
:102CE00005F04CFF02A818F032FC6A46BDF80E0051
:102CF000E6E700BFFC6204084031002073B53A4BA0
:102D000004461B781BB10224204602B070BD1DF0A2
:102D1000B5FA0028F7D100F01DFC14B12288334B1E
:102D20001A8000210DF10700FCF732FD002856D172
:102D300018F09BFC04460028E6D12D4D9DF80700B5
:102D4000FFF704FB2B785A1E012A1FD8FFF7A2FFBA
:102D50002B78033B012B01D801F03AF9FFF754FA25
:102D6000012018F02EF8034600283AD12A78033AB9
:102D7000012AC9D81D4A108810F0020521D0052269
:102D800001201C49FFF7B8FB0446BDE7033B012BBC
:102D900004D82046FFF732FE0028D7D12B78053B18
:102DA000012BB1D8FFF776FFFFF72EFA2B78052B12
:102DB0000CBF04200520FCF767FC012018F001F887
:102DC000E2E70D4E02230B2231460120FCF7A8FB5F
:102DD00033885B0798D5284601F00EF994E717244D
:102DE00092E7044690E700BFEB3D0020EA3A00205E
:102DF000EC3D002000F8FF07863A00207FB5002454
:102E0000184E194D3278E3B29A4201D804B070BD21
:102E10004FF6FF73B5F868209A421AD0134B1B88FF
:102E2000DB0714D5124AB5F8683010685168ADF860
:102E30000C3001AB03C30A2300201A4601A9FCF79A
:102E40006FFB02230B2200200A49FCF769FB0134C7
:102E5000D8E700220821064817F0B5FF0028F6D170
:102E6000DCE700BFDD49002040310020EA3A0020C5
:102E7000AA310020863A002010B501F003F902F0D3
:102E80007FF8D8B10E48FCF7D1FA0E480E4C017A03
:102E90000E30FFF781FA23781BB100F0FDFA002312
:102EA00023700022094B1A73FFF7AEF908F0FAFD00
:102EB00001F072F9BDE81040FFF7A0BF10BD00BFE0
:102EC00040470020D23A00204B3E00203432002000
:102ED00010B51B48FCF7AAFA02F052F830B1194BB2
:102EE0001B781BB9BDE81040FFF7C6BF02F048F8D9
:102EF00078B1154C237E83B1C82111481CF0DAFF4C
:102F00000021237E0846013B2376BDE81040FBF7F5
:102F10002FBBFCF7B1FC0028EBD1FCF7ADFC38B9B6
:102F20000A4B1B78112B03D003F0FD03412B05D175
:102F3000BDE81040044B5869FFF79AB910BD00BFB7
:102F400040470020E73D002034320020EB3D0020C8
:102F50002DE9F04F0F4685B002AD044629463846AC
:102F600091461AF0CAFA4FF0000B82463846CDF867
:102F700004B01AF0F5F94678022C804606F00206F5
:102F800009D85CB1FCF778FC0446002848D1754BA1
:102F900001241B7865E0043C022C3AD9FCF76CFC58
:102FA00038461AF056F900240546A046DFF8D8A1A5
:102FB00038461AF0D5F950F809300DF105000193A3
:102FC0001DF069FB9DF807B00746B8F1000F4DD121
:102FD000BBF1000F5BD0DFF88C9199F800300BB19A
:102FE000002E63D0002C61D05F4B1B78022B5DD18B
:102FF000BBF1000F53D1384617F068FF58465946C9
:10300000FFF7CAF908F04EFD40F6074013F076FDD1
:1030100034E018F0DAFAFCF72FFC0446F8B15C460D
:103020004EB1524B1B78012B02D0043B012B0BD825
:1030300005B0BDE8F08F4B4B1B782BB14B4B1B7889
:1030400003F0FB03022BF3D0BAF1000F404608BF98
:1030500000251AF045FA4FF001088246A8E7414BD7
:103060001B78002BF0D0002EEED1E1E7BAF1000F73
:10307000AED05046FCF7FCFF0028A9D100201CF080
:1030800025FD0028D4D0002017F01BFCD0E74FF618
:10309000F7739F429FD91720FFF7EAF8EEE7FCF796
:1030A000EBFB48B13248FCF7C1F9F4E7FCF7E4FB6D
:1030B00010B1BBF1000FF5D1FCF7DEFB0028DDD02D
:1030C0002846FDF713FEFF28DFF89CA0294C03D00B
:1030D0009AF80030012B04D12946B4F86800FDF7B6
:1030E0007FFFFEF761F82A463846B4F86810FFF70C
:1030F000B1FC214B214A93F906301B0213809AF848
:103100000030012B19D0312B14BF432311238AF82F
:1031100000301B4B164819681CF0CCFE00F058FF1D
:103120000023124C99F80010237641B910481CF086
:10313000C1FE40F61B436361A0E71123E7E7B8F146
:10314000000F03D016B1FFF797FEF2E70D4B1B7887
:10315000042BEED1052106481CF0ACFE0923237692
:10316000E7E700BFE73D0020EB3D002034320020C0
:103170004047002040310020D23A0020E83A0020A9
:1031800060470020EC3D0020373E00202DE9F04351
:10319000084693B00D461AF0E3F809220021804654
:1031A0001CF0DCFC044628461AF053F805220746BA
:1031B0000DF1090328460AA90DF060FF0228814697
:1031C0001CD09DF8093029461C44E4B204F11002D9
:1031D00000230120D2B218F8046013F00BFA68B192
:1031E000072E09D856B1013E062E07D8DFE806F0B3
:1031F0000918068A062541007C2E45D013B0BDE88B
:10320000F0835B4B1B78013B012BF7D8284619F064
:103210009FFF00232A461946009418F0DAF9EDE7DB
:10322000544B1B78012BE9D1534B18780028E5D17A
:1032300022462946FFF78CFEE0E74D4B1B78013B09
:10324000012BDBD838460AF0E9F84FF6FF739842B5
:10325000044606D0284619F07BFF2246394617F06F
:10326000E8FE444B1B78022BC8D1384613F036FCDD
:10327000C4E73F4B1B78013B012BBFD8494628468A
:103280000AAA00F079F9B9E7394B1B78013B012B09
:10329000B4D8A04498F8012098F80230652AADD13E
:1032A0006D2BABD128461CF035FD1334E4B28442BB
:1032B000A4D20822394603A81AF014FE2146284653
:1032C0000DF10A021AF064F8002897D1BDF80A300F
:1032D000002B93D005A809F0B9FB0123274DBDF8B9
:1032E0000A002B701CF016FD0446BDF80A001CF005
:1032F000F5FCE2B2034605A903A813F0A9FB0023DD
:103300002B707BE71A4B1B78013B012B3FF676AF06
:103310000622002140461CF021FC40441DF0BBF970
:103320000746FCF701FB044600287FF467AF2846F8
:1033300019F009FFC3047FF561AF46F204030121D0
:10334000ADF8143038460223CDE9004405AA1AF03E
:103350006EF8064600283FF451AF394619F037FFA2
:10336000284619F0F5FE22463146FCF7F9FE45E7FE
:10337000EC3D0020EB3D0020343200207E3E00205A
:1033800008B5084B187050B1074B1B883BB14FF480
:103390007A71064859431CF08DFD002008BD0120BC
:1033A000FCE700BFDE3D0020A0490020D42500201E
:1033B000014B1878704700BFDE3D002008B5FCF7D0
:1033C00035F80022014B1A7008BD00BFDE3D002019
:1033D000022881BF4FF47A735843034B18608CBFA7
:1033E00000202120704700BF60470020014B187863
:1033F000704700BF4D3E0020014B1870704700BF62
:103400004D3E0020034B18684FF47A73B0FBF3F085
:10341000C0B270476047002010B50B4B0B4AB3F9A0
:10342000004092F9001053884CB1B1EB242F06DD17
:1034300043F04003538001704380002010BD23F00F
:1034400040039BB2F6E700BFE83A0020A249002003
:1034500007B5074B8DF8070018700D2201230020D7
:103460000DF10701FCF75CF803B05DF804FB00BF49
:10347000A249002038B5074D044695F9003090F96F
:103480000000834201D0FFF7E3FF638800206B80D8
:1034900038BD00BFA249002010B50024044B0548E8
:1034A0001C80054B1C70FBF7C1FF204610BD00BF00
:1034B000EC3A002064470020573E002008B503483E
:1034C000FBF7B4FFBDE80840FFF7E6BF6447002004
:1034D0000148FBF781BC00BFEC3A0020F7B5134B65
:1034E00004461B780E46EBB183421DD900211048DB
:1034F0001DF0EBF8002501460D4F09B9012009E048
:10350000A54209D1002416232246304600941DF01E
:103510000AF9204603B0F0BD38461DF0FAF801352F
:103520000146EAE71820F5E72720F3E7573E002099
:10353000EC3A0020014B1878704700BF573E00203E
:1035400025289DBF024B187000202120704700BF26
:10355000084A0020012307B518460D220DF1070186
:10356000FBF7DEFF9DF80720024B1A7003B05DF8F1
:1035700004FB00BFA2490020F8B507460E461446DA
:1035800019F067FE1A4B05461B78022B2FD11948FC
:103590001DF0EFF858BB28460DF088FC38B32246E2
:1035A000314638460DF0A2FC08B313F037FA044652
:1035B000384619F0CDFD104B012E1A784FF00F034D
:1035C00003FA02F39BB2B4FBF3F203FB124404F1DF
:1035D0000104A1B206D1094B094A1E702B68136081
:1035E0006B6853600348BDE8F8401CF063BCF8BD4D
:1035F000EB3D0020F4260020074A0020563E002024
:103600004E3E002084B010B502AC84E80F000822C2
:1036100027480DF11601089C1AF054FC08BB9DF8D0
:1036200015309A0705D4234B1B7803F0FD03312B8B
:103630001DD121496378097803F00F028A4203D033
:10364000012922D1022A12D1227882B91B09022B28
:103650000DD11A4BA0781B78022B1AD1C0F3800031
:1036600006E000220821124817F0ADFB20B9002027
:10367000BDE8104004B07047114BBDF808205B88CE
:103680009A42CCD0002BCAD0F1E70229EFD1012A0F
:10369000D9E7030609D40B4BB3F86820BDF80A300C
:1036A0009A42E4D1FEF750FBE2E70120E0E700BFD9
:1036B00038320020EB3D0020243D0020EC3D00206E
:1036C0003432002040310020284BF0B55D880023C3
:1036D00087B08DF80830264B0DF10B001B7805F0F4
:1036E000010743F020038DF8093017F0CDFF6FF08C
:1036F0007F43ADF813308DF8153018F06DF81D4B81
:103700008DF816001B7805F01006DB00DCB2EDF733
:10371000CBFB194B1B7883422CBF44F0040344F0CD
:1037200084032FB1A9061ED426B143F0020301E0A1
:10373000AA07F9D4002108468DF80A301CF042FB94
:10374000ADF8060058B101230F2202A90DF10600C1
:10375000FBF786FD18B90DF1060013F0EEFDBDF87C
:10376000060007B0F0BD43F00103DDE7A2490020E9
:10377000243D0020633E0020E43D00201FB50C4A9C
:1037800001AB10685168127A03C3002109201A7036
:103790001CF018FB044640B11CF0A0FA034601AA35
:1037A00003CA1278186059601A72204604B010BD1E
:1037B000AC65040810B5FBF739FE0A4B1B78022BE9
:1037C0000CD1094B1B78033B012B07D9074C207800
:1037D00028B1002019F0BDFF0023237010BD17F0A1
:1037E000FEFBF9E7EB3D0020EC3D0020563E0020BB
:1037F00084B02DE9F04788B010AC84E80F00DFF802
:1038000024A1454BBAF802209DF8459012F0010E14
:103810009DF94A409DF85D809DF95E109DF86050CD
:103820009DF962609DF946C09DF848701B7834D0C0
:103830009DF86500C0F34002C0F38000002B48D023
:10384000364B1B78022B09D1B44242DB23D1E81B53
:10385000C0B280288CBF0020012015E0304B1B78BF
:10386000012B00D1BAB178B19AF800301E335BB2A7
:103870009942D4BF002101219C45D4BF00230123DC
:103880008B4206D1B442E1DA08B0BDE8F04704B09B
:1038900070470846F8E70020F6E7920718D5C3B14D
:1038A000760814BF01200020640814BF0123002300
:1038B0008342E9D1EB1BDBB2802B0AD9BD42EAD1AE
:1038C0008C4506DB25D1C1452CBF00200120DBE75C
:1038D0000BB90120D8E7BD4204D18C45F9DB01D1F9
:1038E000C145F6D302AC16AE0FCE0FC496E8030066
:1038F00044F8040B2180DDE9140110AB0090ADF811
:1039000004100FCB13F013FD0028E2D1BD429ED16D
:10391000BAE77046B8E700BF573E0020EC3D0020F4
:10392000EB3D0020A249002084B02DE9F04F8FB07C
:103930006A4E18AC08AD84E80F0016220021284614
:103940001AF0EAFA33783BB90024654B32781B78D9
:103950009A4239D2002726E0002162481CF0B5FEC9
:1039600000270446B846DFF87C91002C45D13FB1D2
:10397000224639465B4817F046F83378013B3370EE
:103980003378002BE0D0002156484FF000091CF09E
:103990009CFE4F468046CA46DFF848B1B8F1000F9A
:1039A0006CD1002FD1D01621002218A816F0B1FF3B
:1039B000014648B1002F00F08B802246494816F09E
:1039C000C8FF337801333370454B32781B789A4205
:1039D00007D944480022018817F015F83378013BD5
:1039E00033703378012B03D13F4940481CF062FA11
:1039F0000FB0BDE8F04F04B07047002221461623F7
:103A00002846CDF800801CF08EFE1622294618A804
:103A10001AF058FA0028EBD09DF864209DF8243065
:103A20009A4225D1BDF86020BDF820309A421FD1BE
:103A300008220DF12E010DF16E001AF043FAB8B90B
:103A400002AF0DF1600CBCE80F000FC79CE803004B
:103A500047F8040B39800EAB13E903000090ADF872
:103A6000041095E80F00FFF7C3FE0028C0D02746DA
:103A7000214648461CF04DFE044676E716230022F8
:103A800041462846CDF800A01CF04DFE02AF0DF1D6
:103A9000600CBCE80F000FC79CE8030047F8040B5C
:103AA00039800EAB13E903000090ADF8041095E8DF
:103AB0000F00FFF79DFE074620B1B9F1000F04BFCC
:103AC00044468146414658461CF023FE804665E741
:103AD0003A4604481CF0FFFD73E700BF573E002044
:103AE000084A0020EC3A002020BF02006447002072
:103AF0002DE9F04F002104469FB00DF14008162239
:103B000040460E91CDE90C11CDF83B101AF004FAA5
:103B1000052220460DF11F0316A90DF0AFFA022869
:103B2000074600F0F680204619F01AFC06461CF005
:103B3000B2FD8146F01C1CF0AEFDADF84000701DDA
:103B40001CF0A9FD012FADF84200204640F0E480B2
:103B500019F006FC054620461CF0C0F80D352D1A5C
:103B6000434621460820EAB212F044FD002800F046
:103B7000D080204619F0F9FB012F83469DF84D3087
:103B800040F0E38000252F4643F001038DF84D30CF
:103B900016AE3388022B4DD1F17820460231FBF767
:103BA00003FC1B2846D1F17820460331FBF7FCFBD0
:103BB00019283FD1F17820460431FBF7F5FB4A285C
:103BC00038D14FF0050AF178204601315144FBF716
:103BD000EBFBF178059051442046FBF7E5FB059B94
:103BE00000EB032083B200F03F02932B059240F0DC
:103BF0009B800023F778214602375744FFB23A46AC
:103C000000930CA80F231CF08EFD07F10F01204636
:103C100016F0C0FF07F111010546204616F0BAFF65
:103C2000ADF84200059B023353445FFA83FA3379BF
:103C30005345C8D806360DF17603B342A9D19DF895
:103C40004D20C5F3C03363F3410220468DF84D206B
:103C500019F01DFB8DF84400204619F00DFB8DF87E
:103C60004500204619F00DFB9DF83230BBF1190FCD
:103C7000C3F3C3028DF84720DDF833208DF84600EA
:103C8000CDF84E20DDF83720CDF8522094BF002229
:103C90009DF83E208DF8482003F003028DF84A205D
:103CA0006E4A1278022A9DF84D200CBFC3F38003A0
:103CB000DB0963F382026A4B8DF84D201B78022BDF
:103CC00057D1BDF8406017F012F9864251D108A8CB
:103CD00017F0DAFCBBF1190F48D908220DF14E019B
:103CE00008A81AF0EFF800283DD1B9F5004F02D02E
:103CF000B9F5624F0DD140F6FF7325F440459D4262
:103D000007D1002208210DF14E0017F05CF80028C1
:103D10003FD01FB0BDE8F08F19F022FB05462046CA
:103D20001BF0DCFF07351AE7412B7FF47BAFF178FE
:103D3000204602315144FBF737FB4A4B1B78C3F155
:103D4000B30318448DF849006CE76FF30003F01DCE
:103D50008DF84D301CF09FFC0CA90546204617F04D
:103D6000E1FC0B276BE700F0F3FFBEE700F0F0FF8C
:103D7000CFE7B9F5004F02D0B9F5624FC9D140F68F
:103D8000FF7325F440459D42C3D1BBF1190FC0D943
:103D9000B7E7BBF11A0F06D007F11F0142462046D4
:103DA000C9B213F0CCFA304C304D637BDBB12B78C9
:103DB000012B1DD1012323730CAB029314AC94E8A7
:103DC00003000090ADF8041098E80F00FFF71AFC0C
:103DD00090B194E803000090ADF8041098E80F004B
:103DE000FFF7A2FD08E0FBF747FD0028DFD0E1E781
:103DF00003F0FD03042BDDD02B78012B01D0042B25
:103E000087D11B4BDDF84E001B78DDF852108DF882
:103E10002230BDF84030ADF820309DF84D30C3F36E
:103E200040038DF823309DF8313003F00F038DF8F7
:103E30002C309DF848308DF82D3009AB03C30D4B65
:103E40001B681BB1414608A8984762E79DF94620C8
:103E50009DF8451008A812F03FFE5AE7EC3D0020FF
:103E6000EB3D00205E3E002034320020423E002028
:103E70005D3E0020243200202DE9F043424B434CAC
:103E80001B7885B0033B012B22D81CF0FFFA237866
:103E9000022B31D13E4A1468A0422DD03D4910601A
:103EA0000A68121B10443C4A0860127872B1013A49
:103EB00093403C2253434FF47A72534398421BD9A8
:103EC000032005B0BDE8F043FBF7DEBB0A23F2E7B1
:103ED0001CF0DCFA2378022B0ED12D4A1568A8427B
:103EE0000AD00027DFF8BC802C4E1060451B98F8E4
:103EF0000030FCB2A34202D805B0BDE8F08356F80A
:103F0000243020462B4446F824301CF05FF9C307C8
:103F10004FF0000910D5204609F0C0FA70B156F8EC
:103F20002430242B08D9102200232046CDF80090FD
:103F300009F0CEFA46F824900137D8E7184B1B5DFC
:103F400013F00F031FBF03F1FF32022393403C2203
:103F50000CBF0A2353434FF47A72534356F824207C
:103F60009A42E9D9204609F029FA02A918F09BFDE6
:103F700028B1204609F022FA02A912F061FD20467C
:103F800018F050FED8E700BFEC3D0020EB3D0020CC
:103F9000202700201C270020C94900205025002090
:103FA000293D0020E3490020064B1B88DB0708D58C
:103FB0000022054B43F82020044A135C63F00F03F2
:103FC00013547047EE3A002050250020293D002070
:103FD00008B51CF05BFA0022024B1860024B1A6015
:103FE00008BD00BF202700201C270020014B1868B7
:103FF000704700BF1C27002008B50C48FBF716FAD5
:10400000FBF796FB80B10A4B0322B3F8681001203E
:104010000CF0DAFC4FF47A71064B04481B885943C4
:10402000BDE808401BF046BF08BD00BF8447002024
:104030004031002082490020014B18800020704749
:10404000A6490020044A054B1870138823F0030387
:104050001843108000207047EE3A0020CA49002023
:10406000024B188800F00300704700BFEE3A0020B2
:10407000034B1888C0F30E00003818BF01207047AA
:10408000863A002008B5FFF7F3FF30B1002004495D
:1040900002230B220880FBF743FA002008BD00BF73
:1040A000863A0020024B1888C0F30E00704700BF0C
:1040B000863A00200023084A01201370074A084965
:1040C0001370084B084A1B7843F004031380022343
:1040D0000B22FBF725BA00BF5A3E0020593E0020B4
:1040E000863A0020CA490020EE3A002013B5144653
:1040F0008DF80710CAB9CAB20E2A16D80D4B1B8804
:104100001341DB0711D51CF009F8FF2801460ED03A
:104110009DF80720084B1A5401231C200DF10702BB
:1041200011F0CBFF204602B010BD0124FAE70224B3
:10413000F8E700BFA6490020293D002030B5012145
:1041400000240B2385B0104D019400918DF80C30A4
:104150008DF80D000323B5F8680003AA8DF80E4012
:1041600019F065F968B1B5F8681017F0E3FB40B1D4
:104170000522064B64211A70054B06481C701BF083
:1041800099FE05B030BD00BF40310020593E0020EF
:104190005A3E0020A4470020064B1B78033B012B0E
:1041A00006D8054B1B781BB9044B1878FFF7C6BF20
:1041B000704700BFEC3D0020583E0020C949002058
:1041C00010B51548FBF732F9144B1978F9B9144AB0
:1041D00013787BB1013B1370124B1B78042B02D177
:1041E0000846FAF7C5F9BDE810404FF496710A4841
:1041F0001BF060BE0C4A128802F00302022A0AD1A8
:10420000BDE81040032201200849FEF775B9BDE85A
:104210001040FFF7C1BF10BDA44700205A3E002048
:10422000593E0020EC3D0020863A002000F8FF07B0
:104230001FB50C238DF80C300B4B0C461B8801214D
:1042400023F004038DF80E3000238DF80D00CDE926
:1042500000132046032303AA19F0E9F810B1214600
:1042600017F068FB04B010BDEE3A0020F8B5064622
:1042700018F0D9FF0546304619F0FDF8411C0446F8
:1042800089B23046FBF790F802340746A1B23046B7
:10429000FBF78AF8394602462846FFF727FF02282F
:1042A00016D02946FFF7C4FF0A4B1B8803F003030F
:1042B000022B0DD128461BF031FFFF2808D0002229
:1042C000054B43F82020054A135C63F00F03135499
:1042D000F8BD00BFEE3A002050250020293D002007
:1042E000084B1A785AB10223013A93404EF66022E5
:1042F000534303210448B3FBF1F11BF0DBBD42F251
:104300001073F6E7C9490020A447002070B50546A0
:104310001748FBF78BF80122164B28461A7019F044
:10432000AAF8411C044689B22846FBF73DF8A11CB7
:10433000064689B22846FBF737F80F4C0223208047
:104340000B2221460020FBF7EBF886B9238803F007
:104350000303022B03D1FFF73BFEFFF7C1FF2388C6
:104360005B0704D5BDE870400448FFF745BE70BD4B
:10437000A44700205A3E0020863A002084470020AF
:104380002DE9F043204C89B02388002B35D01F4DF8
:1043900000214FF4807009F05BFB2B78DB072AD5F6
:1043A000012120881BF0D2FC0646208818F0D8FF97
:1043B00002301CF070F905A98046208819F038F900
:1043C0002B78304613F0020F114B40F60247B3F83A
:1043D000009018BF00271BF09DFC054630461BF0DF
:1043E0007DFCEDB20290424606213846CDE90095AB
:1043F00005AB12F063FB00232380064809B0BDE83B
:10440000F043FBF713B800BFF63A00205B3E0020F4
:10441000F23A0020C44700202DE9F047304F804693
:104420003D880E4614469946ADB3104618F0A6FED8
:10443000B0F5006F2FD1204618F0B3FE82461BF076
:104440006DFEFF2827D02EB1264A32F810302B43BC
:1044500022F81030B5F5007F36D0B5F5806F33D037
:10446000B5F5807F17D1204B1B88A3421CD14FF696
:10447000FF718A450FD0204618F0A9FE284609F0A2
:1044800015FB50B91948FFF77BFF0023184A13802A
:10449000184A3B801370BDE8F0870220002109F024
:1044A0006FF80028EED1F0E7114D2B88A342F2D12E
:1044B0004FF6FF718A45EED024B1204618F087FEF2
:1044C00000232B800023E3E700230A4A3B8013707C
:1044D00031464B4622464046BDE8F04716F04BBFFA
:1044E000F03A00203E3A0020F63A0020C44700206F
:1044F000F43A0020473E002010B51BF00FFEFF28C5
:10450000044601D1172010BD1BF060FEC107F9D58C
:1045100020461BF05BFE820700F00203F2D4044940
:10452000184631F8142042F0100221F81420EAE76E
:104530003E3A002010B51BF0F1FDFF28044601D1E2
:10454000172010BD1BF042FEC107F9D520461BF015
:104550003DFE820700F00203F2D40449184631F808
:10456000142022F0100221F81420EAE73E3A00203D
:1045700010B504460C48FFF703FF01214FF480708B
:1045800009F066FA78B10022084B1C80084B1A70BB
:104590000BF002FFBDE81040064B1880064B0248A6
:1045A00019881BF087BC10BDC4470020F63A0020D4
:1045B0005B3E0020F23A002084490020044A137830
:1045C00018B943F001031370704743F00303FAE78F
:1045D0005B3E00202DE9F04FDFF84C9187B099F851
:1045E0000060002E40F08C80DFF840B1DFF840A181
:1045F0009BF80030F4B2A34207D80022424B1A8045
:1046000007B0BDE8F04FFDF7C1BA20463AF81450A4
:1046100008F044FF8046002860D0204608F0CEFE17
:1046200015F40071074645D001464FF6FF720E2083
:1046300017F0A3FA0546002850D0394618F0C7FDF8
:104640004FF400730027304E204633803AF8142090
:1046500022EA03032AF8143010220023009708F0FE
:1046600037FF2A4B1B88DB0707D5294B294A43F81C
:104670002470135D63F00F0313551820002160436D
:10468000254B264C0093019101232A46205CF9F723
:1046900093FF002814BF0123002389F8003005D1BF
:1046A0003388B3F5807F01D11D4B1880404607B099
:1046B000BDE8F08F680513D5059117F0DBF90122ED
:1046C00005990346009207203A46CDE90111FDF70E
:1046D0007FFB4FF480630546002DB3D1013687E799
:1046E000104B18880028F9D0EA05F7D5394618F09C
:1046F0006EFD0C4B1D880A4B1D804FF48073EBE759
:104700004FF00008D2E700BFF03A0020EE3A002058
:1047100050250020293D002019440208581000208F
:10472000F43A0020F63A0020473E0020E3490020FA
:104730003E3A0020042230B501F0400387B0002B40
:10474000054614BF012400248DF80C208DF80D10AF
:1047500004D004A918F0A7F938B304ABCDE900439D
:1047600001210223284603AA18F061FE0446F0B195
:10477000104B1B78033B012B04D80F4BB3F8681088
:1047800018F025FD4FF6F7739D4209D93222022118
:104790002046FDF75BF980F00100C0B207B030BDE4
:1047A0002946204617F0C6F8F5E70120F6E719205C
:1047B000F4E700BFEC3D00204031002010B1034B76
:1047C0001B880380024B1878704700BFA84900205F
:1047D0005C3E002010B5FFF755FC05F003F816F01D
:1047E000A4FE002018F05AF91BF048FD08B116F09D
:1047F000BAFD204C2378532B12D1032323700023BE
:10480000FF2219460120FDF777FE00201BF05EF91C
:1048100010B1002016F055F8BDE810400CF0C4B9F6
:10482000062B01D0212BF0D1012016F0FFFE4FF610
:10483000FE7016F04BFB4FF6FF7016F064FB002085
:10484000FDF740FD0020FDF781FDFDF7BDFC00F008
:104850007DFB0DF061FD2378212B02D1FDF784FA59
:10486000D3E70020FAF710FF00214FF4004017F0C3
:10487000BFFECAE7EB3D002010B50A4C0A48FAF724
:10488000D5FD2378062B02D1012016F0CFFE237828
:10489000062B01D0532B03D1BDE81040FFF79ABF80
:1048A00010BD00BFEB3D0020E44700202DE9F84F8C
:1048B000DFF8CC8004460E461746FFF7E3FB98F876
:1048C000005015B90220BDE8F88F212DFAD0DFF88D
:1048D000B49099F80030012B01D1A306F2D42748F7
:1048E0001BF047FF0028EDD114F020043946304674
:1048F000DFF894B0DFF894A005F00F051BD012F09C
:104900009DF8012D8BF80070AAF8006033D12123A7
:1049100088F80030FFF75EFF0020D4E7212388F8F5
:104920000030FFF757FF00214FF6FE70FDF796FEAF
:10493000FEF764FAF0E712F080F8012D8BF80070B2
:10494000AAF80060EAD0062321464FF6FD7088F8E9
:104950000030FFF7EFFE40F6020240F2262199F800
:1049600000300648033B012B88BF11461BF0A2FA1A
:10497000002CD1D1D7E75323E6E700BFE44700205E
:10498000EB3D0020EC3D00205C3E0020A8490020CB
:104990002DE9FF410F460546511C3846FAF704FD44
:1049A0000446384618F0DCFC064602301BF073FE65
:1049B000424B80461B7804F04002022B02D0043B9D
:1049C000012B06D83E4B1B68580205D5A10603D41F
:1049D00052B304B0BDE8F08132B33A4A1278D11E26
:1049E000012917D8384BB3F86830AB42F1D173784E
:1049F000180714D5304618F073FDFBF739FB002873
:104A0000E7D00122294604F0200004B0BDE8F041BF
:104A1000FFF74CBF022ADCD1DF01DAD4E7E716F05A
:104A200049FA4045D5D1ECE7264B1B78013B012BD9
:104A3000CFD87378D906CCD502A9384618F05DFDD9
:104A4000002002A91BF03AFBFF2806460BD0A20665
:104A500001D416F092FE304608F0B0FC04F0E4FEFB
:104A6000304618F0DFF828461BF0CEFEFF280DD0A8
:104A7000FCF78CF914F0200608D116F01BFA28B1C7
:104A800033460222284602A906F002F816F012FA6E
:104A900000289ED1A3069CD402A94FF6FF730222E0
:104AA000284611F083FD4FF6FF7203460092284618
:104AB000022202A912F02AF88BE700BFEB3D00208A
:104AC00028270020EC3D00204031002038B5044666
:104AD0000D461BF023FBFF28034615D00B4A127826
:104AE00042B10B4A32F81020520403D518F09AF85C
:104AF000002038BD184616F040FE204645F0400123
:104B0000BDE83840FFF716BE0120F2E7E73D002080
:104B10003E3A002038B50D4B05461B780C46022B5B
:104B200001D0022038BD16F0C5F9A842F9D0E40939
:104B3000640121462846FFF7C9FF0028F2D0284625
:104B400044F04001BDE83840FFF7F4BDEB3D0020E4
:104B500038B5054618F004FC0446284618F08BFCCE
:104B6000411C89B22846FAF71FFC42060DD563782E
:104B70001B070FD5204618F0B3FC014600201BF0A0
:104B80009DFABDE8384018F04DB80348BDE83840FC
:104B9000FFF772BE38BD00BFE447002038B54FF6BE
:104BA000FF75A842044617D016F0A1F9A04213D011
:104BB0004FF6FD72094B198891420DD9084A1288A7
:104BC000AA4201D0A24207D11C804FF47A71BDE8FD
:104BD000384004481BF06EB938BD00BF8C49002036
:104BE000AA490020B426002008B50448FAF71EFCA4
:104BF0004FF6FF72024B1A8008BD00BFB42600209A
:104C00008C490020024A13780BB1013B13707047A6
:104C1000DA3D002008B516F076F900214FF6FF7254
:104C2000054B08461A80FDF7B7FBBDE8084040F683
:104C3000164011F063BF00BF8C49002008B5FAF799
:104C4000F5FB0A4B1B78023B032B08D84FF6FE738B
:104C5000074A108898424FF6FF7301D1138008BDB0
:104C60009842FCD0BDE80840FFF7D4BFEB3D0020E0
:104C70008C49002010B5084B1B78042B0AD016F085
:104C800019F900210446084616F092FD231A5842ED
:104C9000584110BD0020FCE7EC3D0020F0B5002697
:104CA00089B00546CDE90566ADF81C6018F0E3FB58
:104CB0000A23024604462946009605A81BF033FD48
:104CC0009DF815309DF814701F2B27D803A816F0F7
:104CD000DBFC08220DF1160103A819F0F3F80646D3
:104CE000E0B9092F1CD1FFF7C5FFB8B1144B1B78F1
:104CF000A3B1144B1A884FF6FD739A420ED9124C89
:104D0000124A23780433DBB223701278013AB3EBF2
:104D1000820F03DD58B211F00FFE267009B0F0BD0E
:104D20000A34E4B221462846FAF73EFB16F06EFD3F
:104D3000611C284615F02EFFFFF730FFEEE700BF9D
:104D4000E54900208C490020DA3D0020C8490020B8
:104D500038B5134B1B78033B012B20D9114B4FF671
:104D6000FF711B78ABB1104D2B888B4217D116F019
:104D7000BEF84EF6602104460C481BF09BF84FF637
:104D8000FE7322462B800021BDE83840092016F032
:104D90004BBD074A13888B421CBF0133138038BDBB
:104DA000EC3D0020E54900208C490020B42600207D
:104DB000803A002010B5044661B1FF2118F071FA65
:104DC0000021204618F073FA15F058FD01462046E0
:104DD00018F073FA2146BDE81040002201481BF08C
:104DE0007ABC00BFFA3A00202DE9F0410D46174683
:104DF000044618F0B5FA06782846FAF795FD2946D4
:104E00008046204618F0E3F916F054F8A84206D17F
:104E100020460121FFF7CEFF0120BDE8F0812846A2
:104E2000B8F1000F0AD0FAF70DFE50B9144B3A460C
:104E30002046BDE8F0411978FCF708BE17F058FE8F
:104E4000F3E706F00306012E08D016F033F800232E
:104E50002246294602F056FF0028D9D1204618F0F4
:104E600072F9430505D52046BDE8F041002116F052
:104E7000F3B9204617F00FFEB0FA80F04009CCE7F6
:104E8000C649002010B586B0044618F0F4FA104B5D
:104E90000246186819790290D3F805005B7A01324E
:104EA0008DF8143000238DF80C10049021460093E7
:104EB00092B2052304A81BF036FC052204A902A81F
:104EC00019F000F8B0FA80F0400906B010BD00BF3C
:104ED000B565040808B50748FAF7A8FA064B1B7829
:104EE000033B012B05D8BDE8084000210846F9F72F
:104EF0003FBB08BD04480020EC3D002008B5114828
:104F000015F0F2FE104B1B78012B06D8FF2009F09C
:104F10008BFCFCF74BFC08F01FFDFBF79BFF02F03E
:104F2000A3F9FFF7C7F818F0B9FC0CF05BFAFCF72F
:104F30000BFE0BF0B1FAF5F769F9BDE8084003F094
:104F4000CFB900BF08320020C749002008B5ECF7F0
:104F50000FF9FF2803D0094B1B78012B06D900203D
:104F600009F062FCFCF722FC08F0F6FCFBF772FF8C
:104F700002F07AF9BDE8084003F0B2B9C749002051
:104F8000064B1878112806D000F0FD00A0F141036F
:104F90005842584170470120704700BFEB3D002048
:104FA0002DE9F0410446FCF7A9FB18B10026304674
:104FB000BDE8F0811D4B1B78033B012B09D81C4B2E
:104FC000B3F868104FF6FF739942EFD0204618F0FF
:104FD000FEF8184B022120461A88FCF737FD0646DA
:104FE0000028E3D0204618F0BBF990F8078005466A
:104FF00004301BF050FB074615F05CFF41460246AB
:105000003846FCF793FBA81C1BF045FB4FF6FF73DB
:10501000984202D12046FFF7ABFA2B789B07C6D106
:1050200001212046FFF7C6FEC1E700BFEC3D00208E
:1050300040310020F83A00202DE9F04F002585B0DE
:105040000746039518F08CF9064604301BF023FB45
:105050008046B01C1BF01FFB33780446404600938B
:105060001BF05CF882464046FAF75EFC3378BAF1F2
:10507000FF0F0CBF83464FF0010B9A070AD115F0C2
:1050800019FF404514BFD9464FF00109B3791BB948
:105090000320B8E0A946F9E715F00CFFA04205D1BE
:1050A00015F008FF0446994B1B7836E0984B1B78A7
:1050B000052BF8D0033B012B03D8964BB3F868407F
:1050C000F1E720461BF0BDFB737840B313F00402F8
:1050D000DFF838820BD198F800301A442146384660
:1050E000D2B2FFF781FE0028D2D000208BE03846F4
:1050F00018F083F9014605463846FAF755F9421C7F
:1051000052002946384602F0FE0216F0D3FB7378AF
:1051100023F00403737098F800300022DDE75B078A
:1051200026D5384618F069F9014606463846FAF79A
:105130003BF9824606F101091FFA89F949463846CA
:10514000FAF732F9DFF8C481BAF1000F01D0FF2875
:1051500005D1002249463846FAF73AF9DBE7B11C97
:1051600001EB4001C9B2384615F014FD0446D2E700
:10517000204603AA02A917F061FE0546B9F1000F07
:1051800049D0009B03F0C003802B0ED1FF232046A3
:105190008DF809300CF03EF9FF281BD00DF1090203
:1051A0000DF10A010CF036FB14E0402B33D19DF8D1
:1051B000083083B3FF2320468DF809300CF02AF91C
:1051C000FF2807D00DF109020DF10A010CF022FBB6
:1051D0002D281BD13378404603F03F0333701BF07A
:1051E00030FB10B915F066FE80464246002120468D
:1051F00008F0DEFE00283FF44BAFC82207213846F6
:105200000BF082F9012005B0BDE8F08F9DF8093060
:10521000FF2BDFD12546039838B99DF80820002AD6
:1052200062D13A4B2C461B7857E709F0C1FA039A32
:10523000FF280346127908D1CDE900204FF4E07130
:10524000354819F01DF8DDE90023B9F1000FE4D06D
:1052500002F03002102A0AD0202ADED1BBF1000F62
:1052600024D05146184609F0D3FC0028D5D1DFF8E8
:10527000AC9099F80030012B45D0204612F061F82F
:1052800028B92A4621464046F37917F05AFDA5422F
:1052900012D1039A137923F00C0313719DF808308F
:1052A000ABB92C46194B1B78302216E7039B1B79B0
:1052B00013F00C0FDBD1B0E799F80030022BE8D0E7
:1052C000039A137923F00C0343F00403E5E701216B
:1052D000204616F0E0F820B920460CF09BF8FF2895
:1052E0000FD00A4B1B78DFE70121204616F0D3F8D8
:1052F00000287FF4D8AE20460CF08CF8FF287FF40D
:10530000D2AE02207FE7A542D9E700BFF83A0020DD
:10531000EC3D002040310020C0660408603E0020C3
:1053200010F0FD0303BF024A107018462120704799
:105330000A4A002038B50D4B04461B780D46033B46
:10534000012B0FD900F108039BB2012B0CD815F0EB
:10535000B1FD29460246204608F02AFE80F00100F1
:10536000C0B238BD0120FCE70220FAE7EC3D002086
:105370002DE9F041064610460D4618F07CF8A0F1E4
:105380001004E7B256FA84F42146EA1B04F10E0039
:1053900018F0A8FD2823DFF84480F35598F8003072
:1053A000637301F073FF611C0246012012F042F8A2
:1053B00008220949601D18F095FD98F8000017F0C3
:1053C000D8F905F10E0130463B460022C9B202F081
:1053D00009F81220BDE8F081373E0020E63D0020AC
:1053E0002DE9F04F89B0044617F0BAFF0546204674
:1053F00017F019FF0746281D1BF04DF98146A81C20
:105400001BF049F90390384695F807A01BF019FAEC
:105410002B780490990761D12146042002F0F0F81E
:1054200000285BD0204618F026F801462046F9F700
:10543000BBFF820752D1204618F01DF801462046D6
:10544000F9F7B2FF10F00303059347D12046FFF7A9
:1054500019FD002842D0204618F0DEF8461C2046F0
:105460001AF058FCF6B206F10A0B834580F29F80D1
:10547000504A06AB1068516803C3711C2046F9F707
:1054800093FF314680462046F9F78EFF594600EBE0
:1054900008282046F9F788FF8346059B2146B21C61
:1054A000009306A808231BF03EF91FFA88F820464F
:1054B00017F0B9FE5A4641460CF03EFF0122404625
:1054C00006A901F0B5FB002871D102200BF0E6FE21
:1054D000013003D1404606A9EBF768FE15F0EAFC5F
:1054E00048453A46514608D116F003F800285ED1E7
:1054F00009B0BDE8F04F01F091BB484615F0F9FF47
:10550000002854D12C4B1B781BB93946484616F05D
:10551000EBF93A4651464846FCF708F9002846D0D0
:10552000297811F0030102D12046FFF743FCAB7943
:10553000002B3CD0214B1B78DA1E012A37D9062BD1
:1055400035D06B78DB070DD503982E7A17F0B8F9B4
:1055500010B3F30803F01C0326F01F06334343F097
:1055600001032B724FF6FF71204617F030FE049BAB
:10557000DBB911F053FA00F03F0202212046FCF79C
:1055800065FA4FF6FF73039A9A4210D1204609B08C
:10559000BDE8F04FFEF7ECBF06F01C031C2BE1D07A
:1055A000042B04D9043E2E72DCE70022E5E709B0A3
:1055B000BDE8F08FFC620408E23D0020EC3D0020D5
:1055C00038B5144D2B78023B012B20D8124B1B7899
:1055D000033B012B01D9022038BD0CF005FA04462B
:1055E0000028F8D1FEF748FC2B78032B07D123467F
:1055F000FF2221460120FCF77FFF0120ECE7214636
:105600002046F8F7B5FF003818BF0120E4E717205F
:10561000E2E700BFEB3D0020EC3D00202DE9F04328
:1056200085B004460E46174617F097FD0C28204615
:105630007BD117F095FE092200211AF08FFA00F1B4
:105640001005EDB229462046F9F7AEFE042853D0E6
:1056500006D8012815D0022822D005B0BDE8F08375
:105660007C28FAD120461AF055FB054620461AF050
:1056700035FB02463046E9B205B0BDE8F04311F013
:10568000E5B946B91321204615F084FA05B0BDE806
:10569000F04315F038BC05B0BDE8F043FCF78EBD13
:1056A0009D4B1B78013B012BD7D82046E91CF9F70D
:1056B0007BFE074686B978B9691C204615F06AFA60
:1056C0000546214617F004F83A462946102005B051
:1056D000BDE8F0431AF0A8BF002508232146152293
:1056E00000950DEB03001BF01EF8284602A91AF0E6
:1056F000E5FC17F097FAB0E7884B1B78022BACD18A
:1057000046B9FEF7CFFCC2070AD5FEF761FC002FB1
:1057100008BF3F26304605B0BDE8F04311F0A2B9FE
:10572000FEF7A6FC0028F0D0F1E717F019FE80463E
:1057300004301AF0B0FF074608F102001AF0ABFF80
:105740004FF6F773984205460CD8754A1388013313
:105750009BB213800BB9734A13801EB1714A138830
:105760000133138098F8009009F00309B9F1010F93
:1057700040F08380204617F07EFE01462046F9F770
:1057800013FE043809283FF668AF01A353F820F050
:10579000B95702085B5602085B560208DD5702083B
:1057A0005B5602085B5602085B560208C5570208A2
:1057B0005B560208C5570208204605B0BDE8F04315
:1057C000FFF7C6B9544B1B78042B7FF446AF00217A
:1057D000084605B0BDE8F043F8F7CABE4E4B1B784B
:1057E000013B012B3FF639AF404617F079FE002709
:1057F0004D4B01465B898DF80A70ADF808300028E2
:105800003FF42BAF38461AF059FC0546204617F0F6
:1058100032FE421C03232146009792B202A81AF0DE
:1058200082FF9DF80A30E6B93C4A1278022A18D164
:10583000BBB9FF2DBDF808400AD03C4A214632F8DA
:105840001530284623F4806322F8153017F0CAF982
:10585000204617F0D4FA0022214610201AF0E4FE68
:10586000FBE6022B3FF4F9AE2BB9304B33F8153081
:105870005B053FF5F2AE28463BE7B9F1000F7FF438
:10588000ECAE3146204604F0B9F8002E3FF4E5AE08
:105890004FF6F7739D423FF6E0AE98F80160284658
:1058A00016F0040620D117F0F7FA044628467CB11A
:1058B00017F01EF90346F0B90C220090294638462D
:1058C00016F070F90C22002339462846009308E0B0
:1058D00017F00EF90346B8B9154A00901278294618
:1058E000384616F05FF9B8E617F002F9034678B9C2
:1058F0000B220090F3E706223346294638460096ED
:1059000016F050F90622DEE7234600940622E6E769
:105910004B46CDF80090F9E7EC3D0020EB3D002030
:105920008A3A0020883A0020B56504083E3A0020F3
:105930000A4A00202DE9F04F05888BB0044628461E
:1059400017F00EFD804604301AF0A5FE074608F158
:1059500002001AF0A0FE05A90190284617F0CDFD1F
:10596000284617F088FD014606462846F9F71CFD33
:1059700098F80030029003F00303012B0CBF82461D
:105980004FF0FF0A1AF07DFDB4F806B0814615F01D
:1059900091FA98F8073000903846039301F076F8B2
:1059A000002838D1019801F071F8002849D1FCF79E
:1059B0008FF9A9EB0B0B1FFA8BFB8146F9F75CFF04
:1059C000002844D1FFF7DCFA002840D1A14B1B7816
:1059D000033B012B42D8BAF1060F00F0BE80BAF1AA
:1059E000040F00F0BA80FFF7CBFA20B1029B03F05E
:1059F0000303012B32D0F9F79BFE28B9964B1B7895
:105A000003F00F03062B6FD1944B2846B3F86810B0
:105A100017F0DDFB22E0284617F0A2FC02301AF056
:105A20003AFE4FF6F773984206D9039B23B92846EE
:105A3000FFF728FA0028B5D1A37823F00F03A3704D
:105A400054E001981AF0FDFE0028B0D1F4E7A9F166
:105A500004095FFA89F9B9F1020FB7D8BAF1010F59
:105A600040F0A280284617F09CFB4FF6FF73984247
:105A70006AD100233146284607AA17F023F9804649
:105A80000028D9D042799DF82530934209D9711D5B
:105A9000284689B2F9F79CFCA37823F00F03023360
:105AA000A37010F0BBFF7E23B0FBF3F202FB1303E5
:105AB00003F58073A3809DF8263013F0180F0BD0E8
:105AC000A378190708D1009BBB4205D0384698F847
:105AD000052005A910F0E8FF9DF82700003818BF41
:105AE00001200BB0BDE8F08F2823A3800020F8E749
:105AF000584B1B78033B012B5FD940F6B8339B45CD
:105B00009AD810F08BFFFF238DF81330002300F09C
:105B10003F00C0F5FA70A08007A90DF113008DF8C1
:105B20001C30FBF775FE054698F80710384615F04F
:105B3000D4FC002D80D09DF81C20013A032A7BD88C
:105B4000DFE802F0807A697D4FF6F773019A9A4296
:105B500024D898F80130DA0720D4284617F021FB22
:105B60001AF00CFE012808BF3D4BA27809BF1B7834
:105B7000FA2303EB830303EB830302BF9B00FA3397
:105B80009BB212097FF458AF5B45FFF455AF10F09C
:105B900045FF00F01F001030A08053E02D4B1B7814
:105BA000033B012BA9D8D8E74FF6F773019A9A4225
:105BB0009ED898F80130DB079AD4BAF1020F53D17E
:105BC0000123314607AA284617F07CF8074615F04E
:105BD00071F9BDF82230984236D1002F3FF42CAF36
:105BE00001227B883146284608F066FB1D4A13785F
:105BF0000133DBB288F8073013707B88BDF81E20B4
:105C00009A421FBFA37823F00F030233A3704FF40F
:105C1000C873A38016E0009BBB4213D000283FF45A
:105C20000BAF426801323FF407AFC2789DF81330E2
:105C30009A42BFF401AF05E0009BBB4202D0A278BC
:105C40001209EBD101204CE718461AF0FAFD0028A2
:105C5000C3D182E7EC3D0020EB3D00204031002025
:105C6000DB490020E93D0020BAF1030F7FF475AF56
:105C7000009BBB427FF471AF711C284689B2F9F7D3
:105C800093FB0C287FF469AFFBF766FB4FF6FF73BD
:105C9000984201463FF461AF284617F098FA5CE756
:105CA0002DE9F3410446008817F05AFB05460430FD
:105CB0001AF0F1FC0646A81C1AF0EDFC07461AF093
:105CC000E0FB05463046B4F8068000F0DFFE0646ED
:105CD00048B9384600F0DAFE58B9194AA378127864
:105CE000033A012A0BD8A378002623F00F03A370F0
:105CF00021E038461AF0A5FD0028EED1F3E71B0994
:105D0000F1D1A5EB0805ADB2B5F5C86FEBD80DF133
:105D10000301384601AA019317F090F89DF803504B
:105D2000014645B94FF6FF73984204D001262088FA
:105D300017F04DFAA580304602B0BDE8F08100BFF3
:105D4000EC3D00202DE9F04105460C4617F005FA20
:105D5000082802D10120BDE8F081201D1AF09BFC2B
:105D60000646284694F8078017F05DFA074628464D
:105D700017F0E9F9010612D5184B1B78042B0ED148
:105D8000174B1B78022B0AD1164BB3F868204FF63D
:105D9000FF739A4203D000210846F8F7E9FB124B43
:105DA0001B78002BD6D1A01C1AF075FC4FF6F773A8
:105DB000984202D86378DA070DD523789B070AD179
:105DC0003A464146304615F094FB80F00100C0B2DF
:105DD00000F00100BFE70120FAE700BFEC3D002022
:105DE000EB3D002040310020623E00202DE9F04FC5
:105DF0009BB0044617F0B1F90546204617F0ADF9FF
:105E0000082853D110220021204615F053FD2046CA
:105E100019F064FF0546204619F07CFFC1B2284600
:105E200015F031FAADF84A408DF8490048B92046DE
:105E300019F054FF01460DF14900FAF741FA8DF8C7
:105E400048009DF84930802B06D19DF84830012B41
:105E500002D82046F4F742FD9DF84930402B05D189
:105E60002046F4F73BFD1BB0BDE8F08F802B17D028
:105E700015A806F0EBFDBDF84A009DF848509DF8C6
:105E8000496019F047FF0446BDF84A0019F026FFA3
:105E900031460090E3B2284615AA10F025FEE2E74D
:105EA00012A80CF077FC0028E2D0DCE7204617F0BF
:105EB000A7F9B0F5006F40F00081204617F0B3F964
:105EC0000646042D40F0FC80204617F03CF980F493
:105ED0000060C0F3C0200022314640001AF0A4FB4D
:105EE000924B1A78022A0DD0FFF74AF850B902F007
:105EF000FD03312B06D0043A012A03D98C4B1B78C1
:105F0000002BB0D02146022001F07AFB049000283B
:105F1000A9D02046ADF83E4017F022FA0446BDF85D
:105F20003E0017F080F90646201D1AF0B4FBA31CB2
:105F30008346184602931AF0AEFB10A90746BDF837
:105F40003E0017F0DAFA63780590BDF83E0094F849
:105F50000080079317F08FFA6378054608F003086E
:105F600030460A93F9F7E0FCB8F1010F0CBF0323A8
:105F700002230C936F4B08BF4FF00B091E80237850
:105F800018BF4FF00A0903F03C03082B0B907FF475
:105F90006AAFBDF83E0019F0BDFEA8427FF663AFC0
:105FA000B8F1010F03D0237898077FF45CAF624B00
:105FB000B3F86830B3420DD1604A614BB2F90010BA
:105FC00093F90030002900F0A08001EB0313A3EB4C
:105FD00021131380A5F11003DBB206938DF83D3039
:105FE00010224846BDF83E100DF13D0310F002FBB3
:105FF00000283FF438AF079B13F00203089300F02A
:106000000981504B1B78002B3FF42DAFBDF83E901B
:10601000484617F030FA002382464846CDE915334A
:106020001793ADF8603017F0FEF80AF10E010290F8
:1060300089B2484617F0F2F9002870D00023524682
:106040004946009315A80E231AF06DFB01200DF1AF
:10605000550111F0FDF99DF86130099003939DF809
:106060005430282B5BD10DF15900FAF701F80D904F
:10607000002854D1039816F07CFB0D9B002867D1B3
:10608000314B039A1B78D31A190648D404F04EFDFD
:1060900001283CD11AF0FAF92C4E0546346824B197
:1060A00004F050FD2C1B844239D30023FF221946F3
:1060B0001846FCF721FA356031E04FF6FD7600E72F
:1060C0004FF6FF70301A18BF012000223146400001
:1060D0001AF0AAFA0C2D0DD12146012001F090FAF8
:1060E00000283FF4C0AE214600201BB0BDE8F04FB1
:1060F000FDF74CB82DB920461BB0BDE8F04FFDF7B9
:10610000F7BC042D7FF4AFAEEAE61B0261E704F0B2
:106110000DFD022803D104F0EBFC0028BAD00022C8
:10612000192002991AF080FA9DE600BFEB3D00208D
:10613000623E0020163B002040310020E83A00205B
:106140005E3E0020E73D0020E63D00205832002062
:106150000122102100924846524616F018F80028F5
:10616000DDD0BD4B039A1B78934240F0A880029982
:106170000DF1590212A819F06DFF012112A8F9F7CB
:1061800037FC824648F2030112A8F9F73DFDBAF147
:10619000000F03D0082112A811F0B6F8484617F0F6
:1061A0007FF902990DF15900FBF776F9FE28824636
:1061B000B5D0FF280AD102981AF026FBFF288246A4
:1061C00000F085800DF15901FAF77CFFA24B039A8C
:1061D0001B78934200F0A18050460999FBF742F9E1
:1061E00000283FF440AE50460999FBF74DF923785B
:1061F0009A070FD1484617F03EF901464846F9F78D
:10620000D3F800F00300012804D102980DF15901E0
:10621000EAF7CCFFBDF83E0016F095FF030440F10D
:10622000838020461AF037FA40F4007189B2204684
:106230001AF033FA00224FF40041BDF83E0016F088
:1062400073FFDDF810901022BDF83E100C980DF190
:106250003D0310F0CFF900283FF405AE032866D1C6
:1062600020461AF018FA40F4007189B220461AF05C
:1062700014FA30461AF0E5FA002840F0B780DDF84D
:106280001090B8F1010F40F0B7800320BDF83E1028
:1062900001F0B6F9002840F0AF802946BDF83E0075
:1062A000F9F782F80F2801467FF6DDAD4FF6F77358
:1062B0009F423FF6D8AD304615F060FBD3E5012094
:1062C000039903F05DFD00287FF451AF27E72378A1
:1062D00003F00303012B08D1484617F0CCF8014620
:1062E0004846F9F761F8082894D05C4B1A785C4B63
:1062F0001B789A4209D20DF159010298FAF770FE03
:1063000002981AF081FA824660E7A01C1AF0C3F9DD
:106310004FF6F7739842EED901E75046FBF72CF998
:1063200000283FF459AF5EE74FF000098BE7304695
:106330001AF087FA0028A4D0089B002B58D1B9F195
:10634000000F53D1B8F1010FBDF83E009DD0294692
:10635000F9F72AF88246DFF8189199F80030002BF7
:1063600055D014F0A7FD87427FF47DADB8F1010F41
:1063700040F08680BAF1070F7CD8BAF1050F7FF69E
:1063800072AD384B1B78022B02D0043B012B03D893
:1063900099F80030002B41D00A9B980640F1BF804D
:1063A0000B9B002B40F0B780304619F0B7FEFF285A
:1063B00040F0B1805E457FF456AD059B002B00F0A8
:1063C000A88010AB46F204020124ADF854200193DA
:1063D000214602233046009415AA17F028F8002819
:1063E0003FF441AD214614F037FF3CE5DDF8109055
:1063F000304607F0BBFD44E72946BDF83E00F8F7FC
:10640000D3FF089B824613B9B9F1000FA3D0154BF7
:106410001B78022B02D0043B012BBDD8304600F084
:1064200035FB814600287FF41EAD14F043FD864203
:1064300030D10D4B1B78033B012B27D80B4BB3F806
:10644000684014F037FD4B4601460D222046CDF83A
:10645000009015F0A7FB06E5E63D0020E53D002095
:10646000DC490020EB3D0020EC3D002040310020C5
:10647000E73D0020AAF10E03DBB2012B81D9F2E443
:106480000AF00303012B7FF4EEAC7AE7012000F061
:106490009BFBE8E430461AF0D4F958B914F027FD14
:1064A0004FF6FF73984205D019F0E8FE10B9304658
:1064B000FAF73CFD30461AF0C4F988B114F017FD24
:1064C0004FF6FF7398420BD019F0D8FE40B9B8F1DF
:1064D000010F02D1BAF1060F02D0304607F09EFA42
:1064E000059BA3B919460122584600F0A1FB81463D
:1064F00000287FF4B8AC204616F0F2FF4A46014669
:10650000384600F095FB00283FF446AFABE410A9F5
:10651000E9E7059B56E7637823F0200363704FF6A5
:10652000FC739F4275D1B94B1B78033B012B7FF65F
:106530009AACA3790BB1013BA3716378590727D5B6
:106540000023584615AA12A9159316F077FC159842
:10655000F0B108F02DF98146384619F0DFFD159AA3
:106560000146137903F03000102806D003F00C0028
:1065700008281CBF23F00C031371137903F03303B5
:10658000202B05D1FF2903D00122484608F008FB43
:10659000304619F0C3FDFF281EBF00229C4B43F874
:1065A0002020079B03F001094FF6F7739F4200F28A
:1065B0000781B9F1000F40F0DD803146584615F0F3
:1065C00093F914F077FC874200F0088138461AF0FE
:1065D00038F900284AD0B8F1010F30D1BAF1010FD3
:1065E00020D14A462946BDF83E0007F0C1FE384694
:1065F0001AF027F9874B1B78002B6DD158461AF0FB
:1066000020F9002865D138461AF01BF9002860D11E
:1066100029E44FF6FD739F428BD17C4B1B78042BF2
:1066200087D120E438461AF00CF950B3BAF1030FC1
:1066300027D12946BDF83E0015F0ECFA13E43846A0
:106640001AF0FFF8384616F053FA00283DD0002320
:1066500039465846BDF83E2001F054FBA8B300214E
:10666000BDF83E00FEF7A6FBFFF7FDBB38461AF06B
:10667000E8F818B1B8F1010FD8D0E3E7B8F1010F8D
:10668000E0D1644B1B78002BB8D0BAF1050F23D1B1
:1066900014F010FC8DF8540014F00CFC000A8DF876
:1066A00055000123022215A90DF13E00F8F7D8FD8F
:1066B00000287FF4D8AB691CBDF83E0089B2F8F71A
:1066C00061FE03780133037006E0524B1B78002B08
:1066D00094D0B8F1010FD8D063785A070CD5BDF823
:1066E0003E40204616F089FE411C89B22046F8F74C
:1066F00049FE0378013B0370444B1B78033B012B9D
:1067000030D8B8F1010F06D1BAF1050F1FD114F03E
:10671000D1FB834522D1BDF83E00FEF78DFC022857
:106720001CD10021584615AA08F08EF930B1037922
:10673000468003F03C0343F0400303710023364AD4
:10674000009339465846127815F02CFA06E0BDF849
:106750003E00FEF771FCBAF1030FE0D1002239468A
:106760001C20DFE4BDF83E00FEF766FCB8F1010F27
:10677000D5D1F0E7B8F1010F40F0BE800AF1FF3348
:106780000C2B00F2AD8001A252F823F0E76702085B
:10679000E767020833660208FD6702081D68020801
:1067A00041680208636802088F6802089B68020853
:1067B0009B680208B1680208C9680208D568020827
:1067C000B8F1010F00F09F80B9F1000F40F0948004
:1067D000BDF83E00FEF704FEFFF745BBB8F1010F20
:1067E0007FF43DAFCAE7AAF102035A422946BDF839
:1067F0003E005A4107F0BCFDFFF735BB2A4658461C
:10680000BDF83E10FEF7C4F8FFF72DBBEC3D0020AD
:1068100050250020E24900200A4A0020691CBDF8EA
:106820003E0089B2F8F7C0FD0235EDB20246BDF870
:106830003E305846009510A90AF03CFFFFF713BB05
:10684000424B1B78013B012B3FF60DAB069B012110
:10685000009300202346BDF83E2014F0BAFEFFF757
:1068600002BB3A4B1B785A1E012A07D90120069A0F
:10687000BDF83E10FCF76CFBFFF7F5BA022B7FF476
:10688000F2AAF8F7F9FF0028F0D1FFF7ECBABDF84B
:106890003E0006F0C7FEFFF7E6BABDF83E00FEF781
:1068A000FDF9FFF7E0BABDF83E00FEF7F7F98FE714
:1068B000264B1B78013B012B3FF6D5AABDF83E00C5
:1068C000FDF7D4FCFFF7CFBABDF83E00FDF71EFD83
:1068D000FFF7C9BABDF83E000AF0ECF8FFF7C3BAFB
:1068E0002B4622465046BDF83E1010F01EFD0028F3
:1068F0007FF4B9AA5146DEE4237A03F00303012BA7
:106900007FF4B1AA64E70AF1FF330C2B3FF6ABAA80
:1069100001A252F823F000BFE7670208E767020808
:1069200033660208FD6702081D6802084168020814
:10693000636802088F680208A7680208A76802084F
:10694000B1680208C9680208D5680208EC3D002059
:1069500010B50021114814F037F80446E8B116F0DC
:106960008BFC0F4B1870204616F08BFC0D4B1870EB
:10697000204616F08CFC0C4B1870204616F08CFC50
:106980000A4B1860012019F085FD2046FFF72EFA0A
:10699000BDE81040002019F07DBD10BDCA3A0020AE
:1069A0005F3E00205E3E00205D3E00205032002011
:1069B000014B1860704700BF5432002070B5164E6E
:1069C000044633680D46E3B116F0C7FB0C2818D116
:1069D000204616F0C5FC09220021044619F0BEF835
:1069E000235C042B0DD10D4B1B78033B012B08D8E6
:1069F0000B4C25B10B4B22781B789A4203D3002312
:106A00002370002070BD0848316819F053FA2378CC
:106A1000012001332370F5E754320020EC3D0020C3
:106A2000613E0020094A00200448002070B500247F
:106A3000124D2C70EAF738FAE6B2B04212D8104B79
:106A40001B78013B012B04D800214FF6FF70FBF7A8
:106A500005FE00220B4B1A700B4B198801B11A80EE
:106A6000012070BD304619F0B1FBC30748BF2B7839
:106A700004F1010444BF01332B70DBE7E43D002047
:106A8000EC3D0020DB3D0020843A002038B50B4B64
:106A900005461B7873B101335C08094B188819F05F
:106AA0001DF9002330F81320AA4205D00133DAB2D1
:106AB000A242F7D3002038BD0120FCE7DB3D0020D7
:106AC000843A002030B5054685B008460C4619F0DA
:106AD000B4FEFF280CD014F0CDFF012200210346A4
:106AE000CDE90112009221462A460720FBF770F9F2
:106AF000284619F013FBFF2804460FD019F066FB57
:106B0000C2070DD5204619F061FB830708D40B4A54
:106B100032F8143043F4806322F8143005B030BDED
:106B200014F0A8FF012200210346CDE901120092D2
:106B300007202A46FBF74CF9F0E700BF3E3A002059
:106B40004FF6FA72431E9BB2934270B504462AD8A0
:106B5000FFF79CFF38BB194B1B78042B23D0204632
:106B600019F052FEFF2801D0FAF710F9204616F06E
:106B70003EF908B107F032FE2046114E04F056FAF5
:106B800020460FF08FFF31780E4D69B1288819F03B
:106B9000A5F8054601461E22023017F0A3F92C8005
:106BA00033781E2B07D970BD202019F00BF92880EF
:106BB0000028EBD1F7E702333370F4E7EC3D002017
:106BC000DB3D0020843A002037B5134B05461B7887
:106BD000022B1FD114F06EF9044614F06BF9FFF785
:106BE000AFFF14F047FF14F071F9002014F01EFD00
:106BF00040F607400FF082FF3DB100230D222146F1
:106C00004FF6FD70009314F0CDFF03B0BDE83040A7
:106C100004F048BF03B030BDEC3D0020034B1B78AF
:106C200013B90120FFF7D0BF704700BFE23D00203D
:106C3000F7B504460D46174614F03CF90646002DFC
:106C400047D04FF6FB739C4243D82046FFF71EFF08
:106C500030B1A64204D1204B1B78033B012B38D91D
:106C60002046FFF713FF10B1012003B0F0BD20460E
:106C7000F3F772FBC0B1A642F6D00CB369462046CA
:106C8000F9F760F90246D8B90821684614F09BF874
:106C9000B0B908226946284617F014F980B1294690
:106CA000204614F017FFDFE7A642E6D12846F9F7A1
:106CB000DFF928B90120FFF787FF06F03FFED3E791
:106CC0003FB121462846FAF71BFA2146284604F030
:106CD000C9F90020C9E700BFEC3D0020044A137841
:106CE0002BB1013BDBB213700BB9024A1380704722
:106CF000DB3D0020843A00200148F8F76DB800BF62
:106D0000843A00202DE9F047804617460D468CB0A6
:106D100061B903AE00211B4819F0D7FC4FF0000900
:106D20000446DFF860A01CB920461DE00E46F1E7DE
:106D30000022214624233046CDF8009019F0F3FCC0
:106D400008224146304617F0BDF8A8B9337C9BB9FC
:106D50006FB945B92A4621460A4813F054FE0A4A3B
:106D60001388013B138001200CB0BDE8F0873B88FD
:106D7000B28953405B06ECD52146504619F0C9FC58
:106D80000446D0E7FE3A0020FC3A0020024B188867
:106D9000003818BF01207047FC3A002070B500256C
:106DA0002C460D4B8EB01E88EBB2B34201D30EB011
:106DB00070BD09A8EAF7CAFC204605AB01AA09A9DB
:106DC00010F02DFA28B932210AA815F0CCF80135B7
:106DD000EAE70134E4B2FAE7FC3A002040232DE967
:106DE000F04397B0074611A88946ADF80E30EAF790
:106DF000ADFC02238DF84430002304AE3146384602
:106E000004937360F9F79EF80546002840F08A80E5
:106E1000384610F096FA804614F04CF804460028E4
:106E200040F0B08099F80130042B40F0AE80EAF7D2
:106E300047F8022879D1EAF743F8022840F0818028
:106E400096E8030003238DF8443012AB83E8030077
:106E50009DF85130002143F0060310220DA88DF853
:106E6000513017F059F80DA911A810F04DF8BDF8E0
:106E7000463009A943F0040311A8ADF8463010F0DC
:106E8000A2F8102209F10A0109A817F01BF805461B
:106E9000002872D1EAF714F8022806D13146FF2003
:106EA0000DAA10F05EF800286AD134240025EAF714
:106EB00007F8022808D19DF851301B0704D430464A
:106EC0000DF10E0115F026F82146304615F04BF86D
:106ED00010238DF8183004238DF81A303346002221
:106EE00003CBCDF81B00CDF81F1006A80B218DF8A1
:106EF000195013F00EFD024638B1002D14BF0123C6
:106F000003233146384603F077F8B8F1000F09D073
:106F1000342C07D106A83246394619F09BF806A84A
:106F200010F0F5F917B0BDE8F0832346214630464E
:106F3000009411AA01F06CFE00283FF47CAFAD254F
:106F4000C6E7E9F7BDFF012891D1114B1B6803F09B
:106F50008403842B8BD196E8030002238DF8443000
:106F60001023ADF8463012AB83E803009DF8513092
:106F700043F002038DF8513079E73324AD2596E7CD
:106F8000052494E72C46A325A2E7AA25A0E700BF85
:106F9000282700202DE9F04336488DB0F8F746FA4F
:106FA00019F074FA344D2B68C41A4FF47A73B4FB99
:106FB000F3F4A4B214B119F069FA28602F4F4FF618
:106FC000FF763B88DFF8B880ADF80A3000233B80BD
:106FD00000210DF10A0013F0F7FC054658B9284BC3
:106FE0001B882BB14FF47A712248714318F062FF6D
:106FF0000DB0BDE8F0834FF0000924234A4629462E
:10700000CDF8009003A819F08EFBBDF81A30A3420A
:1070100094BFDB1A1B1B9BB2ADF81A30CBB913F02F
:1070200049FFBDF8183003F04003184380B218B987
:10703000322103A80FF05EFDBDF818301B0602D503
:1070400008980FF00DFEB8F80030013BA8F80030AA
:10705000BEE79E4228BF1E4601234A4629460093AA
:1070600003A8242319F05FFB4A462946384619F045
:1070700032FBADE7342600205C320020FE3A0020CF
:10708000FC3A0020F0B50446304A8DB010685168D3
:1070900001AB03C3A378012B54D1162200210DF1BB
:1070A0001A0016F039FFD4F82110D4F81D0003ABF4
:1070B00003C32388190644BF62680892DA050BD51A
:1070C000221D08AE04F114073546106851680832D5
:1070D00003C5BA422E46F7D1ADF8183013F00403B9
:1070E00018BFA3690593E9F70FFF0023ADF81A0055
:1070F0008DF81C3013F0DEFEE0B906A903A814F0E9
:1071000009FF0022242103A813F003FC0446D8B190
:107110000020FFF73FFF002221460D4819F0DBFA5F
:107120000C4A0020138801331380FFF733FF00203F
:107130000DB0F0BD082201A903A816F0C3FE002877
:10714000DFD0DAE70220F3E71920F1E7FC62040858
:10715000FE3A0020FC3A0020F7B5044600200E4617
:10716000FFF718FF104B1B88A34202D8212003B061
:10717000F0BD00210D4819F0A8FA002501460B4F7B
:107180000029F3D0A54208D100242423224630460A
:10719000009419F0C8FA2046E9E7384619F0B9FA20
:1071A00001350146ECE700BFFC3A0020FE3A002022
:1071B0000148F7F711BE00BFFE3A0020014B1888C6
:1071C000704700BFFC3A002030B5154A8DB05168B9
:1071D0000546106801AB03C307A8EAF7B7FADDE973
:1071E0000101032308AC84E803008DF81C309DF8EE
:1071F000293003A943F0020307A88DF829300FF0C6
:1072000083FE10B12D200DB030BD2346286869687B
:1072100003C303A907A80FF058FE0028F3D0F1E735
:10722000FC62040870B50C4611460E4A23781278A9
:10723000064613F0200542EA0302227018BF611DC2
:10724000082216F04FFE002D0CBF05200D20D4F8AB
:107250000130B3602378337303F01803082B08BFA1
:10726000013070BDE73D0020042307B51A460DEB41
:1072700003010120F8F754F9019B034A1B03136033
:1072800003B05DF804FB00BF1827002010B5064CC2
:107290002368C3F30B0313B904200EF010FF20681A
:1072A000431C236010BD00BF18270020014B186845
:1072B000704700BF1827002007B50020054B01903C
:1072C000186004231A460DEB0301F8F729F903B0FF
:1072D0005DF804FB182700207FB51123062201204A
:1072E00001A9F8F71DF9084B9DF814201A70074BF7
:1072F0001B780BB1052B05D10FF0B1FC012007B0B5
:107300005DF804FB0020FAE7E63D0020E73D0020A1
:107310002DE9F04F0646CBB088460088012117467C
:1073200018F014FD2E4B3A463188ADF8160006A829
:1073300014F0ACFE0DF1280B5A464146C4193088B2
:1073400014F02EFEE4B208EB0003A34208BF04468B
:1073500005464FF004091CBFA4EB0804E4B2234621
:107360005A460121CDE900090BEB050ACDF808B01A
:107370002D1B06A8EAF790FDEDB20BEB040300937A
:10738000019523465A464146308814F037FE34882A
:1073900039462046F8F708F8394600F0F80220464A
:1073A000F8F716F80121308818F0D0FC01234A467E
:1073B000514680B10DF11600F7F752FF0121044646
:1073C000BDF81620308818F0D5FCB4FA84F04009D6
:1073D0004BB0BDE8F08F3046F7F742FF0446F4E7C4
:1073E000373E00202DE9F04FC9B00446884692464A
:1073F000C118224A04A81F46FFF714FF4FF00409E2
:10740000C519EDB208AB0293A5EB0A0BA8EB0A0372
:107410005FFA8BFBA8EB0506DBB2F6B204EB0A02BF
:10742000009301215B46CDF8049004A8EAF734FDEF
:1074300006F590730DEB03025A44A2F580721368AF
:1074400008A844F80830E35D324623F00703E3550B
:107450002C44214616F072FD08ABCDE9019308AA31
:1074600000230121009604A8EAF716FD32462046C3
:1074700008A916F063FD49B0BDE8F08F373E002043
:10748000F8B5064616F0C8F8811C054689B23046A4
:1074900015F0C4FFE8B129463046F7F785FF1228FA
:1074A000074616D80C4B691C1C5C89B23046F7F7AE
:1074B0007BFF2C44052FE4B205D1052809D8074BE2
:1074C0001B5C1C44E4B221463046BDE8F84015F090
:1074D000A5BF0020F8BD00BFFA650408F4650408E4
:1074E000F8B5054615F0C7FF0446284615F038FFE5
:1074F000A11C074689B2284615F090FF00283CD011
:1075000021462846F7F750FF0646611C284689B2F7
:10751000F7F74AFF0F2E30D8194B9B5DE118731E09
:1075200089B2092B0ED8DFE803F009050D0D120D05
:107530000D181E1EC40644BF083189B2820601D54B
:10754000083189B22846BDE8F84015F067BF7B785E
:10755000DB0612D501EB4001F3E700F01F0000EB62
:1075600040000144EDE71F2805D8092E0ABF40005E
:10757000022080B2F5E7C828E4D00020F8BD00BFA3
:107580000D660408F8B5064615F0EAFE092200214A
:10759000054618F0E3FA00F11004284619F07BF8CC
:1075A000E4B2074621463046F7F7FEFE0546304670
:1075B00018F0B0FBBA05A0EB0403DBB20AD47C2DB3
:1075C0000AD0082D0AD8064A505D98428CBF002088
:1075D0000120F8BD1220F8E70320F6E7FF20F4E7CA
:1075E0001E660408014B1878704700BF0B4A002044
:1075F000024B00F001001870002070470B4A002079
:1076000038B5114B04461B7808469BB9012038BD9C
:10761000A24205F101050FD103EBC1035B68984756
:107620000028F3D11E2022464FF6FF7118F0FCFF10
:107630000020ECE70025054BE9B213F83120002AC1
:10764000E6D11446EEE700BF0B4A0020C4650408EB
:10765000002313B5ADF80430134B984221D10B88A9
:10766000DA0702D5232002B010BD9B0744BF4FF4B8
:107670007F43ADF804300D4B7F221C880DF10600CE
:107680000223214618F007FF4FF6FF73BDF80620CE
:107690009A42E7D12046022201A90EF012FD0020F5
:1076A000E1E72120DFE700BF1FD1BACACE1F0408DF
:1076B000002313B50D4903807F2202230446098865
:1076C0000DF1060018F0E7FE9DF80630BDF8062023
:1076D0001BB1238843F0010323800020FF2A82BFCF
:1076E000238843F00203238002B010BDCE1F04089C
:1076F00030B10368034A1360436800205360704749
:10770000212070470C4A0020034B1B78002B14BF2C
:10771000442056200E307047E73D00202DE9F04F01
:107720008DB0179C06468946CDE90223BDF85870F6
:10773000D588ADF816103CB9EC0605D500970FF0CA
:10774000FBF90DB0BDE8F08FC5F380242B054FEA9F
:10775000043448BF44F40064A80511D544F0800403
:107760000A2E00F26581DFE816F098002F0017005E
:1077700037006301630137001000980037009C0058
:10778000E90548BF44F04004EAE74FF001084FF034
:10779000020B4FF0000A14E008A95FFA89F015F017
:1077A00050F8DDF82500DDF8291006AB03C3A24B25
:1077B00033F81930ADF816304FF00008C3460DF11C
:1077C000180A002F5CD125E006AA0DF116015FFA18
:1077D00089F003F00BFCEFE74FF6F773994540F2A1
:1077E000278115F4026F40F02381944B1B78022B04
:1077F00003D0043B012B00F21D813FBB032E4FF051
:1078000001080CBF4FF00C0B4FF0080BBA4624F4E4
:10781000C074A4B28A4B18884FF6FF73984206D002
:107820008849F8F78FFB10B124F48054A4B2039B6D
:1078300038460093BDF81620534644F4027108F010
:107840004BFCADF82000B0BB19207AE7384618F0A1
:1078500061FA0246FFF758FF032E08BF0138824243
:1078600001DD38206DE7032E4FF001080CBF4FF00B
:107870000C0B4FF0080B4FF0000A24F4C074A4B2B4
:10788000029B1B8893B91A46394606200EF0C6FEA5
:107890000028BFD140F6014053E74FF00008C3462F
:1078A00077E74FF001084FF0030B72E700233946EA
:1078B0001A460720EAE74FF6FF73614A118899429A
:1078C0001CD015F04DFD03465D4A0430118803932A
:1078D00018F0E3FE5C49039B097814F4805FD971CA
:1078E0005849574A1FBF086898604868D8604FF6E3
:1078F000FF7313804FF0FF330B604B605946029AC1
:1079000008A808F0ADFC00289ED0504C2378002B2E
:107910003CD1A7B1384618F0FDF90746BDF8200064
:1079200018F0F8F923780744002B14BF1222002224
:10793000EB1003F0040317443B44842B91DC15F453
:1079400000570AD0BDF82040204615F0FCFB40F45B
:10795000806189B2204615F0E1FBA6F10803012BF6
:1079600005D801221021BDF8200015F0DDFB179B82
:10797000BDF8204043B32046BDF8161015F027FC93
:10798000BDF82030179A00201380DAE6AA06C0D589
:107990006B0103F020030A2E14BF43F0010363F0D0
:1079A0007E03DBB2B8F1000F08D0002152460091EF
:1079B00008A800F0B5FE0028ABD0C2E61A46514632
:1079C00008A814F0E7FCF6E7204615F054FD214620
:1079D0000246179B04200EF021FE00283FF45AAF08
:1079E0000A2E18D84FF4D963F340DB0713D5072EBE
:1079F0000AD00A2E08D0BDF8200013F085FF80F0D1
:107A00000100C0B280009CE608A80FF09DFC002891
:107A1000F1D0042095E617B125F04005ADB22B4614
:107A20003146BDF820005FFA89F201F029FF88E6AF
:107A3000012086E6162084E69A360020EB3D0020E1
:107A4000AC4900200C4A00206D3E0020E73D00209C
:107A5000F7B50F469DF828100446DDE90B061D46D4
:107A6000F1B94FF6FF739C421CBF174B1C804FF0BF
:107A700000041CBF154B1A70BDF8240008F086FCEA
:107A800000232A46CDE90043394606209DF82030E0
:107A9000FFF744FE10B90EB1AB7A337003B0F0BDFE
:107AA00078B14FF6FF739C421FBF074B1C80074BFA
:107AB0001A70002212F02DFF04460028DCD1192094
:107AC000ECE72120EAE700BFAC4900206D3E002032
:107AD0002DE9F04788469DF82810074616461D46B2
:107AE0009DF820A0BDF824900B9839B158B300221E
:107AF00012F00FFF044610B9192025E00C464FF68E
:107B0000FF739D421FBF114B1D80114B83F800A0D6
:107B10004FF6F7739E4208D80E4B4FF6FD761A7853
:107B20004FF6FF73002A18BF1E46484608F02EFC89
:107B300000233A46CDE9084331464346BDE8F047C5
:107B40000320FFF7EBBD2120BDE8F087AC49002002
:107B50006D3E0020223D00202DE9F04786B09DF8C3
:107B600038600546DDE90FA80C4617469946B6BBB6
:107B7000374B1B78022B1DD125BB4FF6F7739C4268
:107B800014D80026484608F001FC00233A46CDE907
:107B900000632146FF232846FFF7C0FD38B9B8F13E
:107BA000000F04D0BB7A88F8003000E0012006B056
:107BB000BDE8F087043B012BDED908460FF0C1FB7E
:107BC00010B31DB3022D31D1E9F762F9A042EDD90E
:107BD000204B33F814204FF6FD739A4219E0BAF1A6
:107BE000000F32D01A4B1B78022B05D1FFF78CFD0A
:107BF000B042E6D23820DAE7043B012BF6D908463A
:107C00000FF09FFB0028F1D11620D0E74FF6F77355
:107C10009C42CBD8002EB4D031460022504612F000
:107C200078FE06460028ADD11920C0E7012DBDD150
:107C300004AA0DF10E01E0B203F0D8F9064B1B784F
:107C4000A342B3D9BDF80E20C5E72120AFE700BF9E
:107C5000EB3D00209A360020D449002030B5104B6F
:107C600087B005460C461868596803AA03C298688D
:107C70000C4910609A88DB8852BA23F04003ADF8B3
:107C800012300023CDE90043ADF81020FF2309880E
:107C900003AA0720ADF80E50FFF740FD07B030BD36
:107CA0000A3B0020163B002038B50C461146124A0C
:107CB000124D108022682A6062686A60A268AA6019
:107CC000E288500616D5EA88520613D561B1002223
:107CD000184612F01EFE014650B16088FFF7BEFF45
:107CE0000522074B1A7038BD084612F092FFF2E7E2
:107CF0001920F5E70220F6E7163B00200A3B00209A
:107D00007E3E00202DE9F04F074689B0104615460B
:107D10001C468A4615F0AFFB01462846F7F744FBA0
:107D20000646284615F01CFB043018F0B4FC8046CB
:107D300013F0C0F8804550D0B2074ED1DFF8AC80C8
:107D4000284605A9B8F800B015F072FC9DF8193066
:107D5000A8F8007003BBBDF81430EBB9284615F045
:107D6000FFFA023018F097FC4FF6F773984294BF71
:107D70004FF000094FF0010901230134E4B22A4613
:107D80003846CDF8009005A9039303F0F9FE039B54
:107D900040B901339C421ED20020A8F800B009B0BF
:107DA000BDE8F08F022CF8D1012BF6D10C4A0D4B17
:107DB000A3F800A01378591C11700B4A7F3B16F0F2
:107DC0000C01137007D1BDF81A305B0603D5BDF85E
:107DD0001600FFF743FF0223D1E70020DFE700BFD3
:107DE000E93D0020AC4900206D3E0020163B0020FC
:107DF0002DE9F04F8BB00F46ADF81E0015F0B0FA2C
:107E000000F1020A0546504618F045FCBDF81E4038
:107E10000646204615F02FFB01462046F7F7C4FA28
:107E2000814600F00308281D18F035FCB54C208071
:107E300013F040F8B0422DD04FF6F7739E4229D888
:107E40006B78DA0726D4304614F052FE30B10123A5
:107E50003146BDF81E202088FFF754FF13F02AF8A2
:107E6000A84B1B8883420FD1BDF81E40204615F059
:107E700002FB01462046F7F797FA10F00C0103D1F8
:107E8000BDF81E0001F0BAFD00229F4B1A600BB036
:107E9000BDE8F08F9D49BDF81E0015F0C9FB9C4957
:107EA000BDF81E0015F029FB0028994B08BF0023E0
:107EB000954ABDF81E00136015F0DEF9954B187059
:107EC000BDF81E0015F0DDF9934B1870BDF81E00CB
:107ED00015F0E2F9914B186000238DF822305FB362
:107EE0008A4BDB889B0627D512F0E4FF10B38C4B3E
:107EF0001B689E071ED4B8F1010F14BF0823182376
:107F00000DF12202009200220DF11E00114600F038
:107F100007FC88B1B8F1010FA0D1824B1B78112B5F
:107F20009CD114F0C4FB002898D140F61D40F9F70D
:107F3000C9FE93E70823E3E7504618F0ACFB4FF681
:107F4000F773984240F2F280B8F1010F00F0FA8026
:107F5000B8F1020F00F06381B8F1000F7FF47EAF3B
:107F60006A4DBDF81E00EB88ADF82400049315F0AF
:107F7000F7F9BDF824600746304615F07CFA014653
:107F80003046F7F711FA8DF82300B81C7E7818F008
:107F900082FB074612F08EFF06F00106B4F800904F
:107FA00003906C88002E7FF459AF4FF6F77A424663
:107FB000494657458CBF0620082018F035FBBDF810
:107FC00024B0584615F057FA594602464346042055
:107FD0000EF010FB574583460AD8B5F90620EB880A
:107FE000002A05DB580603D541462046FFF736FE3A
:107FF000BBF1000F3FF432AF2B88002B58D16B79C7
:10800000002B55D14FF6F7730DF126019F42BDF8B5
:10801000240094BF4FF0000B4FF0010B14F070FCE4
:10802000DFF8E0A000F1FF38BAF800301FFA88F15D
:108030000593EB88BDF826000693F7F7B5F9069B84
:1080400004990190009322465B460598C1F34011C4
:10805000EAF766F900283FF401AF06202B4BBDF884
:1080600026105FFA88F20EF0C5FA00283FF4F6AE4B
:1080700048F202036A889A4205D1BDF82410BAF882
:10808000000000F0D3FF214D09AA29460DF123007D
:108090000FF062F9034600287FF4E0AE2104BAF83D
:1080A0000000BDF824207DD52346294614F03DFC70
:1080B0009DF82330154D03F00C030C2B40F09580F8
:1080C000288914F0FDFB00283FF4C8AE039B002074
:1080D00029894B4514BF0226032602F05FFE124B8E
:1080E00018704FF6F7739F42BDF8240000F2958098
:1080F000A4F13802534253413246044904F0E4FCEF
:10810000ACE600BF163B0020643200200A3B002092
:10811000653E00205F3E00205E3E00205032002081
:1081200028270020EB3D00207D3E0020B8F1020F03
:1081300075D03E4BB3F90630002B26DAB8F1010FAB
:108140007FF40AAF12F0B6FE238883423FF486AE76
:108150000520BDF81E10FFF753FA00283FF47EAE4D
:10816000324AD3885B0607D50023CDE900330A20C5
:10817000FF232188FFF7D2FA3A469DF82230218862
:10818000BDF81E0002F040F968E6BDF81E0017F0C9
:10819000C1FDA0F11001C9B2284600F073F8002813
:1081A000CCD05BE60221DFF8948088F800102946E5
:1081B000CDF800B003F0E4FC132C3FF479AFEB886A
:1081C0005D043FF575AF1A4B1B78D80704D598F8B6
:1081D0000020022A3FF46CAF99077FF53FAE98F874
:1081E0000030012B7FF43AAE62E700222B79114870
:1081F00000936B791146008802F0F8FD0E4B187061
:108200009DF8233003F00C03082B7FF46AAF039B27
:108210004B4514BF0426052663E701236CE7484657
:10822000BDF81E20014901F05BFB17E60A3B002068
:10823000253D0020163B00207D3E00206E3E0020A4
:1082400010B50021084812F0BFFB044650B10146AA
:108250000420FFF7D5F928B12046BDE810400121E0
:10826000FFF7C6BD10BD00BFFA3A0020034BFF2147
:108270001A780348920015F04FBE00BFD549002080
:108280005422002070B5451804464FF0FF31AC422F
:1082900012D1104B10481A7805460023934211DB87
:1082A0000E4C2078431CB3FBF2F602FB163345F864
:1082B0002010237000200CE014F8010BE5F74AF8B9
:1082C0000146E4E750F8044BA14201D00133E5E751
:1082D000012070BDD5490020542200206F3E0020AF
:1082E00007B5042301220DEB03011046F7F718F937
:1082F000019B034A1B03136003B05DF804FB00BF3E
:1083000060320020014B1868704700BF60320020C7
:10831000014B1868704700BF6032002010B5064C52
:108320002368C3F30B0313B901200DF0C8FE2068C6
:10833000431C236010BD00BF603200202DE9F04FC8
:1083400093B003930023DDE91C79069399F800307C
:1083500083460DA804930E461546E9F7F7F999F8F8
:10836000003013F003043ED0039B0DF1250A8DF875
:10837000243000220821384612F025FD002870D054
:10838000288814F0EDFF99F800301C074CBF04302A
:10839000023018F080F907A98046F7F7DBFA9DF85C
:1083A00024300446980633D5288806F10D0115F0CF
:1083B00035F8A8B100230093384608232988721D98
:1083C00018F0B1F999F8003003F01803182B4AD1CE
:1083D000B8F1000F47D0A94BB3F86830434542D0FD
:1083E00040F60A4327E02888711D15F017F8002889
:1083F000F6D0009405233246298809A818F093F98D
:108400009DF824300DF1240A03F018030393B0E71C
:1084100014BB39464046F7F795FD0028D2D099F8AD
:1084200000309907DCD0402322462146404614F014
:108430002AFB40F6094399F8002012F0030440F0AB
:10844000F7802888039314F0EEFE224601461A2096
:1084500018F0EAF8039BEBE007AB03CB38607960D8
:10846000B0E74FF6FF780EF05AFF044620B1042122
:108470003846F7F797FA04461E9B002B5AD009237B
:108480001E990DA88DF834300EF01FFD209B0BB106
:10849000209B0693039B002B40F08E800DA8E9F7EC
:1084A0007DFC99F800309A0700F09880FFF736FFBE
:1084B0005146024601200EF0BDFF99F800309B079F
:1084C00010D55946288815F089F80BF1090350FAA0
:1084D00083F35FFA83FB5946288815F067F800EBB1
:1084E0000B06F6B299F8003013F0C20F0AF104033C
:1084F0000DD09DF82420624942F020028DF82420FE
:108500000A68CAF804204A685A600AF10C0301227A
:1085100009A800921B1A324629889BB218F003F969
:10852000324659462846FEF7F3FE002800F0A480A4
:1085300000237DE01F9B5BB19E460DF1340CBEE82D
:108540000F00ACE80F00DEF80030CCF800309DE7FB
:10855000049B594603F0200328880493F6F724FF70
:1085600010F0030F0CBF012300230593049B059A11
:10857000003B18BF012342EA430300930DAA06AB58
:1085800038461F9900F044FB049A034682B1002844
:1085900080D0059B0DAA0093384606AB1F9900F0CA
:1085A00037FB034699F8002022F0200289F80020CA
:1085B000002B3FF46FAF3EE7039B102B06D1BDF8B5
:1085C000363043F00103ADF8363067E7039B182BD4
:1085D0004FD1BDF8363043F00203F4E701200DF12E
:1085E00025010EF035FF99F80030824613F0040F94
:1085F000288821D1069B1BB3002C35D014F013FE24
:1086000000220146162018F00FF884B17FB14FF612
:10861000FF7398450BD000230DA91A4638460EF07B
:10862000A9FD394640469DF835200EF090FE012305
:10863000184613B0BDE8F08F002CDFD1104F01E0D9
:10864000002CDBD100233246009359463B4613F001
:108650009EFD00283FF4C4AE002C3FF469AF069A9B
:108660000AF10103136063E71B685345C6D8012470
:10867000E8E740F60A43DBE71923D9E74031002059
:10868000373E0020002307B5064A019313600423F8
:108690007F2101200DEB03020DF00FFD03B05DF80B
:1086A00004FB00BF6032002037B505460C46F7F7E3
:1086B00037F840B3012D03D0032D15D0022011E06F
:1086C000154B1B68A342F9D8611CF7D0230B01930B
:1086D000114B01221C6004230DEB03010020F6F76F
:1086E0001FFF002003B030BD0C4B1B68A342E5D830
:1086F000621CE3D0230B0193084B1C6004231A4631
:108700000DEB0301EAE7631CD8D0230B012D019385
:10871000DED0032DF0D0D1E76032002018270020F2
:108720002DE9F04F0446B1B000888DF82F30164681
:108730008A463A9F14F09FFE01468146208814F035
:1087400035FF00EB0908208814F066FF00239DF830
:108750002F505FFA88F815F0010B0790ADF836300E
:1087600008D101460DF13602208814F011FE08B13F
:10877000ADF836B016B9CDE90E660EAEFEF706FBC3
:1087800018B145F020058DF82F500023CDE90333B3
:1087900002930DF12F03CDE9006322465346414673
:1087A0004846FFF7CBFD0546002800F0B8809DF84D
:1087B0002F3013F0010B46D123F020038DF82F301A
:1087C00012F078FB70B1754A10AB106851685D46C5
:1087D00003C3184600F0EEF90890FEF7EFFCABB2C9
:1087E000984239D80FB100233B70BDF83630CBB179
:1087F0000121208817F0AAFA27880546002800F0F2
:10880000BC800121384617F0A1FABDF83670054644
:10881000384617F07FFA002300903A46194628465A
:1088200012F0A5F90023CDE9033302930DF12F03D4
:10883000CDE900632246534641464846FFF77EFD98
:10884000054600286BD012F035FB002840F0AC80C4
:10885000284631B0BDE8F08F18AB14AA26A9E8B2BB
:108860000EF0DDFC002875D1082210A927A815F00C
:1088700029FB089B8346002B68D09DF8A53013F098
:10888000020F099362D0082212A927A815F01AFB3B
:1088900000285BD1099B590758D50FB101233B70C4
:1088A00014AB0DF1740C0FCB8CE80F00BDF8363013
:1088B000CBB10121208817F049FAB4F800B00028A4
:1088C0004DD00121584617F041FABDF836208346B5
:1088D0001046099217F01EFA00231946099A0090D3
:1088E000584612F044F92E4B22460493002303937A
:1088F0001DAB02930DF12F03CDE9006341465346B2
:108900004846FFF71BFD28BB089B002B33D012AA5B
:108910004FF482714FF400501DAB00F0D5F812F007
:10892000C9FA88B11F4B1B689A070DD4FEF72EFABF
:1089300050B11A4A18AB1068516803C3002226A927
:1089400018A813F0ABFA18BB002581E727B9BBF1D3
:10895000000FA5D0013540E700233B70F7E7BDF8D5
:1089600036200A901046099217F0D4F9DDE9092360
:1089700007990090B4E7089ACAE7BDF836B05846A0
:1089800017F0C8F92B4600905A463846079947E732
:1089900026A918A813F0BEFAD0E700BFFC620408AD
:1089A00024270020282700209DF82F3003F01103F2
:1089B000102B7FF44DAF3E4B1B78432B7FF448AF19
:1089C0003C4B1B685B067FF543AF208808F105012F
:1089D00014F024FD834600283FF43AAF4146208836
:1089E000F6F7E2FC344B10F0200F08BF1E4612A829
:1089F00000F0E0F80822314612A815F063FA0028CA
:108A000052D0314612A80EF063FC012326AE00932B
:108A10003246002314A912A800F0FAF800287FF4C7
:108A200017AF12AB0DF12F07CDE903600290009351
:108A300022465346414648460197FFF77FFCA8B3BC
:108A4000BDF89A30102043F0080318AA14A9ADF815
:108A50009A3013F000FA00287FF4FAAE12ABCDE999
:108A60000360CDE9017000932246534641464846D3
:108A7000FFF764FC054600287FF4EAAE18AB4FF41C
:108A80009071002012AA00F01FF84FF00051002052
:108A900013F0AEFDBBF1000F3FF456AF4FF0805125
:108AA000002013F0A5FD4FE78346AEE714ABE6E7E1
:108AB000EB3D002028270020AA310020014B186040
:108AC000704700BF24270020F0B5164691B0074636
:108AD00009A80D461C4613F085FD3EB1336845F0EC
:108AE0004005CDF826307368CDF82A301B4B1A6844
:108AF00022EA070242EA050119604B040DD5BDF8D0
:108B000024200B0A03F4E243C9B222F4E3420B43EC
:108B100022F07F021343ADF824301A2308220020EC
:108B200009A9F6F7FDFCB4B104A8E8F70FFE02238B
:108B30006A468DF810301546234604F11006144697
:108B400018685968083303C4B3422246F7D129464E
:108B500004A80EF0BAF911B0F0BD00BF282700201C
:108B600047F2FF10044B196841F48042014041F480
:108B700080411A6013F03CBD2827002000B589B061
:108B8000FEF7AAFB01A813F02DFD0948BDF804204B
:108B90000168130221F0FF0103F4E2030B43D2B298
:108BA000134343F48043036009B05DF804FB00BF46
:108BB0002827002010B50C4B0446186888B083079E
:108BC00006D54FF0FF3323600120636008B010BD6D
:108BD00010F04000FAD001A813F004FDDDF80630D3
:108BE0002360DDF80A30EFE72827002008B5074B9F
:108BF00002461B6813F0400305D118461946FFF7DB
:108C000063FF012008BD0020FCE700BF28270020EB
:108C10002DE9F0479EB080460C461D4691469DF8D2
:108C200098A0A2B116463046E8F790FD1AF0020F60
:108C30000FD004B917AC22463146404601AB0EF0C6
:108C4000CCFA0DB100232B601EB0BDE8F0870DAE4D
:108C5000E9E701AB3146404605AA0EF08BFA73787E
:108C60000AF0010AFF2B26D0002840F0B68054B14C
:108C700005AA09AF134603CBBB42206061601A46C8
:108C800004F10804F6D125B17278554B03EB820349
:108C90002B60BAF1000F01D10020D5E7BDF80430F8
:108CA000D906F9D418204FF6FF71727817F0BCFC82
:108CB00040F60E40C8E74B4F3DB112F0FBF810B143
:108CC0003B689A072BD500232B603B6803F03003E9
:108CD000102B01D0202B24D117A813F083FC0822DD
:108CE00040460DF15E0115F0EDF820B13B6803F050
:108CF0004403402B15D0BAF1000F15D109A813F089
:108D00008FFC02233370002C4CD1B9F1000FC3D07B
:108D100012F0D0F860B3301DFFF74CFFBCE7324BC8
:108D2000D2E740F60A408FE73B68DB03E6D509A8A7
:108D300013F076FC0223337074BBB9F1000FB1D08D
:108D400012F0B8F8F0B1301DFFF734FFAAE73B6826
:108D500003F08403842B2CD009AB0DAF1A4603CA51
:108D6000BA4220606160134604F10804F6D105E0C0
:108D700025463B6803F08403842B28D0301DFFF781
:108D800019FF26E03B68012503F08403F4E73B6804
:108D9000012503F08403DDE712F08CF80028F6D0FB
:108DA0000125D9E712F086F805460028CFD0002526
:108DB000D2E712A8E8F7CAFC022312A88DF84830BF
:108DC000E8F7ECFF224608214046E8F751FF102360
:108DD0007380002D3FF460AF64E72D2034E700BFBF
:108DE00000220020282700202427002049B9084B12
:108DF000197849B14EF66023594328B1054817F058
:108E000059B841F28831F8E70248F6F70FBB00BFC6
:108E1000233D00207426002070B586B0054612F070
:108E200049F810B9022006B070BDF6F721FC002801
:108E3000F8D001A8FFF7BEFE06460028F2D08DB993
:108E40002E4B1C6814F0020406D02D4B1B78112BFE
:108E5000E8D12C4BB3F868404FF481630221ADF8A0
:108E60000C3023E02846F7F703F90028DAD1234B2A
:108E70001C6814F0020406D0214B1B78112BD1D1B1
:108E8000204BB3F868400822294601A815F01AF8CB
:108E90000028E1D04FF4027300260A21ADF80C300F
:108EA0002B68CDF80E306B68CDF81230002203A885
:108EB00011F02FFD024608B91920B4E70F4B1968CD
:108EC00001F03003102B17D0202B14BF01230323F4
:108ED000490001F004010B432046002101F08CF809
:108EE0000028E9D000210120FFF780FF16B1012200
:108EF000054B1A70002096E70323E9E72827002096
:108F0000EB3D002040310020643E002030B50025BC
:108F100085B0CDE90055F6F789FA11F0CBFF1E4C6C
:108F200060B906F02DF90D25002108462170FFF7E4
:108F30005DFF294668460DF0DDFD18E023784BB350
:108F4000164917480A780078904223D90132012B3C
:108F50000A700ED12A464FF4A071284602F006FD91
:108F6000C0B2B8B941F288310E4816F0A3FF05B07F
:108F700030BD022B09D1284602A9F6F7E3FF0028ED
:108F8000EED102A8FFF748FFEAE7032B02D101F078
:108F9000E9F9E5E70425C7E7703E0020713E0020AF
:108FA000144A00207426002070B51B4A1B4D04464D
:108FB0005168106886B02E7801AB03C31EB102243D
:108FC000204606B070BDF6F7ABFB0228F7D111F0D2
:108FD00071FF0028F3D003A800F032FE082201A997
:108FE0000DF10E0014F06EFFA0B10D4B32464FF4A0
:108FF000A07130461C7002F0B9FC04460028DFD195
:109000000123084A41F2883107482B70137016F08B
:1090100051FFD5E72324D3E727660408703E0020DC
:10902000144A0020713E002074260020F0B50C4642
:1090300000219BB02B4F0646492207A8069114F049
:109040006BFF3B78012B34D19EBB0DF10E01204606
:1090500013F056FC0546BDF80E0016F05BFE441BEF
:10906000E4B2BDF80E1023462A46009606A817F073
:109070005AFB304604A9F6F765FFD0B9CCB19DF88C
:109080001920B2B9BDF8233003F47E43B3F5285F4D
:109090001ED3B3F5385F0ED31349BDF80E000B682D
:1090A00043F400030B6029460EF02CF918B1042399
:1090B0003B701BB0F0BD01220C4B04A81A70FFF7E7
:1090C000ABFE41F288310A4816F0F4FE0223EFE7C6
:1090D00011463A70FFF78AFE1E2104A80DF00AFD22
:1090E000E7E700BF703E002028270020713E0020E7
:1090F00074260020014B1870704700BF713E00209D
:10910000014B1878704700BF703E0020014B18706B
:10911000704700BF703E00202DE9F04F04464088A4
:1091200091B00E298846ADF81A0079D094F80890CD
:10913000A77914F015F909A90546BDF81A00E679D2
:1091400014F076FABDF81A0013F0FDFF420542BF95
:10915000BDF82A3043F40053ADF82A30E379DB063A
:1091600042BFBDF82A3043F48053ADF82A30BDF831
:109170002A30980613D5022F58D10CA9207A13F063
:1091800060FBDDF83500DDF8391007AB03C307AA33
:109190000021042300910DF11A00FFF7C1FA01210B
:1091A000BDF81A0016F0D2FD022F82464AD1484B74
:1091B00033F81950B8F1000F7FD0BDF82A205106BE
:1091C0007BD54FF6FB739D4277D8424B1B78033B10
:1091D000012B04D8404BB3F86830AB426DD0D305B7
:1091E00002D5284613F063FDBDF82A30D80464D5B3
:1091F000002F34D1BDF81A0013F0A5FFC10664D5C5
:1092000048F23403BDF826209A4209D1334E307813
:10921000FF2805D003222946FBF748FBFF233370C4
:1092200000232380638011B0BDE8F08F012F01BFC0
:10923000237A2B4A03EB430302EB830314BF002280
:109240009A1CA5E7012F05D10C2303FB09F3244A3F
:10925000D55AAFE7A81C17F01EFA0546AAE728461C
:1092600001F0E4FEBDF81A0013F06DFFC206C7D48A
:1092700063895046059316F04DFD8346504616F01F
:109280002DFD059B02905FFA8BF04A46394601900E
:109290000093404609AB0DF011FCB8F1000F14BF6C
:1092A0000B20092016F0030218BF02F1FF322946F5
:1092B00018BFD2B217F0B8F9A2E7BDF81A0013F040
:1092C00042FFC3069CD4002FD2D1A946D0E700BFED
:1092D0009A360020EC3D002040310020184A002042
:1092E0000A36002070B500240C26104B104D2A7849
:1092F000A24205D8C2B9BDE870400E48F6F796B84C
:10930000598869B9013AD2B2A2422A70EFD0121B31
:10931000184603F10C01724314F0E4FD0346E6E73E
:1093200001340C33E4B2E2E770BD00BF9235002097
:10933000743E00202448002070B5194B194A1D784E
:109340000023DCB2A54200D870BD14466688013304
:10935000864202F10C02F4D1E379A58803F04002C1
:109360008DB9CAB123F00403E37113F0F9FF037858
:1093700003F07F03037021880029E5D1BDE8704028
:10938000094816F097BD00216580A180002AE9D127
:10939000BDE87040FFF7A6BF2046FFF7BDFEF7E728
:1093A000743E002092350020244800202DE9F0472B
:1093B000044686B040880F46154613F0D1FFA379C6
:1093C0008046082B4FD8DFE803F0052E184E4E4E8E
:1093D0004E4E0500023017F05EF9002D4BD0694665
:1093E000F6F7B0FD00283ED1684601F0C9FEB0FA9C
:1093F00080F0400906B0BDE8F08702A9207A13F09A
:1094000020FA6B466E46DDF80D00DDF81110304A8B
:1094100003C3237A32F813902E4AD05C75B13146DB
:1094200013F033FAE6E7237A2B4903EB430301EB0E
:10943000830231F82390907A961CEFE74FF6FB7A7F
:10944000D14512D9304603F0E9FF4FF6FF73984239
:10945000054612D00146304601F004FE554505D9B7
:10946000E379DA060BD40020C4E74D46294608F11B
:10947000020017F012F90120BCE74D46F0E74FF665
:10948000FC78454511D103F00C030C2B1BD1D7B14F
:1094900030464FF6FD7101F0E5FD40F602412046F1
:1094A000FFF73AFEFFF71EFFDDE74FF6FD739D4223
:1094B00009D10023304619461A4602F013FB4146F3
:1094C000304601F0CFFDE37943F00C03E371CAE7C6
:1094D0009A3600204A3D00200A36002073B5044623
:1094E00040880E4613F03CFF023017F0D4F80DF020
:1094F00028FF18B1A11C201D0DF028FFE6B1E57969
:109500000135EDB2E57115F0400514D0E7F7B4FC74
:109510000122054600212046FFF748FF18B1334BD2
:109520001B882B449DB2324B1B78042B01BF2F4B61
:109530001B885B199DB22580002231462046FFF72B
:1095400035FF002831D0608813F00AFFE2792949FD
:1095500022F00C03E3710B7805460133DBB20B708C
:10956000C371254BA61C1B780BB3E37998061ED557
:109570002249097861B90022012311463046009240
:10958000FFF7CEF898B1E37943F00303E3710CE001
:109590005906F0D59207EED5002204231146304635
:1095A0000092FFF7BDF80028E5D002B070BD30464C
:1095B0000DF0CAFE0028F8D16088FBF73DFD50B1E0
:1095C0000128F2D1E37943F00803E3712B7803F02B
:1095D0007F032B70E9E7E37943F00403E3711B0693
:1095E000E3D5074B1A78074B1A70DEE78449002051
:1095F000EC3D0020E93D0020E73D0020154A002019
:10960000283D0020733E00202DE9F74F064616F056
:1096100038FF5D4B0546B3F8009018805B4BA0EB1C
:1096200009041B78A4B2A34298BF00234FF000089E
:109630004FF6FF7788BF1B1B544A88BFDBB21370FD
:10964000DFF85CB1A9EB00030093514B5FFA88F29D
:10965000197891420ED80EB1FFF744FE4FF6FF7312
:109660009F4200F08A8039464A4803B0BDE8F04F77
:1096700016F020BCBBF80220002A3CD0464B9BF8D9
:1096800007201878BBF800A0042818D00020BAF1F1
:10969000000F08BFA2462044504523D2BBF800105B
:1096A000009B1944ABF80010002E4AD002F048028B
:1096B000482A46D100215846FFF710FF41E00192A9
:1096C000F6F77CFB30F01003019ADFD1FAF78EFC3D
:1096D000324B019AB3F800C08445D7D9ACEB0000F7
:1096E00080B2D4E702F00C00042807D10022ABF8C6
:1096F00000200BF10C0B08F10108A6E7510602F05F
:10970000030C02F008000AD508B3BCF1030F21D105
:10971000BEB140F602415846FFF7FEFC11E040B3EF
:10972000BCF1010F25D11206F2D44FF4C862ABF898
:1097300000209BF8072022F0030242F002028BF87F
:109740000720BBF80020974228BF1746D1E7032027
:109750008445DDD213060ED50C4B1A780AEB0200B5
:10976000844208DA4A44521B0AEB0201ABF80010AB
:10977000E7E70120ECE701219DE7064803B0BDE8DB
:10978000F04FF5F753BE00BF003B0020733E0020B2
:10979000743E002024480020EC3D00208449002035
:1097A000923500202DE9F04100250C270A4EDFF804
:1097B00030803378ECB2A34204D8BDE8F0410748CA
:1097C000F5F70ABB07FB0484A01CF5F705FB201D79
:1097D000F5F702FB0135ECE7743E0020F63A002075
:1097E0009235002070B500240C4D0D4E2B78A3420D
:1097F00008D81B1BDBB22B707BB9BDE87040094851
:10980000F5F714BE04EB440040F6024106EB80007D
:109810000134FFF781FCE4B2E8E770BD743E00203C
:1098200092350020244800202DE9F041002506460D
:109830002F46114CDFF8448098F80020EBB29A4292
:1098400003D8BDE8F041FFF74DBD608813F088FDF7
:10985000023016F020FFB0420AD16088F8F722F9F2
:1098600000230E211846628803F0CEF92780678016
:109870000C340135E0E700BF92350020743E002033
:10988000F8B5144EDFF854E035789EF800E0124F3A
:1098900005EB4504AE454FEA840C07EB840416D073
:1098A000002503F4835343EA1323A1712272E37169
:1098B000608027F80C50A58006F06EFD337860813B
:1098C000013328463370FFF79FFE2846F8BD40F667
:1098D0000340FBE7743E002092350020D24900206F
:1098E0002DE9F04F354B0E461C78174685B05CB914
:1098F000B1F90680DFF8CC90DFF8CCA0DFF8CCB06F
:1099000099F80030A34202D805B0BDE8F08F04EB0F
:1099100044050AEB8505A88800B9688801A913F0F9
:1099200087FEB27A9DF80E309A4244D1B8F1000F0A
:109930000FDA317A9DF80C203389914209D82048FA
:1099400000780844824236DA521A1B0A1341D907BA
:1099500031D5384613F060FEBDF80A3004469A0649
:1099600002D5F3889B06CFD5EB7903F00C03042BCB
:1099700008D16888F8F796F800236A8819461846CF
:1099800003F042F900212846FFF7C6FBFFF7AAFCC7
:10999000384616F0BFF9844208D22B7A01228BF8A0
:1099A000003031460023384603F08EF8B8F1000F3E
:1099B000AADA0024A4E70134E4B2A1E7723E002051
:1099C000D1490020743E0020923500207D3E0020C9
:1099D00008B516F056FD074B1B88C01A80B2B0F5CB
:1099E000807F05D9BDE808400021034816F062BA1F
:1099F00008BD00BF003B0020244800202DE9F047AF
:109A000088B004460D4613F036FD01462046F5F7B2
:109A1000CBFC10F0030340F0848010F00C0F06D153
:109A20002946204608B0BDE8F047FFF785BC204630
:109A300013F089FBC10659D4204613F01CFD0146E2
:109A40002046F5F7B1FC0746204613F089FC064690
:109A5000023016F020FE05A98046204607F00C07CC
:109A600096F806A013F0E4FD73780C2F0CBF0327C3
:109A70000627012113F0010F204618BF032716F017
:109A800065F92B4B81461B78033B012B1DD9BAF19D
:109A9000010F1AD94FF6F773984502D8337A1F2B66
:109AA00013D9301D16F0F7FDF179824611F015FD3E
:109AB00006465046F7F748FBDEB173685A1C04D0DF
:109AC000834340F6024308BF1D461A4B1B88A3423E
:109AD00012D1B5FA85F04009FAF770FD204613F06F
:109AE00060FB00220146072016F09EFD08B0BDE88D
:109AF000F08740F60245E8E706F04EFC824648460D
:109B000016F008F90646484616F0E8F8F6B2029054
:109B1000424639462846CDE900A605AB0CF0CEFFFB
:109B2000DCE7012BE2D110F00C0FDFD178E700BFAA
:109B3000EC3D0020F63A0020002210B5094B1C78BD
:109B4000094BD1B28C4201D8002010BD197A814254
:109B500002D19979022902D00C330132F1E70120B8
:109B6000F3E700BF743E002092350020014600223A
:109B700010B5084B1C78084BD0B2844201D80020A5
:109B800010BD187A884202D198790128F8D00C3398
:109B90000132F1E7743E002092350020002210B41B
:109BA0000A4B1C780A4BD1B28C4203D85DF8044BA7
:109BB000FFF798BB197A814205D19979012902BF33
:109BC0000021198059800C330132ECE7743E0020EB
:109BD00092350020024B1878003818BF01207047DA
:109BE000743E0020044B1B6813F0300F03D020217B
:109BF000302012F0FDBC704728270020002310B54C
:109C0000044608491A4601EA00414FF07F60FEF71A
:109C10005BFFE30703D50021302012F0E9FC0020B0
:109C200010BD00BF00007207044B5B8823F478432B
:109C300023F08D0303800020704700BF28270020F9
:109C400008B500220346C3F80220C3F806200B4AD9
:109C500002301268D1B212F0200F18BF41F010018B
:109C60001980930701D4FEF7A5FF054B1B78023B33
:109C7000032B8CBF1720002008BD00BF2827002021
:109C8000EB3D002038B505460C46FDF725FB98B1A5
:109C90000E4B187878B10E4B1B681A040FD58CB197
:109CA00013F0420F00D17DB103F44073B3F5407F50
:109CB0000CBF0020232038BD40F60840FBE740F6EB
:109CC0000B40F8E72046F6E72320F4E7E73D0020C5
:109CD00028270020F0B504468DB007A80D4616468B
:109CE000E7F734FD1022002103A814F015F95CB148
:109CF000234603AC03F1100722461868596808335D
:109D000003C2BB421446F7D1012703A986EA070321
:109D100007A88DF81C708DF81D30E8F7EBF880EA85
:109D2000070401A8E4B2E7F7E5FDB6B101A88DF894
:109D300006500DF057F964B1002303A907A88DF868
:109D40001D300DF0C2F80C4B1B78432B01D1F7F7F7
:109D50004DFB0A4B1D700DB0F0BD01A88DF80750EA
:109D60000DF040F9002CF6D003A907A88DF81D705E
:109D70000DF0ABF8EFE700BFEB3D0020E63D002023
:109D8000F0B5012593B007460DA80C46E7F7DEFCB9
:109D900005A90DA8ADF834500DF0B6F801A8E7F705
:109DA000A9FD09A90DA88DF835509DF806600DF0A4
:109DB000ABF80DA89DF80750E8F764F870BB731B6B
:109DC000DBB2802B28D91FB1A64225D0A54223D1D2
:109DD00005A90DA80DF079F803A8E7F78BFD03A8F6
:109DE0008DF80F600DF0FEF80122294609A8FFF753
:109DF00071FFF7F7B1FB01214FF4007003F028FE6B
:109E0000FDF754FAB0F1004F01D9FDF755FA044BB4
:109E100018780CF06DFE012013B0F0BD0020FBE7B8
:109E2000E63D002070B50E46144605460320FFF7B8
:109E30006DF946F00402294620460DF0AAF80022EA
:109E4000014B1A6070BD00BF24270020F0B587B019
:109E5000078805461022002102A814F05DF83B4B4C
:109E60001B78002B6FD1B80557D407F08403842BDF
:109E70005CD0374C12F09DFC17F4045F276005F1AD
:109E800002061CD0BA040AD5304605F045FB00286E
:109E90004AD1236823F4005343F48073236030468F
:109EA00012F094FC00283ED10CF04BFE18B9236848
:109EB00043F480332360236843F020032360226847
:109EC000334642F4004112F0400218BF05F123026C
:109ED00047F2FF102160FEF7F7FD0DF10600FFF7D6
:109EE000A3FE236813F4805FBDF8063022D043F050
:109EF0002003ADF80630BDF80600FFF77FFE2368AB
:109F00009B0506D5012295F8221005F11200FFF7F6
:109F1000E1FE00200F4B186006E005F1120012F080
:109F200055FC0028A1D0292007B0F0BDB907A0D565
:109F30002320F9E723F02003ADF80630FDF7BCF944
:109F4000FEF7A0FBD7E70220EEE700BFEB3D0020C5
:109F5000282700202427002008B5054B1B7833B1A3
:109F6000FFF740FEBDE808400248FEF73FBE08BDCF
:109F7000E73D0020373E002010B5154B1B78D3B1CC
:109F8000144B1B78033B012B15D9002012F02FFF37
:109F9000044698B1E6F7ACFF237913F0300F0AD1ED
:109FA00048B1012803F0CF0206D0811E4B424B413D
:109FB0005B011343237110BD1023FAE7F6F7D4FEBB
:109FC0000028F8D021462046BDE8104004F0EEB845
:109FD000E73D0020EC3D002008B510F06BFF054B7D
:109FE00018B91868C0F3800008BD1868C0F30050A5
:109FF000FAE700BF282700202DE9F04706468946EA
:10A000001046002188B015469846F5F7CDF910287E
:10A0100007460AD8684B0341DB0706D4C8F340045F
:10A020009DB9002008B0BDE8F087644B1C78002C77
:10A03000F6D0FFF7D1FF00280CBF4FF4F0744FF4B7
:10A04000D074FC4004F00104EAE7002318F0010F8B
:10A050001A4629464FF005000CBF4FF0080A4FF48E
:10A06000027A0CF0DBFA0028DBD0C82332460093DA
:10A0700051460023284606F02FF8ADF80E000028C0
:10A08000CFD018F0080A4AD14FF6F773A7F10F02A4
:10A09000D2B29E428CBF09230123012A01D843F08A
:10A0A0004003474A8DF810301378591C11708DF811
:10A0B0001130002C4FD09DF81030052F43F02003B5
:10A0C0008DF8103033D03F4B1D78002D5AD04FF60D
:10A0D000F77300259E424FF00F0248D9012304A9CF
:10A0E0000DF10E00F5F7BCF800289AD1002C4DD1E7
:10A0F000BAF1000133463A4618BF0121BDF80E00FF
:10A10000CDF800900DF027F9ADF80E00002888D0AA
:10A1100018F0040F4DD0314611F00CFC82E749468F
:10A120000DF10E0005F0BAF90028ADD179E7012153
:10A13000BDF80E0015F00AFE0121F5F735F90123EF
:10A14000834013F0620F1CD11E4B1B78E3B14FF616
:10A15000F7731825BEE71B4B25461B780222002B00
:10A16000BCD04FF6F7739E42B8D8052FB6D0BAF1DF
:10A17000000FB3D19DF8103043F040038DF810303C
:10A18000ACE710250F22A9E71825FBE7BAF1000F6D
:10A190000AD002234A46009029460DF10E00FEF730
:10A1A000BFFA0028A4D03CE741235246CDF800A0D6
:10A1B000F2E711F0A9FB35E79FFEFEFFE73D002027
:10A1C000E83D0020D93D00202DE9DF431E46144B19
:10A1D00080461B680F469B0791460A9C1BD420466D
:10A1E00014B10DF0A0F8C0B20622CDE902403B4602
:10A1F0000020CDE900890B4910F064FD024650B102
:10A200000021002E0CBF01230323084604B0BDE843
:10A21000D043FFF7F1BE002004B0BDE8D08300BFFB
:10A22000282700202F6604082DE9F04F8DB08146C5
:10A230008A461F4693469DF85C803AB903A8FEF70C
:10A24000B9FCB0BB00200DB0BDE8F08F1546002270
:10A250002321104610F05DFBADF80A000028F1D074
:10A2600015F03CFD0523044618F0100F00F8023BE2
:10A27000677020D01122002113F04EFE04F1130666
:10A28000032F4FF0080237D15946304613F02AFE0B
:10A29000C8F3801306F1090533720DF040F8002869
:10A2A0003ED000232B706B700123033505F8013C71
:10A2B00036E003ADCBE701261022169913F012FE0B
:10A2C00006FA07F313F0620F02D104F11206D7E782
:10A2D00007A8E7F73BFA05A88DF81C60E7F70AFB2B
:10A2E0009DF8162018F0200F9DF8173008BF134670
:10A2F00004F11306A374C3E75146304613F0F2FD90
:10A30000012306F10802121B28460093BDF80A102B
:10A31000082392B216F007FA042F06F11005BCD0FC
:10A320002D1BA9B20DF10A0010F0F9FB002889D10C
:10A3300018F0040F0BD0484615F0F0FEFF281FBFA1
:10A34000074A32F8103023F4804322F81030434695
:10A3500051464846BDF80A20FFF74EFE73E700BF9E
:10A360003E3A002070B5032690B08DF8076010F0DB
:10A37000A1FD18B90224204610B070BDF5F778F998
:10A380000028F7D002AD2846FEF714FC0028F1D0D3
:10A390001B4B1C6814F00204ECD140F20F43194A25
:10A3A000ADF82430136804A8CDF826305368CDF8F2
:10A3B0002A30E7F7CBF995E8030005AB83E8030003
:10A3C000062304A88DF81D308DF81060E7F7E6FC31
:10A3D00001210DF12E020DF10700E7F749FC22469D
:10A3E0001A2109A810F095FA024608B91924C2E703
:10A3F000012329462046FFF7FFFD0028BBD1F5E7E2
:10A4000028270020373E00202DE9F04F06460F4652
:10A41000002199B01F2210A803930F9113F07CFD27
:10A42000304613F028F801463046F4F7BDFF8DF8AA
:10A430001B00304612F094FF9DF81B304578814692
:10A44000C5F340059806304648BF45F0020513F0B5
:10A45000E3F80446304615F05DFC0023001B5FFA6C
:10A4600080FA00935346232B28BF232322463146EC
:10A470000FA816F058F900283ED19D4B9DF83C805E
:10A480001B789DF83DB0002B39D0FFF7A5FD0028C3
:10A490000CBF4FF4F0734FF4D07323FA08F3D907CD
:10A4A0002DD5AA072BD4B8F1080F22D1BBF1040F88
:10A4B00022D1FAF765FDF8B92246314605200DF1A3
:10A4C0001B030CF097F8B8B1A8F10508B8F10D0F0F
:10A4D00012D8DFE818F02800A001C701EC01F20152
:10A4E0001100110011001100F8019902A502D30218
:10A4F000D302B8F1050F08D019B0BDE8F08FB8F15C
:10A50000100F05D1039B002BF6D0FAF739FDD3E7E6
:10A51000FAF736FD0028CFD0B8F1050FCCD0B8F14E
:10A52000110FC9D0E8E7BBF1050FE5D8304612F0AE
:10A530007AFE059009F1020016F0ADF881460DF1A2
:10A540001E00FFF771FB01239DF83D70BB4013F027
:10A550006203039305D0BDF81E309B0701D5AE07FB
:10A56000CAD510F0A7FC0028C6D0FAF709FD08B933
:10A57000002DC1D00DF13E0A504612F027F9039B81
:10A580000490BBB1032F9DF84EB01AD10DF14F04CA
:10A5900010F090FC814540F01781032DACD19DF85F
:10A5A00056105246003918BF01210DF14E000CF033
:10A5B00013FFA1E7032FDDF80CB07BD10DF14E04A2
:10A5C000E6E74C4B1B689C0729D5FF2208210DF1BB
:10A5D000570010F0F8FB804608BB034601460DF11A
:10A5E00057020220FEF770FA10F064FC81450DF16D
:10A5F00057060DF14F0422D04FF6F773994540F2FC
:10A60000E88000220821204610F0DDFB002800F041
:10A61000E080002259465046FFF75CFB6CE70DF1E5
:10A6200057060DF14F04304612F01EF8002846D0B0
:10A6300010F040FC814540F0C8804FF000082046F3
:10A64000F5F716FD002800F0C080012F58D0042F28
:10A650007FF452AF12F02BF810B1032D7FF44CAF02
:10A66000049B002B7FF448AF324602215046FFF78F
:10A67000D9FB214B1B7863B1FFF774FEFEF740FD59
:10A68000022806D10120FEF735FD01210846FEF71C
:10A69000ADFB1A4B1B78022B1FD1032130460CF067
:10A6A00029FAFEF72DFD014600287FF425AFFEF7BD
:10A6B0009DFB21E70DF156060DF14E04B3E70F4B5C
:10A6C0001B78432B7FF418AF012F7FF415AF10F0E8
:10A6D000F1FB814579D1B846B1E7412B7FF40CAF4E
:10A6E000044B1B6858057FF507AFF8F7C5FB03E778
:10A6F000E73D002028270020643E0020EB3D00209D
:10A70000BB4C2378022B22D02378412B3FF4F4AEAC
:10A71000049B33B9FAF734FC594602465046FFF71A
:10A72000D9FAFAF72DFC00283FF4E6AE11F0BFFF8E
:10A73000B04F98B13B681A0502D42378432B0DD152
:10A74000AB070BD440F61A40F7F7BCFAD4E611F089
:10A75000AEFF0028D8D0A907D6D4CDE6386810F0CF
:10A76000020002D1059903F021FD2378112B16D1A7
:10A770003B685C0513D50020FEF74EFB044600281D
:10A780007FF4BAAE10F021FF40F61C40F7F79AFABA
:10A7900021462046FEF72AFBF7F7A0FAACE6A80709
:10A7A00001D5FFF71FFAB8F1000F9ED00CF0C9F9E0
:10A7B00018B94FF4803111F01BFF00228E4B304648
:10A7C0001A6011F048FF90E70026039B002B7FF4EE
:10A7D00013AF4FF6FF73204608A9ADF82030F5F708
:10A7E0008BFB20B1204610F040FBADF820004FF667
:10A7F000FF73BDF8200098423FF47EAE049B3246C2
:10A80000002B0CBF042315232146CDE900A33B46B2
:10A81000FFF70AFD70E610F04DFB00287FF46CAEE8
:10A82000764B1B78002B3FF467AEA90704D4714B1D
:10A830001B689A013FF560AEBAF10C0F0DF14500AF
:10A8400094BF002412AC15F026FF02469DF8470085
:10A8500003283FF651AE394600940DF13D0304F054
:10A860009DFB49E60DF13D00F5F702FC28B10222FF
:10A8700039460020FAF71AF83EE6614B1B78013B97
:10A88000012B3FF639AE0DF13D0002F0C7FD4FF64A
:10A89000FF739842044606D10DF13D0010F0E5FA31
:10A8A000A0423FF429AE0021FAF710F924E62A4627
:10A8B00038460FA904F070FC1EE69DF83D100120FB
:10A8C000FFF75EFA18E64E4B1B78013B012B3FF673
:10A8D00013AEEB077FF510AE0DF13D0002F09EFDCB
:10A8E0004FF6FF7398420546804673D10DF13D0047
:10A8F00010F0BBFA4045054607466BD10DF13D000F
:10A90000F6F712FAB84205463FF4F6AD304615F0B8
:10A9100001FA00220934E4B2071BFFB2394610469F
:10A920000FF0F7FFADF81C0000283FF4E5AD4FF045
:10A93000010900232A460821CDF8009005F0CCFB40
:10A94000ADF81E0000283FF4D7AD2146304612F086
:10A9500045FE4FF0000A80461622514609A8CDF860
:10A9600020A013F0D9FA434622463146CDF800A084
:10A9700008A815F0D8FE4B46424608A90DF11E0066
:10A98000F4F76EFC00287FF4B7ADA7EB0807FFB221
:10A99000394607A810F0C3F8284615F0BFFBFF287A
:10A9A00018BF184A444418BF32F81030E4B21CBF34
:10A9B00023F4804322F81030BDF81C0023463246B1
:10A9C0000021009710F0D3F82946BDF81E0010F0C2
:10A9D000B1FF91E5284615F0A1FBFF28074695D069
:10A9E000F6F760FC002891D0384603F0F3F88DE7C5
:10A9F000EB3D00202827002024270020E73D0020F1
:10AA0000EC3D00203E3A00201E4B1B78013B012B01
:10AA10003FF672AD2A4638460FA9FCF7DFF96BE521
:10AA2000194B1B78022B20D1002F7FF465AD08A8AD
:10AA3000FEF7C0F800283FF45FAD144B1F709DF87F
:10AA40003D30002B14BF64246524FEF759FB032816
:10AA500006D138463946FEF7C9F93846FEF756FBA7
:10AA6000214608A80CF046F846E5043B012BDBD94B
:10AA700038460CF066FC0028D6D13DE530460CF097
:10AA800062FC39E5EC3D0020EB3D0020643E0020F7
:10AA90002DE9F34105460E461746984611F007FE8C
:10AAA000044640B101233A4631462846CDF800809D
:10AAB000FFF78AFB044611F0FAFD30B1FFF78CFA7C
:10AAC00078B10A4B1B689B010BD400233A463146F0
:10AAD0002846CDF80080FFF777FB002C0CBF04461A
:10AAE000012404F0010002B0BDE8F0812827002015
:10AAF00070B58AB005A8E6F729FE022301AA15461B
:10AB00008DF81430084B03F1100614461868596884
:10AB1000083303C4B3422246F7D1294605A8E7F714
:10AB2000E9F90AB070BD00BF35660408014B18781A
:10AB3000704700BF164A0020014B1870704700BFD5
:10AB4000164A0020014B1888704700BFAE4900200C
:10AB50004FF6FF732DE9F043994280460D4685B0CC
:10AB60000BD000274FF6FD791C4EE6F791F9FCB2A9
:10AB7000A0420BD84FF6FF701DE0F5F779FA0028D8
:10AB8000EFD005B0BDE8F04310F094B936F81430BA
:10AB90004B4517D86946204611F01CFE0822414655
:10ABA0000DF1050013F08EF94FF6FF7360B99D4269
:10ABB00004D136F8140005B0BDE8F08326F814502F
:10ABC00011F085FD0137D0E79D42FBD036F81430F7
:10ABD000AB4208BF26F81490F4E700BF9A36002075
:10ABE0002DE9FF4706460F4600254FF6FD79DFF8B1
:10ABF0003C80DFF83CA0E6F74BF9ECB2A04202D86B
:10AC000004B0BDE8F08738F814304B450CD86946DD
:10AC1000204611F0DFFD082231460DF1050013F04A
:10AC200051F908B90AF804700135E4E79A360020B2
:10AC30004A3D0020014B33F8100070479A3600203F
:10AC4000F0B5064600250D4F85B0E6F721F9ECB2C8
:10AC5000A04201D805B0F0BD37F81430B3420BD193
:10AC60006946204611F0EDFD9DF80030022B1CBF17
:10AC70004FF6FD7327F814300135E6E79A360020C9
:10AC800030B585B004460D46E6F702F9A0420FD96B
:10AC9000084B33F814204FF6FD739A4208D86946E2
:10ACA000204611F0CEFD29460DF10500FFF750FFBB
:10ACB00005B030BD9A36002030B585B00446E6F7C1
:10ACC000E7F8A04219D92046FEF736FF0546B0B98D
:10ACD0006946204611F07EFD9DF800302BB1694693
:10ACE00020468DF8005011F091FD4FF6FF720020C4
:10ACF000044B23F8142005B030BD2820FBE740F6B4
:10AD00000440F8E79A3600202DE9F0410B7805461B
:10AD10000E461BB9BDE8F041FFF7CEBFE6F7B8F825
:10AD2000A84231D92846FEF707FF78BB374617F807
:10AD3000058B4FF6FF713846FFF70AFF0446384689
:10AD400000F01EFAB0FA80F04009B8F1000F15D0FB
:10AD5000B8F1030F15D04FF6FF724FF6FD73944212
:10AD600008BF1C460B4B314623F815400A4B58557B
:10AD7000284611F04BFD0020BDE8F0814FF6FF742E
:10AD8000F0E74FF6FE74EDE72820F5E740F60440C3
:10AD9000F2E700BF9A3600204A3D00202DE9FF412E
:10ADA0000D4604464FF6FE780F4F0E0AE6F770F890
:10ADB000A04204D8FF24204604B0BDE8F08137F853
:10ADC000143043450CD16946204611F003FD9DF82F
:10ADD0000520EBB29A4203D19DF80630B342EAD087
:10ADE0000134E4B2E2E700BF9A3600202DE9F04FCB
:10ADF0000C461746984600254FF6FD7B87B09DF818
:10AE000040A0DFF85C900190E6F742F8EEB2B04265
:10AE100001D8FF2616E039F816205A451ED83046CC
:10AE200002A911F0D7FC3FB99DF80920424515D180
:10AE30009DF80C20524511D144B939F81620019BD8
:10AE40009A420BD1304607B0BDE8F08F0822204669
:10AE50000DF10D0113F036F80028F3D00135D3E7DA
:10AE60009A36002010B5144611F0B4FC2046BDE817
:10AE700010400822014913F035B800BF373E0020CA
:10AE80002DE9FF47074615460846082224491E4675
:10AE900013F018F8044600283FD14FF6FF7ADFF888
:10AEA0008490E5F7F5FF5FFA84F840450BD885B349
:10AEB00038460BF027FC01250C9B187001203570DB
:10AEC00004B0BDE8F08739F8183053451FD0694603
:10AED000404611F07FFC7A789DF801309A4216D1F5
:10AEE0007A88BDF802309A4211D13A799DF804303F
:10AEF0009A420CD108220DF10501781D12F0E2FFF3
:10AF000028B9002DD7D140460BF012FCD3E701340D
:10AF1000C7E7FF200BF00CFCCEE70020D0E700BF16
:10AF2000373E00209A360020F0B50025154E164F0A
:10AF300085B0E5F7ADFFECB2A04201D805B0F0BD99
:10AF40006946204611F046FC9DF80030032B06D9D7
:10AF50000023694620468DF8003011F057FC9DF81B
:10AF6000002062B14FF6FD734FF6FE71032A08BF51
:10AF70000B4626F81430002301353B55D9E74FF630
:10AF8000FF73F6E79A3600204A3D0020F8B50E46DA
:10AF900004464FF6FF770C4B0C4D1B7803EB430335
:10AFA00005EB8305A54202D800242046F8BD23887E
:10AFB000BB4206D008223146A01C12F083FF0028B5
:10AFC000F3D00C34EEE700BFD44900200A3600204D
:10AFD000044BFF211A78044802EB4202920012F05F
:10AFE0009BBF00BFD44900200A360020F8B50446B4
:10AFF0000C4B0D461B781046A3420DD90C2702219D
:10B0000017FB04117C43084E0822314412F06AFFFA
:10B01000335B00202B80F8BD0023136053604FF694
:10B02000FF73F6E7D44900200A36002038B50446FD
:10B030004FF6FD75FFF704FE0022084B1878084B09
:10B04000D1B2884200D838BD33F80C1C0132A1427D
:10B0500008BF23F80C5C0C33F2E700BFD449002092
:10B060001636002070B505460E460846FFF7DEFF8F
:10B0700031462846FFF76CFD29460648FFF786FF54
:10B0800000B970BD044624F80C6B11F020FB294672
:10B090002046F3E70A36002010B5082286B023497F
:10B0A000044612F00FFF20B906B0BDE810400FF0C3
:10B0B00001BF082220461E4912F004FF20B91D4B93
:10B0C000B3F8680006B010BD0023012221464FF6F8
:10B0D000FF700093FFF78AFEFF2806D0164B33F867
:10B0E00010004FF6FB739842ECD903A8FEF7A8FDB9
:10B0F00058B9BDF80C305B0607D5082221460DF182
:10B100000E0012F0DFFE0028DCD021460B48FFF7CE
:10B110003DFF40B14FF6FB724FF6FF73008890423F
:10B1200088BF1846CEE74FF6FF70CBE7373E0020CA
:10B13000AA310020403100209A3600200A36002033
:10B1400070B5002204464FF6FB7608460A4B1D7880
:10B150000A4BD1B28D4201D8002009E01988B142D2
:10B1600007D8A14205D10822991C12F0BBFE01208C
:10B1700070BD0C330132ECE7D44900200A360020C0
:10B1800037B5014605460E48FFF700FF044640B1BB
:10B19000807A294611F079FB80F00100C0B203B03B
:10B1A00030BD03460090012229464FF6FF70FFF79D
:10B1B0001DFEFF2816BF034B2046185CE9E700BFC1
:10B1C0000A3600204A3D00202DE9F341224B044677
:10B1D0001B780F468342154638D9FEF7C7FCB8BB2B
:10B1E0004FF6FD739D421D4E0ED004EB440326F82E
:10B1F00023504FF6FF739D421FD12046FEF7CEFC31
:10B20000002002B0BDE8F0810DF106013846F4F7E8
:10B2100073FE4FF6FF72BDF806303846934218BFF2
:10B220001D460C236343F55206EB0308FFF7A8FF06
:10B23000B0FA80F0400988F80A000C2303FB046090
:10B2400008223946023012F04DFED9E72820D8E70F
:10B2500040F60540D5E700BFD44900200A3600205B
:10B2600038B504460D46FFF7BBFC21460448FFF7FE
:10B270008DFE00B938BD857221460C30F7E700BF5E
:10B280000A3600200023074A1370074A1370074A42
:10B29000118801B11380064B1A880AB100221A8066
:10B2A000704700BF763E0020753E0020063B002020
:10B2B000043B00202DE9F04F4C4C9846238889B080
:10B2C00005900F4610469DF848A05BB952B10FF0AB
:10B2D0003FFC20804FF4FA61454809B0BDE8F04FCB
:10B2E00014F0E8BDDFF81C91B9F80050002D69D0CA
:10B2F000284614F00FFDC0F34704284614F0EEFC76
:10B30000DFF804A10294BAF80030DFF800B101932D
:10B31000BBF8003005460093002243460120354922
:10B320000FF0D0FCADF81E0010B305EB440801246B
:10B33000454512D1E4B9BDF81E50CDB12E4B1B7856
:10B340002BBB2B4600223946059800F049FA002312
:10B35000ABF80030AAF800300AE0012329461A466B
:10B360000DF11E00F3F77CFF023504460028DFD004
:10B370000023224AA9F800301378013BDBB2137096
:10B38000002BA7D109B0BDE8F04FFFF77BBF0FF04E
:10B3900051FD01462846F4F707F80A218046284661
:10B3A000F4F702F80646A64202D8FF2CCFD1C8E730
:10B3B000284604F10B01F3F7F7FF8045C1D80134AB
:10B3C000E4B2F0E70E4C237823B914F057FF08B924
:10B3D00001232370524641460520F5F73FFA002825
:10B3E000D0D1207009B0BDE8F08F00BF063B00202F
:10B3F0004448002046660408773E0020763E002040
:10B40000753E0020043B0020883A00208A3A002044
:10B4100030B5154D87B02C889CB923464FF4A072E7
:10B4200048F2380103A811F013FB2146204610F022
:10B43000BFF922460D4B009403A9FFF73BFF07B06D
:10B4400030BD204611F08CFF043015F024F903A91B
:10B450000446288812F0ECF80023009320462A883E
:10B4600003A900F08DFBEAE7063B002000F8FF0788
:10B4700037B5002001A910F09BF90D4C0146237847
:10B480000C4D7BB10C4B019A187810F0B0F9207874
:10B49000F6F7F2FF002323702B700848F3F7C6FF7E
:10B4A00003B030BD2B78002BF7D0FFF7B1FFF4E7E6
:10B4B000793E0020763E0020783E0020444800205F
:10B4C00008B50548F3F788FC0448F3F785FCBDE8A8
:10B4D00008400348F3F780BC063B0020043B0020F3
:10B4E000023B00202DE9F04F89B089460446CDE9A2
:10B4F00005239DF84870139E30B316F801ABBAF1DE
:10B50000000F23D00AF1FF34A400E4B23146012039
:10B510000BF09EFFC00E1BD1DFF844B13146012075
:10B520000BF096FF9BF8005034442279BDB1002FF8
:10B5300047D180234846CDE90277CDE90077414ADB
:10B54000059900F04DF93CE08246DFE75446DDE71F
:10B550001B28ECD9314601200BF07AFFE7E7DFF832
:10B560000481FF2A00EA08080BD14246E379A17959
:10B57000607901EB032189B209B0BDE8F04F10F00A
:10B5800036B9314909688B070AD5FE2A3AD1012319
:10B590000135EDB2202D4FEA43030AD1FF250AE021
:10B5A00029462846079210F003F94845BFD1079A6B
:10B5B000EBE79845ECD1254B1B78FF2B04D0AB4231
:10B5C00004D009B0BDE8F08FFF2DFAD00020F2F7CB
:10B5D000FBFBA842F5D029460020F2F7FBFB002830
:10B5E000EFD09BF800306479002BEAD1FFF74AFED8
:10B5F00017484FF4105114F05DFC164B8BF80050B7
:10B600001C70DEE7052A92D8BAF1010F8FD8B8F185
:10B61000000F8CD0002FD4D17379002BD1D00E49DC
:10B62000098821B9082B28BF08230C490B70434611
:10B6300048461292DDE9051209B0BDE8F04FFFF768
:10B6400039BE00BF4666040828270020174A00209C
:10B6500044480020783E0020063B0020763E002033
:10B66000793E002000F8FF07014B1880FFF7D0BE9D
:10B67000043B002037B5184B1B78022B03D017254D
:10B68000284603B030BD00210DF10700F4F780F823
:10B6900005460028F3D1114B1B78013B012B01D942
:10B6A0000225EDE7F3F7DEFF0028F9D00BF0B6F93D
:10B6B0000446F3F7D7FF0A4B4FF47A7118700B2347
:10B6C000B4FBF3F203FB12440A34A4B2614305480D
:10B6D00014F0F0FBD4E700BFEB3D0020EC3D002070
:10B6E000DC3D0020542600202DE9F043384B002497
:10B6F0001E784FF4F813374FA5B003933D78ADF89B
:10B700001040F6F765FFBDF90E30ADF81200A34208
:10B71000ADF8144006DB304B1C780134E4B21C70E9
:10B7200044F080048DF82C40A94602244FF0000814
:10B730008DF82D60B14529D3002221460BA83D701C
:10B740008DF82D800FF0E5F8E8B1B8F1000F09D0C1
:10B7500000234FF6FC71CDE9000303AAFF23062066
:10B76000FBF7DCFFB5422FD20BF058F90B23B0FBEF
:10B77000F3F24FF47A7102FB13000A3080B24143B6
:10B78000164814F097FB25B0BDE8F083484606A99B
:10B7900002F046FA98B9512C11D804F190030DEB40
:10B7A0000302083406AB013508F1010803CBE4B20B
:10B7B00042F8640C42F8601CEDB25FFA88F809F1B7
:10B7C00001095FFA89F9B5E70448F3F72FFEDAE7D4
:10B7D000DC3D0020DD3D00207B3E00205426002083
:10B7E0000CB42DE9F04F8BB014AA0E4652F8041B8E
:10B7F00007460992002940F08F80BDF85400ADF84B
:10B800002200002800F0A18033794FF6F778002B52
:10B8100040F0868047458CBF4FF009084FF008087C
:10B820004C4B1C78FF2C40F08380B6F90230002B83
:10B83000A9BF494B347A1C780134A2BFE4B21C7012
:10B8400044F08004DFF81CB122460021F3F7C0FD6C
:10B850009BF80030BDF82200002B6CD0DFF808A167
:10B860004FF00009BAF80030079314F053FA054678
:10B87000BDF8220014F032FAEBB2CDE90193FF23B8
:10B88000CDE9030900932246334639460798FCF771
:10B89000DFF84FF6FF7305468BF80090AAF80030EA
:10B8A000382D33D13246394640460DF122030BF094
:10B8B00050FD00284BD04FF6F7739F4226D8B6F9BB
:10B8C00002307088002B21DA48F204022349244B0D
:10B8D0004FF00008904214BF894699460FF0EAFAEB
:10B8E000494603468A220120CDF800800FF0EAF98C
:10B8F000814658B122464146F3F76AFDFF2332469E
:10B9000039464046CDE90098FBF708FF28460BB0C2
:10B91000BDE8F04F02B0704701200FF096F96EE7D6
:10B92000002347458CBF4FF006089846337177E7F0
:10B93000FF221A7086E7CDE900033246FF2339461D
:10B940004046FBF7EBFE0546AAE71925DEE705466C
:10B95000DCE700BF194A00207B3E00205766040840
:10B960004C6604087A3E0020083B002070B54FF476
:10B97000003300240546164688B0ADF81A100DF1C4
:10B980000F0204A90593ADF81840ADF81C400494CB
:10B990008DF80F400BF0B4FC9DF80F302846019352
:10B9A000049B044A009305A93346FFF719FF08B02A
:10B9B00070BD00BF5066040830B54FF480350024D8
:10B9C00087B00395BDF82850CDE900128DF81030EE
:10B9D000074A034603A9BDF82C008DF81140ADF8C5
:10B9E0001250ADF81440FFF7FBFE07B030BD00BFAA
:10B9F00025670408B1F1006F2DE9F04314462CBF10
:10BA0000392238228BB01D464FF00003ADF81E20BE
:10BA10004FF480022CBF4FF001099946FF2C0646D7
:10BA2000ADF81C300892ADF824304FEA11471FFAE8
:10BA300081F80FD10FF0D0FEB9F1000F19D1154ADE
:10BA4000CDE9020543463046CDE9007407A9FFF76A
:10BA5000C7FE1AE0FE2C0AD10FF0BEFE0130C0B2C4
:10BA60000FF0D4FEB9F1000F12D00B4A02E0E8B299
:10BA7000F8E70A4ACDE9030501233046CDE9017410
:10BA8000CDF8008007A9FFF7ABFE0BB0BDE8F0834F
:10BA9000034AD5E75466040823670408536604087C
:10BAA000246704084FF498124FF0806310B586B0F5
:10BAB000CDE903230023ADF814300FF0FBF9044661
:10BAC000F6F786FD054B01900093054A234603A92E
:10BAD0004FF6FD70FFF784FE06B010BD373E002024
:10BAE0005A66040830B500244FF4806587B0CDE96C
:10BAF00000128DF81030084A034603A94FF6FD7076
:10BB00008DF811400394ADF81250ADF81440FFF7D2
:10BB100067FE07B030BD00BF5E66040870B515460D
:10BB20001E464FF498124FF0806386B0CDE9032390
:10BB300000230122ADF814300D4B04461A700D4B52
:10BB40001880084661B1FBF7D3FD2346CDE90056C6
:10BB5000094A03A94FF6FD70FFF742FE06B070BD1B
:10BB6000064B8DF8161019700223ADF81230ECE771
:10BB70007A3E0020083B00205A660408194A00203B
:10BB80002DE9F04F9BB00E4605460EA91046CDE9B3
:10BB90000A329DF8907010F0B3FEBDF838A08046D0
:10BBA000504614F0B7F8B6F902300446002BB6F848
:10BBB0000690B6F802B004DA0022B24B1A700020E8
:10BBC00049E0504614F0A6F84045F5D3A4EB08042C
:10BBD000E3B2002F18BF4FF4A079152B099328BFAB
:10BBE00015230024013308F1FF325146DBB292B233
:10BBF000009414A814F097FD6FEA4B436FEA534387
:10BC0000A1499DF8502008684968ADF846300FAB4F
:10BC100003C3ADF84840ADF84440ADF84A90ADF8E4
:10BC20004C20BBF1000F24D10DF15100F4F720FAA4
:10BC3000A0B10FF03FF95C4606460DF1590A0DF12F
:10BC400051030A9A9AF80080012A2DD157B384F043
:10BC5000010404F001001BB0BDE8F08F0DF15100AC
:10BC600001F0DCFB4FF6FF74011B4C4206464C41D1
:10BC7000E3E7BBF1010F40F09480BDF851600FF095
:10BC800019F986420AD030460FA910F00CFF80F057
:10BC90000104E4B20DF1530A0FABD2E77B4B0DF177
:10BCA000530ACEE70A9CD4E797B3002C75D1B8F1BC
:10BCB000010F72D837D10FF0FDF80FF0FBF82246D4
:10BCC00006469AF80170714B00210120CDE9006110
:10BCD00002976F490EF0F6FFADF83A0000285CD0ED
:10BCE000002C53D1B8F1010F50D12646DFF8B8A18E
:10BCF0009AF800305FFA84F8434538D9404614F08A
:10BD000065FAC20702D5BFB1013FFFB20134EFE7C8
:10BD1000B8F1010F05D1002CCDD081229AF8017025
:10BD2000D2E7002CF9D1B8F1010F94BF0022012213
:10BD30009AF80170D201C7E7404601F03FFB0123AA
:10BD4000ADF8340002220DA90DF13A00F3F788FA9C
:10BD500018BBBDF83A0013F0DDFF8046484610F0EE
:10BD600008FB08F1010801368045F6B2CEDBB6B11A
:10BD700032460C21BDF83A00F3F72AFB0022284690
:10BD8000BDF83A3011A9FFF72BFD06E00C210DF1AB
:10BD90003A000EF0C4FE0028F0D001205BE70D2130
:10BDA000F5E70A9B002B7FF40AAF7388342B57D139
:10BDB000099B092B7FF403AF002F7FF400AF9DF99F
:10BDC00059603A46B41008210DF1510004F02004E6
:10BDD0000EF0F9FFD0B12F4B1B78012B3FF4EFAEE3
:10BDE000022B27D12C4B1B6813F0807F25D12A4BC7
:10BDF0001B685B0201D5002E30DA00232846274A53
:10BE000011A9FFF7EDFC264B1C70D8E60DF151008F
:10BE1000F4F72EF90028DED10DF1510001F0FEFA01
:10BE20004FF6FF73984208D02146F8F74FFE0346BD
:10BE300018B903E0033B012B06D9C8232846174A4B
:10BE400011A9FFF7CDFCBAE6164BB3F86830AB4248
:10BE5000CDD0114B1B6813F0805FC7E78D23EDE752
:10BE6000099BCDE9059204930DF15103CDE90283BD
:10BE700031462846CDE9007A0B9B11AA00F074F8F0
:10BE80009DE600BF6E3E0020FC620408373E0020A5
:10BE900062660408EC3D002028270020CF660408D5
:10BEA000184A002040310020E3490020024B187856
:10BEB00040F08000704700BF7B3E002038B50A4B41
:10BEC00005461C7824B10EF0F5FFB0FA80F4640941
:10BED000F8F7D0FE08B144F04004E4F7EBFF44EA81
:10BEE0004020284038BD00BFE73D0020014B1888A6
:10BEF000704700BFB6490020014B188000207047F2
:10BF0000B6490020084B10B504461880F6F760FBD0
:10BF100004F0100400F00403A3421EBF9843034B37
:10BF20001870002010BD00BFB4490020EA3D002079
:10BF30004FF6FF71034602881B798A4217BF0749F3
:10BF400001200A8041881EBF054A00201180FF2B76
:10BF50001EBF044A00201370704700BFB249002082
:10BF6000B04900207C3E00202DE9F04FB7B0994643
:10BF7000BDF80431439C0D939DF8083183460E9320
:10BF8000BDF8143120460F939DF81831B1F802A086
:10BF90000F4690469DF80051109314F07CFBBAF1C7
:10BFA000110F064600F28A800EF084FFB04200F0C6
:10BFB0008F80BAF1060F19D14FF6FD739E423ED025
:10BFC000DDB9BC4B1B78033B012B36D9304614F04E
:10BFD000A5F8FF2814BF8923812300224146CDE91B
:10BFE00000625846B44AFFF7FBFB06E02DB9BAF1F0
:10BFF000030F08D8BAF1010F0AD80022AF4B1A700C
:10C0000037B0BDE8F08FAAF10403022BF5D8D8E7CA
:10C01000A84B1B78033B012B0DD9304614F07EF85A
:10C02000FF2814BF8923812341465846A44A00961D
:10C03000FFF7D6FBE1E78023F6E78023CDE7A14BAE
:10C040001B785A074CD40EF035FF002603463246C3
:10C050000120994900960EF035FE2379ADF86C0069
:10C060000F930028CCD0DDE90E320D9803EB420986
:10C0700013F050FE5FFA89F909F10507FFB2874214
:10C08000BED239460D98F3F78FF9109007EB4007B1
:10C090000D9813F03FFE8742B2DADDE90F32134309
:10C0A000DBB2002B40F03282002DA9D12F463A4658
:10C0B0000421BDF86C00F3F78BF976E1814BBAF1FE
:10C0C0003A0F1B7811D948F23B039A4508D014E087
:10C0D0007C4B1B785B070BD5AAF10403022B07D816
:10C0E000FB8843F48043FB808AE7BAF11B0F1ED81C
:10C0F000AAF102039AB2132A5ED9109B4946029311
:10C100000F9B5046CDE900530E9A5B460BF005F9A4
:10C110000F287FF475AF0122684B1A70694B1B78AA
:10C120009B0740F1FB83002D7FF46AAFD8E7AAF1AB
:10C130001C021E2AE1D801A151F822F06FC90208A1
:10C14000FBC00208FBC0020881C50208FBC0020850
:10C1500061C6020861C60208FBC00208FBC00208F3
:10C16000FBC00208FBC00208FBC00208FBC00208BB
:10C17000FBC00208FBC00208FBC00208FBC00208AB
:10C18000FBC00208FBC00208FBC00208FBC002089B
:10C1900091C6020891C6020805C90208FBC0020840
:10C1A000FBC0020825C90208FBC00208BFC902087B
:10C1B000D5C90208E3C90208132B9ED801A252F880
:10C1C00023F000BF15C20208DDC20208FBC202084C
:10C1D000D9C3020847C00208FBC00208FBC002081E
:10C1E000FBC00208FBC00208FBC00208FBC002083B
:10C1F000FBC00208FBC00208FBC00208FBC002082B
:10C20000FBC00208FBC002081BC50208FBC00208F5
:10C210009BC9020800241BAB5A4648460E9900935E
:10C220001DAB1D948DF86C400BF06BF80EF042FEC8
:10C23000204B05461B78012B03D0022B14BF022490
:10C240000124E4F737FE162894BF0020012044EAB9
:10C250004014F6F7BDF91C4B0646B3F800A0FBF7F7
:10C2600053FA1A4B07464FF6FF70B3F80090FFF7EA
:10C2700025FE174B9DF86C201988124B1B7813F084
:10C2800002031CBF134B1B780B921D9ACDE90701CB
:10C29000CDE9093240234146CDE901435846002308
:10C2A000CDE90579CDE9036A0B4A0095FFF798FAC5
:10C2B000A6E600BFEC3D00204C6604086E3E002060
:10C2C00057660408253D0020B6490020B2490020E9
:10C2D000B04900207C3E0020686604080EF0EAFDAC
:10C2E000A34BA44A1B88CDE940030023414658468E
:10C2F00037B0BDE8F04FFFF773BAA4781DA9631EED
:10C30000DBB2EF2B204610D9F22C0ED00DF0AAFE96
:10C3100082240EF0CFFD00234146CDE90003964A6A
:10C3200023465846FFF75CFA6AE60DF09BFE0028AC
:10C3300050D00EF0BFFD9DF878209DF87A10049241
:10C34000BDF8762049000392BDF87420C9B2CDE94A
:10C3500001429DF8792003465200D2B208320A44C5
:10C3600000920120002285490EF0ACFC9DF8793046
:10C37000ADF86C008DF8673000283FF441AE002620
:10C3800001230DF167011A461BA8F2F769FF054664
:10C3900000287FF435AE9DF86730EAB2934209D8A1
:10C3A0009DF87A308DF8673016B1BDF86C3033E007
:10C3B0000126E5E7314620460DF097FE0123ADF852
:10C3C000680002221AA91BA8F2F74AFF01350028CB
:10C3D000E1D015E683249CE70EF06CFD0446F0F7EF
:10C3E0005DF9234600900022012063490EF06AFCAB
:10C3F00000283FF405AE00252C46ADF87400F0F798
:10C400004DF9EEB2B0420DD822460421BDF87400B9
:10C41000F2F7DEFFBDF87430002241465846FFF7C0
:10C42000DFF9EDE53046F0F71BF9FF288DF86C00D9
:10C430000AD0012301341A461BA91DA8E4B2F2F761
:10C440000FFF00287FF4DCAD0135D8E75046B4F883
:10C450000290F0F705F9FF288DF8680000F0D68209
:10C460001DA90DF0FFFDBDF874304B4507D04FF608
:10C47000FF72914540F0CA82180400F1C7829DF80E
:10C48000793013930E9B0533DBB214930F9B1293F9
:10C49000002311934FF000094B4613E01793490016
:10C4A000149BC9B219440D9889B20EF073FB4FF07A
:10C4B000000A179B159013995FFA8AF28A4217D3E4
:10C4C00009F10109129A5FFA89F18A42E6D89DF8CA
:10C4D0007A201392169A1492002B40F08C82119BB2
:10C4E000002B40F0938201231193109B1293D1E70C
:10C4F00011999DF8680017930DF0F7FD159A179B99
:10C500000AF1010A824208BF0123D4E709F10609B2
:10C510005FFA89F33746169379E2A71C394630460D
:10C52000A57AEDF781FF012239463046FAF780FB04
:10C53000304610F064FC384600F070FF22888242DA
:10C5400007D04FF6FF72904203D013F0E7FD10F0D2
:10C5500069FB85F00804C4F3C00421463846FEF7A1
:10C560007FFE2146384637B0BDE8F04F0AF01EBFC7
:10C57000B4490020496704084C660408756604083D
:10C58000AF4B1B78033B012B7FF63AAD0EF092FCCC
:10C5900058453FF435AD0AF041FA0B23B0FBF3F2F6
:10C5A0004FF47A7102FB13000A3080B24143A54870
:10C5B00013F080FCF3F756F800283FF421AD012377
:10C5C00000221846A04994F800A00EF07BFBADF8BD
:10C5D000680000283FF414AD0026354634460E9B13
:10C5E0001BAF01330E93F2B2924514D8002C3FF4E6
:10C5F00007AD01232A461DA91AA8F2F731FE00282B
:10C600007FF4FEAC22460221BDF86800F2F7E0FE9E
:10C61000BDF8683000E74FF000090E99D200D2B2A1
:10C620000A4408230D993846CDF8009014F07BF8A1
:10C630003946484613F042FDFF280FD0834B1B5C60
:10C640000F2B0BD997E8030005F1D8036B44643B2B
:10C6500083E8030008350134EDB2E4B20136C2E7E5
:10C66000002D7FF4CDAC19073FF53AAD5346224675
:10C670004146584604F01CF800287FF4C1AC8423DE
:10C6800041465846724A37B0BDE8F04FFFF7A8B8A8
:10C6900023780F9810930FF06CFE00210646584641
:10C6A00005F050F8664BBAF1310F1B780746A3F13D
:10C6B00003030BD1012B34D94FF01609654B1D78BC
:10C6C000654B1B781D44EDB2002209E0012B2CD9EB
:10C6D000624B4FF005091D78002D14BF0022842203
:10C6E0000024109B012000935D49234601940EF025
:10C6F000E9FA00283FF484ACF61BF3B21193CDE9BC
:10C700000E44584B584FADF86C000D93E6B2B5424D
:10C7100010D80E9A0221BDF86C00F2F759FE0F9A5C
:10C72000C6E44FF016090125CEE74FF005090025B4
:10C730008422D5E7162200211DA811F0EDFBBAF1E5
:10C74000320F40D13B7903F00302032A24D18DF844
:10C7500076200E9B0133DBB20E930E9A109B934210
:10C7600014D2BDF86C0013F0D5FA119B48449842DE
:10C770000CDC01234A461DA91BA8F2F771FD002815
:10C780007FF43EAC0F9B0133DBB20F930D9B013462
:10C79000123308370D93B9E7B9790029D9D1334954
:10C7A000C3F3C203CB5C1DA8012A08BF43F00103F9
:10C7B00039888DF8763013F070FF79880DF17700A5
:10C7C00013F06BFFC5E71DA80EF05EFF4FF0FF33BF
:10C7D000CDE91F331F4B1B78B34261D90D9B1B79E9
:10C7E0006F2BD3D830461FA9F4F710FE0028CDD008
:10C7F0000D9B1A881E4BB3F8683092B9003B18BFE6
:10C8000001235B0143F004038DF8863002238DF889
:10C8100087300D9B5B881B0A11468DF8893021A853
:10C82000CEE79B1A18BF01235B0143F005038DF887
:10C83000863002238DF887300F238DF88830E8E7A3
:10C84000EC3D002054260020CE660408293D00203F
:10C85000CF660408E53D0020E43D0020E1490020CA
:10C86000CC660408D23700207439002081660408A1
:10C87000403100200132D2B2561EF6B23046139338
:10C88000129213F0A3FCDDE9122310F0010FF1D096
:10C8900065490978611A994205D00133DBB2E9E7AD
:10C8A00001220023E8E7614B1FA918783044C0B289
:10C8B000F4F7ACFD00283FF469AF304600F07EFD90
:10C8C0001290304613F082FC10F0010F129A0FD133
:10C8D00016238DF88630564B1B780133DBB20F2BB5
:10C8E00028BF0F238DF88830524B33F8163092E76B
:10C8F0003046129213F06AFC10F0020F129AE7D140
:10C900001223E6E71A073FF5EBAB23465A464146AA
:10C910000F9803F025FF00287FF472AB002D7FF401
:10C920006FABACE695B1444B1B78033B012B7FF614
:10C9300067AB0EF0BFFA18B9BBF1000F7FF460AB24
:10C94000207837B0BDE8F04FF5F7BCBC0EF0B2FA76
:10C9500020B1394B1B78033B012B01D880238FE694
:10C960002B4641465846354AFEF73AFFE8E70EF0B7
:10C97000A1FAB0427FF444ABA01CF3F779FB002886
:10C980003FF43EAB0EF096FA04460EF093FA2C4BB1
:10C990002C4ACDE940032346A8E4204613F07BFE51
:10C9A000FFF78CFA00283FF42BAB40900023414660
:10C9B0005846254A37B0BDE8F04FFEF711BF4B4649
:10C9C000424659460020CDE9405437B0BDE8F04F0B
:10C9D000FEF788BD4B46424659460120CDE94054FA
:10C9E000F3E72B464A4641465846409437B0BDE8E7
:10C9F000F04F03F045BF01231AA91A461BA8F2F70E
:10CA00002FFC00287FF4FCAA0137FFB20136EFF7B4
:10CA100045FE5FFA86FA50453FF618AD002F3FF409
:10CA200043ABFFF744BB00BFE53D0020DC490020DD
:10CA3000633E0020FC390020EC3D0020CF66040856
:10CA4000373E00207D66040857660408F8B5164B8B
:10CA500004461D88154B20F8025B196879B108223D
:10CA600011F040FA124B0C201B78124EA372124B9D
:10CA700019780023DAB2914205D8FF2209E0C4F800
:10CA800002104160EEE7013300FB03F7F75BAF42B2
:10CA9000F0D10A4BE2721B782373094B1B78637346
:10CAA000084B1B682361F8BD163B00206432002050
:10CAB0007D3E0020FE350020D44900205F3E00204E
:10CAC0005E3E002050320020F0B589B006460C468C
:10CAD000154610F0A1FD0DF10A020146304610F096
:10CAE00057FC134F0346E8B901223A702288BDF87B
:10CAF0000A1022B10246072009F07CFD90B103A87C
:10CB0000FFF7A4FFBDF80A0013F004F90646BDF8CC
:10CB10000A0013F0E3F821460090F3B2284603AA76
:10CB200009F0C4FF0023034A3B70136009B0F0BD55
:10CB30007E3E00206432002073B5ADF806000DF192
:10CB400006000DF0F8FE014608B102B070BD0DF10F
:10CB500006000DF039FF044613F0C0F8C67A002E27
:10CB6000EDD120460FF0B0FFFF28E8D013F016FB00
:10CB7000054BD3F88850002DE1D0334622464121A1
:10CB80003046A847DBE700BF4031002073B50022E4
:10CB900000210C2000F0C8FC0021194813F095FD7D
:10CBA00001250446164E84B120460FF08DFFFF2864
:10CBB00005D12146304613F0ACFD0446F3E70422CC
:10CBC0000023009500F084FCF3E721460D4813F0A4
:10CBD0007CFD012504460B4E0CB902B070BD204609
:10CBE0000FF072FFFF2804D008220023009500F008
:10CBF0006FFC2146304613F08CFD0446ECE700BF85
:10CC00001A3B00201C3B00202DE9F84F10460E4631
:10CC10001746994610F0B2FA254A264B0021B0F586
:10CC2000006F14BF90469846404613F04EFD4FF0FB
:10CC3000000A0446DFF880B00CB9BDE8F88FBC42AA
:10CC400028D1204613F04AF8857A80F80BA0013DE0
:10CC5000EDB2857216B13F2E00D02DBB13F07FFBD5
:10CC60000546204610F08AFAB0F5006F4FF000023A
:10CC7000214615D10F480DF0C6FEFFF787FF284665
:10CC800013F068FBDBF8885025B14B463A46314635
:10CC90000020A8472146404613F03BFD0446CBE761
:10CCA00003480DF0B0FEEAE7FFF770FFF2E700BFC0
:10CCB0001C3B00201A3B00204031002000232DE9BE
:10CCC000F34706460F464FF6FF78284CDFF8A09052
:10CCD000ADF8063020460DF02EFE054648B929462F
:10CCE000204613F0F2FC824612F0F8FF0389B342AB
:10CCF00017D94C4501D1FFF749FF0021204613F019
:10CD0000E4FC054607F1FF3A5FFA8AFAD5B94C45CB
:10CD100016D1BDF80600FFF70FFF404602B0BDE890
:10CD2000F0877B1EDBB2FD2BD4D9294620460DF0BF
:10CD30004BFE2A4651460DF1060013F0CCFCC9E724
:10CD40004C46C7E7BAF1FD0F09D9284612F0C6FFD5
:10CD500003899B1B9BB2984528BF984603812946AF
:10CD6000204613F0D6FC0546D0E700BF1C3B002050
:10CD70001A3B002008B513F084FB0B4AFF211388EF
:10CD80001080C31A98B2FFF799FF4FF6FF73014660
:10CD90009942064803D1BDE80840F2F747BBBDE819
:10CDA000084013F087B800BF1E3B002064480020F5
:10CDB000174B00282DE9F041164D18BF1D460F46B0
:10CDC00028464FF000010CBF4FF008084FF0020852
:10CDD00013F07BFC044610B92046BDE8F0812046E4
:10CDE00012F07CFFC37A064623B12146284613F091
:10CDF00090FCEFE7204610F0F0F942460146384635
:10CE000011F060F80028F0D1B378002BEDD1E3E702
:10CE10001A3B00201C3B0020014B1860704700BFEC
:10CE20006832002010B504460548F2F7FFFA0023E7
:10CE3000044A1380044A1380044B1C8010BD00BFB9
:10CE4000644800201C3B00201A3B0020183B0020B7
:10CE500008B50448F1F7C0FFBDE808400248F1F703
:10CE6000BBBF00BF1C3B00201A3B0020014B1880B9
:10CE7000704700BF183B00202DE9F3410446884667
:10CE800013F0FFFA324B074620461E880FF01CFEB7
:10CE90000546204610F072F9B0F5006F32D1FF2D33
:10CEA00006D00123042200932846002300F010FB43
:10CEB000B8F1000F1DD113F052FA2146054625485E
:10CEC0000DF03EFD284613F045FA234813F051FCBF
:10CED000224BA8B31988711A17FA81F086B220463E
:10CEE00012F0FCFE032306818372002002B0BDE82D
:10CEF000F08113F034FA002221460546154813F05C
:10CF0000EAFBDFE716480DF04DFD04281ED8FF2D83
:10CF100006D00123082200932846002300F0D8FA07
:10CF2000B8F1000F05D113F01AFA214605460C4856
:10CF3000C6E713F014FA0022054621460848DEE74A
:10CF4000314605481F8012F0B5FFC8E71C20CDE729
:10CF5000183B00201A3B0020644800201E3B0020A4
:10CF60001C3B00202DE9FF4708460C4610F0EBF86B
:10CF700000F48058204610F06CF90546204610F069
:10CF80003FF9B0F5404F1BD1B8F1000F14D029463E
:10CF90000020FFF70DFF054670B112F09FFE002341
:10CFA000404A81780446009218462A460193F1F7D8
:10CFB00003FB08B90123E372012004B0BDE8F08748
:10CFC000284613F068FB814613F0A8F8FF280746AF
:10CFD00037D00125A0F12006C0F12003324925FAFF
:10CFE00003F305FA06F61E438540D1E900232A43E0
:10CFF0003343C1E9002313F0ABF8044638B1384697
:10D0000013F0E4F810F00C0F14BF01240024B8F161
:10D01000000FD1D04FF0000A03A90120ADF80C9009
:10D02000FFF7C6FE814612F059FE8046B9F1000FA7
:10D030001ED1BAF1000F14D1FF2FBDD0002CBBD1EF
:10D0400028E01A4B1B684BB148469847044628B164
:10D05000B8F1000FB0D000252E46DBE7B8F1000F85
:10D0600001D10020A9E7002501242E46A246D3E7DE
:10D0700074B100230B4A8178009218464A46019306
:10D08000F1F79AFA002897D1012388F80B3093E73B
:10D09000FF2F91D0064BD3E9001229433243C3E955
:10D0A000001289E709CC0208B81500206832002078
:10D0B000B015002038B5044610F060F8054620464B
:10D0C00010F08BF8A5F5006304460146584258411C
:10D0D000FFF76EFEB0B9B5F5006F01D0002038BD86
:10D0E000204613F0D8FA13F019F8FF28F6D0064BB3
:10D0F00000B21B6833F8100000F4E260003818BF7B
:10D100000120ECE70120EAE76C3200202DE9F7432B
:10D110004FF000090746ADF8049013F057F810F0EF
:10D120000C0F29D04FF00208154D2B88A5F8009060
:10D13000ADF806300DF106000DF0FDFB044630B1F0
:10D14000B8F1010F14D04FF001080E4DEDE7214664
:10D150000DF106000DF038FC06460FF0B5FCB842A4
:10D160002246314614BF284601A813F0B4FAE1E77D
:10D17000BDF80400FFF7E0FC03B0BDE8F08300BF9A
:10D180001C3B00201A3B00202DE9F04FDFF82081E6
:10D1900085B0D8E9003213437CD105B0BDE8F08FEB
:10D1A00002EA040103EA0700014327D022EA04024D
:10D1B00023EA0703C8E90023DAE9002302EA0405A9
:10D1C00003EA070C55EA0C056FEA04006FEA070151
:10D1D00024D1304612F0FAFFC2070FD5304612F0C4
:10D1E000DDFFDBF89C30002B45D11D46304600F0BA
:10D1F000E5F8DBF884300BB12946984724197F41C4
:10D2000009F10109284B5FFA89F61B78B342C4D9AA
:10D21000D8E9002352EA0301C2D1BEE702400B4025
:10D220003046CAE9002312F0D1FFC307E6D51F4BF1
:10D2300030461B6833F8163003F48873102B10D077
:10D2400012F0ACFFDBF89C3013BB1D46012310220B
:10D2500000933046002300F03BF90020F1F71EF95F
:10D26000C4E712F09BFFDBF89C300125002BBDD0FA
:10D270000122039502E000252A460395039200212E
:10D2800030469847039A002AB0D0002DAED1DDE792
:10D290000025EDE74FF0000901244F46DFF814A008
:10D2A000DFF814B0AEE700BF1A4A00206C3200204D
:10D2B000B8150020B015002040310020F8B5034615
:10D2C000084613B309B3402A1FD8114900260B6042
:10D2D00010490027086010494FF0FF350A700021FF
:10D2E0000C4604338A4205DC0021520010F014FE83
:10D2F0000020F8BDC3E9036703F8044C23F8024C8F
:10D300001D605D6001311833ECE72120F1E700BFBB
:10D31000703200206C3200201A4A0020F0B5144C04
:10D32000DDE905672568EDB1F0B91248007888425B
:10D330001AD901EB41014FEAC10C05EBC10415F804
:10D34000311011B92169C90710D4002005F80C006B
:10D3500062801A6846F0010662605A68C4E9046790
:10D36000A260F0BD0220FCE72120FAE72E20F8E7BA
:10D37000703200201A4A00200E4B30B51A68A2B154
:10D380000D4B1B78834212D900EB400002EBC00327
:10D39000C100002400200025C3E9044550544FF08B
:10D3A000FF3258805A609A6030BD0220FCE721208D
:10D3B000FAE700BF703200201A4A0020094B1B68B0
:10D3C00063B1094A1278824208D900EB400003EBAE
:10D3D000C0031A69D20701D5588870474FF6FF700D
:10D3E000704700BF703200201A4A0020094A0346E5
:10D3F000106870B1084A12789A4209D903EB4303C6
:10D4000000EBC303186910F0010002D0181D70472B
:10D4100000207047703200201A4A0020F8B50E4BE9
:10D4200005461C6834B128B100260C4B1F78F3B2B6
:10D430009F4202D84FF6FF7009E008222946201DBE
:10D4400010F040FD20B92369DB0701D56088F8BDE5
:10D4500001361834EBE700BF703200201A4A002072
:10D460000C4B1B689BB14FF6F77291420DD80A4ADC
:10D470001278824209D900EB400003EBC0031A691D
:10D48000D20704D500205980704721207047022020
:10D49000704700BF703200201A4A00200A4A034633
:10D4A000106878B1094A12789A420AD903EB43030B
:10D4B00000EBC300036913F0010003D0C3F30010B5
:10D4C00070470020704700BF703200201A4A0020C9
:10D4D00070B51C46124B9DF810601968D1B1114B04
:10D4E0001B78834218D900EB4000551E01EBC001A8
:10D4F0002543D1E9040301D0C5070FD52EB1104350
:10D500002343C1E90403002070BD20EA020023EA9E
:10D510000403F6E70220F7E72120F5E72D20F3E7E3
:10D52000703200201A4A0020134BF0B51B6803B379
:10D5300000266FEA000C6FEA010E104C2778F4B257
:10D54000A74201D80020F0BDD3E9044514F0010F33
:10D5500007D014F0020F04D132B104430D43C3E9E4
:10D56000044501361833EAE70CEA04040EEA05051F
:10D57000F5E70220E7E700BF703200201A4A0020DA
:10D580000B4B70B51B682BB100240A4A1678E2B227
:10D59000964201D8002070BDD3E9042502400D4019
:10D5A0002A4304F1010403F11803F0D00120F2E74B
:10D5B000703200201A4A00202DE9F0470026FF278C
:10D5C000B246164DDFF8588098F800305FFA86F9B9
:10D5D0004B4502D83846BDE8F0872B792F2B0FD961
:10D5E00028460DF043FF2B796C7903F0070304F014
:10D5F000030483422CBFE4182418E4B2A24506D9E0
:10D600005446B946A2464F4612350136DCE7288813
:10D6100001F0B2F80028F3D1F4E700BFD2370020C0
:10D62000E53D00202DE9F04F89B082460FF0FBFD6B
:10D63000029050460FF01FFF0026411C054689B29C
:10D640005046F1F7B1FE3446B346B146B04600F05D
:10D650001F00023500EB4000EAB27D4F50FA85F51D
:10D66000EDB2AA4276D97B4E3378002B6FD0A4005E
:10D67000B4FBF3F4E4B2042C029808BF0324F3F7DC
:10D6800073FB054600283FD1FFF796FFFF285ED0C9
:10D69000714B05B2049018780DF0CFFE80452CBF79
:10D6A00004EB08012118B8F1000F14BF0123022375
:10D6B000674F05EBC50507EB450553FA81F328468F
:10D6C00003930DF0D3FE95F804C06B790CF00701BD
:10D6D00003F0030388422CBF1B185B18039ADBB2CC
:10D6E0009A4234DA049AB8F1000F04D119B13378B0
:10D6F000033B5B452BDC104602990DF05FFE05B243
:10D7000005EBC50507EB45052B791E09B8F1000FA0
:10D710007ED0414628460DF0D3FE032128460DF069
:10D72000D5FEB9F1000F09D1002E40F0848009F038
:10D7300075F9C0F30B01494812F0BCFB6B795046F8
:10D7400023F003031C446C710FF002FDA87309B0B1
:10D75000BDE8F08F4ED0424B51461B8807A8ADF86C
:10D760001C304FF000038DF81E300023009303237C
:10D77000039212F0D8FF9DF81E30BDF81C101B0953
:10D78000039A18BF09F10109CDE9041318BF5FFA24
:10D7900089F903920DF08EFB0499039A8842059B48
:10D7A00003D19DF81E8008F00F082E4890F800C0A5
:10D7B00014E017F80E0C10F0070003D00BF1010B6A
:10D7C0005FFA8BFBAA4207D037F812EC8E4503D1E3
:10D7D00013B108B10134E4B20136F6B2AA4207F13E
:10D7E00012070BD1B4450FD917F80E0C10F0070033
:10D7F000E4D1F1E700234FF6FF71D6E737F8120CBA
:10D80000884201D8B445D4D80332123FD2B228E7B7
:10D81000022E14D95B0707D0414628460DF056FE6C
:10D82000B9F1000F83D089E7032128460DF04EFEA1
:10D83000B9F1000F82D1062E3FF679AF7EE731466F
:10D8400028460DF043FE59EA06063FF470AF75E72F
:10D85000D2370020DC4900205F3E002094260020C3
:10D8600089660408E53D00202DE9F04308230024E3
:10D8700085B08DF808300646022301214FF6FC7072
:10D88000CDE9004402AA0FF0D2FDADF80A00D8B1EC
:10D890002746DFF8A080DFF8A09099F80020E3B2D7
:10D8A0009A4224D8BDF80A4020460FF0E4FD411CFE
:10D8B00047F06002204689B2F1F78AFD0022BDF8E8
:10D8C0000A001146F4F7C2F809F0A8F8184AC0F3A4
:10D8D0000B01137801F55A51013113B1013B89084D
:10D8E0001370304605B0BDE8F04312F0E3BA18F803
:10D8F0000E5C6F2D17D8404630F8123D2D01ADF863
:10D900000C300DF0B3FD05F0700528448DF80E00C5
:10D910000123032203A90DF10A00F1F7A1FC00285D
:10D92000D2D10137FFB2013408F11208B5E700BFC8
:10D93000E13D0020E4370020E53D002010B5054C16
:10D940002046F1F773FD2046BDE81040002112F09B
:10D95000B1BA00BF942600202DE9F043284D87B0CE
:10D96000F6F736FB2A7827492748FFF7A7FC092155
:10D970002A78264810F0D0FA0026224FDFF894804B
:10D98000DFF894902B78F4B2A34202D807B0BDE838
:10D99000F0830B232246182103A808F085FB4FF6DD
:10D9A000F670BDF814209DF81630511E89B28142E0
:10D9B00015D80020C3F3C003DB1840EB0001CDE90C
:10D9C0000031214603ABFFF7A9FC0028DED14FF45C
:10D9D000805327F8143048F8240029F81400012354
:10D9E00022461C210DF10A0008F05EFBBDF80A205A
:10D9F000064B01361A558022054B1A55C2E700BF67
:10DA0000E34900203E3A002058100020293D002024
:10DA1000B83D002050250020FC39002010B50A4BED
:10DA20001C7812F07BFBFF280DD0012C38BF01249D
:10DA3000064A230232F8101019B101EB1313A3EBBD
:10DA4000111322F8103010BD5F3E0020FC39002079
:10DA50002DE9F047002506460F46AA46DFF8449018
:10DA6000DFF8448099F80030ECB2A34202D8504667
:10DA7000BDE8F087204612F0A9FBC2070CD520466E
:10DA800012F0A4FB830707D438F8143037B13343BE
:10DA90004FF0010A28F814300135E3E723EA0603C2
:10DAA000F6E700BFE34900203E3A002010B5084BDE
:10DAB000084A1C780023D9B28C4201D8002010BD3E
:10DAC00032F8021B013330EA0101F4D10120F6E7FC
:10DAD000E34900203E3A0020F0B50C464FF6F771BE
:10DAE00087B08A4286461D469DF8306002D90020E4
:10DAF00007B0F0BD596818680DF10C0CACE80300D4
:10DB00002A49ADF814200978A142F0D900218DF8F6
:10DB10001660B61006F00206019170462146009686
:10DB2000FFF7FCFB0028E2D1214B224A43F82400F6
:10DB30009DF83830204E1B0222F814304FF4A043D9
:10DB40002146182026F8143003AA0B2308F0B5FA52
:10DB50009DF83430194A13F0040F17BF0123184BF6
:10DB6000135536F814300BBF1B7843F008031355D8
:10DB700026F81430214601231C20224408F09DFA87
:10DB80000021104B104A1B782846234442F82310EA
:10DB900003F0B0F80D4B1855284603F0D3F80C4AA3
:10DBA0000120137801331370A2E700BFE34900207E
:10DBB00050250020FC3900203E3A0020293D00205D
:10DBC000C9490020DC49002014240020B83D002071
:10DBD000E43D0020054B1B78834206D90021044B0D
:10DBE000044A1B78034442F823107047E34900209D
:10DBF000DC49002014240020074B084A1878002331
:10DC0000D9B2884200D870471188013321F480517D
:10DC100022F8021BF4E700BFE34900203E3A00204F
:10DC200030B585B004460D46E3F73EF9A04202D870
:10DC3000172005B030BD204612F0C8FAC007F7D54E
:10DC40000B232246182101A808F02EFA9DF80E2079
:10DC500001AB03CB69609107286030D412F0080F44
:10DC60000CBF042303232B722046FFF7A7FB154BA1
:10DC700068811B5D20466B7312F090FA124A28737C
:10DC8000135D4FF47A7103F00F03AB73135D002043
:10DC900013F00F031FBF03F1FF32022393403C2216
:10DCA00018BF5343094A08BF0A2352F82420B2FB85
:10DCB000F1F29A422CBF00239B1A2B61B9E7022391
:10DCC000D1E700BFB83D0020293D002050250020AD
:10DCD000F8B51F4E04463378834237D0FFF76EFB0A
:10DCE0004FF6FF77B84231D020463470FFF70EFA76
:10DCF0002046FFF763FB05460DF0DCF801230146E3
:10DD00001A4628460FF0CCFD2046FFF735FB0546A6
:10DD1000E0B9104A1378013B1370F4F755FA29461D
:10DD200020460EF05FFF80220B4B204623F8145054
:10DD30000A4B1A550A4B23F814500DF039F82A46AD
:10DD40003946112012F070FCFF233370F8BD00BF7C
:10DD50001B4A0020E43D00203E3A0020B83D002050
:10DD6000FC3900202DE9F04F82460E4615464FF053
:10DD700000088BB01F469DF854309DF850B00593B5
:10DD80004E4B5FFA88F41B78A34207D84FF6F7731F
:10DD90009D421AD817F002083ED018E02046FFF73F
:10DDA0000DFB0B2381462246182107A808F07CF9B9
:10DDB0004FF6FF737EB9994516D14FF6F7729DF86D
:10DDC0002630954203F0EF0311D94FF6FF75284630
:10DDD0000BB0BDE8F08F994506D00822304607A960
:10DDE00010F070F80028E8D008F10108C8E79F4259
:10DDF00007F002092DD0F3F755FA00285BD1304B1C
:10DE0000304A1B7853FA88F312F8238020460EF02C
:10DE100009FFB9F1000FDAD1E3F746F82A4B1B7876
:10DE20008342D2D00021084612F048F9FF28044668
:10DE3000CBD0059B0146CDE901B32A463346504677
:10DE40000097FFF749FE0028BFD0F4F7BDF9C1469F
:10DE500012E02046FFF7B2FAA842CCD1B9F1000F88
:10DE6000B5D1304602F046FF184B5FFA88F803F848
:10DE70000800304602F066FF594620460EF086FE46
:10DE80002046FFF79BFA05460DF014F800230146E3
:10DE9000012228460FF004FDF3F704FA28B9084BD5
:10DEA000084A1B78234442F8239020460BB0BDE873
:10DEB000F04FFFF783BA4FF00008A7E7E3490020CF
:10DEC000DC49002014240020E43D0020B83D00205F
:10DED000F8B50026104F3C78F5B2AC420FD80025BB
:10DEE0000E4B6400224629460D481D7010F014F8B0
:10DEF00022462946BDE8F8400A4810F00DB82846E9
:10DF0000FFF704F9002128460EF06CFE2846FFF7C3
:10DF100033FA0136DFE700BFE3490020E43D00208B
:10DF20003E3A0020FC390020024B80211A7802483A
:10DF30000FF0F2BFE3490020B83D002073B504465E
:10DF400016460D460EF089FE03230020CDE9003071
:10DF5000054B224629469B5DFFF704FF001B18BFB7
:10DF6000012002B070BD00BF8C66040838B512F005
:10DF7000D5F8FF28044614D00A4D35F810301B0799
:10DF80000FD5094B094A1B7801461354012302445B
:10DF90001C2008F092F835F8143023F0080325F817
:10DFA000143038BD3E3A0020C9490020293D0020E8
:10DFB0002DE9F04F794B05461B788946022B174611
:10DFC0008BB004D0002630460BB0BDE8F08F12F0C5
:10DFD00038FC06460028F5D14FF6F9739D4262D011
:10DFE0004FF6F8739D4276D02B0A28460DF11E019C
:10DFF0008DF81C308DF81B50F1F7A4FF002814BFDA
:10E00000B0464FF02008B34614BF06230E23022269
:10E0100029463846039300F0EBFC01220446039B9B
:10E02000002840F0B880DFF880A18DF818209AF819
:10E0300000204946CDE900008DF81A208DF81D001A
:10E0400006AA4FF6FC708DF819800FF0F0F98146A2
:10E050000028B7D00CF02EFFB8420FD048460FF082
:10E060007FF93946043012F018FB384604A90EF047
:10E070001AFD70B1484604A90FF05FFA484B1B78AF
:10E08000033B012B2BD84FF6FF7148460DF052FC95
:10E0900006469AF80030FF2B0EBF01230133DBB296
:10E0A0008AF800308FE74FF008084FF0200B3C4B08
:10E0B0001B78033B012B85D90CF0FCFEB84281D1C3
:10E0C0000CF0F8FEFC238DF81B30FF2305468DF87D
:10E0D0001C3006239BE74FF01008C346E7E70EF01D
:10E0E00097FE80460028D4D00CF0E4FEA8422DD143
:10E0F0002C4B1A7852BB03214846F3F7A7FC0028A3
:10E10000C7D09AF80030A8F8007088F804300023CF
:10E1100088F8053088F808300CF0CCFEA84202D10F
:10E12000204B1B7853B10CF0C5FEB84206D12CB180
:10E13000237923F0030343F00103237100224FF6F8
:10E14000FF710C2012F070FA0126A2E7594628460A
:10E1500008F1070200F078FC0446002899D000225C
:10E1600003214846F3F772FC0028CAD1237903F053
:10E170000303012B8DD10CF09DFEA84203D1094B66
:10E180001B78002B85D0237943F0030323714FF6CE
:10E19000FF7323807DE7164615E700BFEB3D0020A7
:10E1A000EC3D00201C4A00207F3E002037B50E4B7E
:10E1B00005461B780C46033B012B11D9E2F798FE6C
:10E1C00001280FD0821E53425341590128460DF1B8
:10E1D000070200F039FC18B1002144800EF0FFFD69
:10E1E00003B030BD1021F1E7EC3D00202DE9F043F4
:10E1F0008BB0857AB0F8069004460E4617460CF0B0
:10E2000059FE8145804605F0400541D100216088D6
:10E210000DF041F90246002E44D1082304A9C1455E
:10E2200001EB03060CBF234902A90868496803C62D
:10E23000A2B3022100268DF8172001228DF81010BC
:10E24000217A45F020058DF81210A18808338DF849
:10E250001310090A8DF81410E188CDE900268DF815
:10E260001510090A8DF816106088314604AA8DF839
:10E2700011500FF0DCF8054680B161880EF0A7FF61
:10E2800079003246284601F0FE01F3F7DFFB06E095
:10E29000E08802A90EF007FC0028B7D100200BB0DF
:10E2A000BDE8F0833068716806AB03C345F0100524
:10E2B0001023B3E7373E00202DE9F74389461E4679
:10E2C000074690460FF04CF80021044630460DF00A
:10E2D000E2F8054609F107013846F1F753F87DB138
:10E2E000B8F1000F02D103781D44EDB205706378D8
:10E2F0001A0716D569463046F1F724FE024618B1D2
:10E30000002003B0BDE8F083082168460CF05BFDF7
:10E310000028F5D120460FF0E3F8082269460FF0F7
:10E32000E1FD0CF0C7FD0146201D12F0B6F963783F
:10E33000DB0603D538460C490FF0FFF83146A01C28
:10E3400012F0ABF9314638460EF041FF074A137818
:10E350000133DBB21370E371A3790BB10120D0E775
:10E360000123A371FAE700BF373E0020E93D0020FA
:10E37000FF232DE9F04F8FB08146164605918DF8A9
:10E3800022301AB301230BAA0EF09CFC9DF83650E4
:10E390000446EF0625D50027059BBDF8308003F124
:10E3A00008024946D2B20823009709A8CDE90977A7
:10E3B00012F0B9F93A46404609A9F8F739FC0028A5
:10E3C00040F08C80A90627D510220DE013460BAA39
:10E3D0000EF078FC9DF836500446A80663D5062258
:10E3E00002E0AA0618D5082200230599BDF832706C
:10E3F0000A44CDE9093349460093D2B2082309A85B
:10E4000012F091F9384686F0010209A9F8F710FCDC
:10E41000002863D1002E46D0BDF830700CF04AFDC4
:10E42000874249D0384612F00CFA8046002E45D17A
:10E43000BDF82EB0002158460DF02DF8BDF82C3057
:10E4400003901846069312F0FCF906460CF032FDD4
:10E45000069B834242D0B64B1B78033B012B3DD930
:10E4600015F04003049339D1039B0BB9002E35D02E
:10E470009DF83570039B05F018051F44FFB2082D69
:10E480008DF835706CD120230493002C40F041812D
:10E490000EF0BEFC054608B3002E40F0B2803346B5
:10E4A0000126B24674E0BDF832700CF003FD8742DD
:10E4B000B8D14FF00108BBE74FF00108002C43D062
:10E4C0009C4BE279678803EBC20633F83220BDF833
:10E4D00032309A4205D04FF6FF7323800FB0BDE86B
:10E4E000F08FBDF82EA0B8F1000F08D00021304603
:10E4F0000EF075FCA6F802A00EF0E9F8EEE7BDF804
:10E5000030000EF074FC0546414630460EF067FCC4
:10E51000A6F802A0884E2DB1414628460EF05FFCB9
:10E5200063886B800EF0D3F83378002BD6D03B464F
:10E53000002248460599FFF7BFFE0028CED0394695
:10E5400048460DF0F7F9C9E70EF0C1F87A4B1B7891
:10E55000002BC3D0B8F1000FC0D14FF6FF77E6E72C
:10E56000102D01D1049590E7B8F1000F8DD1002C4A
:10E570003AD0C2460021BDF832000DF1220200F06F
:10E5800063FA03460028A9D0002E40F0CA80254631
:10E590000499BDF830000DF12302079300F054FAFE
:10E5A000044600289AD0644A079B1278002A78D043
:10E5B000BAF1000F26D102462C466179B9427ED9C4
:10E5C0002546A4F802B067711446002B00F09E8027
:10E5D0009DF82230EA799A4200F09880002E40F0AF
:10E5E0008E80EB7100253FE00EF012FC04460028FF
:10E5F0003FF474AF4FF0010ABCE700220126134636
:10E60000DBE70126B8F1000F1ED108F007FA7E23E0
:10E61000B0FBF3F202FB130005993A4605315FFAAD
:10E6200080FA4846F0F7D4FE4FF6FF7148460EF0E8
:10E63000CEFD039B032B2CD9AAF17E0A022148466A
:10E640005FFA8AF2F3F702FA069BA5F802B02B8074
:10E650009DF834306F712B7100232B72002E42D144
:10E660009DF82230EB710125B8F1000F3FF436AF71
:10E67000484609A90EF041FF00283FF42FAF2A4673
:10E6800009A90BA8FFF7B2FD28E700262546344666
:10E69000BBE7039B012B94BF0AF1020A0AF1420A6D
:10E6A000CCE7BAF1000FCFD16979B94209D9A5F801
:10E6B00002B06F71002B8BD1002E93D024E0254641
:10E6C0001446049A002A3FF409AF8F427FF406AF44
:10E6D000039308F0A3F983077FF400AF039BA5F829
:10E6E00002B06F7171E7FF23EB71002CBBD00125E5
:10E6F0002379A4F802B023F003032371B4E7FF23C6
:10E70000EB71002C3FF46EAF0025F1E7002CD3D164
:10E7100068E7002E7FF471AFB246254601265346C6
:10E7200036E7BAF1000FB0D15646524645E700BF72
:10E73000EC3D002074390020E249002070B50C4BFC
:10E740004FF6FF751C78002302460A489C4201D10F
:10E75000002005E00688964206D1AA4201D10B703E
:10E7600070BD8679002EFAD001330830DBB2EDE7B8
:10E77000E149002074390020002210B50A4B1C78B2
:10E780000A4BD1B28C4201D8002010BD5988814279
:10E7900004D11979890701D1997911B1083301326E
:10E7A000EFE70120F1E700BFE149002074390020C4
:10E7B00010B5084B01461C780023074AD8B28442A2
:10E7C00001D8FF2010BD914203F10103FAD00832B5
:10E7D000F4E700BFE14900207439002038B5044651
:10E7E000FFF7E6FFFF28054603D13F210B480FF056
:10E7F00047FD4FF6FF7320462380A37103210EF0DF
:10E80000EEFA074B07481A7800210732D21002FBB4
:10E810000500BDE838400FF07FBB00BF91660408DB
:10E82000E3490020773D0020F8B504460026124D4C
:10E83000124F3A78F3B29A4209D800224FF6FF718C
:10E840000F4B1D780F4BD0B285420BD8F8BDFF2C73
:10E8500002D0AB79A34202D12846FFF7BFFF0835AB
:10E860000136E6E7FF2C02D0187AA04201D11980C8
:10E8700019720A330132E6E774390020E1490020B9
:10E88000E049002024390020FF28F8B504462CD0A8
:10E89000164B1B78834203D8802115480FF0F0FCFB
:10E8A0004FF6FF75134A32F8341002EBC4000379B7
:10E8B000A94203F0030318D0012B16D100220E4BFE
:10E8C0001F780E4BD6B2B74203D8BDE8F840FFF729
:10E8D00085BF1E88AE4205D093F807C0A44504D07A
:10E8E000B14202D00A330132ECE7F8BDE149002021
:10E8F0009166040874390020E04900202439002082
:10E900002DE9F74307F07EFB324B1B78033B012BCD
:10E9100021D9314B1D88451BADB2E5B118804FF6AA
:10E92000FF7700202D4A13782B44C3F3C81403F05B
:10E930007F0313702A4B2B4A1E78C3B29E420DD818
:10E9400000264FF6FF77284CDFF8A09099F80020BA
:10E95000F3B29A4216D803B0BDE8F0831388BB42E5
:10E960000DD0137999070AD104EB9311022928BF1E
:10E97000022103F03F0389B243EA81131371083285
:10E980000130DAE734F80A8CB84506D014F8043CB4
:10E99000AB4205D95B1B04F8043C01360A34D5E7C9
:10E9A0000CF088FA804534F80A3C04F8027C24F81C
:10E9B0000A7C09D018460DF10701FFF7BFFE18B118
:10E9C0009DF80700FFF760FF14F8030CFFF75CFFEA
:10E9D000E3E700BFEC3D0020203B0020803E00200C
:10E9E000E1490020743900202E390020E049002040
:10E9F000F0B500244FF6FF7703461048DFF844C017
:10EA000006780F48E5B2AE4201D800200FE0058835
:10EA10009D4210D13AB1012A16BFC57905793CF85B
:10EA20003550A94207D1BB4202D114238371F0BDF6
:10EA3000057A002DFBD00A300134E3E7E0490020DD
:10EA40002439002074390020F8B50D4611460746D8
:10EA50001646FFF773FE002836D102464FF6FF7CBC
:10EA60001E4B1F4C1978D3B2994206D800231C4C78
:10EA70008B4221D1F8BD0834F5E7B4F800E001324B
:10EA8000E645F8D133700123278023710021A1715D
:10EA900065B1144B45F008051A782571D31DDA10BD
:10EAA0003078114B02FB00300FF036FA2379204604
:10EAB00003F03F032371DDE722799209022AE1D0B6
:10EAC00001330834DBB2D3E7037904469A071EBF4B
:10EAD00023F0030343F001030371D7E7E14900206A
:10EAE00074390020E3490020773D002073B50DF113
:10EAF00007010546FFF722FE40B103799A0705D1C9
:10EB000013F0300404D043F00303037102B070BD6E
:10EB100028460EF074F9094B4FF6FF711D78234615
:10EB20009DF80760064AD8B28542EFD9D079013303
:10EB3000B04204BF118011720A32F4E7E0490020AC
:10EB40002439002010B5134B1B7883421DD9124B7A
:10EB50001B78033B012B18D9104A04B202EBC00307
:10EB60009879A0B932F834200A805A884A801B79F3
:10EB700003F003020A719A0952014A71C3F30112A8
:10EB8000C3F381038A71CB7110BD0120FCE72D20F6
:10EB9000FAE700BFE1490020EC3D00207439002075
:10EBA00030B50A4BCC081B78094D0733DB1000FB4E
:10EBB0000340012301F007018B402C5CDBB212B152
:10EBC0001C432C5430BD24EA0304FAE7E349002037
:10EBD000773D002070B50B4B04461B78834204D868
:10EBE00040F24B2108480FF04BFB0025074E3378CD
:10EBF000E8B2834200D870BD00222146FFF7D0FF63
:10EC00000135F4E7E349002091660408E14900205A
:10EC1000FF2810D0FF290ED0084BCA081B7801F03E
:10EC200007010733DB1000FB0323054AD05CC84013
:10EC300000F0010070470020704700BFE34900204A
:10EC4000773D00200148F0F7C7B800BF223B002005
:10EC50002DE9F04397B006460F4614460CF02AF90A
:10EC600020B10225284617B0BDE8F0833A4B1D6855
:10EC700015F00205F5D10DF1340834B940460CF019
:10EC8000ADF898B140F61245ECE720460DF09EFD38
:10EC90000028F3D12246444602F1100C23461068A6
:10ECA0005168083203C362451C46F7D14FF0010991
:10ECB00011A8E2F74BFD05A911A8ADF8449008F0A2
:10ECC00023F903A8E2F716FE09A911A89DF80E4042
:10ECD0008DF8459008F018F99DF80D209DF80F303B
:10ECE00072B31B1BDBB2802B2AD81022404609A925
:10ECF0000FF0E8F80028B4D14FF6F7739E4288BFB2
:10ED00000023164A88BF3B6012788ABF7B602323AA
:10ED10002123012A1BD0022A08BF2123CDE9008329
:10ED20000022012339463046FBF77EFA88B14FF6C0
:10ED3000F7739E4296D90A4B1A780A4B1A7091E7DC
:10ED4000611C00224046C9B2FAF7C4FFD4E723236E
:10ED5000E4E7192586E700BF28270020813E002030
:10ED6000E93D0020823E002013B50CF0A3F890B9D5
:10ED70001E4B1C6814F002040DD16846E2F7BAFD80
:10ED80009DF802309DF803209B1ADBB2802B02D93C
:10ED90009DF801301BB90224204602B010BD0CF0D2
:10EDA00089F8134B19780CF098FBD8B92146FAF77B
:10EDB000E7FF09238DF800300E4B22461B78022115
:10EDC00068468DF801300BF0A4FD024608B91924FD
:10EDD000E2E7012321464FF6FF70FBF70DF900280B
:10EDE000DAD1F4E740F60C44D6E700BF282700202C
:10EDF000823E0020E63D00202DE9F0471E464D4BA7
:10EE00008CB01B681546074688469DF8509003F065
:10EE1000080A0CF04FF8A8423FD1B9F1000F14D006
:10EE20006EB9ADF806603D460424224641462846A8
:10EE30000EF08DF800F001000CB0BDE8F087002363
:10EE4000ADF806303D4606243AE0384611F066F942
:10EE5000FF28044605D0F2F725FA10B12046FEF748
:10EE6000B9FE96B10023ADF80630F7F78FFF002802
:10EE7000E8D0062440460DF1060202A90DF00EF876
:10EE8000D8B94046F8F7A0F917E0ADF80660F7F7F3
:10EE90007DFF0028C7D00424ECE73EB3BAF1000F91
:10EEA0002ED000230B24ADF80630B9F1000F0AD1A3
:10EEB000F7F76CFF2F460028DCD13D46002EB4D07A
:10EEC000BAF1000FB1D004F00402414642F0110241
:10EED00028460EF03CF822460646414628460EF0EB
:10EEE00036F8002814BF30460020A3E7BAF1000F1F
:10EEF00014D00124ADF80660B9F1000F95D1D7E721
:10EF00000B24284602A9F1F71DF8074668B902A8A4
:10EF100008F0ABF920B9ADF80600EDE70124F0E701
:10EF200044F00204ADF80670E6E70023ADF80630C1
:10EF3000E2E700BF28270020F7B506460F46154632
:10EF40000BF0B8FF28BB144B1C6814F0020420D14E
:10EF50004FF6F7739E421CD8F4F748FA60B10123CC
:10EF60002A46394630460094FFF746FF002808BF7E
:10EF70001924204603B0F0BD0BF09CFFA8420CBF43
:10EF800006220B2239460CBF304628460DF0DFFF23
:10EF9000ECE70224EDE700BF282700202DE9F04729
:10EFA0001E46744B8CB01B7807460D461446DDF8A0
:10EFB0005080002B3ED00BF07DFF30B36E4B1B68B2
:10EFC000980722D44FF6F7739C4233D843463A460B
:10EFD00031462046FBF75CFD0BF06CFF854200F0EC
:10EFE000C5803046FEF71AFAA04203D111F096F818
:10EFF0000DF018FEBA1E5342534129460022204606
:10F000000CB0BDE8F0470EF04BBCE7B1F91ED1F1F2
:10F01000000949EB01094FF6F7739C4216D9032109
:10F02000204607F00EFD03233A4631462046009560
:10F0300007F06CFD0BF03EFFA84200F097804FF602
:10F04000FF739C42CBE74FF00109E4E72B463A46B9
:10F050003146204607F0AAFA2146CDE900082B46A2
:10F060003246384608F054F980460146204607F0FB
:10F07000E8FCB8F1000F61D1B9F1000F12D1002303
:10F080003A4631462046009507F040FD88F00103DE
:10F090002A4631462046CDF8009003F00103FFF7E1
:10F0A000ABFE99E7002FEAD003AA9246334B03F157
:10F0B000100E9446186859680833ACE8030073458D
:10F0C0006246F6D107A8E2F741FB03233068716876
:10F0D0008DF81C3008AB03C39DF8293007A843F016
:10F0E00002038DF82930E2F7CDFE90B130687168E7
:10F0F00008AB03C3042307A88DF81C30E2F7C2FE57
:10F1000038B1022307A88DF81C30E2F7BBFE0028B7
:10F11000B5D1514607A8E2F7EDFE0028AFD0F4F7CD
:10F1200047F90028ABD103233A46314620460095E3
:10F1300007F0ECFC0BF0BEFEA84250E743463A460F
:10F1400031462046009507F0E1FCB8F1010F9DD053
:10F15000B8F1020F7FF440AF284607A9F0F7F2FE9E
:10F1600020B93246284607A90DF0ACFE0CB0BDE828
:10F17000F08700BFE73D002028270020A166040893
:10F18000044B1A880AB100221A8000210846F9F7B8
:10F190002DBE00BF223B002000232DE9F0478EB09A
:10F1A00004460D46CDE903334F780BF083FE50B192
:10F1B000B64B1B689A0706D4092103A807F09AFCEE
:10F1C0000EB0BDE8F087204603A9F0F7BBFE064667
:10F1D000002840F05781022F3DD0042FECD1E1F7F9
:10F1E0006FFE002846D0E1F76BFE022840F0228136
:10F1F0000DF12408334632464146304607F0BAFF47
:10F20000012103A89DF8255008F0A8F82840FF2800
:10F2100000F0348105AD28460BF0E0FD002840F0F9
:10F220002F8195E80F0088E80F003A46414603A871
:10F2300007F0AFFE0246002840F02081032303A917
:10F24000CDE9005320463B46FAF7EEFF00280CBFFD
:10F2500013210621B1E78D4B1B689B07ACD4023507
:10F26000082229468A480EF02DFE0028A4D0E1F796
:10F2700033FE08B91121A0E7864B874E1B78FBB9F6
:10F28000FFF77EFF3088002860D103AF294638465B
:10F2900007F059FC002800F0CA8028460DF10A0149
:10F2A000F0F72AFE40B90DF1240A50460BF096FD06
:10F2B0008046002800F08780FFF762FF0F217CE77F
:10F2C0003088002842D1014610F07CFD30800028B3
:10F2D0003AD001230822304603A9EFF7C1FF98BBBB
:10F2E0000123082229463046EFF7BAFF60BB01230D
:10F2F0000222694809A9ADF82440EFF7B1FF03469F
:10F30000308823B1002848D04FF0100920E010F0D9
:10F3100001FD61490746204602F014FA308810F0DA
:10F32000F9FCFFB2874209D1FF238DF82430012375
:10F3300059481A4609A9EFF793FF28B9002101207F
:10F34000F9F754FD0C2138E73088DBE74FF0070967
:10F3500010F0C4FC0746308810F0C0FC348811213E
:10F3600000F108082046F0F71FF8102182462046D9
:10F37000F0F71AF80822044603A940460EF0A2FD51
:10F38000002840F081800822294638460EF09AFD78
:10F39000002879D1B9F1070F01D010210DE704EB56
:10F3A0000A244546A4B271E730884FF0010828B11D
:10F3B0001221EFF7F9FFFF2881461ED12A46B946F0
:10F3C0002046402304E03A46A9464346BDF80A00D9
:10F3D00043F00303CDE900A349460323FAF724FFD2
:10F3E00000283FF469AF0721484607F083FBB8F1D6
:10F3F000000FD9D0FFF7C4FEE2E60021084610F066
:10F40000E1FCADF8140048B1204605A902F09AF9D4
:10F41000BDF8140010F07EFC0028CFD11423009317
:10F420004A4639462046338802F044F9C6E7FFF7DA
:10F43000A7FE1FE7E1F744FD012801D00621BCE645
:10F4400005AD324633462946009603A8F9F7E0FB9E
:10F45000024608B10A21B0E60C4B20461B6803A9FE
:10F460005B0003F0040343F00303CDE900533B4684
:10F47000FAF7DAFE0028E1D113219EE605219CE689
:10F4800012219AE60B2198E60E2196E62827002005
:10F49000373E0020233D0020223B0020012330B5D1
:10F4A0000D4C85B022788DF80430D5188DF80520E4
:10F4B0000E228DF806200A682570CDF807204A68CC
:10F4C00001A9CDF80B200B22EFF7CAFEB0FA80F0AD
:10F4D000400905B030BD00BFE83D002070B50023F5
:10F4E0000C4686B002AE05461A46314620460093C9
:10F4F000F9F78EFB58B903232146CDE9006328466E
:10F500000423044AFAF790FE80F00100C0B206B06E
:10F5100070BD00BF373E0020142330B518498BB0B2
:10F520007F22054609880DEB030006F0BDFDBDF8FE
:10F530001430DA0721D413F0060FC3F3410208BFD9
:10F54000C3F341220F4B0DF116019C5C6846224625
:10F550000EF0F4FCBDF8263004F128026A4402F8EB
:10F56000283C02341B0A02F8273C69462A46E0B2CE
:10F570000CF071FC00200BB030BD2320FBE700BF76
:10F58000CC1F0408B166040810B58AB0ADF8262077
:10F590000022CDE9052204920CAA02924FF6FF72D6
:10F5A0000446AC2101200192064A039004FB01228B
:10F5B000603200924CF620010DF126020DF0E9FCBC
:10F5C0000AB010BD4031002000B58BB0ADF824303A
:10F5D0009DF8303003208DF82630002303900A492F
:10F5E00009A8CDE90130CDE90533049301F16003A9
:10F5F0000093B1F85C3002204CF660410DF0C9FC7C
:10F600000BB05DF804FB00BF4031002010B54FF691
:10F61000FF741E4A8AB0B2F86800B2F85E10A042C9
:10F62000ADF82600B2F85C304FF6FD70ADF824104E
:10F6300018D081424FF0000094BF48F660014CF6AC
:10F640006001CDE90500CDE90300CDE9010094BFDB
:10F6500009AA603200920DF1260204200DF099FCF7
:10F660000AB010BD81424FF000008CBF603209AA81
:10F6700000928CBF4CF6604148F66041CDE9050030
:10F68000CDE90300CDE90100014AE6E74031002061
:10F69000AA31002000B50E4B0022B3F85E308BB0CB
:10F6A000ADF824304FF6FF73CDE90522CDE90322F2
:10F6B000CDE9012209AA00924FF400610DF1260262
:10F6C0000720ADF826300DF064FC0BB05DF804FBAC
:10F6D0004031002030B58BB08DF825301B0A8DF8F5
:10F6E000263000230D4991F85840CD6DB1F85C00EB
:10F6F000CDE90533049307236031039308ABCDE9CB
:10F70000010300914FF6FF734CF620410820089545
:10F710008DF824400DF03DFC0BB030BD4031002091
:10F7200070B54FF6FE76294C1D46B4F85E10B4F85D
:10F730005C30B14294F85C00A2B04FEA132321D1AF
:10F740004FF440416034ADF808108DF80B008DF88F
:10F750000C3003CC0DF11504CDF80D00CDF81110CF
:10F760002270120A6270002211461046A270E270E6
:10F77000ADF806200DF0D2FDADF8060090B90020DE
:10F7800022B070BD4FF400448DF80D10090AADF899
:10F7900008408DF80B008DF80C308DF80E100DF12F
:10F7A0000F04DDE7043402A9621A012392B20DF1BD
:10F7B0000600EFF755FD0028E1D1BDF806002A4606
:10F7C000012110F0D7FABDF80600D9E7403100203A
:10F7D0002DE9F04F4FF0000B85B0BDF838A03B4C41
:10F7E00050461F461646B4F85C90B4F85E80ADF8FB
:10F7F0000EB010F08FFA0090384610F08BFA5A468F
:10F800000546594658460DF089FD009BADF80E009F
:10F8100018B9002005B0BDE8F08FEDB2DAB255FAA4
:10F8200083F3009203F1160259465B46D2B20DF102
:10F830000E00EFF715FD01900028EAD1BDF80E008B
:10F8400010F04CFA019A03460274E22280F81390F9
:10F850004FEA1929427480F8149004F160010822DB
:10F86000153001930EF03EFB019B03F11D04BAF12C
:10F87000000F09D0504610F031FA009A0146204698
:10F880000EF05CFB009B1C4447B1384610F026FA92
:10F890002A46014620460EF051FB2C444123237199
:10F8A0000023267084F80280360A4FEA1828637114
:10F8B0000748667084F8038001F01CFA4FF478431F
:10F8C000A071A4F80730BDF80E00A3E74031002076
:10F8D0004E3E0020202A10B5144614D8012A04D127
:10F8E0000C88B4F5004418BF0124620030B1074809
:10F8F0000EF0F8FA064B00201C7010BD05480EF003
:10F90000F1FA054BF7E72120F7E700BF243B002081
:10F91000833E0020643B0020843E00202DE9F04718
:10F920001046174610F0B7FEDFF814A1DFF8149167
:10F930009AF8003099F800200546134302D10020C0
:10F94000BDE8F08710F4406800F0400619D186BB8E
:10F95000B0F5804F5CD24FF4807400239AF8000019
:10F96000344AD9B288425DD8002399F80000324A5F
:10F97000D9B28842E3D932F8021B0133A142F7D150
:10F9800055E0F81C10F087FE4FF6FF73984214BF45
:10F990000124022486B1052605F44043B3F5004F47
:10F9A00044F0080424D0B5F5804F23D244F4807489
:10F9B00020E044460326EFE7B5F5804F4FF00506FB
:10F9C000F4D3B8F5406F14BF022008203044384407
:10F9D00010F061FE194B05F44045B3F85C308342EA
:10F9E0000CBF44F0080444F00404B5F5004F01D105
:10F9F00044F08004B8F5006F0ED1B81910F04BFE3A
:10FA00000E4BB3F85E308342A7D144F01004A4E754
:10FA1000444603260220D9E7B8F5406F08BF44F0FA
:10FA200020049AE732F8021B0133A14299D1012048
:10FA300086E700BF643B0020243B002040310020CB
:10FA4000843E0020833E00202DE9F04F104685B013
:10FA50001646984610F01FFE5D4F00F00803B7F8F9
:10FA60005C10044600F00709F01C02930391B7F8FC
:10FA70005EB010F010FE06F1050A0546504610F083
:10FA80000AFE03464FF6FF70854218D00399A1EB9A
:10FA9000050CDCF1000545EB0C056D004FF6FF7120
:10FAA0008B420ED145F0040510F0E8FB029B6BB1D0
:10FAB000B9F1000F11D0422005B0BDE8F08F01254B
:10FAC000ECE79B4508BF45F00805EDE7B9F1030FEA
:10FAD000F1D8DFE809F0021B795D10F0CFFB08B91F
:10FAE000A807E8D524F00804A4B2B4F5004F05D067
:10FAF000B4F5624F02D0B4F5404FDCD10025294661
:10FB000097F8A82000200DF009FC3CE0D7F88030E1
:10FB1000E3B9002132460846FFF700FFD8B948F69E
:10FB2000410224F038039BB29342C4D10A2D49D03C
:10FB3000062DC0D197F87730023B012BBBD8EEF7EA
:10FB40000FF90028B7D140F6040505E041463046DC
:10FB500098470028DDD00825E20648BF45F080051B
:10FB6000A30648BF45F4805505F00C03042BC6D10D
:10FB7000F01D10F090FD97F8A830324600934146F2
:10FB80002B460DF0A0FB08B30E9B1880002093E7D6
:10FB9000A90705D14FF6FF73B7F85C209A428AD1C6
:10FBA00004F44063B3F5006F0AD0B3F5406F82D11F
:10FBB0000822504607490EF085F900287FF47BAFF4
:10FBC0000C25C9E70425C7E7432075E7192073E72B
:10FBD00040310020A0310020034B1A781AB1FF2ACF
:10FBE00004BF00221A707047863E002070B5084C92
:10FBF000084E2378F55C1DB13E2107480EF040FB0E
:10FC0000FF2223782846F2540023237070BD00BFE2
:10FC1000853E0020863E0020B6660408034B044A59
:10FC20001B78D05CFF3818BF01207047853E00204C
:10FC3000863E00200023074A07491360074A1360E5
:10FC4000074A1360074A11600121074A1170074AE9
:10FC5000136070478032002077D303087C32002085
:10FC600078320020844800201D4A0020883200207D
:10FC70000E2A70B50C4606461546194603D9FFF7FD
:10FC8000D9FF502070BD012807D10020EEF782F87F
:10FC9000B0B1FFF7CFFF2120F4E780220021224BF3
:10FCA0001A70224B1960224B1B684BB1342010F0A4
:10FCB00089F8204B188018B9FFF7BCFF0120E1E755
:10FCC00024F0FF6323F4FF231BB1FFF7B3FF4F20A2
:10FCD000D8E774B92046EEF777F80124032510F031
:10FCE000800F43B21BBF00F01F039C409C4044F0B8
:10FCF00078440020104B24F078441E700F4B1049BC
:10FD00001D70104B1C60104B1870104B1A68EEF7EA
:10FD100019FC18B1FFF78EFF0420B3E79DF81020FF
:10FD20000B4B1A70AEE700BF873E002084320020E4
:10FD300078320020A43B00208C3E00208A3E002028
:10FD400035000308883200208B3E002080320020DE
:10FD5000883E00207FB5244B00251A7801232348D4
:10FD6000234903FA02F200781A440A60ADF80E50F3
:10FD700020B3984236D11F4C1F4B20781B680DF1E1
:10FD80000E0198471D4EBDF80E20307092B11C4BED
:10FD900029460093284602230195EEF70DFC3278A0
:10FDA000237822B1012A12BF1B230133DBB2237057
:10FDB00004B070BD013818BF0120F0E778235A4322
:10FDC000013A0A6008220F490FF042FF0B49094A25
:10FDD0000978137821B1012912BF1B230133DBB24B
:10FDE0001370E5E71846E3E78A3E00208C3E0020CA
:10FDF0008C3200208B3E0020844800201D4A0020C9
:10FE00007100030809020408024B1868003818BF83
:10FE1000012070477832002037B505461C4610F0A7
:10FE20002DFA68B974B1084B1A60084B0A461C6079
:10FE30000123294600930323FFF71AFF03B030BDC7
:10FE40004D20FBE72520F9E7743200207C320020AA
:10FE500013B5044610F012FA58B962B1074B1A6094
:10FE600001230A46009321460323FFF701FF02B056
:10FE700010BD4D20FBE72520F9E700BF78320020B8
:10FE80002DE9F0410446DDE906861D469DF8207007
:10FE900010F0F4F988B99EB1A2B10B4B01201A60A1
:10FEA0000A4B0A46C3F80080094B21461E602B46C8
:10FEB0000697BDE8F041FFF7DBBE4D20BDE8F081BD
:10FEC0002520FBE72120F9E784480020803200202C
:10FED0007C3200200148EEF77FBF00BFA43B00202A
:10FEE0002DE9F0410020EEF79FFA114B114C1E68EE
:10FEF000114B20881D68114B114FD3F8008010B1B1
:10FF00003978EFF743F900203870FFF793FEEEF7EA
:10FF1000A3FD0EB14046B0473DB12088A84700235D
:10FF20002380BDE8F04110F066BBBDE8F08100BF62
:10FF30007C320020A43B0020783200208832002050
:10FF40008D3E0020F8B52F48EFF770FA2E4B187849
:10FF500030BBEDF739FF2D4F06463B6803B32C4B02
:10FF60002C4D1C6824B195F900301A461946A0475B
:10FF7000294B1B6883B1294C2378312B0CD8284B93
:10FF800018880FF0ABFE23785A1C22702A78C254CE
:10FF900023785A1C2270C65480232B7000233B60A8
:10FFA000204C23781A2B22D81F4A1278012A09D113
:10FFB00000211E4A156825FA03F0C007DAB20ED5F3
:10FFC00001B122700020EDF7FFFE2178884212D1A6
:10FFD0000022174B1A70FFF7BDFE40B9F8BD013380
:10FFE000D8B21A284FF00101E5D90A442270BDE8C1
:10FFF000F840FFF775BF0020EDF7F8FE0028E7D0C6
:020000040803EF
:10000000F5E700BF884800208C3E002084320020A5
:1000100074320020873E0020783200208D3E002080
:10002000A43B00208B3E00201D4A00208832002087
:10003000893E002008B50B4B187880B90221EDF7F6
:1000400097FE094B1B782BB100214FF6FF72084633
:10005000EDF770FEBDE808400448FFF773BF0021CC
:100060000846ECE78C3E0020883E002088480020AF
:1000700038B5144B0C461D78012D21D181B90846A5
:10008000EDF7A2FE104A05FA00F013680F4923EAC3
:100090000003136020462A46BDE838400FF0D8BD63
:1000A0000B4A13780133DBB2022B137004D9BDE87D
:1000B00038400848FFF746BFFFF74CFE0028F6D14E
:1000C00038BD00BF8C3E00208832002009020408A1
:1000D000893E0020884800202DE9F0431E46574BFA
:1000E0008FB01B780746033B012B0C4615469DF845
:1000F000588007D8F3F7BCFF20B1EFF719FB08B120
:1001000044F400544E4B1B7813B924F40074A4B289
:10011000200509D546B9284604A9EFF713FF0028A2
:1001200046D024F40064A4B2ADF81840ADF81A50DB
:100130000AF0C0FE434BADF81C00B8F1000F02D02E
:100140001A78424501D293F800803F4AE1051378BE
:1001500048BF0DF1210103F10103DBB2137058BF59
:1001600008A922058DF81E808DF81F3006D533684A
:10017000083141F8083C736841F8043CE30407D5B2
:10018000324A0831136841F8083C536841F8043C8E
:100190000DF11808A1EB08005FFA80F9002148462C
:1001A0000FF010FE064628B900200FB0BDE8F0831E
:1001B00004AEB9E70FF092FD41464A460DF0BEFE8F
:1001C00030460FF0A7FD804630460FF087FD002334
:1001D000024600934FF6FF7004235FFA88F10DF09A
:1001E00072F8ADF80E000028DED040F201131C4278
:1001F0001AD14FF6F7739D4216D80FF08BFD0DF113
:100200000E010446284601F09DFABDF80E000FF0DD
:1002100081FDE4B2A04207D9BDF80E000DF0A0F8B0
:10022000437843F004034370BDF80E003A460121C1
:100230000FF0A0FDBDF80E00B7E700BFEC3D0020B9
:10024000E73D0020CB490020E93D0020373E00205B
:10025000024B18780130C0B218707047E93D002099
:10026000F0B50829D58889B028D00C2926D0AE044D
:1002700024D405F040030B43424C267816B105F018
:10028000200423432FB2002FB8BF43F0800303297B
:1002900020D11223AC068DF80430937A10D48DF857
:1002A00005300DF1060401A9621A012392B2EEF79E
:1002B000D7FFB0FA80F0400909B0F0BD0B46DBE78C
:1002C00032228DF805308DF80420002EE9D00DF192
:1002D0001304E8E70C298DF804300ABF1389537919
:1002E0008DF80530548805BF1B0A8DF806308DF84F
:1002F00005300DF1070318BF0DF106031C70240A29
:100300005C70148802399C70240ADC70147901290D
:100310001C7111D8917A002F597131DA022112899A
:100320009971DA71120A03F109041A72002EBAD017
:10033000AB06B8D50534B6E7A9071AD4002F0CDAF6
:10034000117A51B1917A59711189127A03F1080425
:1003500092B102229A71D971E8E70B4C217801F130
:10036000010C84F800C091729C1D002F5971DDDAD8
:10037000EAE7917A9C1DF8E70122090A9A71EAE7F7
:100380009C1DD3E7E73D0020E83D0020014B18808D
:10039000704700BFA63B0020014B1888704700BF84
:1003A000A63B00202DE9F843074610F06FF80546FC
:1003B0001B4810F0DEF91B4B60B31C683C1B2C443F
:1003C000A4B20022184BDFF868901B78174D03EB9E
:1003D000830399F8006005EB43055FFA82F8464510
:1003E0000AD9AB8805F10A00A34216D90A23B21A2A
:1003F00029465A430DF076FD013689F80060AC803D
:10040000B8F1000F03D1394605480FF053FD2846D7
:10041000BDE8F8833C461D60D3E705460132DCE7C2
:10042000A8480020903200208E3E00200037002097
:100430008F3E00201FB5154A154C1378013BDBB2E7
:1004400013706168206801AA03C221891180114AD2
:100450001278D21805D00A2320465A43E1180DF02D
:1004600041FD9DF806301B070DD0BDF80C00FFF7CD
:1004700099FF03468288ADF8082001AA03CA1288B2
:10048000186059601A8104B010BD00BF8E3E002074
:10049000003700208F3E0020002108B5084B094896
:1004A0001970094B1970094B1A7802EB820252003D
:1004B0000DF032FDBDE808400548EEF7B7BF00BFBC
:1004C0008F3E0020003700208E3E0020DA490020B9
:1004D000A8480020F8B50024084D094F094E3B7884
:1004E0003178E2B20B449A4204F1010400DBF8BD1A
:1004F0002846EEF771FC0A35F1E700BF003700200F
:100500008F3E00208E3E0020F8B516460C4B0D4A5B
:100510001B781278074613440B4A0D461278934213
:100520000CD03046FFF73EFF01350681078085700D
:1005300004460FF0A6FFE0800120F8BD0020FCE794
:100540008E3E00208F3E0020DA49002010B5064C78
:10055000207828B10548F5F7A3FB10B1034B1888A4
:1005600010BDFFF767FFF3E78E3E00200037002045
:1005700008B50A4A0346107860B1094A10889842C3
:1005800009D121B99378103323F00F039370FFF74B
:1005900051FF012008BD0020FCE700BF8E3E002077
:1005A000003700202DE9F74F00260FF06FFFDFF82E
:1005B000F890B24699F80070B3463A46DFF8EC80FE
:1005C0001FFA80FEB8F800C0344CAEEB0C039BB2AF
:1005D00001932378324D009303EB830305EB430330
:1005E000ACEB0E0C5FFA86FEBE4515D3BAF1000FD8
:1005F00001D0009B2370BA422AD3002F37D00A22A1
:100600002378C8F8000002FB03532648998803B0FA
:10061000BDE8F04F0FF04EBCB3F804E001998E45F1
:1006200012D84FF0010A009993F802E001310EF15F
:10063000FF3EC9B2013AA3F804B083F802E000918A
:10064000D2B20A330136CDE7E644A3F804E0F8E776
:1006500089F800204AB10A222378C8F8000002FB7A
:100660000353104899880FF025FC237813B903B081
:10067000BDE8F08FFFF76AFF06460028F5D00CF0C2
:1006800090FD014630460BF055F920B10021288835
:10069000FFF76EFFE9E740F60241F8E78E3E0020E3
:1006A00000370020A84800208F3E00209032002014
:1006B0002DE9F04192F808801F4608F1FF33DBB2C4
:1006C000EF2B05460E46144688B00BD982238DF8D1
:1006D0000E30314628469DF80E30204AFBF780F850
:1006E000012037E00E22002104A80DF015FCB4F81B
:1006F00009308DF81180ADF81230E37A03F07F02F3
:10070000032A08D0012B24D103238DF81030A389AC
:10071000ADF815300EE0032B14BF022301238DF832
:100720001030E368CDF815302369CDF81930237DFA
:100730008DF81430A7F121014A420DF10E034A4110
:10074000009321460DF10F0304A8FAF799FB002846
:10075000BFD1002008B0BDE8F08100BFCF6604081B
:100760002DE9F04F00241D7895B0CDE902010492E7
:10077000234622460120CDE9005440490AF0A2FA5E
:10078000ADF81E00F8B1A346264627460DF1200914
:100790000DF1380AE0F77CFB5FFA84F8404516D883
:1007A0003A460221BDF81E00EEF712FE3246042141
:1007B000BDF81E00EEF70CFEDDE903100022BDF8C7
:1007C0001E30FBF70DF8012015B0BDE8F08F4A464A
:1007D00040460AA9FAF746FB9DF8282022B12DB120
:1007E000013DEDB20137FFB20134D3E7BBF1000F99
:1007F000F8D199E803009DF829308AE803008DF8C4
:100800004030BDF82A30032A8DF841304FEA1323D7
:100810008DF8423017BF032301238DF843309DF834
:100820002C30DDF83110DDF82D0014BF8DF84C3080
:100830008DF8433011AB03C302980CBF4FF00E0884
:100840004FF015080BF095FD0590BDF81E000FF058
:1008500061FA059900EB080399420BDB012342463C
:1008600051460DF11E00EEF7FBFC0028ABD101361E
:10087000F6B2B7E74FF0010BB4E700BFCC6604084F
:100880002DE9F04FDFF8D8A089B00746129BBAF8DF
:10089000000088461D7898B90024CDE901442C4B0E
:1008A0000094224601201B782A490AF00BFA0346DD
:1008B000ADF81E00002241463846FAF791FF3EE0AF
:1008C0000FF028FAC0F3C706002EE5D0B54239D2A2
:1008D000DFF87CB0741BE4B2082C28BF0824CDE9F3
:1008E00002540196BAF800300022FF3B18BF0123E2
:1008F00000939BF80030184901200AF0E3F9E30067
:10090000ADF81E00D91D0DF11E0005930AF007F980
:100910008146A0B9059B07210093BAF80020EB009F
:10092000BDF81E002C440AF022F9E5B24A464146C1
:100930003846BDF81E30FAF753FFAE42CAD809B0A8
:10094000BDE8F08F8F22054901200AF0BBF9AEE720
:10095000943E0020CB660408CA660408CF660408EB
:10096000AA3B00202DE9F043037805460E461446C5
:1009700085B0A3B9134F90F801803B7890F80290AE
:10098000434501D000F08CFAB9F1010F87F80080DF
:1009900005D100276D7904EBC505AC4202D105B045
:1009A000BDE8F0830823A21D314692B20DEB03008F
:1009B00000970FF0B8FE083402A800F05DFAA4B268
:1009C000EBE700BF943E00207FB5154B15461B7822
:1009D0000126033B012B98BF124B8DF8090098BFED
:1009E0001D780D230DF10B000C468DF808308DF8A5
:1009F0000A600FF052FE00233146CDE90063204625
:100A0000062302AA8DF80D500CF011FD30B12146DD
:100A10000AF090FF7040C0B204B070BD1920FBE72F
:100A2000EC3D0020903E0020034B03220120B3F850
:100A30006810FFF7C9BF00BF4031002010B50B4B55
:100A400004461B78033B012B03D98C2108480DF089
:100A500017FC084B93F95A30A34204DB6FF00E03E6
:100A6000A342B8BF2346044A137010BDEC3D0020DA
:100A7000D1660408403100201E4A002008B5094B09
:100A80001B78033B012B03D9A42107480DF0F8FB89
:100A9000064B93F9000010F1800F04BF044B93F94B
:100AA0005A0008BDEC3D0020D16604081E4A002013
:100AB000403100202DE9F04F85B005460CF0B3FB26
:100AC000074628460CF0D7FC411C044689B228464C
:100AD000EEF76AFCA11C89B281462846EEF764FC59
:100AE000033400EB4000E6B250FA84F428460FF0DD
:100AF00011F9E4B284424BD8DFF8A8B0A6420ED375
:100B0000B9F1010F44D139460220234B1A78C2F1C2
:100B1000B302D2B205B0BDE8F04FFFF755BF1F4B8F
:100B200032461B882946ADF80C30002303A88DF807
:100B30000E30009303230FF0F6FDBDF80CA09DF8D6
:100B40000E800AF0B7F9504510D1154B1B78033BC6
:100B5000012B0ED8FFF792FF404440B2FFF76EFF23
:100B60000D4B1B78C3F1B3038BF800300336F6B29C
:100B7000C4E738460FF0D2FA00F03EF98246384614
:100B80000FF0CCFA08EB0A0149B200F04BF9EDE79F
:100B900005B0BDE8F08F00BF5E3E0020E6660408A9
:100BA000EC3D0020903E00208022014B1A707047DF
:100BB0001E4A002008B50748EEF738FC0649074AE8
:100BC0000B780BB9137823B100231370044A0B7010
:100BD000138008BDC8480020933E0020923E0020AC
:100BE000A83B002008B50448EEF7F6F8BDE8084039
:100BF0000248EEF7F1B800BFA83B0020AA3B002056
:100C00002DE9F8432A4B074693F95A608E4204DBDC
:100C10006FF00E068E42B8BF0E46264D2988C9B920
:100C200020200FF0CFF8288010B90020BDE8F8830D
:100C30002021284609F073FF04460028F5D1A1B20F
:100C4000FF2228880134EEF7C3FB202CF7D10022C5
:100C5000194B1A70DFF8609099F800100229E4D857
:100C60004FF0000801EBC101CCB204EB080117F80A
:100C700008202888C9B208F10108EEF7A9FBB8F1ED
:100C8000080FF2D104F1080101242888F2B2C9B298
:100C9000EEF79EFB99F800300848013389F80030E0
:100CA000074B47F2E8611C700FF004F92046BDE7DE
:100CB00040310020A83B0020923E0020C848002080
:100CC000933E002038B5084B04461B78074D1BB9EE
:100CD000287808B9206038BD054B00211888EEF748
:100CE00051FB20602878F6E7933E0020923E0020DA
:100CF000A83B00202DE9F341064601A8FFF7E2FFDB
:100D000038B100240D4BDDF804801F78E3B29F4218
:100D100005D80B4B93F95A0002B0BDE8F08104EB03
:100D2000C40545440822314628460DF0CBF801346D
:100D30000028EBD195F90800EEE700BF923E0020B5
:100D4000403100202DE9F04F85B0814603A8FFF720
:100D5000B9FF002844D105B0BDE8F08FA8EB050528
:100D600005EBC5052A46304606F109010DF0BAF833
:100D70004FF0FF3372191C44735187F800A0536081
:100D80001372E4B20134E4B297F80080A0451CD994
:100D9000039B04EBC40B03EB0B06082249463046C9
:100DA00001930DF08FF80028ECD1651C08F1FF3A93
:100DB000A845019B5FFA8AFAD0D14FF0FF3287F83D
:100DC00000A043F80B20726032723B78002BC2D136
:100DD000054A06481370064A1380EEF727FBBAE768
:100DE0000024044FD0E700BF933E0020C8480020F5
:100DF000A83B0020923E0020FF2810B5044608D0F2
:100E00000FF0E4F9C30704D5044B185710F1800F15
:100E100002D1034B93F95A0010BD00BFB83D00202A
:100E200040310020FF2838B504460D461AD00FF097
:100E3000CDF9C30716D50C4B93F95A30AB4204DBFE
:100E40006FF00E03AB42B8BF2B46084A0849135552
:100E50000878084A18B992F90000984202DA00208E
:100E60001370087038BD00BF40310020B83D00202D
:100E70001F4A0020913E002010B5084C01462288F0
:100E800022B9082109F045FD208010BD2046BDE8AB
:100E9000104001230822EEF7E3B900BFAA3B00206F
:100EA0000022014B1A807047AA3B0020F8B50E4C77
:100EB00006462388B3B90120F8BDF9002088EEF773
:100EC00061FA082231460CF0FDFF01350028F2D00E
:100ED00020880EF01FFFEFB2C0F3CF039F42ECD388
:100EE0000020E9E70025F3E7AA3B00202DE9F04FB9
:100EF00002290546144687B04AD019B9012007B027
:100F0000BDE8F08F0CF0A5F9074604F11E08238810
:100F1000012B4FD1E17828460331EEF745FAE1780D
:100F2000064602312846EEF73FFA41F6016300EB30
:100F3000062080B2984223D194F803A028460AF1F3
:100F40000201C9B2EEF730FA0AF1030610F0010F00
:100F50008146F6B218D119F0020F1BD119F0040F17
:100F60000ED02379B34213D331462846EEF71CFA4C
:100F700064280DD105F052FD00F07F00642807D8E9
:100F800006344445C3D1B9E7F0F704FF0028E2D1A5
:100F90000020B4E72379B342FAD331462846EEF76E
:100FA00003FA344B0AF1040A1B785FFA8AF683428B
:100FB000D4D2EDE7022BE3D1E17828460231EEF7F7
:100FC000F3F91B28DCD1E17828460331EEF7ECF980
:100FD0001928D5D1E17828460431EEF7E5F94A28F9
:100FE000CED14FF0050A0026DFF88C90E178284634
:100FF00001315144EEF7D8F9E1788346514428464F
:10100000EEF7D2F900EB0B2083B20A2B00F03F0B76
:101010001ED102A8CDE904660AF036FBE278294623
:10102000023252440823009604A80FF07CFB0822E9
:1010300004A90DEB02000CF045FF0028A8D10BF12C
:10104000020353445FFA83FA23795345CED897E7D6
:10105000412BF4D1E178284602315144EEF7A4F94E
:1010600099F80030C3F1B303C11849B23846FFF70D
:10107000C7FDE4E75F3E00205E3E00202DE9F74F0C
:1010800081460C4692461E460EF044FE83461CB92D
:10109000B52140480DF0F4F848460EF03BFE11280B
:1010A00003D8002003B0BDE8F08F48460CF058F993
:1010B00005460FF0F0FA09220746002128460EF0F7
:1010C0004DFD00250AEB4A028046002120465200D1
:1010D0000CF022FFBB053570E3D5012208F11008A2
:1010E0005FFA8BFB5FFA88F80634554505D03778F0
:1010F0004744FFB2791C594501DB0220D2E748463C
:101100000192EEF751F9394600904846EEF74CF956
:10111000009B96F800C000EB032398B21BB2002B93
:10112000ACBF4FF0000E4FF0010E0CF1020CACBF43
:1011300000F07F01C1B25FFA8CFCACBFC009C0F304
:10114000C32086F800C0019A04F8021C24F8060C9B
:1011500004F804EC2DB16FEA030C4FEADC7C9445F3
:10116000CBD1CA199345C8DB002B04F8037C0BDBF9
:101170007E280BD07F280BD001223378013519440B
:101180003170EDB20634B0E70F2801D00022F4E749
:10119000012087E7EA66040838B505460D4B0E487E
:1011A0001C88EEF72FF9012D0CD10C4B1C88FA216D
:1011B000614358B1884209D28408012C204638BFC7
:1011C000012038BD022D08BF0224F0E702480EF0CE
:1011D00071FEF2E7FC360020F4250020FA360020EC
:1011E000012208B5054B06481A7000210EF062FE78
:1011F000BDE808400020FFF7CFBF00BF6B3D0020D7
:10120000F42500201E4B73B51A8802F108039BB227
:10121000012B02D81B4B1B7823B902B0BDE87040EC
:10122000EEF704B90024184B184D1C70184B1C70B5
:101230002B787BB14FF6FC73164E00932246234663
:10124000214630880BF00CFC4FF6FD732C70338078
:1012500001200FE0104B10461978F4F76BF80028C6
:10126000F6D10C4B1A884FF6FD739A42F0D0012349
:1012700002202B7002B0BDE87040FFF78DBF00BFA9
:10128000FE3600206B3D00206E3D00206C3D0020AE
:101290006D3D0020F83600206F3D0020012808B584
:1012A0000AD002280CD020B9084B18700848EEF775
:1012B000BDF84FF0FF3008BDBDE80840FFF790BF14
:1012C0000020BDE80840FFF767BF00BF6B3D00206E
:1012D000F425002002280FD840F6024399420BD192
:1012E000064A13780133DBB21370054A12789A422A
:1012F00002D80220FFF7D2BF704700BF6D3D00202B
:10130000703D002038B5A0F61343012B04460D466E
:1013100015D80E4A13780133DBB213700C4A1278D9
:101320009A420CD84FF6FD720A4B00201988914260
:1013300001BF00221D80084B1A70FFF72DFF2946C0
:101340002046BDE8384005F0B5BB00BF6E3D00202B
:10135000713D0020F83600206C3D0020F8B5194E94
:10136000194D37882C88A74229D801F10804A4B266
:10137000012C03D94FF6FF74A14220D1134C9200E7
:101380009B00218032802B809DF81820104B1A7012
:101390009DF81C200F4B1A709DF820200E4B1A70E0
:1013A00000220E4B1A704FF6FD720D4B1A8018B1C9
:1013B000FFF716FF0020F8BDFFF770FFFAE70220E5
:1013C000F9E700BFFC360020FA360020FE36002088
:1013D000713D0020703D00206F3D00206C3D0020DD
:1013E000F836002000234FF6FD71054A1370054AB8
:1013F0001370054A1180054A1370054A137070472F
:101400006E3D00206D3D0020F83600206C3D002030
:101410006B3D002030B5094B02461B7833B1084BB9
:10142000084C19780023D8B2884201D3FF2004E089
:10143000013334F823509542F5D130BDD74900200F
:10144000733D0020D83600200022FF21044B0548C0
:101450001A70054B1970054B1A7892000CF05CBDA0
:10146000733D0020DC360020723D0020D74900206B
:10147000F7B58DF807100DF10701044605F0F0F8F7
:10148000234B1D78002D41D02046FFF7C3FF214E8E
:10149000FF283178204B05D1204A107885422DD97C
:1014A000451C1570884219D01C4A1B4D92F800C08B
:1014B0000022D7B2BC450CD92F4697F803E0013281
:1014C000864505F10405F4D102B203EB8202D2781D
:1014D000FA7002B203EB8202D170307002B203EBF9
:1014E000820123F82240FF228A709DF80720FF2AFC
:1014F00002D003EB8203987003B0F0BD0A46104699
:1015000003EB8202D278FF2AF9D1CBE7FF20F3E781
:10151000D7490020723D0020DC360020733D0020BA
:101520002DE9F843FFF776FFFF28044669D04FF610
:10153000FF72354F03B2DFF8DC80344E27F82320EA
:1015400098F80050A54202D10020BDE8F883337816
:1015500020B28100A34207EB800090F803E010D096
:101560000023294A5FFA83F94D45944606D99CF831
:1015700003900133A14502F10402F3D18CF803E09A
:1015800001E086F800E0013DEDB22A1BD2B2043141
:10159000920039440CF0A6FC88F800503378FF2BF9
:1015A00004D0A34224BF03F1FF33337000214FF670
:1015B000FF70154BCAB2AA420CD300234FF6FF713D
:1015C000134ADCB2AC42BBD2013332F8230088426A
:1015D000F7D1B5E79A78A2420BD11880DA78FF2AC2
:1015E00004D0A24224BF02F1FF32DA700131043389
:1015F000E0E7FF2AF2D0A24224BF02F1FF329A7044
:10160000ECE72D20A1E700BFDC360020723D002072
:10161000D8360020733D0020F8B51C4B05461B78DA
:10162000084673B3FFF7F6FEFF28044629D0284684
:10163000FFF7F0FEFF2806D0154B164E1A78002350
:10164000D9B2914218D3FF212846FFF711FFFF2896
:10165000014616D00546104F23B207EB830237F838
:1016600023009678FFF704FFA84208BFFF25FF2E4E
:10167000214608D12846F8BD013316F823108142CF
:10168000DED1FF25F6E73446E6E700BFD749002064
:10169000733D0020DA360020DC360020014B18783C
:1016A000704700BF733D0020014B1878704700BFA2
:1016B000D74900202DE9F04180460E461F46002301
:1016C00086B001A814469DF830508DF80330FBF722
:1016D000BDF9ADF804802EB13368CDF806307368DB
:1016E000CDF80A3038460EF0F9FA0DF1030342192D
:1016F000214601A805F0ECF99DF8033093B9314675
:101700004046DFF753FD0E4B1B785BB10B2C09D81D
:10171000FF214046FFF7ACFE064605EB4404E4B269
:10172000A54202D106B0BDE8F0812946384609F04D
:1017300031FA3146FFF79CFE02350646EDB2EFE77F
:10174000D749002000232DE9F3470DF107028DF85A
:10175000073004460E4604F075FF9DF80730054635
:1017600063B92046FFF756FE04465EB130880EF09E
:10177000D1FA5FFA80F8FF2C45D10025284602B047
:10178000BDE8F087B046F6E701320C2AF5D02DB25D
:1017900007EB8505AD78FF2DF6D112F0FF0AECD0EE
:1017A0004FEA4A050235EDB2002EE7D0304605EB90
:1017B000080109F0B4F90028DFD1524641463088CB
:1017C000EDF706FE0AF1FF3208F1010108F1020906
:1017D0003088D2B2C9B25FFA89F9EDF7F9FD24B2C7
:1017E00007EB8404A478FF2CC8D023B2494637F80D
:1017F0002320308809F0DEF90028BED109F1020962
:101800005FFA89F9EBE725460022014FBFE700BFE9
:10181000DC360020FF2818BF064B10B51BBF03EBBA
:10182000800433F820302D200B801EBFA3780020C9
:10183000137010BDDC36002008B5FFF7EBFDFF2864
:101840000AD108BD0233DBB200B202EB800080781F
:10185000FF28F7D11846F4E70223014AF4E700BF56
:10186000DC360020037810B504466BB94378082BAA
:101870000AD1084B1B88562B07D100F083FD20723C
:10188000002363600123237010BD007A00F080FD07
:10189000F6E700BFBA3A002003788BB943782F2BC4
:1018A0000FD0302B0CD1084B084A1288522A0BBF9C
:1018B0001B78028903811A7000234360012303709F
:1018C0007047034BF0E700BFC5490020BA3A00203B
:1018D000203D002070B51F4B1F4C19800388054622
:1018E000238183781646E37209F096FA0822A072E3
:1018F000291D20460CF0F6FA6B7B2374174B6361AD
:101900000323237346B1EDF70BFF10B11620EDF75B
:10191000BBFE4FF4FA610EE00CF062FAC30705D487
:1019200004224FF6FD713046F2F7C0FFEDF7F8FEE6
:1019300058B94FF4FA710322094B0A481A700A4B3E
:101940001E70BDE870400EF0B5BA1620EDF79CFE93
:10195000EFE700BFB8490020C832002000F8FF07B9
:10196000AD3E002008490020AB3E002038B50A4DAE
:101970000A48EDF75BFD2A78094CFF2A04D021784C
:1019800011B9084609F0FFFCFF232B700023054A1C
:101990002370137038BD00BF204A0020E8480020A3
:1019A000973E0020963E002008B50C4A0B46117861
:1019B00011B90B4A10809370094A002001F0C0FA57
:1019C000084B002219880648FFF784FF0120EDF735
:1019D0005BFE034805F0A8F8012008BDA93E0020E1
:1019E00094320020AE3B0020024B1878003818BF1C
:1019F00001207047AD3E002010B5074C2378062B20
:101A000005D1152803D100232370FAF74BF820786D
:101A1000003818BF012010BDAD3E0020024B1878E1
:101A2000031F584258417047AD3E00202DE9F04158
:101A3000294B80461B780D4613F00F0786B049D11D
:101A400090F82830022B45D1061D01233146821C17
:101A50000CF02EF80446C8BBB8F8260000F083004E
:101A60000CF0CAF998F828201C4BD8F804001A701A
:101A70006B46D8F80810CDE9034403C3B8F800302A
:101A80002046ADF8083098F8023041F606318DF85E
:101A90000B3003238DF80C30114B8DF80A50059351
:101AA0000AF0A6FDB8F824106B46002908BF4FF4D1
:101AB0004171012098F82820F1F7C4F8044638460F
:101AC0000EF004F810B1384608F0FBFE204606B0D0
:101AD000BDE8F0810224F9E7EB3D0020AC3E002098
:101AE00000F8FF07024B1878431E584258417047D0
:101AF000AD3E0020024B187808B9024B18787047A9
:101B0000AC3E0020EC3D00207FB51023072202A947
:101B10000120EDF705FD9DF80B00F0F7D5FC17202F
:101B200004F0ECFF00210DF10700EDF731FE17285E
:101B300005D10020EDF7A8FD07B05DF804FBFFF725
:101B4000D9FF022808D9054BB3F868204FF6FF7378
:101B50009A4201D10320EDE70220EBE7403100205B
:101B6000014B1870704700BFAC3E00202DE9F84FC4
:101B7000384BDFF8F08093461A7898F80030054625
:101B80000C4602F00F020BB1062B61D14223D34069
:101B9000D9075DD4304F97F800A00CF021F9C207A7
:101BA00007D5FFF7A7FF012803D048F6990009F0F1
:101BB000AAF90CF015F9830704D540F0100080B2A3
:101BC0000CF01AF90DB9254B1D68254E96F80090BA
:101BD000B9F1000F0FD100F091FC284600F052FC43
:101BE000012349464846337009F0DEFB014610B92F
:101BF000022209F0C8FB09F00FF9DFF86C9089F8B0
:101C00000000204609F0EDF8044620B100233370AF
:101C10002046BDE8F88F0BF1FF33032B17D80123C3
:101C2000042229460A2087F800B088F80030EEF731
:101C300015FE04460028EBD0002599F9000088F82D
:101C4000005009F0CEF887F800A03570E0E730705A
:101C50000224DDE7EB3D0020AC3E0020C432002032
:101C6000AA3E0020AD3E0020983E00200022014BFD
:101C70001A707047AA3E002070B5044620B91A4871
:101C8000FFF774FE002003E0184B1B780BB1022015
:101C900070BD174E3378002BF9D113480EF069FD53
:101CA000B8B911480EF065FD054648B9014609F07E
:101CB0007BFB104B022218702946284609F063FB73
:101CC000631C0CD0214608480EF0F4F80023337052
:101CD000D8E70548EDF796FBA042E2D3D7E70248E4
:101CE000EDF7A4FB0123F2E7E8480020973E00202F
:101CF000963E0020204A0020014B1870704700BF1C
:101D0000973E002008B505480EF033FD20B9044B7E
:101D1000187800F0010008BD0120FAE7E84800202B
:101D2000963E002030B5414C41488BB0EDF77EFB2C
:101D30002378032B5DD1FFF7DDFE02289CBF06232D
:101D400023703C4B1D78002D40D03B4B186810F0A1
:101D500002000EBF41F6043141F6063100200AF0C0
:101D600047FC0025354B1D70354B1988FFF7C2FE27
:101D7000344B02462846F0F765FF002846D1324D25
:101D80000CF02EF82B78002B0CBF4FF0FF336FF4C4
:101D90008073184020F0010080B20CF02DF8012370
:101DA0002B70FFF7A7FE022806D94FF4FA612048EE
:101DB0000EF080F80723237000200DF087FE98B303
:101DC00000200BB0BDE8304008F07BBDF3F7BEF853
:101DD000294601221D48F7F77DFF68460CF01AF8E6
:101DE0002A4641F6063140200DF11503F6F76CFE48
:101DF000B7E7072B07D10023FF22194601202370E4
:101E0000F0F77AFBD8E7043B012BD5D8104B1B78B1
:101E10002BB101200BF0A0FE00220D4B1A70002305
:101E20002370FFF771FEC7E70BB030BDAD3E002059
:101E300008490020AB3E002028270020EB3D002071
:101E4000B8490020C8320020214A0020993E0020D5
:101E5000953E00202DE9F047034605466D4F8EB0B4
:101E60003E7803AA06F00F0600F1280C1446186805
:101E70005968083303C463452246F7D118682060C7
:101E80004224F44014F0010440F0C180DFF898814E
:101E900098F80060002E40F0BA8095F82830013B99
:101EA000032B00F2B4800BF09BFFC20749D5012140
:101EB0003046F7F7E7FE044600286FD101F004F939
:101EC0004FF6FF710120544AF0F7C4FDEB8CDB079D
:101ED00033D52C1D32460821204608F074FF60BB24
:101EE0006868A96804AB03C32B88ADF80C300023E5
:101EF0008DF81930AB788DF80E300BF035FE0128D7
:101F0000044608D10BF06CFF10F0010070D041F2D4
:101F10008830FFF7B1FE304603A900F073FF044696
:101F200000286AD101233B70042341F288313B48E9
:101F300088F800300DF0BEFF30E00023CDE9043317
:101F4000D3E708F0D4FF824609F046FC0DF10409FE
:101F50000646484609F098FB08224846291D0BF022
:101F6000B1FFA8BB6A7BB31A002BB8BF5B42C82B7A
:101F7000134617DDB24228BF3346DBB29E421DD066
:101F8000FFF7B8FD022811D908F094FF012201469D
:101F90002846FFF79FFC0022214B1A7020460EB006
:101FA000BDE8F087B24238BF3346E6E7104609F095
:101FB0002DFCA878F0F788FA0524EFE7B242FBD0B1
:101FC00008F038FF31460246284600F0EDFFF3E7FF
:101FD00004AB99E8030083E8030095F828308DF8F6
:101FE0001960022B14BF02260126ADF80CA081E770
:101FF0000BF0B2FD0B4B1C708DE70A4D2B78002BBC
:10200000CCD001200BF0A8FD00232B70C6E70224E2
:10201000C4E700BFEB3D00200B670408084900201F
:10202000214A0020953E0020AD3E0020F7B50F4F1D
:1020300004463B780D46012B164614D10020EBF7E1
:10204000C3FE2B46CDE9000622460020084908F0D1
:1020500039FE084B188030B102233B7003B0BDE855
:10206000F04009F080B903B0F0BD00BFAD3E0020E4
:1020700005670408AC3B00202DE9FF411E4E0024FB
:102080003378012B0CD11D4B347093F9000008F00C
:10209000A8FE204604F046FD012004B0BDE8F08112
:1020A000022B26D1164D012004F03CFD0821288882
:1020B000CDE9024408F08CFD0D2107462888EDF794
:1020C00073F9082380460094224629880DEB03000B
:1020D0000EF029FB094B2C8093F9000008F081FEDB
:1020E00001223846C8F3C01302A900F03DFA34704B
:1020F000D2E72046D1E700BFAD3E0020983E002049
:10210000AC3B0020F0B51E465F4B0C461B780546E5
:10211000D90717468DB006D422462946012000F083
:102120000FFF0DB0F0BD5A0703D40BF059FEC307E3
:10213000F2D500210DF10F00EDF72AFB18B99DF83B
:102140000F30012BE8D0FFF7D5FC022D5BD0022821
:10215000E7D8208B0BF0CEFDFF28DDD032460020E3
:1021600008AB04F1100100F047FF0028D4D13B4632
:1021700004AA07F1080C164618685968083303C604
:1021800063453246F7D1186830609B88B380BDF84C
:102190001630BDF818209A4238BF0023BDF814202D
:1021A0003CBFADF81630ADF81830BDF812309A4289
:1021B00038BF0023BDF81C203CBFADF81230ADF88D
:1021C0001430BDF81A30BDF814109A423EBF0023F7
:1021D000ADF81C30ADF81A30BDF81C30BDF8162033
:1021E0000093BDF81200BDF81A300BF0CCFD0028AA
:1021F00092D1A67875B94EB9244B1E680421601897
:1022000004F00EFC09E00228A3D88AE7012303FAB0
:1022100006F6F3E7012303FA06F623461C4A04F107
:10222000280E9446186859680833ACE803007345D3
:102230006246F6D11868174BCCF800003A881D703A
:10224000154B164F1A800DF1300C08AB1A4603CA15
:10225000624538607960134607F10807F6D12DB959
:10226000032130460E4AEEF7CDF95AE70023204607
:10227000A21C211D0BF01CFC00287FF44DAFA1789F
:102280002088FFF791FB4CE7213D0020C43200205D
:1022900094320020A93E0020AE3B0020993E002051
:1022A000A9190308F0B51A4F1C463B780546042BC4
:1022B000164685B029D11748EDF7B8F800233B70D2
:1022C00025B105B0BDE8F040FFF71EBC08F0F2FDF7
:1022D000054696B11023072269460120EDF720F943
:1022E00002AB03CB9DF803306060A370BDF80030F3
:1022F000A160238009F070FA60730122294620460C
:1023000005B0BDE8F040FFF7E5BA05B0F0BD00BF8D
:10231000AD3E00200849002008B50BF061FD20F417
:10232000987080B240F001000BF066FD0022014B76
:102330001A7008BDAD3E002010B50446FFF7DAFB69
:10234000022811D8094B1B7873B18C420CD193072A
:102350000AD52046EEF708FD30B1017921B9BDE874
:10236000104003480DF0A6BD10BD00BFE43D0020A5
:1023700094260020014B024A1A6070471832002050
:1023800058670408014B1878704700BF213D0020B2
:10239000014B187000207047213D0020014B186848
:1023A000704700BFC4320020014B1868704700BF5F
:1023B000C0320020014B1860704700BFC4320020BB
:1023C000014B1860704700BFC03200200148ECF795
:1023D00003BD00BFAC3B002008B50EF057F800F578
:1023E000FA50012838BF0120014B186008BD00BF1A
:1023F000E032002030B500290CBF03240B2489B043
:10240000DAB111490A78551C0D70112142F0800291
:102410000C9DCDE90412CDE906354CF25E024FF475
:102420008053CDE902320B23002200930E21074B8B
:10243000019408F038FC09B030BD054A1921127822
:1024400042F08002E4E700BFB93E002013670408B1
:10245000B83E002073B500252C46094E3378E8B20B
:10246000834202D8204602B070BDEAF7F9F8694607
:1024700007F0F8FD08B10134E4B20135EEE700BF22
:10248000213E002008B520B908F0D4FC012303FA4E
:1024900000F003050FD40C231B2B08D020FA03F106
:1024A000C90703F1010208D5DBB2054A1370052202
:1024B000044B1A7008BD0B23F7E71346ECE700BF87
:1024C000B73E0020B63E002073B50A4E044633687E
:1024D000094D834208D00023022101A8019304F092
:1024E0009FFA019B34602B60FFF776FF286802B0EB
:1024F00070BD00BFE8320020EC320020002313B58D
:10250000022101A8054C019304F08AFA019B236083
:10251000FFF762FF206802B010BD00BFE432002068
:10252000012210B50E4B86B01B681146009302A81D
:102530000023FFF75FFF0BF073FB04460BF050FC2A
:10254000084BCDE900400E22102102A808F0ABFB99
:102550000022102102A808F0DCF906B010BD00BF6F
:10256000E4320020CE6604082DE9F04FA5B01E46E7
:1025700093460D91804608F09DFC0DF1480A5146A6
:1025800007460020EDF704F981460BF029FC40EAEC
:10259000C615FFF75FFFB9F1170F0446ADB217D1AB
:1025A00008F048FC4FF6FD798DF85300012114A87E
:1025B00004F036FABDF85030013B9BB24B45F5D8DC
:1025C0000421504604F02CFABDF8500008F09BFCA2
:1025D000BBF1000F01D045F03005EB0748BF0023E9
:1025E0004FF0000248BF8DF8583011464FF00103FC
:1025F000CDF8008018A848BF4FF6FF77FFF7FAFE26
:102600000BF097FB83460BF00BFB0F900BF065FB79
:102610000E904046FFF758FFDFF89C800E9A98F81E
:1026200000100F9BCDE90A41BDF85010CDE90252D0
:1026300008919DF85310CDE900B307919DF858100B
:102640000490CDE905A10E222721194B099718A85E
:1026500008F029FB012C28D10020EAF701F810A985
:10266000054607F0FFFC18B9204625B0BDE8F08FFD
:10267000C6B1BDF8403098F800202E2104929DF894
:10268000442000950392BDF8422018A8CDE90132FC
:102690002722084B08F007FB2E210D9A18A80BF0F3
:1026A000CFFAE2E74CF25E03E5E72721F5E700BF4A
:1026B0001C67040823670408203D00202DE9F04F23
:1026C0002E4BA3B006461446B3F800800F46FFF722
:1026D000C1FE002205461146032300960DA8FFF710
:1026E00089FECDE900540E225121254B0DA808F09A
:1026F000DAFA11250026DFF89090DFF890A0DFF8D5
:1027000090B008F0800899F80030A34201D9042E57
:1027100009D13A4629460DA88DF844600BF090FA8D
:1027200023B0BDE8F08F2046E9F79AFF0BA9099086
:1027300007F098FC0134E0B1099BB8F1000F1AD002
:10274000BDF82C2006949AF800100DA805919DF86C
:102750003010CDE900B30491BDF82E10094BCDE93E
:1027600002212A46512108F09EFA01361035F6B2B0
:10277000EDB2E4B2C7E74CF25E02E3E7B03B002003
:10278000CE66040829670408213E0020203D002071
:10279000373E002000232DE9F04FDFF8789399B001
:1027A00099F80070064617F00107CDE90233B0F83A
:1027B00002B000F09B810378032B00F29781CE4B8F
:1027C0001B78002B40F0868133780DF10808012B2F
:1027D0008CBF172411240023A4F10802009359464A
:1027E0000823404692B20DF09EFF002840F07E8103
:1027F000E51D43462A465946092003F0FBFE002802
:1028000000F0748158460DF085FA04F10D038342FF
:1028100080F26C812146708808F0BCF98246A11CC8
:102820007088ECF7C1FDBAF10B0F40F08D8120F0FC
:102830000C03032B40F08881337800F00C00012B4F
:1028400000F25681082840F051817088E11C08F0A0
:10285000A1F9B0F5805F40F077817088611D08F0C4
:1028600099F94CF25E03984240F06E8129467088D7
:10287000ECF79AFD04F1090182467088ECF794FDAB
:102880001628054600F26081BAF1000F40F046813B
:10289000C10740F14881708804F10A0108F098F9F5
:1028A0008146002800F02281002D00F04F81934BDB
:1028B0001B68834204D0924B1B68834240F0168110
:1028C000DFF854A2DAF80030002B00F00F810DF091
:1028D000DDFDDAF80030C01AB0F1004F40F2068199
:1028E000FFF77AFDEB1EDBB20C2B40F24281162D76
:1028F00000F23F810F2D40F22981A5F10C0A5FFA09
:102900008AFA70880DF006FA7E4B13F80A302344D9
:10291000984200F03281012D40F0E88070880DF07F
:10292000F9F904F12E03984240F0E080584604F192
:102930000801ECF739FD744B04F10E0A18702C22D3
:1029400000210DA875880BF0E7FA98E8030000262F
:1029500014AB83E8030002230DF1100BCDE90666EA
:102960008BE80300514628468DF84030CDF844905E
:10297000ECF71AFD04F10F018DF85F002846ECF723
:1029800013FD04F110018DF85C002846ECF70CFDF6
:1029900004F11101ADF85A00284608F0FBF804F1E3
:1029A0001301ADF84C00284608F012F904F11702A3
:1029B00008232946129000960EA80DF0B4FE04F1EB
:1029C0001F012846ECF7F0FC04F120018DF84100CE
:1029D0002846ECF7E9FC04F121018DF83600284681
:1029E00008F0D8F804F12301ADF83400284608F0C7
:1029F000D1F804F12501ADF858002846ECF7D4FCD5
:102A000004F126018DF85D002846ECF7CDFC324636
:102A10008DF85E0008210EA808F0D5F9002800F016
:102A200004813046EBF7D0F98DF836009DF85C2034
:102A300002F00303012B00F00981022B00F000815A
:102A4000002B53D1BDF84C008DF85C700BF052F99F
:102A5000FF284BD09DF85D30012B29D128460DF081
:102A600059F904F12706801B06283FDD3146284628
:102A7000ECF79AFC04F128018DF81800284608F0BC
:102A800089F804F12A01ADF81A00284608F082F806
:102A900004F12C01ADF81C002846ECF785FC04F18C
:102AA0002D018DF81E002846ECF77EFC8DF81F00E6
:102AB0009DF85D4008A8651E18BF0125F9F7C6FFFF
:102AC000012C0CBF5A460022294608AB0DA804F081
:102AD00027F80BE00D4B93F900400D4B93F9005094
:102AE0000BF027F928448442BFF66EAE012041E086
:102AF00000283FF4AAAEF9E7C4490020E8320020DC
:102B0000E43200204D670408B83E00205E3E0020FD
:102B1000C5490020213D0020E0320020BAF1110F0C
:102B200009D1C2070DD4072D3FF4B5AE99F8003096
:102B30009807DBD5AFE6BAF1190F02D1C3073FF50D
:102B4000AAAE072D3FF4A7AEFF25A4E6AA46D8E615
:102B5000A5F11003DBB2062B0BD80123AB4013F415
:102B6000281240F0118113F4A81F7BD1162D00F01C
:102B70002C81002019B0BDE8F08F05F0FD03112B6A
:102B800001D0152D0FD1974A1378FF2BAED001330A
:102B9000AB42ABD1FF2340461370934908220BF0A0
:102BA00091F90028A2D1584604F10801ECF7FCFB8A
:102BB0008E4B022D04F10E0A187049D0C8D8002D92
:102BC0007FF4BDAE04F10F017088ECF7EDFB884B8C
:102BD000884C1B6820804B4588D0C10686D5864B23
:102BE00093F90060854B93F900700BF0A2F838441C
:102BF00086423FF77BAFFEF775FF68B10BF0F0F848
:102C0000C2077FF573AF2288D3073FF56FAF494600
:102C10004046FFF70BFA69E723882A4641464846B3
:102C2000C3F3C013FFF7A0FC60E79DF83630002B1C
:102C30003FF45CAFBDF83430002B7FF4F7AE55E7BE
:102C400012F0040F0CBF04270327FBE60227F9E666
:102C500051467088ECF7A8FB414602464846FFF70C
:102C60002DFD43E7102D00F08680122D18BF02279E
:102C7000758800262C2200210DA80BF04DF9524634
:102C80000823294600960EA80DF04DFD04F116010B
:102C90002846ECF789FB009682461023294604F16A
:102CA000170208A80DF03FFD04F127063FB1314699
:102CB0002846ECF779FB04F128068DF841003146EF
:102CC0002846ECF771FB711C8DF83600284607F09A
:102CD00061FFF11CADF83400284607F05BFF711D61
:102CE000ADF81000284607F055FFF11DADF81600AD
:102CF000284607F04FFF06F10901ADF818002846F5
:102D000007F048FF06F10B01ADF81200284607F066
:102D100041FF06F10D01ADF81400284607F03AFF17
:102D200006F10F01ADF81A00284607F033FF14AC86
:102D3000ADF81C000FBB294608232046009706F17A
:102D400011020DF0F0FC284606F1190107F022FFF0
:102D5000012303FA0AF3ADF84C30294BADF85800C3
:102D60001B683846129304AA08AB0DA9CDF844900D
:102D7000FFF7C8F9BAE617467AE798E8030084E84F
:102D800003004FF6FF70E3E77688112D5146304679
:102D900010D1ECF709FB0DAA054604F10F013046EE
:102DA0000AF078FF00273A46414628460DABFFF768
:102DB00079FA9BE6132D03D1ECF7F6FA0546F2E714
:102DC000ECF7F2FA02270546EDE7514670880DAAA6
:102DD0000AF060FF08F06EF801460DA80AF0C7FE81
:102DE00084E600BF224A0020AE3E0020B83E00200C
:102DF000E8320020B03B0020C54900205E3E0020A4
:102E0000EC3200202DE9F0410546C88CA8B00C46F4
:102E10000AAA91F82A10C0F3400000F069F928B915
:102E2000012212A917A809F065FC20B10125284646
:102E300028B0BDE8F081208B0AF05CFFFF28064631
:102E4000F4D00DF138084346012017AA04F110010F
:102E500000F0D2F80028E9D1002D5FD0012D0CBF81
:102E600012271427236901220021009317A83B464B
:102E7000FFF7C0FA231D00930E224221CDE901681D
:102E8000294B17A807F00FFF002D49D02822637B9C
:102E90008DF88330BDF8343042210893BDF83230CC
:102EA00017A80793BDF82C300693BDF82A30059378
:102EB000BDF830300493BDF82E300393BDF82830B0
:102EC000029323880193A3780093184B07F0EBFE3D
:102ED00045BB07F0EFFF164B4221019000933822CB
:102EE000144B17A807F0DFFE422104F11C063246FE
:102EF00017A80AF0A5FE054668B912A8F9F7A6FDBD
:102F000012A90AA803F00AFE0B4B0C4A1F70E369D2
:102F10001360236A5360FFF75FFA88E71027A1E781
:102F20002722B7E73921E0E731670408356704084D
:102F3000373E00203F670408224A0020AE3E0020B2
:102F400070B50D460646116AD0698EB005AB1446C1
:102F500003C31DB3012D0CBF13231523226907A83A
:102F6000009200221146FFF745FA8DF82A60BDB99C
:102F700023880434039314F8023C1B210293637AE0
:102F80000F2201930094074B07A807F08CFE1B212A
:102F900005AA07A80AF054FE0EB070BD1123DDE7A4
:102FA0000F21F5E74267040870B504460D46164642
:102FB00090B0216AC06907AB03C3236909A80093D5
:102FC000012216230021FFF715FAA38C0E22049389
:102FD00034F8043B1C21CDE90263CDE90045054BE3
:102FE00009A807F060FE1C2107AA09A80AF028FE1C
:102FF00010B070BD476704082DE9F04306468FB056
:1030000008890D46174698460AF074FEFF2856D0E8
:103010000F2809AC01D0042835D12A686B6812BA90
:103020001BBA2046CDE90522CDE90733DEF78EFB3A
:10303000052305AD20468DF82430DEF7AFFE2A4685
:1030400029460120DEF740FF95E80F000DF1040C42
:103050008CE80F002046DEF779FB092320468DF827
:103060002430DEF77FFB01A9204603F02EFF204627
:10307000DEF794FE424639463046DEF725FF002053
:103080000FB0BDE8F0830028E4D1A6462B686A683B
:103090000C4D93FA83FC12BA05F1100973462868A7
:1030A0006968083503C34D459E46F7D1CDF828C061
:1030B0000C9201AD94E80F0085E80F00CAE72120CB
:1030C000DEE700BF6267040807B5084B4FF6F771EB
:1030D0001A784FF6FF630093531C003A18BF012281
:1030E00002200AF050FE03B05DF804FB203D0020F2
:1030F00070B586B00DF116030093064605AB0D467C
:10310000144604A90DF112020DF10E000AF01DFE85
:10311000BDF80E30FBB908F0ADFC208015B1BDF84C
:10312000142022BB00232381E380BDF80E0006B1EA
:1031300058BB00236380A3806381A381BDF8163050
:10314000BDF812200093BDF81010BDF814300AF03D
:103150001AFE002004E0BDF810209A4202D101209E
:1031600006B070BD23800133ADF80E30D6E7BDF850
:1031700016309B1A0133AB42F1DB1544ADB26B1E26
:10318000E2802381ADF81450CFE71D4A5188E1B1A8
:103190009388D3B16180A380518911B3938903B31C
:1031A0006181A381BDF810308342D8DDA288638895
:1031B0009A42D4DDBDF81620BDF814309A42CEDD17
:1031C000A28963899A42B9DCC9E7BDF810100B18CF
:1031D000013BC3F34F036380013BA180ADF8103086
:1031E000DAE7BDF81620BDF81430A2811344013B84
:1031F000C3F34F036381013BADF81630D2E700BF44
:10320000B23B002081F0004102E000BF83F00043A8
:1032100030B54FEA41044FEA430594EA050F08BF71
:1032200090EA020F1FBF54EA000C55EA020C7FEA35
:10323000645C7FEA655C00F0E2804FEA5454D4EBB2
:103240005555B8BF6D420CDD2C4480EA020281EA7C
:10325000030382EA000083EA010180EA020281EAB4
:103260000303362D88BF30BD11F0004F4FEA013106
:103270004FF4801C4CEA113102D0404261EB410115
:1032800013F0004F4FEA03334CEA133302D052429B
:1032900063EB430394EA050F00F0A780A4F1010457
:1032A000D5F1200E0DDB02FA0EFC22FA05F2801891
:1032B00041F1000103FA0EF2801843FA05F3594177
:1032C0000EE0A5F120050EF1200E012A03FA0EFCF6
:1032D00028BF4CF0020C43FA05F3C01851EBE37120
:1032E00001F0004507D54FF0000EDCF1000C7EEB3D
:1032F00000006EEB0101B1F5801F1BD3B1F5001F7B
:103300000CD349085FEA30004FEA3C0C04F1010499
:103310004FEA445212F5800F80F09A80BCF1004FC2
:1033200008BF5FEA500C50F1000041EB045141EA44
:10333000050130BD5FEA4C0C404141EB0101013C0D
:1033400028BFB1F5801FE9D291F0000F04BF0146FC
:103350000020B1FA81F308BF2033A3F10B03B3F1CE
:1033600020020CDA0C3208DD02F1140CC2F10C025E
:1033700001FA0CF021FA02F10CE002F11402D8BFBC
:10338000C2F1200C01FA02F120FA0CFCDCBF41EA88
:103390000C019040E41AA2BF01EB0451294330BD57
:1033A0006FEA04041F3C1CDA0C340EDC04F1140434
:1033B000C4F1200220FA04F001FA02F340EA03000B
:1033C00021FA04F345EA030130BDC4F10C04C4F151
:1033D000200220FA02F001FA04F340EA0300294631
:1033E00030BD21FA04F0294630BD94F0000F83F47B
:1033F000801306BF81F480110134013D4EE77FEA5E
:10340000645C18BF7FEA655C29D094EA050F08BFA9
:1034100090EA020F05D054EA000C04BF194610468A
:1034200030BD91EA030F1EBF0021002030BD5FEACE
:10343000545C05D14000494128BF41F0004130BDF6
:1034400014F580043CBF01F5801130BD01F000454A
:1034500045F0FE4141F470014FF0000030BD7FEABD
:10346000645C1ABF194610467FEA655C1CBF0B46B8
:10347000024650EA013406BF52EA033591EA030FCF
:1034800041F4002130BD00BF90F0000F04BF0021C7
:10349000704730B54FF4806404F132044FF00005FA
:1034A0004FF0000150E700BF90F0000F04BF002173
:1034B000704730B54FF4806404F1320410F00045D9
:1034C00048BF40424FF000013EE700BF42004FEAD4
:1034D000E2014FEA31014FEA02701FBF12F07F4351
:1034E00093F07F4F81F06051704732F07F4208BF08
:1034F000704793F07F4F04BF41F40021704730B50F
:103500004FF4607401F0004521F000411CE700BF5A
:1035100050EA010208BF704730B54FF000050AE0DD
:1035200050EA010208BF704730B511F0004502D5DE
:10353000404261EB41014FF4806404F132045FEAE0
:10354000915C3FF4D8AE4FF003025FEADC0C18BF89
:1035500003325FEADC0C18BF033202EBDC02C2F17B
:10356000200300FA03FC20FA02F001FA03FE40EA0D
:103570000E0021FA02F11444BDE600BF70B54FF011
:10358000FF0C4CF4E06C1CEA11541DBF1CEA1355EF
:1035900094EA0C0F95EA0C0F00F0DEF82C4481EA57
:1035A000030621EA4C5123EA4C5350EA013518BF77
:1035B00052EA033541F4801143F4801338D0A0FB64
:1035C00002CE4FF00005E1FB02E506F00042E0FB11
:1035D00003E54FF00006E1FB03569CF0000F18BF17
:1035E0004EF0010EA4F1FF04B6F5007F64F54074BF
:1035F00004D25FEA4E0E6D4146EB060642EAC62152
:1036000041EA55514FEAC52040EA5E504FEACE2EBE
:10361000B4F1FD0C88BFBCF5E06F1ED8BEF1004FC1
:1036200008BF5FEA500E50F1000041EB045170BD3D
:1036300006F0004646EA010140EA020081EA030181
:10364000B4EB5C04C2BFD4EB0C0541EA045170BD7D
:1036500041F480114FF0000E013C00F3AB8014F1F7
:10366000360FDEBF002001F0004170BDC4F1000440
:10367000203C35DA0C341BDC04F11404C4F12005C1
:1036800000FA05F320FA04F001FA05F240EA02001C
:1036900001F0004221F0004110EBD37021FA04F652
:1036A00042EB06015EEA430E08BF20EAD37070BD0C
:1036B000C4F10C04C4F1200500FA04F320FA05F06B
:1036C00001FA04F240EA020001F0004110EBD3706D
:1036D00041F100015EEA430E08BF20EAD37070BDDD
:1036E000C4F1200500FA05F24EEA020E20FA04F3B6
:1036F00001FA05F243EA020321FA04F001F0004165
:1037000021FA04F220EA020000EBD3705EEA430ED5
:1037100008BF20EAD37070BD94F0000F0FD101F004
:103720000046400041EB010111F4801F08BF013C3D
:10373000F7D041EA060195F0000F18BF704703F07B
:103740000046520043EB030313F4801F08BF013D02
:10375000F7D043EA0603704794EA0C0F0CEA1355BE
:1037600018BF95EA0C0F0CD050EA410618BF52EA78
:103770004306D1D181EA030101F000414FF000007E
:1037800070BD50EA410606BF1046194652EA43068C
:1037900019D094EA0C0F02D150EA013613D195EA00
:1037A0000C0F05D152EA03361CBF104619460AD148
:1037B00081EA030101F0004141F0FE4141F4700152
:1037C0004FF0000070BD41F0FE4141F4780170BD42
:1037D00070B54FF0FF0C4CF4E06C1CEA11541DBFA7
:1037E0001CEA135594EA0C0F95EA0C0F00F0A7F8A9
:1037F000A4EB050481EA030E52EA03354FEA0131D6
:1038000000F088804FEA03334FF0805545EA1313E8
:1038100043EA12634FEA022245EA111545EA1065B0
:103820004FEA00260EF000419D4208BF964244F147
:10383000FD0404F5407402D25B084FEA3202B61A66
:1038400065EB03055B084FEA32024FF480104FF43A
:10385000002CB6EB020E75EB030E22BFB61A7546AE
:1038600040EA0C005B084FEA3202B6EB020E75EB41
:10387000030E22BFB61A754640EA5C005B084FEAA9
:103880003202B6EB020E75EB030E22BFB61A754676
:1038900040EA9C005B084FEA3202B6EB020E75EB81
:1038A000030E22BFB61A754640EADC0055EA060E42
:1038B00018D04FEA051545EA16754FEA06164FEA85
:1038C000C30343EA52734FEAC2025FEA1C1CC0D131
:1038D00011F4801F0BD141EA00014FF000004FF0BE
:1038E000004CB6E711F4801F04BF01430020B4F17F
:1038F000FD0C88BFBCF5E06F3FF6AFAEB5EB030C37
:1039000004BFB6EB020C5FEA500C50F1000041EB33
:10391000045170BD0EF0004E4EEA113114EB5C0400
:10392000C2BFD4EB0C0541EA045170BD41F48011D3
:103930004FF0000E013C90E645EA060E8DE60CEADB
:10394000135594EA0C0F08BF95EA0C0F3FF43BAFF8
:1039500094EA0C0F0AD150EA01347FF434AF95EAAF
:103960000C0F7FF425AF104619462CE795EA0C0F93
:1039700006D152EA03353FF4FDAE1046194622E760
:1039800050EA410618BF52EA43067FF4C5AE50EA3A
:1039900041047FF40DAF52EA43057FF4EBAE12E72A
:1039A0004FF0FF3C06E000BF4FF0010C02E000BF0B
:1039B0004FF0010C4DF804CD4FEA410C7FEA6C5CEE
:1039C0004FEA430C18BF7FEA6C5C1BD001B050EA91
:1039D000410C0CBF52EA430C91EA030F02BF90EA7C
:1039E000020F0020704710F1000F91EA030F58BF3B
:1039F000994208BF90422CBFD8176FEAE37040F09D
:103A0000010070474FEA410C7FEA6C5C02D150EA3A
:103A1000013C07D14FEA430C7FEA6C5CD6D152EAF5
:103A2000033CD3D05DF8040B704700BF84461046BA
:103A300062468C461946634600E000BF01B5FFF7B9
:103A4000B7FF002848BF10F1000F01BD4DF808ED89
:103A5000FFF7F4FF0CBF012000205DF808FB00BF5A
:103A60004DF808EDFFF7EAFF34BF012000205DF8B4
:103A700008FB00BF4DF808EDFFF7E0FF94BF012001
:103A800000205DF808FB00BF4DF808EDFFF7CEFF02
:103A900094BF012000205DF808FB00BF4DF808ED41
:103AA000FFF7C4FF34BF012000205DF808FB00BF12
:103AB0004FEA410212F5001215D211D56FF4787356
:103AC000B3EB625212D94FEAC12343F0004343EAF9
:103AD000505311F0004F23FA02F018BF40427047D4
:103AE0004FF00000704750EA013005D111F000405E
:103AF00008BF6FF0004070474FF00000704700BFF4
:103B00004A0011D212F5001211D20DD56FF478735C
:103B1000B3EB62520ED44FEAC12343F0004343EAB1
:103B2000505323FA02F070474FF00000704750EAFC
:103B3000013002D14FF0FF3070474FF00000704766
:103B400053B94AB9002908BF00281CBF4FF0FF3104
:103B50004FF0FF3000F082B9ADF1080C6DE904CEF2
:103B600000F006F8DDF804E0DDE9022304B0704758
:103B70002DE9F04F099D0C46002B4DD18A420F468E
:103B800084469646B2FA82F360D94BB102FA03FE3C
:103B9000C3F120029F4000FA03FC20FA02F217430F
:103BA0004FEA1E461FFA8EF44FEA1C42B7FBF6F1AD
:103BB00006FB117701FB04F042EA0742904208D964
:103BC0001EEB020201F1FF3702D2904200F2318176
:103BD0003946121A1FFA8CFCB2FBF6F006FB1022D3
:103BE00000FB04F44CEA024C644508D91EEB0C0CB3
:103BF00000F1FF3202D2644500F21E81104640EA15
:103C00000140ACEB040C002125B12CFA03F3002297
:103C1000C5E90032BDE8F08F8B4205D90DB1C5E989
:103C2000000100210846F5E7B3FA83F100294DD1E0
:103C3000A342C0F0F380904280F0F0800646234615
:103C40000846002DE6D0C5E90063E3E7002B40F00D
:103C5000A3808A1A4FEA1E471FFA8EF60121B2FB93
:103C6000F7F407FB14204FEA1C4242EA004206FB2D
:103C700004F090420FD91EEB020204F1FF382CBF72
:103C80004FF001094FF00009904203D9B9F1000F3C
:103C900000F0CC804446121A1FFA8CFCB2FBF7F0FD
:103CA00007FB102200FB06F64CEA024C664508D9D9
:103CB0001EEB0C0C00F1FF3202D2664500F2B3801D
:103CC0001046ACEB060C40EA04409DE7C1F120062B
:103CD0008B4004FA01FE22FA06F720FA06FCF440B3
:103CE0008A401F434EEA0C0300FA01FE4FEA1748D0
:103CF0004FEA13491FFA87FCB4FBF8F008FB1044A5
:103D000049EA044400FB0CF9A1450ED93C1900F125
:103D1000FF3A2CBF4FF0010B4FF0000BA14503D928
:103D2000BBF1000F00F08B805046A4EB09041FFA92
:103D300083F9B4FBF8F308FB134403FB0CFC49EADA
:103D40000444A44506D93C1903F1FF3801D2A44527
:103D50007BD8434643EA0040A4EB0C04A0FB029846
:103D60004445CC46434602D306D1CE4504D2013861
:103D7000B9EB020C68EB0703002D6CD0BEEB0C0214
:103D800064EB030422FA01F304FA06F6CC400021A6
:103D90001E43C5E900643DE702FA03FEC3F12001BA
:103DA00004FA03F200FA03FCCC404FEA1E4720FA63
:103DB00001F11FFA8EF6B4FBF7F00A4307FB10443B
:103DC000110C41EA044100FB06F48C420ED91EEBB3
:103DD000010100F1FF382CBF4FF001094FF000093D
:103DE0008C4202D9B9F1000F2CD04046091B92B287
:103DF000B1FBF7F407FB141142EA014204FB06F1A0
:103E0000914207D91EEB020204F1FF3801D2914220
:103E10001ED84446521A44EA004120E7861A64EB51
:103E2000030301200DE7F44402384AE7023C7244E0
:103E300031E702397244CCE6F4440238DFE6023856
:103E40003C4472E702387144D0E7023B3C4481E7CE
:103E5000023C7244DEE72946DCE600BF704700BF43
:103E600008B5064B044613B10021AFF30080044BA4
:103E70001B6803B19847204600F0BCF90000000021
:103E800028340020024B0146186802F0C1B900BF77
:103E90002849002070B50D4D00260D4C641BA41060
:103EA000A64209D10B4D00260B4C0CF0D9FC641B2B
:103EB000A410A64205D170BD55F8043B01369847C1
:103EC000EEE755F8043B01369847F2E7244A002014
:103ED000244A0020244A0020284A002002F014BE70
:103EE000704708B502F0B7F902F0C2F90AF0D8FA43
:103EF000FAE710B501213A20D5F7D4FD01230422B9
:103F000018460521D6F782FCBDE8104001230422A3
:103F100018461146D6F77ABC08B5D3F7FDF9FFF776
:103F2000E8FFBDE80840D3F7ADBA08B5D7F762F8A7
:103F300000F074FF00F074FFE6F74EF8DCF772FE55
:103F4000DCF784FEDCF7C2FE06F034F9BDE8084079
:103F5000DDF7BABB70477047704708B502F0B3FA97
:103F600002F0BAFABDE80840E8F720BC704708B58F
:103F7000D8F706FDD2F746FFD8F7C0FFBDE80840E6
:103F8000D2F7A0BE08B5DAF757FFD8F74BFB01F020
:103F900017FADEF78FFE00F048FFBDE80840FFF794
:103FA000E6BFD2F73DBF704770477047704710B506
:103FB0000446E8F737FD2046E7F744FF2046BDE812
:103FC000104005F09FBD05F0D5BE10B50446E8F7DA
:103FD00031FE2046E7F79CFF2046BDE8104005F083
:103FE000C1BD10B50446E8F751FC2046E8F7DCF8FF
:103FF0002046E7F7D5FD2046E7F798FD2046BDE8C7
:104000001040FDF72FBCFFF7ECBF10B50446E8F7F2
:104010006BFC204609F0DEFB2046E8F7F5F8204669
:10402000E7F7FAFD2046E7F799FD2046BDE8104086
:10403000FDF732BC10B50446E8F79AFC204609F0BB
:10404000D9FB2046E8F72EF92046E7F70BFE20467D
:10405000E7F784FD2046BDE81040FDF71DBCE7F7FB
:1040600021BCE8F7A7B97047E9F762BB7047704712
:1040700009F0D9BB704709F0DABBE9F71DBB06F0C0
:10408000FDB805F0C6BE05F0EDBE06F009B910B4E6
:104090009DF8044001945DF8044B05F0F8BE7047AC
:1040A0007047E8F71FBBE8F747BBE8F739BA05F0F8
:1040B00029BF05F03FBF09F0BBBB05F011BFE9F711
:1040C00015BB06F001B905F068BF05F072BD05F03B
:1040D0007EBD05F07BBF05F09BBF09F03FBC09F03A
:1040E00078BC09F088BC09F0B8BC05F037BF05F012
:1040F000B3BA7047704770472DE9F0419DF81840FA
:104100009DF81C509DF820609DF824709DF82CC0EF
:104110009DF834E09DF83880CDE90867CDE90DE8D9
:10412000CDE90645CDF82CC0BDE8F04105F014BA44
:104130007047FEE700239A4200D1704710B550F84F
:10414000234041F8234001339A42F8D110BD7FB596
:104150004FF000639E6A044606F17843B3F5C04F02
:104160000D460ED2002301A80393D2F7FDFE039B58
:104170005B0506D529462046336C04B0BDE8704087
:10418000184704B070BD1FB54FF000639B6A03F180
:104190007842B2F5C04F04D340F2011005B05DF88B
:1041A00004FB1B6B03F17843B3F5C04FF4D201233A
:1041B0008DF80430002301A8CDE90233D2F7D4FEF4
:1041C000039BDB03E8D5029B1A0EE5D0012A03D13D
:1041D000C3F307430A2BDFD94FF000639B6A1B6BC5
:1041E0001B6C9847DAE700230360704703680B6095
:1041F00001607047FEE74FF060420123D2F8001ED5
:1042000083400B430020C2F8003E704710B588B0D1
:1042100004460E98009207900D98224606909DF84D
:10422000300005900B9804909DF828000390002022
:10423000CDE901300B460121D3F7E2F908B010BDFA
:104240004369406CDA1C1438B2FBF0F203EBC20392
:10425000CA1DB2FBF0F20333B3FBF0F301320233B9
:1042600001EBC20100FB0310704738B505464469F5
:104270002146FFF7E5FF6A6CE31D143AB3FBF2F346
:10428000013304EBC304204438BD73B506460D4624
:104290000024F36B01225B6901A928199847019B4F
:1042A000013309D1736C043462196A405B421A42CB
:1042B000EFD0204602B070BD0024FAE770B5054685
:1042C0000C46D4F7F7FFEB6B2046BDE87040DB6887
:1042D000184770B50025044686B00562E369AB4215
:1042E00002D8206A06B070BD666C2068E36B0522B8
:1042F0005B6901A906FB0500984701A800F02CFCAA
:1043000000F04FFC10B1236A013323620135E5E769
:1043100038B50446456C006804F1400305FB010113
:10432000E06B00F04BFC05462046FFF7D2FF284625
:1043300038BDF0B50546002687B0EC69013CB442B3
:1043400003D80C46204607B0F0BD01B14C1E6F6C7F
:104350002868EB6B05225B6901A907FB04009847FD
:1043600001A800F0F9FB00F01CFC0028EAD121466E
:104370000136E2E7F0B504460D46466CE36B006893
:1043800087B005225B6901A906FB0500984701A8D3
:1043900000F0E2FB00F005FC20B101A800F0B3FB47
:1043A00007B0F0BD29462046FFF7C3FF0646676CFD
:1043B0002068E36B05225B6901A907FB06009847AB
:1043C00001A800F0A0FB431CEAD0B54238BF013081
:1043D000E6E72DE9F0434FF6FF79D0F82480044654
:1043E0000E46C84514BF45460025002787B0E3693F
:1043F000BB4202D807B0BDE8F083E26B2368606C73
:10440000D2F814C000FB0530052201A9E04701A83D
:1044100000F0A2FB022806D0C8450CD1721C294628
:104420002046FFF775FFE3690135B5FBF3F201376D
:1044300003FB1255DBE729462046FFF79BFFB0F14F
:10444000FF3F14BF024632460132E8E70368F0B589
:10445000CC1A436C0646B4FBF3F4002587B0F3692D
:1044600037685A1E9542706C08D3706C336800FB35
:10447000043007B0BDE8F04000F09EBB0134B4FB4F
:10448000F3F203FB1244F36B05225B6901A900FB05
:104490000470984701A800F05FFB00F082FB002841
:1044A000E3D10135DBE710B423F0030422449B077A
:1044B0000A44436C18BF04325B4282EA010423427F
:1044C00003D05DF8044BFFF7C1BF10465DF8044B05
:1044D00070472DE9F041D0E90A369E42044686B085
:1044E00028D11422C369456802FB1355284606B03B
:1044F000BDE8F0812068676C331AB3FBF7F3E26B19
:1045000007FB0300D2F8148001A90522C04701A8C7
:1045100000F022FB012804D0636C1D44013B3340B2
:10452000ED1A31462046FFF791FF0646A36AB342D3
:10453000E0D1DBE70025F9E708B508301346D1E9FB
:104540000012D4F73DFE012008BD13B50C46002132
:1045500021760093616813462246D3F75BFA18B1BF
:10456000E37D03B1A07EA075A07D02B010BD73B540
:10457000164600F108050C46284609680DF10702A9
:1045800000F0A1F9032E06D16368834203D12846C7
:10459000216800F07FF9012002B070BDD01E009BA1
:1045A00042424241187E824211D11A688A420ED894
:1045B0005A688A420BD35A6901325A61D3E903021D
:1045C00082423FBF986840F8221001321A610120F0
:1045D000704710B5032A029C07D1A26A5340626C4F
:1045E0005242134201D100F055F9012010BD08B527
:1045F000C36800209847BDE80840D4F763BE01288F
:1046000014BF0420022070B5002442431C70CC7DEE
:10461000101D02F002024CB91AB1012220F0030071
:104620001A7000F108034868184470BD1AB10122DD
:1046300020F003001A7000230C7E01F12005DAB28D
:10464000944201D80020F0E735F833205E1C824206
:1046500006D901EBC30300F10802D8691044E4E76E
:104660003346801AEBE773B5054690F842601C4666
:1046700030460DF10303FFF7C2FFEB6B012E5B69C0
:104680000DD1324601A998479DF8033013B1BDF80A
:1046900006300193BDF80430236002B070BD0122E2
:1046A000214602B0BDE870401847F0B50546002429
:1046B0004868EB6B87B00E4601225B69029402A941
:1046C00008309847274695F84230012B40F0848007
:1046D000632C02D9029807B0F0BD612C08D805AB55
:1046E000224631462846FFF7BEFF9DF814301BB323
:1046F00005AB2246314628468DF81070FFF7B3FF10
:1047000095F84230012B059B55D14FF6FF7293422D
:1047100000F09680082205A904A800F069FA059B1C
:104720009DF81010C3F30722914240F08980DBB25C
:10473000029A1A44029283E095F84230012B30D15C
:1047400022463146284603ABFFF78DFF3146284607
:1047500004AB621CFFF787FF3146284605ABA21C5D
:10476000FFF781FF102208230DEB02010DF1070076
:104770008DF8073000F03CFA102205A90DF1070072
:1047800000F036FA039BDAB2002A52D19DF80720D6
:10479000B2EB132F4DD1DDE9043203EB0243029358
:1047A00047E0302C2BD944E09DF80720B2EB134FA3
:1047B0003FD1049BF3E7013342D0102205A90DEB52
:1047C000020000F015FA059B9DF81010C3F3074294
:1047D000914235D19BB2ABE7312C3FF67BAF87D00E
:1047E00005AB224631462846FFF73DFFBDF81430A1
:1047F000002B7FF47DAF95F84230012BA0D02246EC
:104800003146284603ABFFF72EFF3146284604AB5E
:10481000621CFFF728FF102320220DEB03010DF18E
:1048200007008DF8073000F0E3F9039B9AB2002AE5
:10483000BAD095F84230012B14BF012302231C4447
:10484000013440E713B500240194049C0094D3F78D
:104850006FFC02B010BD13B501240194049C0094B8
:10486000D3F766FC02B010BD00234FF0FF3230B525
:1048700044689C4202D10023037230BD016801EB01
:10488000C30541F833206A600133F2E7C0E9001242
:10489000FFF7EABF0023F0B545689D4210D00468D9
:1048A000DF0054F8332004EBC306B2F1FF3F08D019
:1048B000C2F31302914204D14FF0FF33E35173600E
:1048C000F0BD0133E9E70023F0B545689D4202D110
:1048D0004FF0FF300EE00468DE0054F83340671CF0
:1048E00009D0C4F31307B94205D1240D147003682D
:1048F00033445868F0BD0133E8E7704770B5940061
:10490000224605460E460BF0BBFF431C0AD058B9A1
:1049100022463146284609F0D5FA002814BF3D202A
:10492000002070BD6E20FCE77120FAE713B5044645
:1049300001A8D6F7E5F89DF8063023804FF4807380
:104940006380D6F7EFF86060002002B010BDD6F7A4
:104950008FB808B5D6F77CF8002008BD10B504461E
:1049600044EA010313F00303084609D1934201D13D
:10497000002010BD54F8231040F823100133F5E750
:104980002146920009F0DAFAF2E710B504460BF07E
:1049900073FF431C10D088B9D6F7C4F8234620F023
:1049A00003002044984201D1002010BD53F8042B8D
:1049B0000132F7D03E20F8E76E20F6E77120F4E7E9
:1049C000704713B50023044601461B220DF1070072
:1049D0008DF8073000F00CF922689DF80730B3EB32
:1049E000D26F0CBF0120002002B010BD13B5002310
:1049F0000446014620220DF107008DF8073000F033
:104A0000F7F80DF107001A22211D00F0F1F8626895
:104A10009DF80730B3EB926F0CBF0120002002B06D
:104A200010BD0068431C584258417047006810F0A0
:104A30007E0F0CBFC0F3C160002070470068C0F358
:104A4000D3107047006800F07F0001288CBF002061
:104A500001207047036813F07E0F14BF0420082064
:104A60007047036813F07E0F03D1406820F07C404C
:104A7000704713F078001CBF03F07F03D81F704706
:104A8000006800F07F007047032809D0022803D196
:104A9000C1F10201C8B2704700290CBF07200020F5
:104AA000704737B5054601F10C0443696946012298
:104AB00020469847BDF80030012201932046AB699B
:104AC00001A9984703B030BD37B501F10C04436923
:104AD000012269460546204698474FF6FF72009B23
:104AE00099B291420DD11B0C1B0443F4254343F0B2
:104AF000A503019301222046AB6901A9984703B0A1
:104B000030BD0020FBE737B5044600251B22011D00
:104B10000DF107008DF8075000F06AF860689DF805
:104B20000720B2EBD06F03D120F0784003B030BD46
:104B30000DF107001B2204F108018DF8075000F069
:104B400057F8A0689DF80730B3EBD06F01D1C04390
:104B5000EAE74FF0FF30E9E74BF29A22036810B51D
:104B6000B2EB134F044613D19BB2012B13D1FFF7C5
:104B7000CAFF01300CD04FF6FF72E068B2EB104F65
:104B80004FEA104309D180B2C01A18BF012010BDEE
:104B90002368013303D00420F9E70220F7E703205C
:104BA000F5E701288CBF0020012070470338012859
:104BB0008CBF002001207047143070472DE9F04170
:104BC00005469846036908460E4617469847044628
:104BD00038B943463A4631462846D4F7E3FB044603
:104BE00018B131462846FFF75CFF2046BDE8F0814A
:104BF0001F2A0B689EBF4FF0FF3191408B4359082D
:104C000001F055315B1A03F033319B0803F0333365
:104C10000B44017803EB13130A444FF0013103F006
:104C20000F334B43A2EB13620270704770B5054619
:104C300014460E460BF086FB2B685C4034405C400B
:104C40002C60BDE870400BF078BB08B509F0C0F9E6
:104C5000BDE808400021D4F7F9BE0029CCBF0121EE
:104C60000021D4F7F3BE02214FF42070D5F776BAB5
:104C70007047704770477047704770B505461446D7
:104C80000E460BF05FFB2B685C4034405C402C60B0
:104C9000BDE870400BF051BB0346142B084604D00E
:104CA0000AD8012B08D0122B06D1022803D00328E2
:104CB00008BF01207047002070473AB122F003027C
:104CC00002F1A04202F5603209B91060704700029B
:104CD000FBE74FF050234FF400321A677047012270
:104CE00000F580535A60CB43934003F00A034361BD
:104CF000416111B900F500504260704783695B065D
:104D0000FCD5C16370474369002B0FDB51B9436A7F
:104D1000DA07FCD4012200F500535A6043689B0770
:104D2000FCD47047012300F580504360704738B5CC
:104D3000436805460C464BB16B6A002BFCD101223F
:104D400005F500535A606B689B07FCD46378E278E2
:104D50005B0143EA4203A278284613432279217873
:104D600043EA8203627943EAC203A27943EA021367
:104D7000E27943EA4223227A43EA8223627B43EACE
:104D80000223E27A43EA0263227B43EA0273A27AB5
:104D900043EA0243AB60FFF7B6FF637A0BB100232F
:104DA0002B6238BD70B5054614460E460BF0CAFAA4
:104DB0002B685C4034405C402C60BDE870400BF0D8
:104DC000BCBA002070470F2070470F2070470020AA
:104DD00070470F207047002070470F207047002059
:104DE00070470F207047002814BF0F200020704725
:104DF000002070470020704700207047002814BF33
:104E00000F200020704701207047012070470128C3
:104E100014BF0F20002070470F207047DFF732B813
:104E200070474FF0FF3003F0EABD00207047B0F547
:104E3000802F22D010D8B0F5003F20D007D818B36B
:104E4000B0F5803F08BF482018BF01207047B0F57B
:104E5000403F08BF2C20F7E7B0F5302F11D007D81E
:104E6000B0F5E02F0FD0B0F5202F08BF1020EBE7F2
:104E7000B0F57F0F08BF0620E6E74B2070472A20D9
:104E80007047112070472120704708B528B12422AF
:104E9000002109F041F8002008BD2120FCE708B1FD
:104EA000FFF7F3BF2120704708B921207047002980
:104EB000FBD0036813F0704209D1C3F30E030B60FB
:104EC0001BB94368002BF0D00B6000207047B2F193
:104ED000004F07D18268D2040ED5C369002BE4D0FD
:104EE0001B68ECE7B2F1204FF4D0B2F1304FF1D0B3
:104EF000B2F1404FEED0D8E703F07F03DFE737B5DC
:104F00000C46054610B9212003B030BD0029FAD067
:104F1000002301A90193FFF7C7FF0028F4D12968F6
:104F200011F0704102D1019B2360EDE7AA68B1F155
:104F3000004FC2F38033C2F34035C2F3003207D1D1
:104F4000062103EB450301FB0233019A5343EBE7D0
:104F5000B1F1204F04D12B4402EB82021344F4E759
:104F6000B1F1304F02D0B1F1404FCCD12B44ECE73E
:104F70002DE9F3470D4690469A460446F0B1E9B153
:104F800006680F6806F07049BE422AD0B9F1004F9A
:104F900011D186EA0703B3F1805F13D3BAF1000F92
:104FA00036D1B8F1000F1FD0A368AA68534013F49C
:104FB000E04F19D002E0B9F1404FEAD0212002B011
:104FC000BDE8F0870023204601A90193FFF76CFF9D
:104FD0000028F3D1019AC2F30E0216431743BE42D2
:104FE000ECD1B9F1000FD9DB0023694620460093CC
:104FF000FFF75AFF0028E2D1019001A92846FFF7E8
:1050000053FF0028DBD1DDE900239A42D7D0D5E752
:10501000AA68B8F1000F03D0A3685340D904CDD4D7
:105020009304E1D4CAE72DE9F7430C46054648B19D
:1050300041B100230B60036803F070430B60C2684A
:10504000032A03D9212003B0BDE8F083012A50D8F8
:1050500012B143F000632360D5E90223900102F00E
:10506000407149D5B1F1407F49D0002BEAD04FF0D3
:105070000072236823F0407313432360EA68022A16
:1050800007D12A69032ADDD823F47F0343EA0243C8
:105090002360EB68032B03D12B69F62BD2D9A370C5
:1050A000AB68190442BF236843F400432360EB68F4
:1050B000032B09D023682A6823F4FF4323F07F03DE
:1050C000C2F30E02134323602A68AB68002A03F47C
:1050D000805603F4806826DA5A0403F400511AD487
:1050E00000296BD1002EADD0236843F48053236098
:1050F000A8E743F08063AEE7B1F1407F04D1002B15
:10510000A0D04FF04072B4E702F08072002BB0D113
:10511000002AAED096E7226842F480402060002941
:105120004CD1002E53D12A6802F0704202F10042A5
:10513000B2F1804F06D2B8F1000F03D0226842F4DA
:1051400080622260D5F8009019F0704742D50023A4
:10515000284601A90193FFF7A7FE00287FF473AF4B
:1051600009F05049B9F1004F06D0B7F1304F03D0E4
:10517000B7F1404F7FF466AF019B2268013B03F01B
:105180007F0322F07F0213432360AEB1EA69002A55
:105190003FF458AFB7F1004F3BD1117F00293AD00F
:1051A000B8F1000F08D043F400732360537F1BB1A4
:1051B000236843F480732360002044E722681EB90B
:1051C00042F400522260AEE742F44052FAE742F461
:1051D000A042F7E713F4C8437FF434AF284601A98F
:1051E0000193FFF761FE00287FF42DAF002F7FF4BD
:1051F00029AF2368019A23F4FF4323F07F03C2F30E
:105200000E0213432360002ED6D0EB69002B3FF42F
:1052100019AF0F2017E7537F002BCDD0B8F1000F47
:10522000C6D1C9E773B50C46054608B921201AE076
:105230000029FBD00123C6684B609E4217D800238B
:1052400001A90193FFF75BFE68B9019B06B11C330E
:105250006A699A4209D32A69002AE7D0226043F09A
:1052600000530020A36002B070BD1D20FBE7023E8A
:10527000012EDBD80023F4E770B50E461546044630
:105280008AB000283ED000293CD0002A3AD0002322
:10529000012229463046FFF76BFE88BBF3688BBBC3
:1052A000EB68013B012B2DD84FF08073A060C4E95F
:1052B0000030E06107A92846FFF7B5FE00BB204695
:1052C00007990BF052F8304601A9FFF7ABFFB8B9C8
:1052D000204601A900F060F8284604A9D6F7BAF9DB
:1052E00070B9204600F058F8284607A9FFF79AFF42
:1052F00030B9204607A900F059F8204608F08CFF85
:105300000AB070BD2120FBE770B50D461646044675
:105310008AB000283ED000293CD0002A3AD0002391
:10532000012231462846FFF723FE88BBF3688BBB7A
:10533000EB68013B012B2DD84FF08173A060C4E9CD
:105340000030E06107A92846FFF76DFE00BB20464C
:1053500007990BF00AF8284601A9D6F77BF9B8B9E6
:10536000204600F019F8284604A9FFF75BFF78B93A
:10537000204604A900F010F8304607A9FFF752FFB5
:1053800030B9204607A900F011F8204608F044FF84
:105390000AB070BD2120FBE7436813B94160704734
:1053A0005B685A68012AFBD159607047836813B95A
:1053B000816070475B685A68012AFBD15960704769
:1053C000FFF733BD531E5A425A4141EA0221416060
:1053D00011F0FF0108BF4161704701207047A0F53F
:1053E0000030B0F5003F2CBF00200120704770B5A1
:1053F00006460D4614468CB0CAB11022002108A8FA
:1054000008F08AFD002207AB029305AB019306ABBF
:1054100000933046294608ABCDE90522D6F772F94C
:1054200018B9099B6360059B23600CB070BD6FF0D9
:105430008600FAE72DE9F0410F46002186B0B84218
:105440000646039132D004AAFFF7D1FF044648BBB9
:10545000DDF810800120414600F0D0FE054638B34B
:1054600003ABCDE900032246214643463046D6F73A
:10547000C5FA044670B9059B2146009338462B4671
:10548000039AD6F74FFA044620B921463046D6F79C
:105490000BFB044600212846039A08F03DFD2846F0
:1054A00000F08EFE204606B0BDE8F0810C46F9E71C
:1054B0006FF08C04F6E708B5FFF7B7FC002814BFBF
:1054C0006FF09200002008BDFFF7F5BFF0B51C4655
:1054D00000238BB023600F461646FFF7A6FC70B979
:1054E00001A8FFF7D2FC054648B93246394601A863
:1054F000D6F746F810B926600BB0F0BD25606FF006
:105500009200F9E7F0B58FB0DDE91947DDE91B56E8
:10551000A54222D94FF0000C2D1BCDE906740A9547
:1055200005943D19189CCDF834C00494179C0DF1D6
:10553000340C0394169CCDE908650294159CCDF8B3
:105540002CC00194149C0094D6F736FB18B933682C
:105550000D9A134433600FB0F0BD6FF08900FAE785
:105560002DE9F04790B08946DDE91C8792461C463C
:105570000646002851D0038803F4E042B2F5005FEC
:1055800039D1C3F30222042A35D184F0AA6383F40B
:10559000807333F47E1337D084F0AA6383F40073EE
:1055A00033F47E1330D0B8F1000F36D000250CABA9
:1055B0007F1B2A46184608EB070108F0BFFC1B9B1F
:1055C000209A03931A9B0A9202931F9A199B09929D
:1055D00001931E9A189BCDE90752CDE905700093FF
:1055E0005246234649463046CDF81080D6F7A4FBF4
:1055F00010B0BDE8F08742F204029342D3D184F0A8
:10560000052383F48013CBE7C4F30545BD4204D8DA
:10561000B8F1000F01D0102DC9D96FF08600E7E76F
:1056200020F00803102B05D0202814BF6FF086004F
:10563000002070470020704710B5002443681460B4
:105640001B0A04D0012B10D06FF0850010BD038819
:1056500023F0FF00B0F5824F04D1413BDBB2012BB8
:1056600088BF013100201160F0E72C31FAE7F8B56E
:10567000134642880C460732072A4FEAD20101D06E
:10568000A14245D1D0E901670588202218460021B2
:1056900008F042FC360A034626B1012E10D06FF006
:1056A0008B00F8BDA4B341F20102954205D0B5F5D7
:1056B000885F02D0B5F5905F19D15C600020F0E7FB
:1056C000C6602CB341F2010295420AD15C60B90771
:1056D00007F001020ED4002AF0D14FF080729A60D8
:1056E000ECE7B5F5885FF1D0B5F5905FEED0B5F594
:1056F000105F02D06FF08500D3E7182C03D0202C68
:1057000001D0102C04D1C3E90044002ED6D0DEE72E
:105710006FF08600C5E7406810B5000A029C04D00F
:10572000012807D06FF08B0010BD934209D96FF0AC
:105730008C00F9E703F12C009042F8D8103103F106
:105740001C020020C4E90412EEE72B2A03460AD902
:10575000012200200A8048801A684A605A689B68C3
:105760008A60CB6070476FF0890070472DE9F04F79
:105770009DB01F46DDE926BA894615460646289B98
:10578000002866D0002F64D0BBF1000F61D0002943
:105790005FD0002A5DD0BAF1000F5AD0002B58D04C
:1057A0000021D2000DF10C08CAF8001040461A6022
:1057B000202208F0B1FB424629463046FFF757FF4A
:1057C000044628BBC6460DF12C0CBEE80F00ACE821
:1057D0000F009EE80F008CE80F00EB1C214623F021
:1057E0000303242213A8CDE90E49109308F094FB7B
:1057F0002B465A4639463046CDF80080FFF78BFFDE
:10580000044628B913A8FFF740FB28B16FF09204B3
:1058100020461DB0BDE8F08F03AA0BA913A8FFF71F
:105820002BFD98B95A46394603A8FFF78EFF044668
:105830000028EDD1524629463046FFF7FDFE0446CA
:1058400013A8FFF72CFB0028E2D0DFE76FF09204EB
:10585000F6E76FF08604DBE710B586B005AC02947E
:10586000099C0194089C0094FFF780FF06B010BDCE
:105870002DE9F04F9BB00C46DDE9249A1546984679
:10588000834600286AD0002968D0002A66D0002B01
:1058900064D0B9F1000F61D0BAF1000F5ED0876813
:1058A00017F001075DD02022002101A808F034FB89
:1058B00021462A46584601ABD6F7A8FC044640BB11
:1058C00009AD01AE0FCE0FC596E80F0085E80F00B9
:1058D000694609A8BBF800500094FFF710FB25F0BB
:1058E000FF03B3F5824F014617D1413DEDB2012DC3
:1058F00013D9042309F1FF3908F8013B0023CDE94E
:105900000C3809F1030323F003030E9339B16FF050
:10591000920420461BB0BDE8F08F0027EEE7009B05
:105920004B4521D8242211A808F0F6FA11A8FFF758
:10593000ACFA0028EBD109AA01A911A8FFF7E4FCF1
:1059400048B9009B3B44CAF8003011A8FFF7A7FAFA
:105950000028DED0DBE76FF09204F6E76FF08604F4
:10596000D7E76FF08404D4E76FF08904D1E76FF0D4
:1059700085007047FFF7C6BDFFF7F2BDD6F776BAD0
:10598000D6F77ABBFFF7BEBDFFF7EABDD6F76EBA12
:10599000D6F772BB00F003B80121D6F713BD002083
:1059A0007047D6F72FBDD6F7E5BED6F721BFD1F7A2
:1059B000A1BCD6F74FBF70B50C46154610B9D6F747
:1059C000BFFF38B143682BB12A462146BDE870407D
:1059D00000681847232070BDF7B50D4616461C46D3
:1059E00048B103B901AC87685FB123463246294606
:1059F0000068B84706E0D6F7A3FF04B901AC002859
:105A0000F1D1232003B0F0BD07B501228DF80710B6
:105A10000DF10701FFF7CFFF03B05DF804FB0B4664
:105A200001461846FFF7F0BF00230122FFF7D4BF5D
:105A30000EB403B503AA52F8041B0192D6F78CFFEB
:105A400002B05DF804EB03B070474FF06042D2F84B
:105A5000803E1B02FBD470472DE9F84F0F461546D8
:105A60001E46002402F104089DF828B002F109093D
:105A70004FEA132A5FFA88F84C4502D30020BDE8AC
:105A8000F88F052C12D8DFE804F01E09030B0D0F68
:105A9000D1210820D1F7A6FC0134EDE74146F8E713
:105AA000F1B2F6E75146F4E75946F2E7AB1DA342DF
:105AB0000BD0EB1DA34208D005F10803A34206D08A
:105AC000BB1F195DE5E75B21E3E75A21E1E75D21B3
:105AD000DFE780F84410704790F8440070472DE9E4
:105AE000F04104460D460AF03AFC94F8513006465F
:105AF000A5B173B994F852700AF024FC054601214F
:105B0000384608F063FC28460AF017FC012384F8A5
:105B100051303046BDE8F0410AF01CBC002BF8D0F3
:105B200094F852800AF00EFC07462946404608F0D9
:105B30004DFC38460AF001FC84F85150E9E790F832
:105B40005100704713B504460DF10701007A08F0C3
:105B5000C9FA9DF8073043B1636BD4E90B020244E4
:105B6000934218BF184602B010BD3022237A534327
:105B700003F1A04303F58023DB6EEEE700207047BE
:105B800070B504460568D6F7DBFE844202D10020DA
:105B9000D6F7CAFE95F94E00D6F7B8FE95F94E0035
:105BA000D6F786FE95F94F00D6F7B0FE95F94F006F
:105BB000D6F77EFE287A08F075FA287AD1F730FEFB
:105BC000D1F70CFE00232846C4E90033C4E90433AE
:105BD000A3602B6CBDE8704018472DE9F04F984644
:105BE0000023044692468DB00891C8F80030D8F8DA
:105BF0000050BAEB050600F09C80089B5D1900F090
:105C00009880207AD1F78CFE2046D6F7F7FE07461B
:105C1000207AD1F7A5FE002F40F08B802046FFF7B9
:105C200091FF616B88429CBFD4E90B03C018401AF6
:105C300094F84530864228BF0646002B40F0858008
:105C40003246284608F07AF9B14622E0616B0B78BB
:105C500003F0FD00112875D1A06C814205D1A3F19C
:105C600011014B424B4184F84C3009F1FF39636B11
:105C7000A16C01328B4203F1010308BFA36463638B
:105C80009642E3D1D4E90B23A16C1344994200D18D
:105C9000A264207AD1F744FE0DF12F01207A08F09A
:105CA00021FA2046FFF74EFF636B8346984257D98F
:105CB000E26AB5B293424BD1099304F11C076368C1
:105CC000102238460021079308F026F93022079B5E
:105CD000013D2362099BC5F30A056362237A2D0106
:105CE000534327F0030703F1A04345F0407547F005
:105CF000020703F58023E5611F67636BD4E90B128C
:105D000033440A44934208BF0B469B45636302D168
:105D10002046D6F7B7FE207AD1F722FEB9F1000F60
:105D200007D0D8F800304B445345C8F80030FFF492
:105D30005EAFD8F80030002B14BF00201B200DB040
:105D4000BDE8F08F05F8013B91E7B146002297E7E7
:105D5000A38BC3F30A12154465F30E13A383CCE798
:105D60009DF82F30207A93B93023584300F1A0409A
:105D700000F58020426E436EC2F30A1223F4FF4303
:105D8000324423F0700343EA02134366B5E700236D
:105D9000CDE90333CDE90163012300935A466368DB
:105DA0002168FEF733FA3022237A534303F1A043EC
:105DB00003F580235A6E22F480125A669DE72DE97E
:105DC000F04704460D46164690F844800AF0C7FA9C
:105DD00094F85030074673B1002384F8503094F89B
:105DE00053A00AF0AFFA81460121504608F0EEFABE
:105DF00048460AF0A2FA38460AF0ACFA2E44B542F8
:105E000004D101212046E36B984748E094F84530DF
:105E100083B30AF0A4FA0746207AD1F781FD204621
:105E2000D6F7ECFD8146207AD1F79AFDB9F1000F43
:105E30001DD12046FFF786FEE16A0138884238BF4F
:105E4000206BD4F848C03CBF00F1FF304018034637
:105E500063450BD013F80129112A01D0132A21D14F
:105E6000A2F111035A425A4184F84C20A0643846EA
:105E70000AF070FA94F84C30002BC0D0B8F1000F43
:105E800006D02B780A2B03D10D212046A36B98470F
:105E90002046A36B15F8011B98470028AFD00020BF
:105EA000BDE8F087994282BF236B03F1FF335B1893
:105EB000CEE70068D6F7E6BD2DE9F04104460AF0CA
:105EC0004EFA94F85030054603F0FF07ABB9394657
:105ED0002046E36B9847012384F8503094F85380B0
:105EE0000AF030FA06463946404608F06FFA304666
:105EF0000AF023FA022384F854302846BDE8F04122
:105F00000AF028BA10B50446826D93695906FCD58B
:105F1000002394F861101A4694F86000D4F776FCD8
:105F2000002394F863101A4694F86200D4F76EFCCC
:105F300094F86830DA0707D5002394F865101A46FC
:105F400094F86400D4F762FC94F868309B0707D596
:105F5000002394F867101A4694F86600D4F756FCAC
:105F6000A06D0021C36C23F00103C364FEF7B7FEEC
:105F7000E06D0021D3F796FD002010BD08B5806DBF
:105F8000FEF7BCFE002008BD836DDA6C19B142F04B
:105F90000102DA64704722F00102DA64012203F59B
:105FA00000539A6470470068836D9A6CD20708D5D5
:105FB000012103F5005291649B699B0601D5FFF70F
:105FC0007BBF704710B508201C4602F041FC00283A
:105FD00020600CBF1B20002010BD002808BF4220FD
:105FE0000A44914200D1704711F8013B434001F847
:105FF000013C00F00103C0F34700002BF1D080F01A
:10600000B800EEE708B50AF041FAFA23B0FBF3F066
:1060100080B208BD0420704740F20160D7F720BC71
:1060200070470120704710B50C46D7F74FF908B1FB
:10603000006808B9012010BD2146FFF7F5FC0028D3
:10604000F9D01B28F6D1F6E710B50C46D7F73EF984
:1060500040B1006830B12146FFF7D6FC003818BFC8
:10606000012010BD0120FCE749BA89B280EA010392
:10607000C3F303125340180380B258405B0103F48A
:10608000FF535840704708B5D8F7A6FF58B1A0F1A4
:106090005903042B06D8042B04D8DFE803F00404CA
:1060A000040304005C2008BD10B4044608461146F1
:1060B00022465DF8044BD9F76FB8D9F7C1B8D9F7C4
:1060C00019B9D9F745B9704700207047F8B50027CE
:1060D00006463D46304609F01DFE854200D3F8BD18
:1060E000304609F017FE441BE4B2202C2946304606
:1060F00028BF2024E9F746F9224601463846FFF733
:106100006CFF2C440746E5B2E4E701460120FFF7A7
:106110009BBF10B5014604460120FFF784FF18B16C
:106120001B2803D018232370002010BD2720FCE774
:106130000020704770B504464518073549420D40A8
:10614000A5F10806304600F066F8A188331BC3F3BA
:10615000CF036288194489B2D21A25F8041C25F8A5
:10616000062CA28882B1A4EBC202D18051881944C6
:106170005180E2887AB1D31A9BB204EBC20425F8AD
:10618000023CA380304670BD15F8082C42F0020294
:1061900005F8082CEDE725F8022CF3E707B50022F7
:1061A0004FF0FF3101AB0192D8F752FA019803B0DA
:1061B0005DF804FB13460A464FF0FF31D8F748BAA2
:1061C000D8F726BB70B50D461E46114693B1002385
:1061D00033608DB180B1454332462846FFF7EAFF70
:1061E000044628B9306818B12A46214607F094FEC3
:1061F000204670BD2224FBE72124F9E707B50022E1
:1062000001AB0192FFF7DEFF019803B05DF804FBDC
:106210000846FFF7C3BF0023038043808380C38009
:106220007047002307B5684600938DF80430D4F713
:1062300097F903B05DF804FB10B50AF083F8044643
:1062400008F066F82046BDE810400AF076B84FF432
:10625000C870D8F7D3BC08B5D0F7F8FCFDF75CFEE2
:10626000FDF790FEFDF761FEBDE80840FDF772BE48
:1062700008B5FDF770FEFDF76FFEFDF76EFEBDE899
:106280000840FDF773BE7047012070472DE9F341C8
:1062900012F001050446884622D110F0030525D1ED
:1062A0002F465208BA4209D1D4F7D2FB0026B74292
:1062B00004EB860008D1D4F7DBFB11E054F827305B
:1062C00001330CD10137EDE7042258F826300DEBED
:1062D000020101930AF0D4FA30B1D4F7C9FB3D258D
:1062E000284602B0BDE8F0810136E0E70125F7E776
:1062F00070471FB52A38062869D8DFE800F0040B7C
:106300002C4D52575E0006F0ABFA03F0FFFF012060
:1063100004B010BDE7F71AFA0446E7F717FA8DF84C
:106320000000E7F713FA8DF8010003F0E5FFADF880
:106330000200E7F70BFA0DF105018DF804000820C3
:10634000E7F70CFAE7F702FA69468DF80D002046E8
:1063500003F0BCFBD9E7E7F7F9F9694606F071FAF3
:1063600003F0D4FF9DF80000E7F70EFA9DF8010056
:10637000E7F70AFABDF8020003F0B4FF9DF8040045
:10638000E7F702FA08200DF10501E7F70DFA9DF88D
:106390000D00E7F7F9F9BAE7E7F7D8F903F098FB4A
:1063A000B3E7E7F7D3F9F3F7C7FBF2E7E7F7CEF97F
:1063B000F4F740FC03F096FFA9E7E7F7C7F90446B6
:1063C00003F09AFF01462046F4F75AFC9FE70020AD
:1063D0009EE770B574288CB027D006D86F2827D0D8
:1063E000732817D000200CB070BDA8283BD0A92876
:1063F000F8D103F081FF044602A90820E7F7AEF9BF
:1064000007A91020E7F7AAF9204607AA02A906F073
:1064100092FD06E0102007A9E7F7A0F907A806F00B
:106420008CFD03F073FF0120DDE7F8F79DFCF8E732
:1064300002A804F03DF8E7F789F90446E7F786F982
:106440000546E7F799F907AE211E03462A4618BF0D
:106450000121009602A803F03EFB03F057FF3046EF
:1064600004F01BF8DFE703F047FF044602A9082009
:10647000E7F774F907A90820E7F770F9204607AA9B
:1064800002A906F01FFDCCE7002070474FF6FF7011
:106490007047FF20704700207047022003F036BF8E
:1064A0000E2070474FF6FF7070470020704708B508
:1064B0000E2003F02BFF012008BD0020704770471D
:1064C000D7F75CBC704708B509F0EEFFBDE808409F
:1064D000E9F7C4BC7047704708B509F0E5FFFFF75E
:1064E000FAFFFDF763FDBDE80840DAF7A9BB704786
:1064F000002070479DF8040070470020704700207E
:1065000070477047704708B5E7F778F8B0FA80F041
:10651000400908BD08B5DAF72BFC00280CBF0420A1
:10652000012008BD082808D84FF48B73C34013F02E
:10653000010F14BF00202120704721207047012047
:106540007047012070470020704708B5022003F013
:10655000DDFEBDE808400020E7F716B9022003F091
:10656000D5BE70472DE9F34104460D4616461F4639
:10657000DDF82080CDF80080FDF773FD3B46324604
:1065800029462046CDF80080FFF7EBFF02B0BDE8BA
:10659000F0811FB5089C02949DF81C400194BDF841
:1065A00018400094E5F762FF04B010BD08B5E5F7A8
:1065B00077FB08BD70472DE9F34116461F46044698
:1065C0000D46BDF82080CDF80080FDF74CFD334628
:1065D0004246294620460097FFF7ECFF02B0BDE88F
:1065E000F081704708B5FDF73FFDFFF7FAFF08BDE2
:1065F000012070472DE9F04105460E4617469846A2
:10660000FFF7F6FF0446434628463A463146FDF773
:106610002DFD2046BDE8F081012070472DE9F041B5
:1066200005460E4617469846FFF7F6FF04464346D2
:1066300028463A463146FDF71AFD2046BDE8F0816E
:10664000FDF716BDF8B505460E46174607F0EDF8FE
:1066500004463A4628463146FDF70CFD2046F8BD73
:10666000FDF709BD704710B50446FDF706FD20464D
:10667000FFF7F8FF10BD704738B504460D46FDF72B
:10668000FEFC29462046FFF7F6FF38BD704770B57F
:1066900004460D461646FDF7F4FC324629462046D0
:1066A000FFF7F4FF70BD704738B504460D46FDF79F
:1066B000EAFC29462046FFF7F6FF38BD704738B59B
:1066C00004460D46FDF7E1FC29462046FFF7F6FF9C
:1066D00038BD70472DE9F34104460D4616461F4666
:1066E0009DF82080CDF80080FDF7D1FC3B46324676
:1066F00029462046CDF80080FFF7EBFF02B0BDE849
:10670000F081704738B50546E5F776F9044601464D
:10671000284600F099F9204638BD38B504460D46A4
:10672000FDF7BDFC29462046FFF7EBFF38BD70475B
:1067300038B50546E5F7CEF904460146284600F08F
:1067400081F9204638BD38B504460D46FDF7A8FC52
:1067500029462046FFF7EBFF38BD704710B50446C9
:10676000FDF79FFC2046FFF7F8FF10BD704738B5D6
:1067700004460D46FDF797FC29462046FFF7F6FF35
:1067800038BD704770B504460D461646FDF78DFCC2
:10679000324629462046FFF7F4FF70BD704738B5F2
:1067A00004460D46FDF783FC29462046FFF7F6FF19
:1067B00038BD704738B504460D46FDF77AFC2946CA
:1067C0002046FFF7F6FF38BD704770B504460D460A
:1067D0001646FDF770FC324629462046FFF7F4FFC7
:1067E00070BD704710B50446FDF767FC2046FFF703
:1067F000F8FF10BD704710B50446FDF760FC204659
:10680000FFF7F8FF10BD704710B50446FDF759FCBF
:106810002046FFF7F8FF10BD704770B504460D46DF
:106820001646FDF750FC324629462046FFF7F4FF96
:1068300070BD704710B50446FDF747FC2046FFF7D2
:10684000F8FF10BD704738B504460D46FDF73FFC14
:1068500029462046FFF7F6FF38BD7047F8B50446D5
:106860000D4616461F46FDF734FC3B463246294688
:106870002046FFF7F2FFF8BD704770B504460D469D
:106880001646FDF728FC324629462046FFF7F4FF5E
:1068900070BD7047F8B506460C4617461D46FDF715
:1068A0001CFC3B46324629462046FFF7F2FFF8BD66
:1068B000704710B50446FDF712FC2046FFF7F8FFBD
:1068C00010BD704738B504460D46FDF70AFC294651
:1068D0002046FFF7F6FF38BD704710B50446FDF7B8
:1068E00002FC2046FFF7F8FF10BD70472DE9F34189
:1068F00004460D4616461F46DDF82080CDF8008080
:10690000FDF7F3FB3B46324629462046CDF8008092
:10691000FFF7EBFF02B0BDE8F081704738B50446E1
:106920000D46FDF7E4FB29462046FFF7F6FF38BD8C
:106930000E2070470E20704738B50446FFF7FAFF67
:1069400005462046FDF7D5FB2046FFF7F1FF284618
:1069500038BD704710B50446FDF7CCFB2046FFF765
:10696000F8FF10BD002070470020704738B504467E
:10697000FFF7FAFF05462046FDF7BDFB2046FFF76F
:10698000F1FF284638BD70472DE9F04F91B0249CA7
:106990009DF888B00A94239C9DF87C90CDE908B4BA
:1069A000209C9DF868509DF86C609DF870709DF873
:1069B0007480CDE905941E9C9DF884A0CDE90384E4
:1069C000CDE901670095CDE90E23CDE90C01CDF8A5
:1069D0001CA0FDF791FBDDE90C01249BCDE90167CB
:1069E0000A93239BCDF81CA0CDE908B3209B00950A
:1069F000CDE905931E9BCDE90383DDE90E23FFF767
:106A0000C2FF11B0BDE8F08F08B5FDF791FBFDF7AF
:106A100065FA08BD0020704702207047D7F77AB8A2
:106A200008B5E7F785FC002840F6124018BF0020A3
:106A300008BD012070477047704770477047704726
:106A400070477047FFF77FBEFFF767BEFFF715BFC0
:106A5000FFF704BF10B49DF8044001945DF8044BA7
:106A6000FFF738BEFFF77ABEFFF781BE2DE9F04190
:106A70009DF818409DF81C509DF820609DF82470EA
:106A80009DF82CC09DF834E09DF83880CDE908676A
:106A9000CDE90DE8CDE90645CDF82CC0BDE8F041C3
:106AA000FFF772BFFFF79EBEFFF76CBEFFF75ABD40
:106AB000FFF780BEFFF773BEFFF787BE30B4BDF8A7
:106AC00008409DF80C50CDE9024530BCFFF761BD90
:106AD000FFF7B6BDFFF7D0BDFFF7D9BDFFF73ABF4F
:106AE000FFF7E2BDFFF7EBBDFFF700BFFFF795BE75
:106AF000FFF7A0BEFFF7A7BEFFF786BFFFF7B3BD46
:106B0000FFF779BE03F0BDBEE7F7C6BB10B4BDF812
:106B1000044001945DF8044BFFF74DBDFFF7D2BE72
:106B2000FFF7B8BEFFF7C5BEFFF7D7BE002070471E
:106B300070470020704770470E2070470120704753
:106B4000704701207047012070470E20704737B50D
:106B5000427B0446D0070D4605D56078F0F7FCFA75
:106B6000C8B103B030BD930731D5C2F3800310071D
:106B70004FEA8313ADF806300DF1060248BF43F427
:106B8000806304F1040048BFADF8063005F080F9D9
:106B900008B92D20E5E708222946201D07F0A2F9B3
:106BA0002B7C00202373AB89590642BF627B42F0E5
:106BB000040262735A0542BF627B42F008026273AC
:106BC0001B0742BF637B43F002036373C9E70120E5
:106BD000C7E77FB5102201AB02A9019200F0BCFC0F
:106BE00050B902A805F0F2FD80F00100C0B200F03B
:106BF000010007B05DF804FB0020F8E730B5427BE8
:106C0000044612F001058BB015D0002128226846F9
:106C100007F082F969466078DBF728FA48B9DDF8B1
:106C20001D306360DDF82130A360637B43F0020315
:106C300063730BB030BD930701D42D20F9E7D20068
:106C4000012102F080020430DBF75AFAFF2860705D
:106C5000F3D0637B284643F001036373E9E7704791
:106C600008B500F08BFC003818BF012008BD07B53F
:106C70000378072B0FD1407800F5403000F5007005
:106C8000102201AB019200F067FC003818BF012010
:106C900003B05DF804FB082B05D1407800F54030C7
:106CA00000F54070ECE72620F2E730B503780446A3
:106CB000072B0D4687B019D1437803F5403000F516
:106CC0000070059000F05AFC1023CDE90153012318
:106CD00000934FF4105140F20133226905A800F0EF
:106CE00010FC003818BF012007B030BD082B05D1BB
:106CF000437803F5403000F54070E2E72620F3E7E3
:106D000073B505460E46FFF779FF0446E0B96B7B85
:106D10009B070ED46878102200F54030314601AB55
:106D200000F5807000F018FC50B10124204602B03C
:106D300070BD02460821281D04F045F80028E9D05E
:106D4000304605F0FAFAF1E72D24EFE738B5427B3B
:106D50000446930707D5D200012102F080020430D7
:106D6000DBF7CEF960706178FF2902D12D25284626
:106D700038BD00220120DBF735FA05460028F5D1A1
:106D8000607800F5403000F5807000F0F7FBEEE72A
:106D9000102310B590B0CDE90113002300934FF4F8
:106DA00010510269044640F2013305A800F0A9FB26
:106DB000014648BB25220DF11B0007F0ADF86368C2
:106DC000627BCDF83530A36812F0040FCDF839306E
:106DD000059B06A807934FF001038DF81A300CBFEE
:106DE0008023C023110748BF43F48063ADF81830F7
:106DF000930742BFBDF8183043F00803ADF81830D0
:106E0000F0F740F910B010BD0120FBE710B58AB0D3
:106E10000C4601A9FFF79BFE40B96B4610222146A4
:106E2000069800F099FB003818BF01200AB010BD89
:106E300010B58AB024220446002101A807F06CF89E
:106E40000023ADF80230637B590744BF4022ADF800
:106E500002201A0742BFBDF8022042F48062ADF85A
:106E60000220DB071CD5607801A9F0F775F910B195
:106E70002D200AB010BD01AB03CB637B606043F0F3
:106E80000203A160637304A9201D05F003F8002824
:106E9000EED0069800F072FB003818BF0120E8E73A
:106EA0000DF1020201A9201D04F0F2FF0028EAD131
:106EB000DEE710F1870F06D030B110F1950F0CBF4F
:106EC0002C200120704721207047D8B1D1B14388D0
:106ED000C3B90378013B082B14D8DFE803F005079A
:106EE000090B0D0D0F0F1100DAF796BCDAF728BD6C
:106EF000FFF74EBFDAF7D8BDDAF79ABDFFF7D5BE78
:106F0000DAF78ABE2120704738B50D4639B330B361
:106F10000378013B082B20D8DFE803F0050D1013A0
:106F2000161619191C00DAF7D1FC0446284605F09C
:106F300004FA204638BDDAF73BFDF6E7FFF766FFB7
:106F4000F3E7FFF7DDFEF0E7DAF75EFDEDE7FFF7C9
:106F50008EFEEAE7DAF77CFEE7E72124E6E7212464
:106F6000E7E770B586B0064601A80C461546DAF785
:106F7000EDFB04238DF804301CB12068616802AB7E
:106F800003C3294601A88DF80560FFF79EFF06B0F0
:106F900070BD70B586B0044601A80D461646DAF7F6
:106FA000D5FB0323206861688DF8043002AB8DF8AF
:106FB000116003C3294601A8FFF787FF06B070BD23
:106FC0000022FFF7E6BF30B585B00D46694604469E
:106FD000FFF79AFF20B92A4621466846DAF78EFE67
:106FE00005B030BD10B5044686B01123062201203D
:106FF00001A9E8F795FAA3789DF814209A4207D0E2
:107000008DF8143006221123002001A9E8F788FA30
:1070100011230222012001A9E8F782FAE3789DF802
:1070200014209A4207D08DF8143002221123002038
:1070300001A9E8F775FA06B010BD30B5437B0446E8
:1070400013F001020D468BB007D0407801A9F0F78C
:1070500083F870B12D200BB030BD9B07FAD5ADF889
:10706000022001A90DF10202043004F011FF0028F2
:10707000F0D000210E22A81C06F04EFFBDF8103003
:107080002B80039BAB60BDF81230AB819DF81430B0
:10709000237301AB03CB6060A1600020DBE770B518
:1070A000437B0446DB070E468AB003D42D252846D1
:1070B0000AB070BD69464078DAF7D8FF0546002867
:1070C000F4D1DDF81D300E226360DDF82130014679
:1070D000A360637BB01C43F00203637306F01CFFE4
:1070E000BDF80030069A43F004033380059BB2607C
:1070F0007360DCE70B4610B50446102200211846E9
:1071000006F00AFF2278032A09D0042A0DD0022AA9
:1071100011D101462046BDE81040DAF74BBF0146C9
:107120002046BDE81040FFF788BF01462046BDE875
:107130001040FFF7B4BF262010BDF8B5074608463B
:107140000C4616461D46DAF701FB04232370637BC9
:10715000314643F00103204667706373FFF7D4FEA6
:1071600008B12D20F8BD29462046FFF7C3FF0028AF
:10717000F8D0F6E7F8B5054608460C461F46164611
:10718000DAF7E4FA0423237025B108222946E0182F
:1071900006F0A8FE637B43F0020363734EB93246E8
:1071A00001212846DAF7ACFFFF28607007D12D20B7
:1071B000F8BD31462046FFF7A7FE0028F7D1637BD4
:1071C00043F0010363730DB90020F1E7002FFBD0FA
:1071D00039462046FFF78EFFF6E7F8B50C4607461E
:1071E000084616461D46DAF7B1FA0323204639460B
:1071F00000F8043B082206F075FE637B314643F03D
:10720000020320466373FFF77FFE08B12D20F8BD0F
:1072100029462046FFF76EFF0028F8D0F6E7F8B5BC
:10722000074608460C4616461D46DAF78FFA032332
:107230002370637B314643F001032046677063731C
:10724000FFF762FE08B12D20F8BD29462046FFF762
:1072500051FF0028F8D0F6E70120704718B18022CE
:107260000121DAF74DBFFF207047002307B51A460A
:1072700019460093F1F7CCFCB0FA80F0400903B056
:107280005DF804FB70B50D4604461922FF2128461F
:1072900006F042FE7E2C96BF1923A4F17F022246FF
:1072A0002846BDE8704091BF194619231A21D2B271
:1072B000FEF7FABE7E2894BF19237F380A468BBF9B
:1072C00019230146C1B2184688BF1A20FEF7F5BE41
:1072D00030B589B00D46FFF7C1FFFF2804460DD039
:1072E00001A9FFF7CFFF2868696801AB03C32046F7
:1072F00001A9FFF7DFFF002009B030BD2D20FBE71B
:10730000704770470020704770470F2070477047E4
:107310009DF8000070470F2070470F207047002035
:1073200070470F207047002070470020704784B0DE
:107330008DE80F00002004B07047002070477047B0
:10734000704700207047704700207047704700204A
:1073500070470120704770470020704700B58FB01C
:1073600061B105AB01AA09A9FFF704FF20B99DF897
:1073700025000FB05DF804FBFF20FAE70220F8E7D4
:1073800010B586B0044601A8DAF7E0F904238DF8B9
:107390000430012301A88DF805408DF81130DAF78B
:1073A000FBFB002818BF212006B010BD002310B53C
:1073B00086B00C461A4601A9FFF7DCFE9DF80500D1
:1073C000FF2807D0002C0DBF042200220421002139
:1073D000DAF770FF06B010BD30B587B0044601A8DB
:1073E0001546DAF7B3F94FF6047320686168ADF813
:1073F000043002AB03C3294601A8FFF766FD05462A
:1074000030B105212046FFF775FB002007B030BDE5
:107410009DF80500FF28F8D002222946DAF74AFF36
:1074200001212046FFF766FB28462946F1F7DEFCDE
:107430000120EBE710B50024E3B210B9C3F1030358
:10744000DBB20134042CCA544FEA1222F4D110BD2D
:1074500010B50B784C788A78C97828B9104622463E
:10746000044608461946034642EA012043EA04233B
:1074700043EA004010BD2DE9F047154682460C4610
:107480009846089E9DF824900A9FFDF7A6FFB5F543
:10749000885F024621D1B9F1000F1ED14A46494604
:1074A0002046FDF78FFFF20448BF46F48066B30420
:1074B000258025F0FF0548BF46F40066B5F5824FEC
:1074C000C4E9026807D04FF6F8739F428ABF4FF6AF
:1074D000FF7367806380BDE8F08749462046FDF76B
:1074E00071FFB9F1010FDED1DAF800306268636133
:1074F000D3B2002BD7D122F0FF0242F0010262602A
:10750000D1E72DE9F04304468BB00D46DDE9138940
:1075100016460021182204A81F4606F0FDFCC4B13F
:10752000B8F1000F15D04FEAC90302939DF8483017
:107530002A462046CDE9007304A93346FFF79BFF96
:1075400023464A46414604A800F049FB0BB0BDE87B
:10755000F0836FF08600F9E710B421B11BB15DF83C
:10756000044B00F0F1BB6FF086005DF8044B7047F0
:1075700009B100F001BA6FF08600704700F0D7B98A
:1075800010B51C46002386B005934AB144B105AB43
:1075900002931023CDE90043DBF7CEFB06B010BD0C
:1075A0006FF08600FAE710B51C46002386B00593FD
:1075B0004AB144B105AB02931023CDE90043DBF798
:1075C0009DFC06B010BD6FF08600FAE72DE9F04F84
:1075D0009B468BB09DF85040179B0746884618463F
:1075E0005946924622469DF858909DF8545006F010
:1075F00079FC03464FEA094101F47C1141F0A8618E
:107600002E1B09AA41F480710BEB040006EB090C58
:1076100023440692BAF1000F16D0CDE9043CCDE91F
:1076200002060D2342463846CDE900B400F0CAFBFD
:1076300010F1950F04D16FF094000BB0BDE8F08FFE
:10764000B8B16FF08600F8E7CDE90436CDE9020C59
:107650000D2342463846CDE900B400F089FC10F114
:10766000950FE8D00028ECD1099BB342E9D1002066
:10767000E3E7099B4D442D1B9D42F7E710B50446F7
:1076800008B1DAF7C1FE2046BDE81040FEF798BD0C
:1076900000F4E040B0F5805F04D0A0F500535842FC
:1076A000584170470120704738B5037904460D46AC
:1076B0004BB9636900202B60237E012B0AD0286020
:1076C0006FF0960005E0D0E9081200F08BFE00286C
:1076D000EFD038BD02232376FBE700232DE9F341E9
:1076E0004668D0F8148004460F46304611461360B1
:1076F00000F049FE054688B9304600F046FE0546D2
:1077000060B9F6B276B9B8F1000F05D1A06820F4DF
:107710007F4020F0030060B16FF08605284602B07C
:10772000BDE8F0810146606900F005FE0028EDD15A
:10773000F2E74FF6F87362889A4219D894F80480F9
:10774000B8F1000F00D101A83946DBF7F9FC054676
:107750000028E3D10FCC3F683E460FC694E80300F3
:1077600086E80300B8F1000FD8D1019B7B61D5E713
:107770006FF08505D2E741F2052398421AD8B0F59B
:10778000905F09D241F2010398420CD0B0F5885FB6
:1077900009D06FF0850070472923A0F5905080B282
:1077A000C340DB07F5D511F0070F0CBF00206FF0C9
:1077B00086007047B0F5105FEBD121F04003802BBD
:1077C00006D0B1F5807F0CBF00206FF086007047B7
:1077D0000020704770B5046A05460E463CB901208A
:1077E000FEF70CFD286228B120466E6270BD6FF076
:1077F0008A00FBE76FF08C00F8E7F8B50F461146FA
:1078000006461546FFF7E6FF044620B92A463946E4
:10781000306A06F093FB2046F8BD2DE9F041089D43
:1078200088461F46048802B32046FFF731FFE0B1C7
:107830002B680BB9D3002B6020462968FFF79BFF0C
:10784000044678B9CE1DB2EBD60F11D1069B9A42F1
:1078500011D84146384606F071FB2B68079A07336A
:10786000DB0813602046BDE8F0816FF08504F9E77E
:107870006FF08604F6E76FF08904F3E72DE9F04F27
:10788000456885B02D0A0446DDE90E6789469246B3
:107890009B46DDF8408006D0012D18D06FF08600A1
:1078A00005B0BDE8F08FCDE901780096FEF75FF8EE
:1078B00010F1860FF4D15B46524649462046CDE989
:1078C0000F780E9605B0BDE8F04FFFF7A6BFCDE9E3
:1078D0000F780E9605B0BDE8F04FFDF747BF10B525
:1078E0000446006A10B1616AFFF7C8FE0020C4E9CF
:1078F000080010BD38B50546FFF7F1FF2B7E0446A2
:10790000012B0ED0023B012B0ED8EB69012B18BFC7
:107910006FF0960428220021284606F0FDFA204642
:1079200038BDEB69002BF2E76FF09604F2E713B570
:107930000446C0B101A9DBF743FC044698B9019B9A
:107940001A7E022A12D103221A761A79FF2A10D03F
:107950001AB1586900F02BFD0446019800F0FCFCB8
:10796000002818BF0446204602B010BD6FF09604F0
:10797000F3E76FF08404F0E773B5054608460C465C
:1079800000F0FFFB002328461A4601A9DBF7FCF8AC
:1079900050B9019E35460FCD0FC495E8030084E829
:1079A0000300304600F0EDFC02B070BD70B5144627
:1079B00002881D461046049EFFF76AFE68B944F22D
:1079C000010322F44050984207D002F44F42B2F52E
:1079D000824F02D0B2F5844F0ED1B4420FD8224666
:1079E000284606F0ABFA0021321B281906F094FA5B
:1079F0000020059B1C6070BD6FF08500FBE76FF0F9
:107A00008900F8E72DE9F04F0E4600278446154619
:107A10008FB008AC88460FCE0FC496E803003B46F3
:107A200084E803003A4660462F6004A9CDE9047754
:107A3000CDE90677DBF7A8F8044658B9049B5869E6
:107A4000FDF7CDFC049C064678B9A3689B070CD4CF
:107A50006FF084040598002840F09D80049800F0A1
:107A600090FC20460FB0BDE8F08FB8F800302BB185
:107A700022889A4202D06FF08604EBE7B8F8022021
:107A800063880AB19A42F6D1ADF82230DDF82CA015
:107A90002388D4F80C9051464A461846ADF8203059
:107AA0000393DAF7DDFC0746DDF830B0D4F8108038
:107AB000039B424659461846DAF7D2FC2FB9BAF171
:107AC000000F02D0B9F1000FD5D128B9BBF1000FDA
:107AD00002D0B8F1000FCED1A2680A9B0C901340DF
:107AE00005A906AA08A8CDE90A37FFF7F6FD04465E
:107AF0000028AFD1002E3FD1059B5A68049B5B68DC
:107B00001B0AB3EB122F02D06FF08504A2E7099B8A
:107B10001B0A39D007A908A800F037FB0446002843
:107B200098D107990598FFF755FE0446002891D192
:107B3000DDE904305A68120AE6D1D3E90812099C3B
:107B4000036A240A012C50F8246F94D1CDE9006017
:107B500008A8FDF781FE044600287FF47BAF294684
:107B60000598FFF7A1FD044600287FF473AF049841
:107B700000F007FC044674E7099B1B0ACAD1049B6A
:107B80005B681B0A7FF464AF049B0598D3E9081275
:107B9000FFF733FEDFE7FFF7ADFE5FE7002370B5C9
:107BA000064615460C46C2E9003351B10121204674
:107BB000FEF724FB286030B1224631466C6006F0A7
:107BC000BDF9002070BD6FF08C00FBE710B50446D6
:107BD0000068FEF7F5FA0023C4E9003310BD2DE973
:107BE000F0411E4600238AB0054617460846CDE9F7
:107BF000043307923360002A75D0B2F1005F75D26A
:107C0000394608AAFFF7CAFF044618B108A8FFF7CB
:107C1000DDFF17E0284605AA04A9DDF82080FFF75C
:107C20005CFD04460028F1D1049B1A6AFAB96B681E
:107C30001B0A15D0012B0BD0079208A8FFF7C6FF2F
:107C40006FF086040498002849D0FFF753FE46E001
:107C5000284607A9079700F098FA04460028D5D1CE
:107C600007990498FFF7B6FD04460028CED1049B7F
:107C700041465A882846069206AA029203F1240237
:107C800001925A6A00921B6A3A46FFF7F7FD0446D2
:107C90000028BBD10498069B428852B943804FF616
:107CA000F872934208D908A8FFF790FF6FF0850497
:107CB000C8E79A42C1D1F2E72B8813B102889A42F1
:107CC000BBD16B8813B142889A42B6D13146FFF7D7
:107CD000EBFC044608A8FFF779FF002CB2D1204640
:107CE0000AB0BDE8F0816FF08604F8E76FF0850414
:107CF000F5E7002370B5C2E90033064614460D4689
:107D0000936039B101212846FEF778FA606018B116
:107D1000A5602660002070BD6FF08C00FBE7416815
:107D200010B5044651B1006858B1A2680AB106F016
:107D300005F96068FEF744FA002363600020A06044
:107D400010BD6FF09600FBE770B51E46002386B0AD
:107D50000C461546CDE90333059382B30122336007
:107D600002A9DAF711FFE8B92046294603AAFFF76E
:107D7000C0FF044650B90298049B4468D0E9081239
:107D8000240A11D0012C15D06FF08604029800F05F
:107D9000F8FA054603A8FFF7C2FF18B9002C14BF74
:107DA0002046284606B070BDCDE90056FFF7FEFD1F
:107DB0000446EBE7CDE90056FDF75AFDF8E76FF012
:107DC0008900EFE72DE9F04F1D46002399B01746D3
:107DD000289A8046136008460C46CDE90F33CDE95A
:107DE0001133CDE91333CDE915331793DAF75CFE80
:107DF000DDF89C900646002840F08D8023464FF425
:107E0000807240460EA9DAF7BFFE0646002840F011
:107E10008280294638460FAAFFF7C0FE0646002892
:107E200067D1DDE922010F9B11AA0B93FFF7B6FE84
:107E3000064600285DD1DDE9240113AADDF844A03F
:107E4000FFF7ACFE0646002853D14946269815AAEE
:107E5000DDF84CB0FFF74DFF0646002849D1294612
:107E60002046DAF70FFE0646002842D10E9FDDF8C5
:107E700058807B68D7E908121B0A012B62D0022BBD
:107E80004DD0002B71D1289B3846CDE90793259B17
:107E9000CDF81880CDE904B3239B0195CDE902A369
:107EA0000B9BCDE90C1200932346FDF76BFDDDE93A
:107EB0000C1210F1860F064612D1289B3846CDE9E8
:107EC0000793259BCDF81880CDE904B3239B01953A
:107ED000CDE902A30B9B0093234600F032F906463E
:107EE0003EB1B9F1000F04D04A460021404606F0E9
:107EF00013F80FA8FFF76AFE11A8FFF767FE13A893
:107F0000FFF764FE15A8FFF70AFF002818BF064612
:107F10000E9800F036FA304619B0BDE8F08F289B75
:107F20003846CDE90793259BCDF81880CDE904B3F9
:107F3000239B0195CDE902A30B9B00932346FDF7FC
:107F400021FDCCE7289B3846CDE90793259BCDF84A
:107F50001880CDE904B3239B0195CDE902A30B9BC7
:107F600000932346FDF706FDB9E76FF08606B8E7F4
:107F70002DE9F04F1D46002399B01746289A8046F8
:107F8000136008460C46CDE90F33CDE91133CDE936
:107F90001333CDE915331793DAF786FDDDF89C909E
:107FA0000646002840F08D8023464FF4007240467C
:107FB0000EA9DAF7E9FD0646002840F0828029463E
:107FC00038460FAAFFF7EAFD0646002867D1DDE92B
:107FD00022010F9B11AA0B93FFF7E0FD0646002834
:107FE0005DD1DDE9240113AADDF844A0FFF7D6FD39
:107FF0000646002853D14946269815AADDF84CB00C
:10800000FFF777FE0646002849D129462046DAF7D1
:1080100039FD0646002842D10E9FDDF858807B6866
:10802000D7E908121B0A012B62D0022B4DD0002B7E
:1080300071D1289B3846CDE90793259BCDF8188050
:10804000CDE904B3239B0195CDE902A30B9BCDE9B8
:108050000C1200932346FDF797FCDDE90C1210F19A
:10806000860F064612D1289B3846CDE90793259BFB
:10807000CDF81880CDE904B3239B0195CDE902A387
:108080000B9B0093234600F06CF806463EB1B9F115
:10809000000F04D04A460021404605F03DFF0FA8DE
:1080A000FFF794FD11A8FFF791FD13A8FFF78EFDD0
:1080B00015A8FFF734FE002818BF06460E9800F0FA
:1080C00060F9304619B0BDE8F08F289B3846CDE9FD
:1080D0000793259BCDF81880CDE904B3239B019528
:1080E000CDE902A30B9B00932346FDF74DFCCCE7A3
:1080F000289B3846CDE90793259BCDF81880CDE91C
:1081000004B3239B0195CDE902A30B9B0093234667
:10811000FDF732FCB9E76FF08606B8E71FB50446F5
:108120000DF10A0303910093104621460DF10B0354
:1081300003AADAF797FF002808BF6FF0850004B0A4
:1081400010BD08B541881A460088FFF7E7FF38B927
:10815000079A099B9A428CBF6FF089006FF08500E7
:1081600008BD08B541881A460088FFF7D7FF38B91F
:10817000079A099B9A428CBF6FF089006FF08500C7
:1081800008BD1822002105F0C7BE426870B5120A6A
:108190000588438806D0012A56D000236FF0860058
:1081A0000B6022E005F4E042B2F5805F02D0B2F548
:1081B000005F05D10733DB0840D16FF0850014E084
:1081C00005F44F42B2F5844F03D10733DB080AD1DF
:1081D000F3E747F20102954208D15B080133DB085F
:1081E00003EBC3033B3300200B6070BD44F201027C
:1081F000954202D1DB081033F5E747F202029542BF
:1082000004D1DB0803EB43035A33ECE744F20202E8
:10821000954204D1DB0803EB43034A33E3E725F03F
:10822000FF05B5F5E24FD0D0B5F5824FC5D1073384
:10823000DB085B000133012BD5D1BEE725F0FF053C
:10824000B5F5824FCFD1F6E705F4E046DC1DB6F573
:10825000805F25F0FF024FEAD40002D0B6F5005F40
:1082600006D100284AD0B2F5824F07D1034640E03C
:1082700005F44F46B6F5844F02D190B3C31C32E0EB
:1082800047F20106B5420DD15B080133DB0803EB71
:10829000C3033B330333800723F0030335D1072C9B
:1082A00023D132E044F20106B54202D1DB0810339B
:1082B000F0E747F20206B54204D1DB0803EB4303C3
:1082C0005A33E7E744F20206B54204D1DB0803EB78
:1082D00043034A33DEE7B2F5E24FCED0B2F5824F28
:1082E00005D00B68033323F003032C337BE74300F3
:1082F0000133012B00D10B68013BCBE7B2F5824F74
:108300000B6806D0033323F00303B2F5824FECD1A0
:1083100002E0023323F003030433E6E7037E022B7B
:1083200006D1C3695A1C03D00133C36100207047D2
:108330006FF09600704703466FF040420846591EA2
:10834000914207D338B103F1404393428CBF0020E0
:108350000120704701207047034668B1017E8A1EE4
:10836000012A0BD80329C26903D1012A01D1FFF7E1
:10837000C1BA1AB1013ADA61002070476FF0960075
:108380007047FFF7E9BF00207047C0B2FF280CBF5D
:108390006FF086000020704707B500216A46FDF7A0
:1083A00026F88C3018BF012003B05DF804FB13B52C
:1083B00000216A460446FDF71AF88C3002D10020ED
:1083C00002B010BD00212046D3F76EFB014610B16C
:1083D0006FF09800F4E76A462046FDF708F88C3005
:1083E000EDD0F5E72DE9FF41074614468846002900
:1083F0003FD0002A3DD0B2F5005F3DD202F1240605
:1084000031460120FDF7FAFE0546C0B303463A4661
:1084100021464046DAF732FF7F6900243846FFF7ED
:10842000BBFF01281FD021462B4632463846009418
:10843000D3F778FA0146C8B9384602AAFCF7D7FF45
:10844000044620B9029B9E4205D06FF0980438463E
:108450000021D3F729FB31462846FFF70FF92046C4
:1084600004B0BDE8F0816FF08A04F4E76FF098047F
:10847000F1E76FF08604F2E76FF08D04EFE76FF03D
:108480008C04ECE7FFF7FAB82DE9F047D0F814A018
:1084900086B08146884617465046002104AAFCF75C
:1084A000A6FF044610BB049E01203146FDF7A6FE40
:1084B0000546002837D02146504604AA0394FCF70D
:1084C00096FF044670B903AB02462146CDE900533E
:1084D00050463346D3F792FA039B04469E4209D096
:1084E0006FF0980431462846FFF7C8F8204606B0DA
:1084F000BDE8F0870028F5D13B4642463146284684
:10850000CDF80090DAF7D8FE04460028EAD1D8F872
:1085100000302BB13B68002B08BF6FF09104E1E7FE
:108520006FF09104DEE76FF08C04DFE79A4238BF0A
:108530008854704770472DE9F84F9846DDE90B499C
:108540000D9B15469A0706460F4623D02A460A9BDE
:1085500003EB040A1444A24220D10D9B9B0705D5CE
:10856000A2EB050AD14505EB0A0420D82046BDE858
:10857000F88F434639462020B0470AF1010ACA4520
:108580000AEB0B02F5D3A9EB04024C4588BF00228D
:108590002A44DCE7A246A5EB040BF0E702F1010B4D
:1085A000434639461AF8010DB0475A46D3E74346C9
:1085B000224639462020B0470AF1010AD2E72DE9C8
:1085C000F0479E46DDE90D3CDDE90874DDE90B6509
:1085D0001CF0020F9DF828801FD10CF001094BB14F
:1085E000B9F1000F06D0B8F1000F02D11CF00C0F4A
:1085F00000D0013B4FF0300A02E007F804A001343C
:10860000A54201D9202CF8D1B9F1000F05D04FF0C7
:108610003009A34201D9202C1BD11CF0100F15D01A
:108620001CF4806F32D1C4B1AC4201D09C422DD138
:10863000651E12D0102E3FD11CF0200FA4F10204B1
:1086400056D178263E5530266C1C7E55202C29D0DC
:108650000DE007F804900134DBE7102E10D11CF078
:10866000200F2FD178243C7030247C700224B8F184
:10867000000F31D02D253D55013414E06224F2E77E
:10868000022EFBD030243C700124F0E7102E1BD1C9
:108690001CF0200F2AD1202C04D07826651C3E55D2
:1086A000202DD0D12024CDE90A3CCDE908747346B1
:1086B000BDE8F047FFF73FBF022EC4D162247C55CE
:1086C0000135EDE75824CEE7022E03D1202CE9D066
:1086D0002546F3E72546E3E71CF0040F01D02B25E0
:1086E000C9E71CF0080FDED02025C4E7202CD9D024
:1086F0005826651CD3E72DE9F04391B0189D1A9FC9
:108700001D9E2DB926F0100416F4806F264622D146
:1087100016F0200F14BF4FF0410E4FF0610EAC4623
:1087200000250DF12008AEF10A0EBCFBF7F907FB9E
:1087300019C95FFA89F4B9F1090F94BF3034744450
:10874000E4B2BC4508F8014B05F10105BCFBF7F4A8
:1087500001D3202D10D11C9C069605941B9CCDE9BD
:1087600003749DF86440CDE9015408AC0094FFF710
:1087700026FF11B0BDE8F083A446D6E72DE9F04FFF
:1087800095B0CDE90A23DDE91E76DDE9229B57EAA3
:108790000603CDE90801269C05D124F0100314F44A
:1087A000806F1C4637D114F0200F14BF4123612382
:1087B00000250DF1300AA3F10A0831464A465B460E
:1087C0003846FBF7BDF9D2B2092A94BF3032424491
:1087D0004F45D2B276EB0B0605F101050AF8012BE5
:1087E00001D3202D14D1259B06940593249BDDE90C
:1087F0000801CDE903939DF88030CDE901530CAB1E
:108800000093DDE90A23FFF7DAFE15B0BDE8F08F2B
:1088100007460E46D1E70025E5E708B100F014B899
:10882000704710B1D1E900311847704738B5441E80
:1088300014F8015F25B90A2000F006F8284638BD73
:10884000284600F001F8F3E701460020FDF7DCB808
:1088500010B50B46EFF311844FF0200181F311881E
:108860001946DBF777F884F3118810BDDBF73CB8C5
:10887000DBF76ABE38B504460D4600F096F850B1F5
:1088800029462046E1F746FA30B929462046BDE898
:108890003840DBF721BE0E2038BDDCF70BBF08B532
:1088A000E1F762F818B1BDE80840DFF773BB08BD17
:1088B00070B516460C4607F045FD31460546204684
:1088C000DEF7EAFF0446284607F037FD204670BD74
:1088D00000F02BB970B5044600200E4600F02AFBCC
:1088E000D4F8F0503DB1002331462046AC46BDE8F7
:1088F00070401A4660472B4601223146204600F060
:108900004CF9284670BD38B5044648880D4600F03D
:1089100011FBD4F8F0302BB929462046BDE8384089
:10892000DBF790BF022038BD00F006BB00F04FB966
:10893000DBF76CBCDDF790BF07B5ADF8063013462A
:108940000DF1060200F08DF920B9BDF8060003B064
:108950005DF804FB0020FAE700F0B3B9DDF734BCA2
:10896000C0F8EC1000207047DCF78AB970B51446E7
:1089700005460E4686B0122200210DF1060005F0D4
:10898000CBFA2368694628460093ADF8046000F0EE
:1089900064F9009B236006B070BD10B4BDF80440BC
:1089A00001945DF8044B00F087B80346408A18B183
:1089B000188A003818BF0120704700F0C9BADEF7E6
:1089C0000BBA0847022A01D800F017BA21207047D5
:1089D000022A01D800F022BA21207047022A01D8C9
:1089E00000F02EBA21207047DCF7DEBF0846DCF726
:1089F000F9BFDDF743B80020704700207047013011
:108A000001D1DEF77DBC212070477047D0F894304B
:108A100003F06003402B0DD0602B03D0203B584265
:108A20005841704749B10B68012B06D9486940F09D
:108A30000100704740F20110704700207047F7B501
:108A400004461046D4E954C7DDE908268CEA02053D
:108A500087EA06010540194085EA0C057940C4E91A
:108A60005451002523F4004106EA010320F00100DF
:108A700043F40073024043F00203CDE90055DFF7F1
:108A8000A1FD94F824309A0713D5D4F854319B05EE
:108A90000FD54FF48811204600F03DFC94F82430A7
:108AA000024665F3410384F8243020460B46DBF789
:108AB000C9FB002003B0F0BDF0B587B01C461746D7
:108AC000BDF830601AB90024204607B0F0BD002B75
:108AD000F9D00029F7D001AADDF776FB0028F2D003
:108AE000BDF80630A2199A42BDF80850C4BF9B1BBE
:108AF0009CB2B54212D90399AD1BADB23144A54227
:108B00000391ADF808500DD22A46384605F016FA02
:108B10000499621B781905F011FAD5E70499761BC0
:108B20003144049122463846F5E70846DEF720BE78
:108B30000220DEF73BB908B5D0F8E4304BB11A6833
:108B4000022A06D993F825204AB1186AB0FBF2F040
:108B500008BD40F602424C210020E1F727F9002031
:108B6000F6E7D0F8E42008B57AB11368022B0CD9E7
:108B7000536A13F47F4FC3F3072106D0126ADBB2A6
:108B800053438B42B3FBF1F006D2002040F6214262
:108B90004C21E1F70BF9002008BDF7B504460F465C
:108BA000694616461D46FFF7C1FE9DF800103A467D
:108BB0002046D2F73FF901462EB92A462046DBF778
:108BC000AFFE03B0F0BD2046DBF7D6FEF9E7034663
:108BD000D0F830010860B3F8343100208B80704742
:108BE00090F830310C2B14BF90F82B00FF20704709
:108BF00038B50C464FF400610546E0F7E5FD70B16D
:108C00007CB195F81E3173B94FF480724FF48071C6
:108C10002846E0F7C5FD003818BF012038BD220204
:108C2000F4E72246F2E70020F8E74FF48071E0F71E
:108C3000CBBD08B54A024FF40071E0F7B1FD00204A
:108C400008BD08B58A024FF48061E0F7A9FD002055
:108C500008BD4FF40071E0F7B7BD062300208B710B
:108C600070472DE9F0410D4615F0030807461446FC
:108C7000194623D112B310883F281FD9B0FA80F0CB
:108C8000C0F11902D2B2062A01D8192814D0062A36
:108C900028BF06220126931DDBB29E40B6B2B14228
:108CA00028BF314628462680DDF73EF823883D62FE
:108CB000BB824046BDE8F0814246EBE74FF0210819
:108CC000F7E7F8B511F0030607460D46144621D123
:108CD00002B313883F2B1DD9B3FA83F3C3F11901F3
:108CE000C9B2062901D8192B12D0062928BF06219E
:108CF00001238A1DD2B293402846238000F003F955
:108D000023883846FD617B82DDF720F93046F8BDC7
:108D10003146EDE72126F9E738B5148811F003054F
:108D20004FEAC4041ED13F2C1CD9B4FA84F4C4F118
:108D30001903DBB2052B01D8192C11D0052B28BF44
:108D4000052301240633DBB204FA03F3C3F3CF0493
:108D50001480816104824387DDF7F8F8284638BD26
:108D60002B46EEE72125F9E710B514460846012108
:108D7000DEF7D0FB2046BDE810400121DEF7CABB7C
:108D8000F8B504460E46174607F0DCFA3A460546A3
:108D900031462046DEF7AEFE0446284607F0CDFAFF
:108DA0002046F8BD0220704703207047DDF7F6BF6C
:108DB00010B50023DCF7ACFA044608B9DFF736FE3D
:108DC000204610BD70B504460E46154600F0B7F8B3
:108DD0003146204600F04BFA00F0B1F82946204613
:108DE000DBF76AFA00224FF400312046E0F7D8FCA6
:108DF000002070BD8021E0F7E7BC7FB5531C05AAB9
:108E0000ADF81410029202210022DBB2CDE900215C
:108E10001146E0F7E3FC07B05DF804FB7FB5531C97
:108E200005AAADF81410029204210222DBB2CDE9AA
:108E3000002100220121E0F7D1FC07B05DF804FB1E
:108E40001FB5531C029100220821CDE90021012207
:108E5000DBB21146E0F7C2FC05B05DF804FB38B5A3
:108E60000546DBF723FA04462846DBF7FDF9072819
:108E700011D1D5F8E03024F47F41DB6921F00801FD
:108E800003B15B7841EA032141F020012846BDE8A7
:108E90003840DBF711BA24F02001F7E770472DE9DD
:108EA000F74F01251C469DF83030064601930368B4
:108EB000174603F0070306339D4005F1FF380B46C4
:108EC000A1B1416804EA080BA5EB0B0A41F0005977
:108ED000524509EB0B0114D95246184605F02EF8FD
:108EE00049467A1B5A44504405F028F8019B2BB19F
:108EF0003C4448EA050804EA0804F46003B0BDE80D
:108F0000F08F1846F0E74FF03A4301225A6741F6D6
:108F1000FF72D96418651A67704737B50025144683
:108F20000095FFF7BCFF204603B030BDDCF798BBCF
:108F3000002070470020704700207047704770473E
:108F400010F0FD0F14BF4FF0FF300020C0B270478B
:108F500008B5DEF78BF8BDE80840DEF7AFB838B5E6
:108F60000446FFF7F5FF0546FFF7F2FF431BA34258
:108F7000FAD338BD38B50D460446DEF777F835B17B
:108F8000844200D90139204601F0030138BD8442F2
:108F900038BF0131F7E708B50121FFF7EBFFBDE866
:108FA0000840DEF78BB808B521B1920004F0C6FF87
:108FB000002008BD2120FCE700F06F43B3F1804F93
:108FC00002D0B3F1204F02D120F07040704700F082
:108FD0006043B3F1204F08BF20F0805070470B0C66
:108FE00023F48053B3F5284FF7B50D468FB20646EC
:108FF00099B216D04AF60103994214D04AF60203F8
:10900000994212D0B1F5204F14BF04240324D6F89E
:10901000E0300BB1196851B9D6F8DC3093B9286843
:109020000EE00024F3E70124F1E70224EFE72346F2
:1090300068463A46DEF7B0F8DDE90003002BEBD1D5
:1090400003B0F0BD19680029E9D0234668463A46C6
:10905000DEF7A2F8DDE90003002BE0D1F0E708B568
:10906000FBF7DFFE08BD0204C0F3891307D56FEAE2
:1090700083536FEA935313F5007F18B206D0A3F120
:10908000C8006FF4FF739842B8BF184670470020BD
:10909000DEF7E4BB0120DEF7E1BB0E207047DFF70F
:1090A000D3BEDFF7D1BEDFF7CFBEDFF7CDBE08B549
:1090B0000846E0F7E1FA08BDDFF7C6BE00228A42A3
:1090C00002D14FF0FF30704750F8223093FAA3F3EB
:1090D0000BB90132F3E7B3FA83F000EB42107047AB
:1090E0000220704700207047012070470020704721
:1090F000002070470120704700207047DCF772BBEA
:1091000008461146012200F088B870B505460C46A5
:1091100011461A46E0F7D8FB06682B462046B446AF
:10912000BDE87040604710B5E0F7CEFBBDE81040E9
:1091300083681847FFF73CBEDCF706BAFFF79ABB17
:10914000DBF7E0BE4942FFF7FBBF70B504460D46B2
:1091500016464FF4881100F0F3F8324629462046AF
:10916000BDE87040DCF738BD7047431E012B03D9C2
:10917000031F58425841704701207047FFF7D8BE7F
:109180004FF4D872002104F0C7BE70B50446DBF777
:1091900063FF0546A8B9A169F1B1238AD3B120467E
:1091A00004F11002FFF7B8FD48BBE16929B3638AF7
:1091B000A3B1204604F11202FFF783FD78B1054602
:1091C00003E00023A3612361E36100232846636178
:1091D000236270BDA061E8E72082E6E7E361216ACF
:1091E0000029F2D0A38A002BEFD02046E38A04F1B5
:1091F0001402BDE87040FFF734BD6182EFE765827D
:10920000E561DCE721B1CB6813B18B68D889704781
:109210004FF6FF707047DBF72FB810B50C461146BC
:10922000DBF750F8DCF7DEFA012801D1002010BD91
:10923000002CF7D10520FAE7FFF77DBCFFF791BCC2
:1092400070B500232425D0F8DC00C4689C4201D10D
:10925000212070BD826805FB0322D6898E4202D888
:10926000128A8A4201D20133F0E70020F1E7F8B513
:1092700006460D46E0F798FBD8B94FF6FF734FF05E
:10928000240CEF68C1B28F4208D81C4621463046F4
:10929000E0F740FDFFF752FE2046F8BDAA680CFB40
:1092A0000122D4899C4202D2002CEFD02346013007
:1092B000E8E70024F0E7C08D70470A7838B5054626
:1092C0001046FFF752FF60B14C782046FFF74DFF84
:1092D00038B12243530704D42846BDE83840DBF7B1
:1092E00079BA212038BD10B504460878FFF73DFF54
:1092F00058B14A781046FFF738FF30B1042A04D03D
:109300002046BDE81040DBF783BA212010BDFFF7EF
:1093100096BBDBF75DBD38B505460C4607F012F885
:10932000D5F890301C40D5F88C302343C5F88C30EC
:1093300007F003F8211E18BF01210020490238BDA3
:1093400038B504460D4606F0FDFFD4F890301D40B8
:10935000D4F88C3023EA0505C4F88C5006F0EDFFF4
:10936000284638BDD0F88C00704710B5044601215E
:10937000FFF7E6FF2046E0F72FFD002010BD38B5CF
:1093800004460D464FF48811FFF7DAFF29462046C0
:10939000BDE83840DCF748BC73B50D7806460C468E
:1093A00035B304238DF804302379304601A98DF8B4
:1093B0000530FFF798FF0546B8B92278A37952BB6C
:1093C0008DF80430E379304601A98DF80530FFF7B8
:1093D00074FF054648B923783BB161883046DBF716
:1093E00015FC01213046FFF703FC284602B070BD92
:1093F0002946FFF7FDFB29463046FFF71AFC2946B0
:109400003046FFF71EFC2378002BCAD123798DF854
:1094100004306379C9E702228DF80420D3E7FFF70F
:1094200008BCFFF716BC0020704770472DE9F041DB
:109430000E46A2B0144602A98022E0F74BFDD6B337
:109440000025013E16F8013FABB3A3F13002092A13
:1094500007D805EB850503EB4503303B03F0FF051B
:10946000F0E7622B4AD017D8462B3CD006D8422BC7
:109470002ED0442B24D08DF804302FE0572BFAD176
:1094800054F8042B012001A9FDF7D4FF022201A901
:109490000020E0F749FDD5E76C2B21D0702B01D0DF
:1094A000662BE8D154F8041B2A460020E0F73CFD67
:1094B00005460028C6D0E0F725FD22B0BDE8F081C2
:1094C00054F8042B012001A9FDF7B4FF0422DEE7C4
:1094D000012054F8042B01A9FDF7ACFF0122D6E7C7
:1094E00014F8045BAEE7002554F8041B4B5D0BB980
:1094F000EDB2D9E70135FF2DF8D1D5E734F8048B6B
:10950000B8F1000F9ED0404606F0E8FB0746404603
:1095100006F000FC3946C2B20020E0F705FD002845
:1095200090D0C8E70EB403B503AA52F8041B019209
:10953000FFF77CFF02B05DF804EB03B070470EB498
:1095400003B503AA52F8041B0192FFF76FFF02B0A4
:109550005DF804EB03B070472DE9F04F9FB09DF824
:10956000BC50329E0C950A969DF8C050319E9DF8D5
:10957000B470CDE908560C9E9DF8A0B007962E9EBB
:109580009DF8A4A0CDE905769DF8A8909DF8AC8043
:109590002C9ECDE901A9CDE90386CDF800B01C468B
:1095A000CDE90D010F92FCF7A8FF002848D1C52195
:1095B00010A807F072F80D9B8DF842300E9B8DF8C5
:1095C00043300F9B8DF84430237A8DF84530002BC3
:1095D00039D1012022680DF14601FDF72BFF012052
:1095E00022680DF14A01FDF725FF637A01202C9ACC
:1095F0000DF153018DF84E308DF84FB08DF850A01D
:109600008DF851908DF85280FDF714FF2E9A0120AD
:1096100016A98DF85770FDF70DFF0C9B32980DF1D0
:109620005E018DF85C308DF85D5000F0D4FB0023B6
:109630001E21CDE90033319A2B4610A8E3F7E8FF4D
:109640001FB0BDE8F08F022B01BF2368CDF8463074
:109650006368CDF84A30C8E737B505460C46FCF7D5
:109660004EFF78B9C721684607F017F801200DF1C1
:1096700002012A46FDF7DEFE072168468DF8064006
:1096800000F0F2FD03B030BD2DE9F34106460F4670
:1096900015460AB90DF107050121304606F056FBC3
:1096A00020B13046012106F051FB0646002130462C
:1096B000297001F06FFA10F0400F2B7802D1B0F54D
:1096C000804F0CD2042F14D10333D9B2297010F477
:1096D000406F00F0F280304601F05CFA17E00124A0
:1096E000991CC9B2012F297005D13046E5F75CFEFF
:1096F0000DE00024F4E7D91CC9B2022F297000F450
:109700004062E4D032B9032F12D14FF0FF3002B0E3
:10971000BDE8F081591DC9B2032F297003D1B2F5FC
:10972000006FD8D0F1E7B2F5006F05D107332B7089
:10973000042F06D12978CEE7B2F5406FF8D10D336A
:10974000F5E714B12B7802332B70052F00F440405D
:1097500003D1B0F5004FD8D1ECE7B0F5004F2B782E
:1097600010D102332B700D2F2C7810D03046297871
:10977000E5F71AFE030611D4062F804615D0297886
:10978000013119E0B0F5404FEDD10833EAE730463A
:1097900006F0C0FA8442E9DB0020B8E730462978B9
:1097A00001F0F8F9062F804601D14046AFE710F0EE
:1097B000800F2978E4D00231C9B20D2F297022D14F
:1097C000304606F0A7FA2B788342E5D208F03C0237
:1097D0000C2AE1D140F2037218EA020F2FD10433B0
:1097E0002B7008F4E063B3F5007F08BF2B7808F412
:1097F000805804BF01332B70092F2BD1B8F1000F13
:1098000083D0297807E040F20373072F08EA0303A7
:1098100007D1002BC0D1304602B0BDE8F04101F0C5
:10982000D7B913B92B7804332B70082FD9D108F48A
:10983000E060B0F5007F7FF468AF297855E708F461
:10984000E062B2F5007F08F4805804BF01332B704A
:109850001FFA88F8B8F1000F02D02B7804332B7070
:109860000A2FEAD00D2F0DD1304606F053FA2C788E
:10987000A04291D90134E4B22C70B8F1000F13D199
:10988000012044E72B780B2F03F101032B703FF4E9
:109890003CAFB8F1000F3FF438AF304606F03AFA6B
:1098A000011FC9B22970B6E7304606F033FA033417
:1098B0008442ACBF0020012029E7FF232B7024E75E
:1098C00000280CBF8121012100B5137A8FB0022B33
:1098D0008DF8041020D10C238DF80530FF238DF86E
:1098E00007308DF80830136805A9CDF809305368A2
:1098F000CDF80D308C238DF8113082238DF8123085
:10990000537A8DF8133001A8091A002289B201F0A8
:1099100000F80FB05DF804FB08218DF80510EBB9D5
:109920001368FF228DF8072023B96FF0724303A953
:109930000293E8E76FF0E642029280228DF80C2055
:109940001A0A8DF80D308DF80E201A0C1B0E8DF8AA
:109950000F208DF810300DF11101D4E70DF1070142
:10996000D1E7024600B589B05168006804AB03C373
:1099700090680DF10A021860002303A81946E0F769
:1099800065FBA0B106F0AAF90022BDF80A10143058
:1099900000F0BFFF40B1009000219DF81C309DF801
:1099A0000D0004AAE0F78CFC03A8E0F7A9FB09B0BE
:1099B0005DF804FB70B506460D461068516886B028
:1099C00002AC03C490682060CEB101228DF814303F
:1099D0009DF830308DF804208DF81530BDF8343006
:1099E0009DF828200B9901A88DF80550ADF8163088
:1099F000E0F7C6FBB0FA80F0400906B070BD01A8E0
:109A0000E0F77EFB80F00100C0B2F6E738B5037ADC
:109A100005460C463BB90A7AEAB900680B68C31AD6
:109A20005842584138BD022B15D10B7A022B12D166
:109A3000082204F047FA70B96B7A607A83420CD03E
:109A4000013BDBB2FD2B08D80138C0B2FD2894BF22
:109A500000200120E6E70020E4E70120E2E70368B8
:109A600098B218B14FF6F8729A4312D1B0EB134F77
:109A700080EA134205D04FF6F87022F007018142C8
:109A800004D19BB223B1083A90B270471046704798
:109A90000720704738B505460C46E1F74DFF90B9F1
:109AA0006CB1FCF7B7FF214660732846F1F72CF93B
:109AB000044610B92846E1F767FF204638BD28461E
:109AC000F1F7FAF8F4E740F60444F6E7FFF7E2BFEF
:109AD0000021FFF7DFBF70B50E4605461146049C16
:109AE0001A4666B102F055F9064635B12CB1A542C9
:109AF0001FBF0FCD0FC42B682360304670BD02F02E
:109B0000E0F8F1E7002313B5ADF80630037804461A
:109B100003BB02220274027A102A09D03B2A1BD00E
:109B20000A2A0FD143600DF10600F0F77DF807E037
:109B300001A8EDF7BDFDBDF804306060ADF806305A
:109B40000123237023782BB1BDF8061004F1110016
:109B500006F0A3FD02B010BD4360D7F7D5F9ADF80C
:109B60000600EDE737B505780446ADB9037A102B4A
:109B700014D100F111010120FDF76AFC054604F142
:109B8000150006F088FD01A9ADF804002846EDF7A0
:109B90005FFD01236060237003B030BD3B2BFBD120
:109BA000113006F078FDD7F7B5F901236560237011
:109BB000F2E713B504466E2101A806F06EFD0321FD
:109BC00001A88DF8064000F04FFB02B010BD30B583
:109BD00004460D4685B001A89B2106F05EFD236872
:109BE0000B21CDF80630636801A8CDF80A308DF856
:109BF0000E5000F039FB05B030BD10B586B00A9CA0
:109C000000920494099C4FF6FF7203949DF8204043
:109C1000CDE901340023E2F7BBF806B010BD70B403
:109C200004469DF810509DF814609DF80C00CDE995
:109C3000045603931346224670BCE2F7A9B870B4E9
:109C400004469DF810509DF814600846CDE904566E
:109C500011461A469DF80C30039470BCE2F798B890
:109C600010B40446084621465DF8044BE6F780BF71
:109C7000E7F7ECBAE7F7F6BAF7F7CCBDF7F714BD9C
:109C8000F7F70CBD2DE9F843089C0D46904609995D
:109C9000224607461E46DDF82890F1F7A7F9204630
:109CA000F1F76EFAB0FA80F4640942462946384664
:109CB00089F80040F1F788FA28B931462846BDE80E
:109CC000F843F1F7CDBABDE8F88338B505460C4640
:109CD000D7F7C6F8A8420CD9D7F7BEF830F8252038
:109CE00000EB8503002022809A78A270DB78E37075
:109CF00038BD0220FCE738B504460D46D7F7B0F86A
:109D0000A0420BD9D7F7A8F82A8800EB840320F8E3
:109D100024200020AA78D8709A7038BD0220FCE771
:109D2000E5F736BD38B50C460546E5F797FC082241
:109D30000146284604F0D6F8E5F78AFC2080BDE805
:109D40003840E5F78FBCE8F7D7BBF5F7F5B8F7F77C
:109D5000A5BA70B5A2B00E4601A9054601F026F8D5
:109D6000044620B93246284601A900F007FD2046E6
:109D700022B070BD037813B50446B3B90122436025
:109D80000270007A904212D002281CD008BB217BBE
:109D90000DF1060200F08BF90223BDF80610606099
:109DA000237404F1110006F078FC02B010BD032307
:109DB0000DF106002374EAF701FDBDF8061060748A
:109DC00004F11200EFE7A0892274F7F735FD607403
:109DD000EBE72370E9E770B506460C46054636F812
:109DE000021B204606F059FC31460822A01C04F054
:109DF00079F8AB7A04F10E01A372EB7A0120E372D9
:109E00002B7B23736B7B63732A69BDE87040FDF77E
:109E100011BBF0B50446274615460E4687B001A88B
:109E20001B2106F03AFCA37837F8041B0DF107005C
:109E30008DF8063006F031FC63681221CDF8093048
:109E40007B6801A8CDF80D30E3788DF814608DF8AB
:109E50001130A3898DF81550ADF8123000F004FAD6
:109E600007B0F0BD37B50C4605461C21684606F024
:109E700014FC22460DF1030101208DF80250FDF77C
:109E8000D9FA0721684600F0EFF903B030BD30B5CC
:109E900004460D468BB006F0C5FBFCF7BDFD05A9D9
:109EA0002046F3F7BDFE01A8232106F0F6FBBDF81E
:109EB0001E1002A88DF806408DF8075006F0EDFB45
:109EC00005AB03CB9DF81C30CDF80A00CDF80E1081
:109ED00001A80F218DF8123000F0C6F90BB030BD8B
:109EE00013B504467C2101A806F0D7FB21460DF1ED
:109EF000060006F0D2FB04210DEB010000F0B4F9DE
:109F000002B010BD37B505460C466846802106F004
:109F1000C4FB2A460DF102010120FDF78BFA214610
:109F20000DF1060006F0B9FB0821684600F09CF927
:109F300003B030BD37B50C460546C421684606F06F
:109F4000ACFB21460DF103008DF8025006F0A5FB95
:109F50000521684600F088F903B030BDF0B515461C
:109F600007460E4689B002A846211C4606F095FB1E
:109F7000284603A98DF80A708DF80B60FFF72BFFB8
:109F800000231721CDE900330E9A234602A88DF84D
:109F90001E40E3F73DFB09B0F0BD7FB51646054610
:109FA0000C4602A8982106F078FB32460DF10A0112
:109FB0000120FDF73FFA00232246CDE900330621B8
:109FC0002B4602A8E3F724FB04B070BDF0B50546AC
:109FD0000F468BB002A8922114461E4606F05DFB88
:109FE0002B683846CDF80A306B680DF11201CDF8B8
:109FF0000E30FFF7F0FE00233246CDE900331D217D
:10A00000234602A88DF82440E3F702FB0BB0F0BD15
:10A010007FB506460C4602A89321154606F03DFB87
:10A0200032460DF10A010120FDF704FA00232A4609
:10A03000CDE900330721234602A88DF80E40E3F74F
:10A04000E7FA04B070BDEBF76BB970B49DF80C4043
:10A050009DF810509DF814600394CDE9045670BC2F
:10A06000F7F77CB938B505460C4606F0DBFA2B4607
:10A07000024601210020E2F775FA28B92146284658
:10A08000BDE83840FCF700BA05F028FE054601306F
:10A0900006F001FB2080E81C06F0FDFA60806B7979
:10A0A00001202371AB796371EB79A37138BD0B4645
:10A0B000002170B5064614460846FF22E2F752FA20
:10A0C000054680B105F026FE411EC9B22846E5F7D7
:10A0D00059F92EB1238803F007030370002070BDE7
:10A0E00003782380FAE73620F9E7F8B507460E46ED
:10A0F000154606F097FA3B46024601210020E2F79A
:10A1000031FA044630B92A4631463846BDE8F840AF
:10A11000FCF7BCB905F0E2FD012E14BF08218179DE
:10A12000204602BF49000831C9B201EB450101F0E8
:10A13000FE01BDE8F84000F02DBD2DE9F74388464B
:10A14000694607461546FFF78DFF044620B90024EF
:10A15000204603B0BDE8F0830026012D0CBF9DF81A
:10A1600006909DF80590F2B29145F0D929463846FF
:10A17000FFF7BBFF404506F10106F4D1E8E738B52B
:10A18000002204460D46FFF7D8FF30B92946204685
:10A19000BDE838400122FFF7D0BF38BD0020E2F70C
:10A1A00089BA0120E2F786BA0220E2F783BA0320D7
:10A1B000E2F780BA08B50020FCF782F9BDE8084054
:10A1C000D6F774BC1FB501238DF80430002301A815
:10A1D000CDE90233CCF7C8FE0298C0F30343C0F3C5
:10A1E00003621B0243EA0233C0B2184305B05DF8B4
:10A1F00004FB00207047704710B4044669B1022A7E
:10A2000007D0032A07D0012A07D15DF8044B05F0D7
:10A2100051BE0902F9E70904F7E720465DF8044B4F
:10A22000E5F704B90020E3F7CFB90120E3F7CCB993
:10A2300070B506460C46154606F09BFA70B13046DE
:10A24000E5F7E0F8B0F5803F09D3B0F1807F4FEA41
:10A25000102306D30323000C2B70208070BD012334
:10A26000FAE718460223F7E7002307B51A46CDE9B7
:10A270000033E3F7CDF903B05DF804FB37B50546CD
:10A280000C4601A8482106F008FA04210DEB010054
:10A290008DF806508DF80740FFF7E6FF03B030BD9C
:10A2A00037B505460C466846D22106F0F6F9294630
:10A2B0000DF1020006F0F1F9052168468DF8044021
:10A2C000FFF7D2FF03B030BD13B50446F22101A859
:10A2D00006F0E3F9032101A88DF80640FFF7C4FF5B
:10A2E00002B010BD10B50446C0B2E3F74DFA200A23
:10A2F000BDE81040E3F748BA10B5E3F727FA044683
:10A30000E3F724FA04EB002080B210BD10B5044638
:10A3100080B2FFF7E7FF200CBDE81040FFF7E2BF77
:10A3200010B5FFF7E9FF0446FFF7E6FF04EB004036
:10A3300010BD38B500F10C0400F1240514F80C0C24
:10A34000E3F722FA14F80C3C013B012B0CD934F84A
:10A35000020CFFF7C7FF0820A4F10A01E3F724FA73
:10A360000C34AC42EAD138BD34F8080CFFF7BAFF20
:10A3700034F80A0CFFF7B6FF34F8080CFFF7B2FF09
:10A3800034F80A0CFFF7AEFF34F8080CFFF7AAFF09
:10A39000E6E7014610B504460820E3F7DFF9FFF7CA
:10A3A000ABFF2081E3F7D2F9A072E3F7CFF9E072B7
:10A3B000E3F7CCF92073FFF79FFFE081E3F7C6F9DD
:10A3C0002074FFF7ADFF606110BD10B50446FFF7C4
:10A3D00093FF2080FFF790FF6080E3F7B7F92071CB
:10A3E000E3F7B4F96071FFF787FFE080FFF784FFC0
:10A3F0002081E3F7ABF9A07210BD10B504460088C8
:10A40000FFF770FFA078BDE81040E3F7BDB910B5C5
:10A410000446FFF771FF2080E3F798F9A07010BDA4
:10A4200010B504460078E3F7AFF96088BDE8104046
:10A43000FFF758BF014610B504460820E3F78EF930
:10A44000E3F784F92072FFF757FF6081E3F77EF9A5
:10A450002073E3F77BF96073E3F778F9A073FFF7F4
:10A460005FFF206110BD10B50446E3F76FF9A070DF
:10A47000FFF742FF214621F8040B0820E3F76EF9AD
:10A48000E3F764F9003818BF0120E070E3F75EF9E4
:10A490002073E3F75BF9607310BD10B50446014605
:10A4A0001020E3F781F92069BDE81040FFF72EBFC7
:10A4B000014610B504461020E3F750F9FFF730FFCE
:10A4C000206110BD10B50446FFF716FF208010BDB7
:10A4D00010B50446FFF724FF2060FFF721FF6060FE
:10A4E000FFF70AFF208110BD10B50446FFF7BBFF40
:10A4F00004F11000FFF7ECFF04F11C010820E3F762
:10A500002DF9FFF7F9FEA084FFF7F6FEE084E3F7EC
:10A510001DF984F82800E3F719F984F82900E3F716
:10A5200015F984F82A00E3F711F984F82B0010BD1F
:10A5300010B504460068FFF7E9FEA088FFF7D2FED9
:10A54000E088FFF7CFFE2089FFF7CCFE6089FFF798
:10A55000C9FEA089FFF7C6FEA07BBDE81040E3F767
:10A5600013B910B50446FFF7DBFE2060FFF7C4FE09
:10A57000A080FFF7C1FEE080FFF7BEFE2081FFF75D
:10A58000BBFE6081FFF7B8FEA081E3F7DFF8A073A0
:10A5900010BD10B504460068FFF7B8FE2079E3F758
:10A5A000F3F8611D1020E3F7FFF804F11501102006
:10A5B000BDE81040E3F7F8B810B50446007AE3F7B9
:10A5C000E3F8237A53B92068FFF7A0FE2068FFF76D
:10A5D0009DFE607ABDE81040E3F7D6B8022BF8D1B3
:10A5E00021460820E3F7E0F8F3E710B50446E3F767
:10A5F000ADF8207248B9FFF793FE2060FFF790FE98
:10A600002060E3F7A3F8607210BD0228F9D121465B
:10A610000820E3F7A3F8F4E738B5841C00F11A0525
:10A62000E3F794F804F8020C013801280AD9FFF77F
:10A6300063FE214620810820E3F790F80C34AC42F9
:10A64000EED138BDFFF758FE6080FFF755FE208041
:10A65000FFF752FEFFF750FEFFF74EFEEEE710B594
:10A6600004460078E3F790F86068FFF74FFE04F1C6
:10A670000800FFF7A1FFA08AFFF734FEA07DE3F7F3
:10A6800083F8A069FFF742FE04F11C011020E3F7F4
:10A690008BF804F12C00FFF74CFE94F84400E3F72C
:10A6A00073F894F84500BDE81040E3F76DB810B5B5
:10A6B0000446E3F74BF82070FFF71EFE6080201D74
:10A6C000FFF793FFE3F742F8207404F11200FFF75D
:10A6D000A3FFFFF711FE6085E3F738F884F82C003C
:10A6E000E3F734F884F82D00FFF71AFE04F1340183
:10A6F00020631020BDE81040E3F730B810B50446E1
:10A700000078E3F741F86088FFF7ECFD201DFFF7C4
:10A7100053FF207CE3F738F804F11200FFF709FE3D
:10A72000608DFFF7DFFD94F82C00E3F72DF894F827
:10A730002D00E3F729F8206BFFF7E8FD04F1340161
:10A740001020BDE81040E3F72FB810B5044600888C
:10A75000FFF7C8FD6088FFF7C5FDA088BDE8104081
:10A76000FFF7C0BD10B50446FFF7C6FD2080FFF718
:10A77000C3FD6080FFF7C0FDA08010BD002310B5B1
:10A7800002F8010BDCB2A04202F1040201F1040163
:10A7900000D810BD31F8044C013302F8044C31F8F4
:10A7A000044C240A02F8034C31F8024C02F8024C23
:10A7B00031F8024C240A02F8014CE3E710B50446D4
:10A7C0000078E2F7E1FF6078E2F7DEFF6088FFF7EC
:10A7D00089FD211D0820E2F7E7FF207BE2F7D4FF87
:10A7E000607BE2F7D1FF2069BDE81040FFF78EBD26
:10A7F00010B50446E2F7AAFF2070E2F7A7FF6070E9
:10A80000FFF77AFD211D60800820E2F7A7FFE2F73D
:10A810009DFF2073E2F79AFF6073FFF781FD2061CF
:10A8200010BD10B504460088FFF75CFD6068FFF7B7
:10A830006DFDA068FFF76AFDA089BDE81040FFF735
:10A8400051BD10B50446E3F763F821460020E3F755
:10A85000F9FEBDE81040002000F015B87047012057
:10A86000704708B5E4F7F4FC80F00100C0B208BD01
:10A8700008B5E4F7DDFC0028FBD108BDFEF79DB864
:10A880007047002070470020E3F708BE70B51D46F2
:10A890009DF810300C46002B10460A4614BF0821C4
:10A8A0008821059E02F03AFD024640B100202B4669
:10A8B0002146CDE90460BDE87040E3F77DBE01208C
:10A8C00070BD08B5E4F742F8002008BD4088C0F329
:10A8D0000C0003308008400004307047F8B506468D
:10A8E0000D460A200021174605F06CFA044605F0D3
:10A8F000D7F960B1038807816FEA43436FEA534396
:10A90000C0F80A600380C0F80E502046F8BD044627
:10A91000FBE770B50E4605461146304605F052FA83
:10A92000044635B128B105F0D9F93246294603F07D
:10A93000D9FA204670BD0088B0FA80F0400970470F
:10A9400038B505880022044605F0C5FE05B125800E
:10A9500038BDF8B507460D4600880021164605F0BB
:10A96000F5F9B042044605D129463846BDE8F8401D
:10A97000FFF7E6BF0021204605F0E8F9B04205D018
:10A980002046002105F0E2F90446F3E72A46204676
:10A99000002105F0EFF932462846BDE8F8400021D5
:10A9A00005F0E8B938B5044638B1002105F08DFE50
:10A9B000002301465D1C09B998B238BD204605F058
:10A9C000A8FE2B460146F5E7F8B5058807467DB198
:10A9D000CCB22146284605F0B9F98542064609D190
:10A9E00000233B8000222146304605F0C3F935465E
:10A9F0002846F8BD214605F0A9F921460246284619
:10AA000005F0B8F9EEE72DE9F04707888246884659
:10AA100014465FB3384605F07DF93D460646E4B27C
:10AA20002146284605F092F94045814616D1214637
:10AA300005F08CF921460246284605F09BF947456A
:10AA400004D1454508BF0025AAF800500022214640
:10AA5000404605F08FF93046BDE8F0878742FAD0CE
:10AA600005F058F930444D4686B2D9E73E46F2E744
:10AA70002DE9F04780460F460646002402F1FF39D3
:10AA8000BC4202D219F8015F25B9A6EB080080B2DA
:10AA9000BDE8F0879A46A5F13102012A5AF8041B55
:10AAA00010D83246322D02F8011B06D10134A4B26F
:10AAB000A74232D30912B21C7170013453461646B4
:10AAC000A4B2DDE7342D0CD10334BC42DDDA0B0A2D
:10AAD000317073700B0C090EB370321DF170A4B29B
:10AAE000EBE7A5F13302062A0DD8303DADB22B19A4
:10AAF000BB42CADA2A463046013C03F0F3F915FAA4
:10AB000084F47219EBE7A5F14102062A01D8373D1A
:10AB1000ECE79D8803F1080AE9E71646B5E770B54A
:10AB2000054600880C4605F0F5F8A04228880AD2B0
:10AB300005F0F0F80023221A19462846BDE87040B7
:10AB400092B2E4F78DBB2146E4F720FB002070BDF4
:10AB500038B5054605F0C2F80446284605F0DAF88F
:10AB6000002201462046BDE83840FFF7D2BEF8B5C6
:10AB700016460C461D46BDF8187005F0AFF80444A3
:10AB8000304605F0ABF83A4641192046BDE8F8409A
:10AB900003F0A8B970B50C46013189B20646E4F756
:10ABA00003FC214605463046E4F7FEFB00EB05209A
:10ABB00080B270BD1FB50123ADF80C2000930A468A
:10ABC0000223014603A805F0AEFD05B05DF804FBC5
:10ABD0002DE9F0410C46013189B20646E4F7E4FB69
:10ABE000214607463046E4F7DFFBE11C054689B203
:10ABF0003046E4F7D9FBA11C804689B23046E4F721
:10AC0000D3FB05EB072500EB082005EB0040BDE872
:10AC1000F0810FB437B5069D0021A8B205F0D2F837
:10AC2000044605F05BF82CB1002207AB0193D1B2CA
:10AC30008D4205D8204603B0BDE8304004B07047CF
:10AC400053F8041B81540132F1E773B504460D46F5
:10AC500040200021164605F0B5F8ADF8060005F0D5
:10AC60003DF8BDF8063013B9002002B070BD402198
:10AC700033462A462044FFF7FBFE211889B20DF126
:10AC80000600FFF74CFF0028EED1BDF80600ECE708
:10AC900010B41446091B1A462044019B89B25DF882
:10ACA000044BFFF7E5BE08B410B585B007AC54F807
:10ACB000043B00940394FFF7EBFF05B0BDE81040A0
:10ACC00001B070470EB403B503AA52F8041B0192F9
:10ACD000FFF7BBFF02B05DF804EB03B07047002242
:10ACE0000123C0E900237047F8B504460127002678
:10ACF00005F035FB23683BB905F02CFB00226368A7
:10AD0000012B0ED16360F8BD1D691F61266005F03F
:10AD100021FB012DF2D02B462D691E61012DFAD1A8
:10AD2000E6E719691A610B46EAE7036823B9406848
:10AD3000012803D0E4F766BB002070474FF0FF30D6
:10AD40007047F8B5054605F0A1FB0123064600272C
:10AD5000A8602B7305F003FB2B6802467BB11C69CE
:10AD60002169A1420CBF2F6019612761104605F0CF
:10AD7000F1FA012C08D0204663689847EAE76C682E
:10AD8000012C04D105F0E6FA00232B73F8BD6169AC
:10AD9000711AB1F1004FF5D8216969602361E5E7C7
:10ADA000022070470220704702207047022070473F
:10ADB000704702207047022070470220704702202F
:10ADC0007047002070470144884201D1012070473C
:10ADD00010F8013B9342F7D0002070470821FBF7A1
:10ADE0001FBE70B50146064692B00020E2F7D2FFC2
:10ADF000044670B9FBF70EFE054601466A4620463A
:10AE0000E3F742FB6A46294620468DF80260E3F7E5
:10AE1000EBFD204612B070BD00B593B0FBF7FAFD14
:10AE20006A4601460020E3F72FFB9DF9020013B0AC
:10AE30005DF804FB00B593B0FBF7ECFD6A460146F4
:10AE40000020E3F721FB9DF8000013B05DF804FB40
:10AE5000E3F7DEBA0120704707B56846E2F740FF26
:10AE60009DF8030003B05DF804FB7FB54FF6FF715A
:10AE700001AAE4F7CFFD20B1BDF80C0007B05DF8E2
:10AE800004FB4FF6FF70F9E708B505F0A7FC0038A2
:10AE900018BF012008BD08B51046E6F7A1F8BDE8C7
:10AEA0000840E6F781B970477047704770477047B0
:10AEB00070477047002100B593B06A460846E3F733
:10AEC000E3FABDF8060013B05DF804FB002110B5ED
:10AED00092B004466A460846E3F7D6FA00216A466D
:10AEE0000846ADF80640E3F77FFD12B010BD002123
:10AEF00000B593B06A460846E3F7C6FABDF8040009
:10AF000013B05DF804FB002110B592B004466A4608
:10AF10000846E3F7B9FA00216A460846ADF804404E
:10AF2000E3F762FD12B010BD704710B5002486B083
:10AF30000494BDF82C4003949DF828400294099C89
:10AF40000194BDF820400094E5F79EF806B010BDCE
:10AF5000F0B587B09DF83C40BDF84070BDF844C0E6
:10AF6000029405460E9C084611461A46BDF8343038
:10AF7000CDE9037CCDE90034BDF830309DF8486060
:10AF8000E5F782F8044670B1014600231022012043
:10AF9000FBF744FB40B132462146284607B0BDE8E6
:10AFA000F040E5F7DDB8192007B0F0BD10B588B066
:10AFB0009DF83C40069400240594BDF83840049464
:10AFC0009DF8344003940C9C0294BDF82C400194ED
:10AFD000BDF828400094FFF7BBFF08B010BD70B566
:10AFE0000646E5F787F804463046E8F76DFB22464B
:10AFF000034600213046F4F793FB0546C0B102F04A
:10B00000AFF90446284604F069FEE21D121A002337
:10B0100029460820D2B2FBF701FB0138C0B2012853
:10B0200006D829463046BDE870400122E5F798B8B9
:10B0300070BD134610B50A4600210446F4F74AFBDA
:10B04000014628B12046BDE810400222E5F788B845
:10B05000012010BD07B5009313460A460021F4F7FE
:10B06000B3FA28B1002103B05DF804EBF1F704BF97
:10B07000012003B05DF804FBF0B50E46114646F61C
:10B08000655289B0ADF81820044600221846FFF733
:10B0900040FC054658B306AFC4B1FFF728FF0222B3
:10B0A0004FF6FF734FF44841CDE9017200900395CC
:10B0B0007C2007AAADF81C30FFF737FF0146C0B16E
:10B0C00000221046E5F74CF809B0F0BDFFF70FFF7E
:10B0D0000223CDE90004CDE902734CF66042334609
:10B0E0007C212046CDE90454FFF760FFECE71920EE
:10B0F000EAE70120E8E72DE9F04F85B00C469046DD
:10B10000074602F02AF80546661C304605F0C3FAE9
:10B11000042D40F08A80384602F022F90378092293
:10B1200003F00303012B4FF00101204614BF4FF041
:10B13000020B4FF0030B04F011FD0922002105461C
:10B14000204604F00BFD21788DF80F000139002214
:10B15000204689B2FFF7DDFB04EB08098246D0B137
:10B160002A4601460DF10F035846FBF757FA02280D
:10B17000054626D1504604F0CDFD00222070C0B215
:10B18000431E00929BB201225146304605F0CBFA95
:10B19000237801332370384601F0D5FF020424D40C
:10B1A00099F8013021789B071FD50139A1EB0801DF
:10B1B0003A464846C9B2EAF7DBF8237818442070CB
:10B1C00013E020B92070284605B0BDE8F08F0328B1
:10B1D00009D1484605F05FFA20F4007189B248466B
:10B1E00005F05BFAD7E70428D5D1012500222046D7
:10B1F0002178FFF78EFB07460028E4D000230146A4
:10B2000001221846FBF70AFA022819D1384604F041
:10B2100081FD0022C3B2013B2070394600923046C6
:10B2200001229BB205F07FFACDE780F0800520F087
:10B23000800081B23046C5F3C01505F02EFAD5E77F
:10B240000028C0D12070BEE708B50020FFF709FB39
:10B2500080F00100C0B208BD0A4608B501460020D2
:10B26000E4F77EFFB0FA80F0400908BD0020E3F764
:10B27000E3BC00210846E3F795B90020FFF7F8BAD0
:10B280000020FFF7ECBA70B5044605F004FA04227A
:10B2900000210646204604F061FC204405F0FBF93D
:10B2A000032205460021204604F058FC204405F006
:10B2B000F2F94FF6FF730540ADB29D4214D1F3078A
:10B2C00012D506220021204604F048FC204405F057
:10B2D000E2F90446E4F7E8FF844214BF022406249E
:10B2E000E4F7D6FF204070BD2046FBF73FFBC400CB
:10B2F000E4B2F5E708B5FFF7C6FF003818BF012034
:10B3000008BD012070470120704700221A21032048
:10B31000E7F706BBF6F7B0BE10B50446F7F73EF800
:10B3200008B9F7F741F803050FD40C231B2B01D103
:10B33000002009E020FA03F1C90703F1010206D554
:10B34000DBB2E31A5842584110BD0B23F9E713460C
:10B35000ECE710B50C46098819B90846F4F79AF9D4
:10B360002080012010BD08B5F4F7BAFD002008BD0B
:10B370000022E5F747B908B5104600F020FBBDE80C
:10B38000084005F039B970B504460D46164692B02E
:10B390006A46E3F779F86A46294620468DF81F6029
:10B3A000E3F722FB12B070BD00B593B06A46E3F735
:10B3B0006BF89DF81F0013B05DF804FB10B50C4648
:10B3C000E5F7E4FC2046BDE81040E5F7E7BB0129BE
:10B3D000F8B505460C461DD003291ED0052920D0FE
:10B3E000072922D00026002400270120E2F778FF59
:10B3F000304485421DDA0320E2F772FF2044854283
:10B4000019DA0520E2F76CFF38448542B4BF072003
:10B410000520F8BD6FF00406E5E76FF0040405268B
:10B42000E2E700266FF00407DFE700240527264641
:10B43000DBE70120EDE70320EBE738B50546002404
:10B440002046E2F74DFF0134A842E4B202D9062CAF
:10B45000F6D10724204638BD38B14379490023F09E
:10B460000C0301F00C010B434371704710B5044607
:10B4700078B141794088490801F006010131000A9C
:10B48000FFF7A5FF024601462046FFF7E5FF1046FD
:10B4900010BD0722FBE738B50D46E5F765FC04460D
:10B4A00008B9002038BDFFF7E1FF002DFAD123795C
:10B4B00013F00703F5D0984238BF1846C0B2F1E741
:10B4C000037923F00703194301717047037903F0EF
:10B4D0000F0343EA0113037170470022E6F7B2B885
:10B4E0000021012208B5E6F7ADF8401A18BF012087
:10B4F00008BD38B51546FFF7F0FF0446284605F0AD
:10B5000083F984B1FF2804D0626822FA00F3DB07D4
:10B5100001D5012038BD0123834013436360E378E4
:10B520000133E370F5E72046F4E7E6F70DBB10B50D
:10B5300004F0D4FB00F11004204605F0ACF820F430
:10B54000007189B22046BDE8104005F0A6B801465A
:10B55000102307220120E3F7E3BF2DE9FF41154641
:10B56000019101218DF80D301B0A8DF80E309DF8E8
:10B570002C308DF80C008DF80F30284604230091F4
:10B5800003AA9DF828809DF830709DF8346001F082
:10B590004EFF044670B1294601F019FEB8F1000FC4
:10B5A00002D12046FFF7C3FF2FB146B931462046EE
:10B5B000F1F762FC0024204604B0BDE8F0810022CF
:10B5C00020461146E6F742FAF4E74FF47A70E6F7C0
:10B5D00095BBF0B5064687B010461C460F4615468B
:10B5E00001F0BEFE9DF83030184443789CB161787C
:10B5F000012211F0020F0CBF032100210020CDE930
:10B600000142CDE903100722394630460095E6F79E
:10B610001DFC07B0F0BD22462146EFE708B5E3F771
:10B6200005FFBDE808400020E6F74CBE1FB5044604
:10B630006846FFF78CFF54B100238DF805301023C6
:10B64000072269460020E3F76BFF04B010BDFFF747
:10B6500031FCADF80600FFF74AFCADF80000EEE75C
:10B6600008B5FFF7E3FF002008BD00B58BB06846C2
:10B67000FFF76DFF009BBDF8060004A90693E6F7EF
:10B68000C7FA0BB05DF804FB1FB504466846FFF728
:10B690005EFF02AB03CB2060616004B010BD1FB53C
:10B6A000062304468DF80C30E6F792FF00238DF850
:10B6B0000D00CDE9003301210223204603AA01F049
:10B6C000B6FE04B010BD70B50C4605460120E7F784
:10B6D00037FF237B4BB1FFF7EDFB014623462A469C
:10B6E000BDE870400120E7F7ADBA4FF6FE71F5E70F
:10B6F0001FB50A2301201A4601A9E3F711FF4FF6EF
:10B70000FF73BDF80C209A420AD00822FF2101A83D
:10B71000FFF759FB80F00100C0B205B05DF804FBF3
:10B720000020FAE7F8B50E46074601F019FE054677
:10B7300004F0B1FF00F44040B0F5404F14BF0022C8
:10B74000062202F10A03EB5C0B325C0004F00E04EB
:10B750005B08144403F0380338461C4401F005FE2E
:10B76000844208D2001BC2B20F2A28BF0F223046E3
:10B77000291902F0E3FB2046F8BD13B5F1F71EFED0
:10B780006946044601F08FF958B1FFF793FB40B1C9
:10B79000E3F76EFF28B10023022269462046EFF747
:10B7A00077F902B010BDFF224FF6FF71E9F77EB8BE
:10B7B00037B505460C460823092269460120E3F700
:10B7C000AFFE15B19DF806302B700CB1009B2360C5
:10B7D000BDF8040003B030BD07B500210DF107002E
:10B7E000FFF7E6FF9DF8070003B05DF804FB07B51F
:10B7F00008238DF80600ADF804100092694609226E
:10B800000020E3F78DFE03B05DF804FB13B504469A
:10B8100001A90020FFF7CCFF019A01462046FFF75F
:10B82000E6FF204602B010BDF0B50F46002187B0FC
:10B83000044608461646FFF7BBFF012305460DF1F7
:10B840000A008DF808408DF80930FFF71DFF092C1C
:10B850001DD131460DF1120004F01FFF05AB002190
:10B8600002AA9B1A2846CDE90011DBB2642101F03F
:10B87000DEFD0546E0B1092C15D1E9F7FBF90446D8
:10B8800088B12846E9F70AFA204607B0F0BD3146EC
:10B890000DF113008DF812704FF6FF7504F0FDFEE8
:10B8A0000DF11503DBE7284600F02EF80446EBE720
:10B8B0000446E9E77FB50D461646ADF80E0004F0E4
:10B8C00029FA841BE4B2BDF80E20631B9BB210461C
:10B8D000294600937319FFF74AF921460DF10E002E
:10B8E000FFF71DF904B070BD38B504460D4604F0ED
:10B8F000A8FF40B1AC4206D0204604F00FFCBDE8E2
:10B90000384001F08FB938BD10B5044601F028FD6C
:10B91000023004F0C0FE4FF6F7739842204603D978
:10B92000BDE81040E9F73CBBE9F786FBB0FA80F0D0
:10B93000400910BD0022E9F757BA70B5054601F07D
:10B940000FFD0646284601F096FD01462846E3F71E
:10B950002BFD0446284601F024FC4FF6F77398426D
:10B9600008D8337803F00303012B05D1A31E5842F6
:10B97000584170BD0120FCE70020FAE741F2033393
:10B9800030B585B00D46ADF808300446FFF792FAA1
:10B990008DF80A00FFF78EFA0021000A8DF80B00DF
:10B9A00005232046CDE9001102AA8DF80C5001F0C4
:10B9B0003EFD10B12146FFF7BDFF05B030BD70B5AB
:10B9C00004460D46D9B13F294FF0000600D1354657
:10B9D000204601F0C2FB082813D10121204604F0C3
:10B9E000B5F9064604F096F90446304604F076F9B7
:10B9F0002A460146E0B2BDE87040FBF777B8012661
:10BA0000E6E7204601F0A9FB024630B9BDE87040E8
:10BA10004FF6FF71012004F007BE204601F0AEFB97
:10BA2000B0F5006F0ED1204601F0BBFB4FF6FF735F
:10BA30009842014617D0002D0CBF0320052000229C
:10BA400004F0F2FD29462046E6F7BEF868B929461B
:10BA50002046EAF7B3FF40B9324629462046BDE802
:10BA60007040E9F7DBBD0120E9E770BD0146032026
:10BA7000ECF71ABE37B54FF6F675FAF7CFFF431E4F
:10BA80009BB2AB420446F8D8E5F76EF90028F4D132
:10BA900069462046E4F756FA0028EED0204601F029
:10BAA000BDF90028E9D12046FFF71AFD0028E4D1AE
:10BAB0002046EAF7EBFF0028DFD1204604F0C1FE64
:10BAC0000028DAD12046DEF747FC0028D5D12046F1
:10BAD00003B030BD73B504460E46EAF7D7FF0546FE
:10BAE00088B92046EBF72CF821462B460D224FF65D
:10BAF000FD70009500F056F83146204602B0BDE8D2
:10BB00007040EAF7DFBF02B070BD37B50546144696
:10BB10000C2914D8DFE801F02C132C13131307138E
:10BB20001313132424006946E4F70CFA18B9012111
:10BB30006846EFF795FB41202946F5F7E3FBD4B1C2
:10BB4000204601F00DFC023004F0A5FD4FF6F7731E
:10BB5000984210D9204603B0BDE83040E9F740BC18
:10BB600040F6144040F613430B2908BF1846E3E79C
:10BB7000F2F7BCFFE3E703B030BD1FB5034608464C
:10BB800003218DF80D308DF80C1001230021ADF844
:10BB90000E20CDE9003103AA042301F048FC05B0D2
:10BBA0005DF804FB2DE9F34106460F4614461D4699
:10BBB0009DF82080FFF77EF9B04207D10022214690
:10BBC000384602B0BDE8F041FFF79FBF3A46314624
:10BBD0002046FFF7D2FFADF8060060B10D2C05D16D
:10BBE00000224FF6FF71282004F01EFD35B9BDF884
:10BBF0000600FFF789FE02B0BDE8F081012342464E
:10BC000029460DF10600E3F72BFBBDF80630002BAB
:10BC1000EDD1F0E7F7B50C46054601F0A1FB611C3C
:10BC200006462846E3F7C0FBA11C07462846FEF758
:10BC3000B1FF014604463846FAF73AFF0D2F34D1DA
:10BC40002046EAF723FF78B1301D04F024FD0446B6
:10BC50002846F67901F0E7FA31460246204603B05D
:10BC6000BDE8F040FFF745BCB01C04F014FD4FF6F2
:10BC7000F773984202D92846E9F7B2FB2046EAF763
:10BC80005FFFFFF717F9A04205D1002003B0BDE820
:10BC9000F040EAF799BF6B46B068F16803C36946A4
:10BCA0002046EAF70FFF03B0F0BD2A46394620468A
:10BCB00003B0BDE8F040FFF728BF1422002102F0D6
:10BCC0002BB92DE9F04F11F00F0704460E4615462B
:10BCD0008FB05CD10120D5F791FD09A8D5F736FDCD
:10BCE000092309A88DF82430D5F73CFD09A8D6F71B
:10BCF00055F801A909A8FBF707F926F00F08A84491
:10BD000004F1100904F10F0A454511D1236901A975
:10BD10003344236109A8FBF7D8F80020D5F76EFD5E
:10BD2000B6F1005F28BF272738460FB0BDE8F08F77
:10BD300005AA234696469446186859680833ACE825
:10BD400003004B456246F6D12B46224605F1100B07
:10BD500053F8041B5B4542F8041BF9D1714609A84E
:10BD6000FBF7B3F809A8D6F719F8224621460120B7
:10BD7000D6F7AAF8013D631E13F8012F15F8011F2D
:10BD8000534582EA01021A70F6D15D46BCE70227EC
:10BD9000CAE7F0B5174685B005460C4610220021CB
:10BDA000684602F0B9F8BFB3C4B30F2C04F00F0615
:10BDB00008D924F00F043A4621462846FFF781FFB0
:10BDC00040BB274432463946684602F0B7F8802225
:10BDD0002F6906F1100337446B44B7F5005F03F891
:10BDE000102C2F61C6F110061AD3062E1FDDFB00A2
:10BDF0001A0E8DF80A201A0C5BBA8DF80B20ADF8DC
:10BE00000C306A4610212846FFF75BFF00202B69A3
:10BE1000103B2B6105B0F0BD3E46D8E72646D6E77D
:10BE2000022E04DDFB005BBAADF80E30E9E76A468E
:10BE300010212846FFF745FF2B691022A3F11004BB
:10BE4000002168462C6102F067F8B7F5005F4FEA01
:10BE5000C403CDD2E7E770B50E46054686B001A80B
:10BE60001446FFF72AFF3246294601A8FFF791FF43
:10BE70002246054601AB05AE1C4603CCB442106019
:10BE80005160234602F10802F6D1284606B070BD83
:10BE9000EAF738BF0A460021EAF734BFF0B58BB0A5
:10BEA0000C4601A9EAF72EFF054680B325220021A2
:10BEB000E01C02F031F80123A3700E23BDF81070CE
:10BEC0002380FA0510D523464FF4877206AE23F877
:10BED000042B0DF1280C324603CA624518605960E4
:10BEE000164603F10803F6D13B0605D5238843F037
:10BEF00080032380069B636001AB03CB039BC4F8E4
:10BF00001D00C4F82110A361ECF702FA6061284615
:10BF10000BB0F0BD30B505460C4687B001A8D5F78B
:10BF200015FC2868696802AB03C39DF8113043F023
:10BF300002028DF8112074B12288510644BF43F0EB
:10BF400006038DF81130530542BF9DF8113043F0C0
:10BF500008038DF8113001A8FAF76AFFB0FA80F0F3
:10BF6000400907B030BD70B58AB00D46002201A966
:10BF70000446EAF7C7FE88B1204604A9FFF7CAFFC6
:10BF800060B1BDF81060FEF795FF38B9720601D5B3
:10BF9000730503D529462046FAF7ACFD0AB070BDFB
:10BFA0002DE9F3410F460546164603F0B3FE4FF068
:10BFB0000008C41BE4B2294623463A463046CDF871
:10BFC000008004F0B0FB0121284603F0BFFE88B1D9
:10BFD0000121284603F0BAFE074603F09BFE054602
:10BFE000C3B2424630193946CDF8008004F09BFBBD
:10BFF0002544ECB2204602B0BDE8F0812DE9F04FB7
:10C0000085B00C46054691461F464FF0010ADDF803
:10C0100038809DF83CB003F07DFE22463B46294621
:10C020000646CDF800A0484604F07DFB5146284660
:10C0300003F08CFE3C4418B35146284603F086FEBC
:10C04000F6B2B442814610DAE7B2F31BDBB24046E7
:10C0500022462946CDF800A003935F4404F063FB19
:10C06000039BBF1B984407F0FF0B012300220E9394
:10C0700049465B46404605B0BDE8F04F04F053BB6F
:10C080005B4622462946CDF838A0F3E72DE9F0417A
:10C09000002686B0074608460C4615469846CDE968
:10C0A000026604968DF8146003F034FE411BCBB297
:10C0B0000D2B28BF0D232A462146009602A804F026
:10C0C00032FB424602A93846EBF7ACF80646294651
:10C0D00020469DF80820E3F77BF9304606B0BDE81E
:10C0E000F0812DE9F04F0F461546ADF5057D0DF1B8
:10C0F000100881464246294638469A46FFF750FFC7
:10C10000041FE4B2F82C04D900200DF5057DBDE82C
:10C11000F08F5545F8D8B9F1000F36D0AAEB0506D7
:10C12000F6B2B4420ED904230193A5EB0A032344CB
:10C13000DBB208EB06020093012100238E980292E5
:10C14000D5F7AAFE4FF0040B0DF5887A3346424628
:10C150000121CDE9004B8E98CDF808A0D5F79CFEC3
:10C160005A468F990AEB040001F0ACFE0346002802
:10C17000CAD1B9F1000F06D0024629463846CDE9AA
:10C180000084FFF73BFF0120BFE72646DAE72DE9F1
:10C19000F04F0E46CBB00121054617461C4603F072
:10C1A000D5FD23463A462946814606A8FFF76EFF8D
:10C1B0000DF1280A00EB070B5246314628465FFA7C
:10C1C0008BFBFFF7EDFEB34503D200204BB0BDE87B
:10C1D000F08FABEB06085FFA88F808F10403984289
:10C1E000F3DB331F18440423C4B20193A31BDBB257
:10C1F0000093524643460021CDF808A006A8D5F783
:10C200004BFE0028E1D1A4EB0B040AEB0803E4B2D7
:10C21000524628463146009301944346FFF7EEFE0E
:10C2200039462846E3F7C0F8394600F0F8022846B8
:10C23000E3F7CEF80121284603F088FD002818BF57
:10C240004D462846ADF8165003F064FD011FC9B2F3
:10C250000DF11600FEF763FC0120B7E72DE9D84188
:10C26000064601F008F9411C044689B2304601F047
:10C27000D5F890B321463046E3F796F800F00C036A
:10C28000042B074629D000F00308B8F1020F00D1B3
:10C290001BBB384601F070F93B060444A4B216D526
:10C2A000611C304689B201F0B9F8B0B12146304680
:10C2B000E3F77AF8B8F1010F014600F003030CD060
:10C2C000032B0AD0384601F066F903199CB22146C7
:10C2D0003046BDE8D84101F0A1B80020BDE8D881C2
:10C2E000F8B5064601F089F805460446304601F0E7
:10C2F00037F843785B0718D5AC1CA4B2214630460A
:10C3000001F08CF8B8B129463046E3F74DF80746FE
:10C31000691C304689B2E3F747F81FB1874201D85C
:10C32000FF2808D104EB4704A4B221463046BDE8FB
:10C33000F84001F073B80020F8BD13B5044601A819
:10C34000EBF7B6F9BDF80430DA0710D49B0707D431
:10C3500010220021204602B0BDE8104001F0DCBDF3
:10C36000224621461020FFF776FD0028F0D102B0CA
:10C3700010BD024608B5EBF7C7F9510544BF0838B0
:10C38000C0B2130544BF0838C0B208BD0146012041
:10C39000ECF78AB9F0B5D30705460C468BB04AD501
:10C3A000008801F068F800230646029314B9CDE92D
:10C3B000034403AC002208212046FEF704FDA8B187
:10C3C000288800F0CDFF023004F065F921460746C9
:10C3D000E3F7B8FD50B1002240231146384600F083
:10C3E00052FB40F6094528460BB0F0BD314628887F
:10C3F000E2F7DAFF10F0030F0CBF01260026EAF780
:10C40000C5FC46EA4000C0B200900021204602ABC5
:10C4100005AAECF7FDFB0546EAF7B8FC0028E2D0D8
:10C42000002DE0D000212046009602AB05AAECF7D3
:10C43000EFFB0546D7E740F60A45D4E72DE9F04F74
:10C440001D4600238BB00C4617460646ADF8243037
:10C4500010B1A1F10904E4B2002221463846FEF7EA
:10C4600058FAADF82600002800F0B8800021E2F765
:10C470009BFF830640F1B480002003F04BFC804614
:10C48000002003F02BFC0023024600934FF6FF70C0
:10C4900004235FFA88F100F016FFADF824000028AD
:10C4A00000F098800EB10534E4B204F1100109A83F
:10C4B000FEF735FB044600284ED103461021BDF897
:10C4C0002620BDF824000095FEF751FBBDF826207C
:10C4D000002E104614BF4FF0050B4FF0000BBDF8B7
:10C4E00024A0079203F016FC05F11009401B80B24E
:10C4F000CB442B465946079A00905046FEF737FB2F
:10C500000DF123030193149BCDE90344029400939E
:10C510001020234609AA5FFA89F18DF82360EBF712
:10C520000DFFC8460446B8B9BDF824002EB303F089
:10C53000F1FBA0F11005EDB229460DF12600FEF742
:10C54000EEFA002848D110232146BDF82420BDF87A
:10C5500026000095FEF70BFBBDF826504DB128468E
:10C5600003F0D8FB0022034629463846009204F027
:10C57000DAF820460BB0BDE8F08F4946E2F714FF29
:10C5800010F0200FBDF8240014BF4FF00D094FF03C
:10C59000050903F0BFFBC5F1F0060644A6EB09064A
:10C5A0002146BDF82420BDF82600F6B210230095E0
:10C5B000FEF7DDFA2946BDF82600BDF824200096D6
:10C5C00009EB0803FEF7D3FAA9190DF12600FEF7CF
:10C5D000A6FAC1E71924BFE70446BDE71924C8E756
:10C5E0000224C6E701461A2308220120E2F798BF79
:10C5F00000231A46ECF768BA38B5002204460D4607
:10C60000FEF7E1FB50B9FF2229462046FEF7DBFB8F
:10C6100080F00100C0B200F0010038BD0020FAE750
:10C6200030B58BB005AD04462846D5F78FF8022308
:10C63000284601A98DF81430FAF766FC234601AAB2
:10C64000144603CCAC4218605960224603F108033B
:10C65000F6D10BB030BD08B5002302461946184686
:10C66000ECF732FA012008BD37B504466846ECF70E
:10C67000A1FA054648B108222146684601F022FC8D
:10C68000B0FA80F0400903B030BDFF2208212046F7
:10C69000FEF799FB034628B106212846FFF7A8FFBD
:10C6A0000120F0E722460146ECF70EFAF8E707B55D
:10C6B0006846ECF77FFA10B16846FAF7D6FD00F04D
:10C6C000010003B05DF804FB0120ECF79DBF70474B
:10C6D00037B50446084600F080FD0546FEF7EAFB44
:10C6E00000230146009322462B460120F2F756FC18
:10C6F00003B030BD2DE9F04114464FF0010894B06D
:10C7000006460FA80F46D5F721F801A88DF83C8002
:10C710000BADD5F7EFF8F4B1002329460FA803AC11
:10C720008DF83D30FAF7F0FB95E80F0084E80F0034
:10C730009DF80650334604F11006224603CAB24261
:10C7400018605960144603F10803F6D100203D70CB
:10C7500014B0BDE8F08129460FA807AC8DF83D80E4
:10C76000FAF7D2FB95E80F009DF8075084E80F0018
:10C77000E0E730B50124054689B003A8D4F7E6FF09
:10C7800001A88DF80C40D5F7B5F89DF806209DF866
:10C790000730AA4209D0AB4209D103A88DF80D4059
:10C7A000D5F7FCFA012009B030BD0024F5E70020E0
:10C7B000F9E7002208B511461046EDF78BFABDE8FF
:10C7C000084000214FF6FF70FFF712BF0022102132
:10C7D000FEF7F9BA7FB50D4602460D2317216846CC
:10C7E000F9F762FC6B462A4602AE1C4603CCB44203
:10C7F00010605160234602F10802F6D120681060F3
:10C800002379137100236B7304B070BDF0B585B04C
:10C810006C4606460B46224601F108072546186875
:10C820005968083303C5BB422C46F7D11868314616
:10C8300028601B7917202B710D23F9F73EFC05B0FA
:10C84000F0BD38B504460D46D4F722FBA04205D909
:10C8500020462946FFF7BEFF002038BD2820FCE710
:10C8600030B5002485B08DF80040D4F711FBE5B257
:10C87000A84204D8EEF758FB002005B030BD694649
:10C880002846FFF7C3FF0134EFE738B50446002020
:10C8900003F014FCFF2805460FD003F097FC10F0BE
:10C8A000010009D0284603F091FC400840EAC1701D
:10C8B00080F0010000F0010038BD04F00100FBE74A
:10C8C0000146F8B506460020EEF768FAFF2801D0C9
:10C8D0000120F8BDD4F7C0FA00240546871CD4F720
:10C8E000BFFAE3B2984201D80020F2E735F82430CD
:10C8F000B34203D117F82430002BE9D10134EEE71D
:10C9000038B50D460121044603F020FA30B101216B
:10C91000204603F01BFA2880012038BD20462C80D9
:10C9200000F07AFE0130C0B2F7E72DE9F04788B099
:10C930000746894610460DF10A011D469046FFF74D
:10C94000DFFF4FF0000ABDF80A6004463046CDE92B
:10C9500005AACDF81BA003F0DDF9031BDBB20B2BFE
:10C9600028BF0B2322463146CDF800A005A803F0CE
:10C97000DAFE48F21F039D4243D00BD885F40043F2
:10C98000012B15D923464246494628460097FAF717
:10C99000C2FC33E048F23A039D42F3D1FEF78AFA33
:10C9A000B8422BD02246414605A8F3F7DBFF25E02D
:10C9B0009DF8143013BBBDF81D40DDF81500DDF8FF
:10C9C000191003AB03C3204603A9D4F7EFFB0122E0
:10C9D000204603A9EAF72CF9A74206460ED001210A
:10C9E00003A8EEF73DFC48F201039D4206D12EB9A3
:10C9F000334632463946204600F052FF08B0BDE8C3
:10CA0000F0879DF81450002DF8D12F469DF8158021
:10CA10000234EAB24245F1D2D200D2B22244082313
:10CA2000314692B2009703A8CDE9037703F07BFE6D
:10CA300003A8F0F7F3FC03F071FB00F0F3F8013505
:10CA4000E7E708B5E2F7F2FCBDE80840EEF74CBEB8
:10CA500010B50024418084800480C280038110BD11
:10CA600013B5BDF81040CDE900340023EEF7A4FF64
:10CA700002B010BD13B5BDF8104001900094EEF760
:10CA80009BFF02B010BD07B500930123FFF7F2FF33
:10CA900003B05DF804FB0121F0F7EEB901464FF653
:10CAA000FF70F0F70BB910B50C4603F037FBFF2809
:10CAB00008D0F0F79BFC20B1036823604368012095
:10CAC000636010BD0020FCE710B5044600F056FB83
:10CAD000B0F5006F204605D100F063FBBDE81040C3
:10CAE00003F01CBB00F079FBBDE8104003F0A5BECD
:10CAF00008B503F013FBFF280CD003F067FB10F020
:10CB0000010309D0400840EAC17080F0010000F044
:10CB1000010008BD0020FCE71846FAE708B5F0F769
:10CB20000DFF002008BD30B585B005460C46D4F792
:10CB3000BBF9A8421CD92068616801AB03C36389B3
:10CB4000ADF80C30237A022B10D0DA1E5342534139
:10CB5000DA0000231A4318208DF80E200B232946F3
:10CB600001AAF9F7AAFA002005B030BD0022F1E7CA
:10CB70002720F9E71FB502460B2301A81821F9F772
:10CB800093FA9DF80E0005B05DF804FB30B589B04E
:10CB900001F0010503A90446F1F742F89DB190B9EF
:10CBA000204603F013FB10F0010109D0204603F0EA
:10CBB0000DFB430843EAC17383F0010303F0010155
:10CBC00003A8EEF74DFB2046F2F704F89DF8143069
:10CBD000294600932046BDF8162003ABF9F73AFF2B
:10CBE00009B030BD30B585B00C460546F0F7E6FB20
:10CBF000A04215D04FF6F7739C4211D80B232A465A
:10CC0000182101A8F9F750FA294618200B2301AA88
:10CC1000ADF80C40F9F751FA21462846F0F720FC10
:10CC200005B030BD10B50446D4F73EF9A0420FD987
:10CC30002046F0F7C3FB4FF6FF73984208D020461A
:10CC40000021FFF7A3FF2046BDE81040F1F740B8F0
:10CC500010BD03F063BAF0F7B1BB4FF6FF73984213
:10CC600010B50C4605D003F0CFFDFF2801D0E4F746
:10CC70008DF834B12046BDE810404FF6FF71E4F75F
:10CC800089B910BD38B501460546002003F016FAF3
:10CC900004464FF6FF712846E4F77CF9FF2C04D0D8
:10CCA0002046F1F715F8002038BD0120FCE710B54B
:10CCB0000446FEF7FFF8002102462046BDE810407A
:10CCC000F1F776B92DE9F04114460F46054698462E
:10CCD00000F046FB0646043003F0DDFC20802846C9
:10CCE00000F0A1FA6080B379791CE372C9B22846DA
:10CCF000E2F75AFBB91CA072C9B22846E2F754FB0E
:10CD0000FE1C2072F6B2B8F1000F18D0314628464A
:10CD1000FDF740FF0537FEB23146A0802846FDF7FB
:10CD200039FFB11CE080C9B22846E2F73DFB6072D2
:10CD3000217AA0880122BDE8F041F1F759BE208890
:10CD4000EAE72DE9F04186B090461E4604460D46BE
:10CD5000FEF7B0F84FF6F7739845074632D805232B
:10CD6000A0428DF80C304FF0010214BF01230023C4
:10CD70004FF0000118BF8DF80D30CDE9002114BF30
:10CD8000ADF80E008DF80D30284614BF04230223A1
:10CD900003AA00F04CFB0546A0B1A7421AD000F050
:10CDA000DFFA074621460430803E03F076FC204639
:10CDB000FE7104A9FFF777FE40B9204604A9E2F707
:10CDC000C9FD18B9002006B0BDE8F081284604A9C5
:10CDD00000F0B3FB41462846FEF7ACFDF3E70379CC
:10CDE00023F00303194301F03F010171704707B5B8
:10CDF0000DF10701F1F7A2FC03B05DF804FB08B5E3
:10CE0000FFF7F5FF18B1BDE80840F1F7E7BC08BD32
:10CE100000224FF6FF701146F1F7EABD10B5044647
:10CE2000FFF7E5FF024638B901462046F1F7E0FD7D
:10CE3000003818BF012010BD0120FCE7F8B51746E7
:10CE400004460E46FFF7D3FF0546386068B1037904
:10CE500003F00303337023B93A68137903F03F03F7
:10CE600013713B685C882046F8BD01462046FEF7FA
:10CE700012FB074628B1E4F7F5F9874201D835706F
:10CE8000F1E731462046FAF740FA0028EBD00323B9
:10CE90004FF6FF743370E6E707B501AA0DF1030101
:10CEA000FFF7CCFF9DF8033053B9019828B10379FF
:10CEB00013F0300F14BF0120002003B05DF804FB15
:10CEC0000020FAE72DE9FF41064610468846154640
:10CED000F0F7A4FA0746FDF7EDFF044648BB4FF60E
:10CEE000FF739E4225D09F4206D00146384604B0CB
:10CEF000BDE8F041E7F7EABD07238DF804302B6861
:10CF00000246CDF805306B68092101A8CDF809303B
:10CF1000FDF7FFFC024618B9192004B0BDE8F08106
:10CF2000012341463046EDF767F80028F4D020464B
:10CF3000F3E70220F1E7F1F78BBE07B50246694639
:10CF40004FF6FF70F1F784FE03B05DF804FB2DE9A6
:10CF5000F04390460F4606464FF0010991B00BA8EA
:10CF600003ADD4F7F3FB07AC29460BA8ADF82C9022
:10CF7000F9F7CAFF95E80F0084E80F004B4600223E
:10CF800039463046CDE90048EDF74EF911B0BDE81D
:10CF9000F0832DE9F04F002785B081460C467E20B6
:10CFA00039469846BDF83CB09DF844A0BDF84C50B9
:10CFB0000192ADF80E7002F005FF0646002800F061
:10CFC000AA8002F08BFE39467E2200F0A5FF304693
:10CFD00002F084FE0090304602F080FEB9F1FF0FAF
:10CFE0000CBF274644F003073B0A14F44062077065
:10CFF00043705FD14FF00808C31C184642460199A0
:10D0000000F070FF034604F44044434484B17906C1
:10D0100006D419464FEA1B2201F802BB5A700B4690
:10D02000B4F5004F56D0A4F5404254425441E400B8
:10D03000224618460E9900F055FF009A03462044F8
:10D04000A0EB02085FFA88F89DB14FF47C521A53A6
:10D05000841C284602F042FE8346284602F05AFE0F
:10D06000C5B22A465946204600F068FF60190235CD
:10D07000EDB2B9F1FF0F2FD05246109900F8019B85
:10D0800000F05CFF08F101015AFA81F129443046B1
:10D09000E2F77CF80C210022FF0007F08007104621
:10D0A000394300F03BF9ADF80E00E8B9002005B0B7
:10D0B000BDE8F08FB2F5006F80F803804FEA1828C2
:10D0C00080F8048000F1050314BF4FF008084FF00A
:10D0D000020892E70224ABE708EB0A012944304634
:10D0E000E2F754F80821D6E7304602F0F7FD04468F
:10D0F000304602F00FFE0123024621460DF10E00DC
:10D10000E2F7AEF80028D1D10121BDF84820BDF8E2
:10D110000E0002F02FFEBDF80E00C8E710B50C4659
:10D1200002F0DCFD048010BD38B50C46154602F057
:10D13000D5FD03881DB11C43A1B2018038BD23EA8F
:10D14000040189B2F9E708B502F0C8FD008808BDFE
:10D1500008B502F0C3FDC07808BD08B502F0BEFDF9
:10D16000008800F00C0008BD08B502F0B7FD00888B
:10D1700000F00C00031F5842584108BD38B5054661
:10D1800002F0ACFD04462846FFF7EEFF30B904F18B
:10D19000100003F080FA00F4406038BD4FF40060E6
:10D1A000FBE738B5054602F099FD04462846FFF72F
:10D1B000DBFF014648B910342046042202F0CEFCC1
:10D1C0002044BDE8384003F066BAA08838BD10B5E9
:10D1D0000C4602F083FD848010BD38B5054602F090
:10D1E0007DFD04462846FFF7BFFF014608B1201D1C
:10D1F00038BD10340422204602F0B0FC2044F7E78A
:10D2000038B5054602F06AFD04462846FFF7ACFF34
:10D2100030B904F1100003F03EFA00F4404038BD8C
:10D220004FF40060FBE738B5054602F057FD0446B1
:10D230002846FFF799FF014648B9103420460622D8
:10D2400002F08CFC2044BDE8384003F024BAA088EA
:10D2500038BD38B5054602F041FD04462846FFF7C3
:10D2600083FF014608B1201D38BD10340622204638
:10D2700002F074FC2044F7E708B502F02FFD007AB5
:10D2800008BD08B502F02AFD90F9090008BD08B5EF
:10D2900002F024FD807A08BD08B502F01FFDC068C9
:10D2A00008BD10B50C4602F019FD047210BD10B592
:10D2B0000C4602F013FD447210BD10B50C4602F08E
:10D2C0000DFDC46010BD2DE9F8430F4680460021D6
:10D2D00007F110001646994602F074FD0446D0B1DD
:10D2E00002F0FCFC0546204602F014FD0021024637
:10D2F000284600F011FE00232046AB7049F00401DF
:10D30000FFF70CFFA5F804802EB13A46314605F12F
:10D31000100000F013FE2046BDE8F883F8B505467E
:10D320000F461020002102F04DFD0446B0B102F07E
:10D33000D5FC0646204602F0EDFC002102463046B0
:10D3400000F0EAFD002339462046B370FFF7E6FE01
:10D3500025B12A460121204602F00CFD2046F8BDE9
:10D3600008B502F0BBFC103008BD08B502F0D2FCD5
:10D370001038C0B208BD10B50C46098821B908465E
:10D38000F2F788F9208008B1012010BD0220FCE7E7
:10D390002DE9F7430F4601218146164602F0D6FCDF
:10D3A000054658B1FDF7D4FB308088B9284602F015
:10D3B000B1FC68B1192003B0BDE8F083484602F023
:10D3C000A9FCFF2FA0EB0704E4B214D014B93480F9
:10D3D0000020F0E72A4621462846FDF79AFA8046C3
:10D3E0000028E7D03B464A4629460094FDF7BFFB9C
:10D3F000A6F80080ECE70120DDE708B5FFF7B0FFF5
:10D40000437803F001001A074CBF10300830DB06E8
:10D4100044BF0830C0B21030C0B208BD10B50C46D1
:10D4200002F078FCA04234BF0020012010BD7FB57F
:10D4300014460091024641F2092141F609209DF867
:10D4400020601D46002E18BF0146099B0020F2F700
:10D4500043FEADF80E0010B9002004B070BD0123EA
:10D460002A4621460DF10E00E1F7FAFE0028F3D11D
:10D47000BDF80E00F1E738B50546FFF7BEFF0446DC
:10D480002846FFF76DFF43785B0707D521462846FE
:10D49000E1F78AFF013004EB4004E4B2204638BDD6
:10D4A0001FB5ADF80E0002F035FC0446BDF80E00C5
:10D4B000FFF7E1FF00F10E03DBB2E4B2BDF80E208E
:10D4C0000146E01A80B200901046FDF750FBA4F12F
:10D4D0000E0189B20DF10E00FDF721FB04B010BD65
:10D4E0004278034612F0080006D0D20702D403F1B6
:10D4F0000800704703F10900704737B505460C4630
:10D50000FFF72EFF437813F0100212D09CB103F006
:10D5100001021B074FF000032946009320464FF0FD
:10D52000080354BF1832203203F0FDF8012003B085
:10D5300030BD1046FBE72046F9E773B505460C46BB
:10D54000FFF70EFF437813F0100211D094B10126BB
:10D5500003F001021B0729464FF00803204654BF81
:10D5600018322032009603F0DEF8304602B070BD6B
:10D570001046FBE72046F9E700F00303012B08D033
:10D58000C30606D400F00C000C2814BF08200920A4
:10D59000704702207047034611F0030005D003F0E6
:10D5A0000303022B14BF022003207047F8B507467F
:10D5B0000D46E1F7F9FE0646FFF7DEFF33060446A7
:10D5C0000AD5411989B23846E1F7EEFE01463046E8
:10D5D000FFF7E1FF0444E4B22046F8BD70B506460B
:10D5E0000D46FFF7E3FF294604463046E1F7DCFE2F
:10D5F00082060FD56119304689B2E1F7D5FE00F0F9
:10D600001803082B14BF05340634E4B2830644BF64
:10D610000834E4B2204670BD38B50546FFF72BFF4D
:10D62000044601462846FFF7D9FF2044C0B238BD62
:10D630002DE9F04387B005460C46FFF791FE804682
:10D6400003F029F807462846FFF715FF064601466E
:10D650002846FFF7ABFF00220346009229463246D8
:10D6600002A803F060F89DF8086006F00C030C2B8C
:10D6700006F003090BD0B9F1010F59D0F10657D4C8
:10D680009DF809300DF10A050020637107E0FF23C2
:10D690000DF10900637102F0FEFF0DF10B05208111
:10D6A00098F80130DA0704D508F1020002F0F3FF20
:10D6B0002081B9F1010F5FFA89F83DD0F3063BD420
:10D6C000284602F0E8FF6080A81C02F0E4FF053560
:10D6D00015F8013C208023712B78B006A37206F068
:10D6E000400348BF43F02003390627D543F40073B5
:10D6F000F80448BF43F48063390548BF43F400632E
:10D700003206E38011D56A7812F003020DD06FEA79
:10D7100043436FEA5343A978B8F1020FE3800B4605
:10D7200011D1EB7841EA0321218107B0BDE8F083F4
:10D73000FF230DF10905A7E7FF23CCE77A0648BFD1
:10D7400043F48073D4E7012A04BF0B029BB2238108
:10D75000EBE773B50546E6F711F806462846E5F708
:10D76000B3FF04463EB330B32846E2F7C3FC00964D
:10D770000246234600212846F2F72AF80646D0B191
:10D78000FFF7EEFD0446304602F0A8FA04F10D0260
:10D79000121A002331460820D2B2F8F73FFF0138B1
:10D7A000C0B2012807D801223146284602B0BDE8A0
:10D7B0007040E2F7D5BC02B070BD00B589B00B4631
:10D7C00005226946F3F75AFC023818BF012009B058
:10D7D0005DF804FB037810B5044643B901220270DA
:10D7E000427843601A2A03D1D3F79AFB208110BDF7
:10D7F0000370FCE738B50378044663B90122027070
:10D80000427843601A2A0CD10589D3F789FB8542F7
:10D8100002D92123636038BD207ABDE83840D3F7B0
:10D8200085BB0370F7E7F9F747B9002070477047E9
:10D83000F0B505462F4687B00C4602A8592116467A
:10D8400002F02BFF37F8021B0DF10A0002F025FF52
:10D850000022D5F80200796803AB03C3AB890F211E
:10D86000ADF814306300CDE9002203F0FE03324628
:10D8700002A88DF81640DFF7CBFE07B0F0BD0021FF
:10D8800008B5084602F09EFA00280CBF19200020B7
:10D8900008BDF3F7A5BC0020F3F700BDF3F7D4BD36
:10D8A0000BB1F3F73DBE0AB9F3F7B6BEFF21F3F7AC
:10D8B000DFBD70B50546837808462E460C4600F855
:10D8C000013B36F8041B02F0E8FE08223146E01C5A
:10D8D00000F008FBEB780120E3722B7B04F10E01D2
:10D8E00023736B7B63732A69F9F7A4FD6A690120CE
:10D8F00004F11201F9F79EFD298B04F1160002F0E4
:10D90000CCFE082205F11C0104F1180000F0EAFA2F
:10D91000A98C04F1200002F0C0FEE98C04F1220081
:10D9200002F0BBFE95F8283084F8243095F82930B1
:10D9300084F8253095F82A3084F8263095F82B3075
:10D9400084F8273070BD0B4611461BB1012B03D064
:10D9500021207047F4F76AB8F4F77CBAF0B50746AF
:10D960000D4695B00021144601A84C221E4600F039
:10D97000D3FAB62101A802F090FE38460DF1060157
:10D98000FFF797FF0DBB23686189CDF82F306368DF
:10D990000EA8CDF83330237A8DF82E508DF837301D
:10D9A00002F07BFEA1890DF13A0002F076FEE389D8
:10D9B000ADF83C3030460DF13E01FCF70CFA4C213D
:10D9C00001A8FCF751FC15B0F0BD01238DF82E30F5
:10D9D000F0E713B50446B721684602F05EFE224622
:10D9E0000DF102010120F9F725FD06216846FCF73B
:10D9F0003BFC02B010BD30B504460D468BB001A80B
:10DA0000B82102F04AFE21880DF1060002F045FE21
:10DA1000618802A802F041FEA1880DF10A0002F01F
:10DA20003CFEE18803A802F038FE21890DF10E00CA
:10DA300002F033FE618904A802F02FFEA1890DF1E6
:10DA4000120002F02AFE284605A9FCF7C4F922219B
:10DA500001A8FCF709FC0BB030BD10B504468CB032
:10DA600001A8BB2102F019FE20460DF10601FFF7C7
:10DA700020FF2A2101A8FCF7F7FB0CB010BD70B500
:10DA80001646FF2204460D46FDF79DF9024610B1E9
:10DA900046B9022070BD29462046FDF794F90028BA
:10DAA000F6D1F7E720466908BDE87040F8F7B8BF3F
:10DAB00070B50646144608461A4608211D46FFF76B
:10DAC000DEFFA0B92A4602213046FFF7D8FF70B921
:10DAD0002278531EDBB2FD2B0AD80120904020F0A3
:10DAE000FF6020F4FF20003818BF0120400070BD07
:10DAF00019232370FBE708B500F0AEF9002008BD3C
:10DB0000002230B58DB00346CDF826200846CDF86A
:10DB10002A20ADF82E2041F6063200F12504ADF89A
:10DB2000042001F115020DF1060152F8045BA24236
:10DB300041F8045BF9D10DF1160203F1100153F81D
:10DB4000044B8B4242F8044BF9D100F085F901A84F
:10DB5000ECF77CF90DB030BD0021002814BF012284
:10DB600002220846FDF70FBC0020E0F7D5BE37B50E
:10DB700004466846FDF788FD08226946201D00F02E
:10DB8000A1F9D0B92588FDF7B2F9854215D1FDF785
:10DB900023FE0246607B131A002BB8BF5B42C82BE2
:10DBA00013460CDD824228BF0346DBB29A4204D002
:10DBB000FDF72CFEA078E4F787FC03B030BD82426D
:10DBC00038BF0346F1E710237F221D21F8F76CBA16
:10DBD00028237F221E21F8F767BA10B50C46FFF7FD
:10DBE000F2FF2046BDE81040FFF7F2BF02461023C7
:10DBF0007F211D20F8F761BA08B500F0F1F880F434
:10DC00008070C0F3002008BD10B5044600F0E8F8AD
:10DC100020F00200204380B2BDE8104000F0ECB8D4
:10DC200008B5F3F767FF012806D0022806D00328BD
:10DC300014BF0220062008BD0420FCE70520FAE7F7
:10DC400030B5154689B00022FCF763FE0446E0B10A
:10DC50000146002307220920F8F7E0FCB8B1FDF7E0
:10DC600046F9034600200122CDE901304FF6FF734B
:10DC7000CDE9050200934CF621422B46FF21CDE968
:10DC80000304FDF765F909B030BD1920FBE740F644
:10DC90000140F8E773B5002315460C4606460A46D0
:10DCA000009301460823281D02F03DFD04F1080100
:10DCB0003046C9B2E1F778FB04F109016873C9B2D3
:10DCC0003046E1F771FB04F10A01A870C9B2304691
:10DCD000FCF760FF288002B070BD00B58BB06846CD
:10DCE00000F098F801209DF80430984080B20BB005
:10DCF0005DF804FB10B50446FFF7EFFF2040C30BAF
:10DD00000DD10E235A1C01D1FF2007E020FA03F1A8
:10DD1000C90703F1FF3204D558B2C0B210BD0F20BD
:10DD2000FBE71346EEE7024610237F211D20F8F79C
:10DD3000C4B91FB5102368467F221D21F8F7B4F936
:10DD40009DF80E0005B05DF804FBF0B507460E46E1
:10DD5000154685B01C467F2210231D216846F8F722
:10DD6000A3F9BDF80430BDF80C203B80BDF80630A7
:10DD70003380BDF808302B80BDF80A3023800A9B21
:10DD80001A8005B0F0BD2DE9FF410E4615461C4630
:10DD90000746BDF8288018B14FF6F77399421DD891
:10DDA000B5F57F4F1AD214B1B8F57F4F16D21023B4
:10DDB0007F221D216846F8F777F96846ADF80470B0
:10DDC000ADF80660ADF80850ADF80A40ADF80C802B
:10DDD000FFF7A9FF002004B0BDE8F0810120FAE7B9
:10DDE0001FB5102368467F221D21F8F75DF9BDF8A5
:10DDF000000005B05DF804FB1FB5044610237F2228
:10DE00001D216846F8F750F968460094FFF78BFF2C
:10DE100004B010BD10B590B004467F221E2106A8A4
:10DE20002823F8F741F9002323609DF81C3001A84E
:10DE30002371D3F78BFC052301A8E1188DF804307A
:10DE4000F9F762F8062304F1150101A88DF80430F2
:10DE5000F9F75AF810B010BD002310B590B0069332
:10DE6000037906AA04467F218DF81C301E20282342
:10DE7000F8F723F901A8D3F769FC01A8D3F772FCDE
:10DE8000052301A8E1188DF80430F9F71EF80623E0
:10DE900004F1150101A88DF80430F9F716F810B057
:10DEA00010BD1FB57F221D2168461023F8F7FCF82E
:10DEB000009B684643F480730093FFF734FF05B07E
:10DEC0005DF804FB0139024410B5904201D10020F5
:10DED00005E0037811F8014FA34201D0181B10BDD3
:10DEE0000130F2E7884210B501EB020402D9844206
:10DEF000234607D8431EA14208D011F8012B03F88E
:10DF0000012FF8E7024401468A4200D110BD13F800
:10DF1000014D02F8014DF7E702440346934200D158
:10DF2000704703F8011BF9E710F8012B11F8013BCA
:10DF3000012A28BF9A42F7D0D01A70470A44431EDC
:10DF4000914200D1704710B511F8014B914203F88E
:10DF5000014FF9D110BD431C08BF0020D6F7B2BA5B
:10DF6000014B1868704700BF384400200A4B1B6FF4
:10DF700003F00703013B032B03D8DFE803F00A0398
:10DF80000608FEE7054B18687047054BFBE7054898
:10DF900070470548704700BF00800050384400209B
:10DFA0004044002080D54302002D310108B5FFF721
:10DFB000DDFF054B1B6FC3F303330133B0FBF3F0FD
:10DFC000024B186008BD00BF0080005034440020A0
:10DFD0000048704700B4C40400487047002D310168
:10DFE000014B1868704700BF40440020004870474C
:10DFF00080D543024FF40022184B5A664FF0B443C9
:10E000009868C0F304400C280AD8DFE800F00B0938
:10E0100009090909072119091B1D1F00104870472C
:10E02000002070479B6803F04073B3F1807F11D0EC
:10E03000B3F1007F10D00B4A002B08BF1046704789
:10E0400009487047094870470948704709487047B0
:10E0500009487047094870470948704700900050C8
:10E06000405DC60000093D00C0EA210180BA8C0174
:10E070000048E801005A62020024F40080841E0077
:10E0800040420F00014B1868704700BF3C4400201D
:10E09000034B5868C0F30800003818BF01207047D0
:10E0A00000ED00E00A4A08B5127852B107280AD8F4
:10E0B000084A02EB00131B7B3BB1CCF787FC002026
:10E0C00008BD0548FCE70548FAE70548F8E700BF42
:10E0D000E53B002008190020028000F0018000F0DC
:10E0E000078000F00B4A10B512780C4662B1072881
:10E0F0000CD859B1084A02EB00131B7B43B1CCF793
:10E1000077FC2070002010BD0448FCE70448FAE7C3
:10E110000448F8E7E53B002008190020028000F0E1
:10E12000018000F0078000F00B4A10B512780C4611
:10E1300062B107280CD859B1084A02EB00131B7BC7
:10E1400043B1CCF76DFC2060002010BD0448FCE713
:10E150000448FAE70448F8E7E53B002008190020E6
:10E16000028000F0018000F0078000F00122437877
:10E1700001789A4030235943014B5A50704700BFF1
:10E1800040D00350034B5A68D20702D5DA69002AFF
:10E19000F9D1704700800A5008B9014B59647047A3
:10E1A00000900A5008B9014B5964704700A00A500A
:10E1B00008B9014B1964704700A00A5010B9024B0E
:10E1C000186C70470020704700800A5048B911B1A0
:10E1D000012903D07047044BD86C7047024B186D6F
:10E1E00070470020704700BF00800A5040B911B14D
:10E1F000012903D07047034BDA647047014B1A655D
:10E20000704700BF00800A5010B9024B586D70472C
:10E210000020704700800A5008B5C0B14FF48062FA
:10E220000C4B9A66BFF34F8F02F0A8F84FF098435B
:10E230005A6CD202FCD54FF48062586D064B10F434
:10E2400070209A6604D0BDE80840F6F7F0BD2120A2
:10E2500008BD00BF0090005000A0005007B500F0BE
:10E26000CFFC6A4600F02CFD18B14821034800F0AD
:10E2700007F8DDE9000103B05DF804FB2410040891
:10E2800008B502460B4600200349F7F7D1FBBDE86D
:10E29000084002F009B900BFF71304080329F8B5D4
:10E2A00098BF124B05460E468CBF00245C5C0328C9
:10E2B00005D8DFE800F002080B0E44F002040C4B16
:10E2C0001F684FB9F8BD44F00804F8E744F0200493
:10E2D000F5E744F08004F2E77B681A68144203D043
:10E2E000314628465B6898473F68EAE7C61A040843
:10E2F0006C210020054B1A782AB95B78002B0CBFE3
:10E300000320022070470120704700BF123D00200B
:10E3100038B5104D2B78ABB10F4C23781BB100F002
:10E3200047FA00232370002000F06AFA0B4C50B12A
:10E3300000F070FA0023012120782B70FFF7AEFF68
:10E340000123237038BD0122054B1A702278054B3A
:10E350001A70F7E70D3D00200B3D0020143D002012
:10E360000E3D00200F3D00200C4A1378FF2B01D1F9
:10E3700058B170470BB908B9704730B10133137009
:10E38000074B1B78012B03D87047013B1370704774
:10E39000044B1B780BB9FFF7BBBF7047123D002041
:10E3A000143D00200E3D002010B501F0CBFF064BC0
:10E3B00004461B781BB1BDE8104001F0BEBFFFF75B
:10E3C000A7FF2046F7E700BF0A3D00202DE9F843EC
:10E3D0002D4A0138135CFF2B03D100294AD0BDE838
:10E3E000F8831BB90029FAD0012303E0002941D0AA
:10E3F0000133DBB2254F135439780129EFD9FFF7E8
:10E4000079FF0128044638D801F09CFFDFF88880A6
:10E41000054698F8003013B31D4E33781BB901221E
:10E4200032701C4A1370DFF8749099F8003023B1F1
:10E4300000F0BEF9002389F80030284601F07DFF86
:10E44000012000F0DDF901F07DFF337805461BB1B6
:10E4500000F0E0F900233370002388F800302846EC
:10E4600001F06BFF3878A042B9D02146FFF716FFC4
:10E470003C70B4E7013B1354B1E70329F2D1022801
:10E48000F0D102F017F8EDE7123D0020143D002016
:10E490000A3D00200E3D00200D3D00200B3D0020D8
:10E4A0002DE9F04F85B0EFF3108772B6AFF300801F
:10E4B00001F0F8FE002870D0814EDFF8308233780A
:10E4C00023B10020FFF750FF00233370FFF712FF46
:10E4D0000446002869D0841EE4B2012C6CD9FFF7F1
:10E4E00009FF01280546774CDFF8049200F28E8080
:10E4F0002078854240F0C680207800F027F999F80E
:10E50000003013B1704B1B782370AFF30080384696
:10E5100001F0CBFFEFF3108772B66C4B1A7852B153
:10E5200000221A70684B20781B78984203D1012191
:10E530002170FFF7B3FE664800F0E6FA01F0C1FE75
:10E5400005460028BBD1634BDFF89481187098F81A
:10E550000030ABB189F80000DFF88C9199F80030F9
:10E560001BB100F025F989F80050002000F048F9AF
:10E57000002800F09A8000F04DF9002388F8003060
:10E58000337823B10020FFF7EFFE00233370002122
:10E590002078FFF783FE00232370AFF30080384616
:10E5A00005B0BDE8F04F01F080BF3378002B96D066
:10E5B000FFF7DAFE347092E7002003A900F0F0FACA
:10E5C000044600288BD1D8F80030039A9A4205D827
:10E5D0000120FFF7C9FE0123337080E73E4B1D6821
:10E5E00000F062F9039B05449D42F1D200F056F918
:10E5F0008200039942F0020292B2CDE90042234622
:10E60000364A491B324801F056FF68E7344BDFF8C1
:10E61000C4A01B7803F0FF0B2BBB00F0ADF82078F3
:10E6200085422FD19AF800307BB92D4D2B78002BE5
:10E630007FF462AF2B4B1B7823B900F0B3F80122B3
:10E64000294B1A7001232B7056E7022DEDD18AF861
:10E6500000B014E02378022B24D100238AF8003084
:10E6600002F01FF81EE0207885420BD19AF80030A6
:10E67000002BDAD0022DD8D100238AF8003002F026
:10E6800010F8D2E70023DFF84CA08AF8003099F8A0
:10E69000003013B92946FFF701FE9AF800302570C3
:10E6A000002BD7D1012DC0D826E7012000F04EF86D
:10E6B000384601F0FAFEEFF3108772B655E700BF57
:10E6C0000C3D0020143D00200F3D0020083D00209F
:10E6D00078210020103D002070210020A9E30308CC
:10E6E0000D3D0020113D00200B3D00207421002035
:10E6F0000E3D002010B501F025FE0022054B1C78D0
:10E700001A7001F01AFE00F00DFBE4B22043C0B213
:10E7100010BD00BF093D002038B501F013FE094BC4
:10E7200005461B78012B04D801F007FE0024204683
:10E7300038BD054B1C6800F0B7F80444284601F0CA
:10E74000FCFDF4E7143D00207021002002280AD0CF
:10E7500003280BD001280CD1064A136923F00403C7
:10E76000136130BF70470020CBF7B2BE0020CBF75B
:10E77000D5BE704700ED00E0074A0849D2F82031C5
:10E7800003F007030B60D2F82831054A03F00703B2
:10E790001360F6F76FBA00BF00800050AC21002074
:10E7A000A82100200122014B1A707047173D00205C
:10E7B0000F4B10B51B7883B10E4C2378A3B90E4BC9
:10E7C0009A6DD10302D5DA6D920702D49B6DDB07F7
:10E7D00004D54FF48032094B9A6210BDCDF750FF3B
:10E7E0004FF48032054B9A6200232370F5E700BF97
:10E7F000193D0020163D00200040005A0050005AEC
:10E80000034B1B780BB1CDF7E1BF0120704700BF70
:10E81000193D002008B5F6F72EFA174B1B7833B1D7
:10E820000122164B5A60164A9369DB07FCD5154B3B
:10E8300015491A6F096822F007020A431A6713493B
:10E84000D3F82021096822F007020A43C3F82021E7
:10E850000F49D3F82821096822F007020A43C3F8B8
:10E8600028210C4B1B781BB14FF480320A4B9A6263
:10E87000BDE80840FFF79ABB183D002000D00150CA
:10E8800000C0015000800050A0210020AC210020D9
:10E89000A8210020193D00200060005A014B187883
:10E8A000704700BF193D002008B5054B187818B116
:10E8B000CDF75AFF00EBD000024B1B68184408BD8F
:10E8C000193D00209C21002008B5164B1A7822B370
:10E8D00000221A70144B1A6F22F0070242F0010254
:10E8E0001A67D3F8202122F0070242F00302C3F88E
:10E8F0002021D3F8282122F0070242F00302C3F8B6
:10E9000028210A4B1B7833B10122094B5A60094A6E
:10E9100053689B07FCD4FFF749FB0122064B5A675B
:10E9200008BD00BF173D002000800050183D0020AA
:10E9300000E0015000C001500060005A0D490B6812
:10E94000A0B10022A3B1834203D1836822B90B6036
:10E9500003E01A469B68F5E7936083680BB90020D3
:10E9600070475A6941690A445A61F8E722207047A2
:10E9700002207047B821002038B500F0A7FA002522
:10E98000084B094C1A682368C31A2AB123B151698C
:10E99000994203D3C91A5161206038BD55615B1A91
:10E9A0009268F2E7B8210020B421002038B5154D57
:10E9B0002B682BB35B69A3B1134A022014681C4473
:10E9C00001F0E1FD204600F0C1FA00230F492A685A
:10E9D0000B7022B1D08880070AD501230B7000206C
:10E9E00038BD022001F0CFFD022000F0FDFAECE777
:10E9F0009268002AF3D050690344012BEAD9EEE76C
:10EA00002220EDE7B8210020B42100201B3D00208A
:10EA1000C38870B504460D463BB9FFF77DFE8542BD
:10EA2000064602D2F7F708FC35460E4965610B68C9
:10EA30008BB90C60A3600DE0AD1A9A681846656149
:10EA40006AB113465A69AA42F6D930B18460521BA2
:10EA5000A3605A6170BD0020F4E70C60F7E79C608A
:10EA6000A260F7E7B8210020F8B515469DF81C20F4
:10EA7000BDF820700271069A0446026000220E461C
:10EA8000C0E903358260C780ADB900F01FFA304499
:10EA9000A0615EB13546062F1FD1194A2846936AF8
:10EAA00043F00803936200F019FA02E0E36866613C
:10EAB0007BB90020F8BD00F009FA2844A061002EBF
:10EAC000E8D1E3686661002BE5D0204621689847CD
:10EAD000E1E7204621689847EBE701F033FC064662
:10EAE000FFF74AFF29462046FFF792FF054B1B68B8
:10EAF000A34201D1FFF75AFF304601F01EFCD8E7D0
:10EB00000040005AB821002038B5C3880446062BBF
:10EB100001D100F071FA01F015FC0546FFF72CFF5A
:10EB20000F4B20461B68A34208D0FFF707FF04469F
:10EB300080B1284601F001FC204638BDFFF7FEFEFB
:10EB400004460028F5D1FFF731FF222802D1022028
:10EB500000F034FA284601F0F0FB0024ECE700BF97
:10EB6000B821002038B50C460546A8B1A1B1002354
:10EB70000B7001F0F4FB0121084B1B6833B901F065
:10EB8000E9FB002038BD9D4204D121702278002A83
:10EB9000F9D0F4E79B68F1E72220F3E7B8210020E1
:10EBA000F8B506460F4601F0DAFB00250446124B85
:10EBB0001B6823B9204601F0CDFB1B2011E05A69E8
:10EBC0001544DA88B2420DD100F080F90B4E33685B
:10EBD000C01AA8420AD3002320463B6001F0BAFBCA
:10EBE0000020F8BDFF2EEFD09B68E2E700F06EF941
:10EBF00033682B441B1AEFE7B8210020B421002012
:10EC000070B501F0ACFB064600F060F9084B044615
:10EC100001201D6801F0A2FC18B100F057F904466C
:10EC20000135304601F096FB2046294670BD00BFF5
:10EC3000C0210020014B1868704700BFBC21002094
:10EC4000F8B50C4B05461B680E4683420FD30024D3
:10EC500040F2E7302146084B4FF47A721F680023D8
:10EC6000E5FB0701F4F76CFF30602046F8BD21207A
:10EC7000FCE700BFB0210020BC2100200F4B10B5E5
:10EC80001A689AB14FF47A71531E1342A0FB010126
:10EC90000ED1B2FA82F2C2F11F04531CD243E040FB
:10ECA00001FA03F3184321FA02F20243104610BDA1
:10ECB0000023F4F745FF0246F8E700BFBC2100201F
:10ECC00038B5154B14468342144B8B4121D3144B5A
:10ECD0001A68F2B14FF47A75A0FB050305FB013108
:10ECE000531E134211D1B2FA82F2C2F11F05531C16
:10ECF000D24301FA03F3E84021FA02F21843104329
:10ED0000E940C4E90001002038BD0023F4F718FFF2
:10ED1000F7E72120F8E700BFEFA7C64B378941008E
:10ED2000BC21002010B501F01AFB034B1C7801F048
:10ED300011FBE4B2204610BD1A3D002008B5084B77
:10ED40001B7803F0FF004BB101F0F8FB054B1B688B
:10ED50009B69C01A02288CBF0020012008BD00BF9B
:10ED60001B3D0020B8210020014B1870704700BFE8
:10ED70001A3D0020C2072DE9F843044607D5444A4E
:10ED8000136801331360FFF7F7FDFFF70FFEA307CA
:10ED90007CD501F0E4FA4FF0000805464646FFF73F
:10EDA000EBFD3C4F3C680CB16369A3B100223A4BC8
:10EDB000012E1A7003D118F0020F18BF1E70FFF752
:10EDC000F5FD222802D1022000F0F8F82846BDE81F
:10EDD000F84301F0BFBA23465A693AB91A79217942
:10EDE000914288BF1C469B68002BF5D1284601F054
:10EDF000B1FA2569DDB100F069F8A269A0EB02085B
:10EE00004FEAE873A84573F1000311DB236913444B
:10EE1000A361E36813B1204621689847B4F80680DF
:10EE200001F09DFA01360546FFF7A6FDBAE7A846B0
:10EE300001F095FA81462046FFF780FD484601F033
:10EE400089FA2369002BE4D0A38BB5EB080533B115
:10EE5000E28B13449BB2B3F57A7F0FD2E38301F0C8
:10EE60007EFA804629462046FFF7D2FDA369226933
:10EE700040461344A36101F06DFACAE7A3F57A7323
:10EE8000E383A369013D013BA361E8E7BDE8F883A3
:10EE9000C0210020B82100201A3D00200A4B10B5E7
:10EEA000D3F8403203F00303013B012B0BD801F0F0
:10EEB00049FA044601210220FFF788FA2046BDE8FE
:10EEC000104001F03ABA10BD0080005008B5FFF7BD
:10EED00059F9014B986908BD00800A5038B50446BD
:10EEE00001F030FA0546FFF74DF9104B022C9A69F4
:10EEF0004FF001018CBF12190332B2F1FF3F38BF4E
:10EF0000013A0020FFF772F9284601F016FA084985
:10EF10000B7853B1054B9A6C42F002029A649A6CDA
:10EF200042F004029A6400230B7038BD00800A503E
:10EF3000BC49002007B5044B01A9187901F03BFA40
:10EF4000019803B05DF804FBFC0F0408F8B5044613
:10EF500001F0F8F90746FFF715F9164B9D6901F026
:10EF60000EFB06460020FFF729F9830704D4731B24
:10EF7000032B01D8AE420FD10021631B022B98BF97
:10EF8000EC1C0846B4F1FF3F2CBF2246621EFFF77F
:10EF90002DF9022001F0F7FA384601F0CEF9064AC1
:10EFA000137833B103498B6C43F001038B64002366
:10EFB0001370F8BD00800A50BD490020830700F09F
:10EFC000010109D50122064B41F002011A70054AE0
:10EFD000936C23F0010393640020FFF7E3B800BFB4
:10EFE000BD49002000800A50830742BF0222014B26
:10EFF0001A64704700900A5007490B7853B9074BC1
:10F000009A6C22F002029A649A6C22F004029A64CA
:10F0100001230B70704700BFBC49002000800A50DC
:10F02000F7B514461D46002B00F09D804F4E3778F3
:10F030004BF2346647B3B04208D14D4B9A6CDB6C4F
:10F040002260C4F80330002003B0F0BD41F2100587
:10F05000A84207D1474A13682360536863609368E6
:10F06000A360F0E743F26025A84203D1424B1B881E
:10F070001380E8E77F2908BF002140F4702003B027
:10F08000BDE8F040D0F788B8B04228D1082B28BF9F
:10F0900008253A492A462046FEF750FF2A462046D0
:10F0A0003749FEF70FFF0028CDD1314B601E996C18
:10F0B000DA6C2B462E1F013B9E4200F8011F4FEADF
:10F0C000112140D1002EBED00423D9B20729E25429
:10F0D0004FEA1222B7D001339D42F6D1B3E7C9B24D
:10F0E0007F2980B208BF0021B04218D17F2241F2AF
:10F0F00002016846082301F0CEF90822684620493B
:10F10000FEF7E0FE30B908237F2241F2F011684695
:10F1100001F0C1F96B4603CB2060616093E741F2D7
:10F12000F0139842C1D000F47043B3F5805F0DD165
:10F13000C0F30B0000F17E6005FB01012A4620466A
:10F14000FEF7FCFE7FE7002BB5D17CE700F46043BF
:10F15000B3F5005F7FF477AFC0F30B0000F10160FF
:10F1600000F5FC20E8E721206EE700BF1D3D0020F0
:10F170000080E00F581F0408804900200200E00FC3
:10F18000BF1F04082DE9F34102AB03E90600044662
:10F19000904600F02BFF0546204600F037FF394F20
:10F1A0009DF80060384BFDB1202C98F8002033F812
:10F1B000141037F8140008D9814254D34FF6FF7267
:10F1C00091421DD102B0BDE8F081012A32D84FF63C
:10F1D000FF752E4802EB4212224430F81210A94269
:10F1E00002D0013120F8121033F8141037F814004F
:10F1F000814238D34FF6FF7291424FF0010502D0A1
:10F20000013123F8141004F0FD02092A2DD19A8A45
:10F21000B98A32448A42B4BF9A82998233F8143050
:10F220008342CFD3002DCDD1204602B0BDE8F041BE
:10F23000F7F7EABA022AD7D14FF6FF704FF6FF75FB
:10F24000124A32F81410814218BF013104F1210032
:10F2500018BF22F8141032F81010A9421CBF013157
:10F2600022F81010C0E70025CAE71D2CD6D15A8F0E
:10F2700091198142BDBF02F1FF32B6185E875887EF
:10F28000CCE700BFCC3400202035002048340020DB
:10F2900038B50D46044601F062F8064A13889BB261
:10F2A0002DB123431380BDE8384001F053B823EA61
:10F2B0000403F7E7C03A00200022034B01214FF47A
:10F2C00080701A70FFF7E4BF313E002008B5054B8F
:10F2D0001868F9F713FF00F00300C31E58425841A5
:10F2E00008BD00BFBC30002038B5044601F01AF854
:10F2F0000C4B05461978187981420FD0631E082BF4
:10F300000CD8DFE803F0050D0B0D0B0D0D0D0D00F6
:10F3100000220146044B1868F9F7EEFE284638BD76
:10F320000022F7E7BE490020BC30002038B54FF07E
:10F33000FF300C46FEF70FFE0A4B05461868FEF735
:10F340000AFE641B241A20B210F1630F06DB10F1D1
:10F35000240F05DA64308000C0B238BD0020FCE71D
:10F36000FF20FAE7BC30002008B5134B1B78062BB2
:10F3700004D040F605011148FEF782FF104B1B88B0
:10F380001B0704D440F606010C48FEF779FF0D4B2D
:10F390002A201978FFF7A8FF00210820FFF778FF3F
:10F3A0000222094B1A70094B1868DAF7E5FABDE832
:10F3B000084001F021B900BF313E00200864040874
:10F3C000C03A00202E3E0020F9490020BC30002029
:10F3D00010B50E4C236823B940F65F410C48FEF788
:10F3E0004FFF2068013001F056F900F007000328B4
:10F3F0000AD1246809220121204600F0AFFB205CDD
:10F40000031F5842584110BD0020FCE7AC300020DB
:10F410000864040838B50C4640B100210420FFF709
:10F4200037FF01F0E9F8012C1DD038BD244B1B88B3
:10F430009B07F6D50129234A2FD1117869B30139E9
:10F44000C9B2117011B92020FFF722FF002102205C
:10F45000FFF71EFF04221C4B00211C481A7000F00D
:10F4600029FD01F0C9F81A4C2068013001F013F9A8
:10F4700000F44060B0F5006F1FD124680121042220
:10F48000204600F06BFB204401F005F90146BDE881
:10F4900038400022202001F0C7B800210D4D022085
:10F4A0001170FFF7F5FE2B78FF2B04D040F27C6142
:10F4B0000948FEF7E5FE2C70B3E74FF6FF71E6E76B
:10F4C000C03A0020303E0020313E00207C46002023
:10F4D000AC300020FA4900200864040838B5134C09
:10F4E00005462388580709D5FFF7F0FE0146072097
:10F4F000FFF7FAFEFF210120FFF78CFF2388990711
:10F500000BD50B4B284619788A1F51425141FFF702
:10F51000EBFE01210020FFF77DFF23881B0703D5A9
:10F52000BDE83840FFF720BF38BD00BFC03A00201B
:10F53000313E0020F7B5124CD4E9006586EA020C92
:10F5400085EA03070CEA000C0F405CEA070E15D0B1
:10F5500086EA0C067D40C4E90065CDE900230B4630
:10F56000084902460868F9F7D2FE38B140F2F711AF
:10F57000054803B0BDE8F040FEF782BE03B0F0BD21
:10F58000A8150020BC3000200864040808B50A4B08
:10F590001B88DB0604D440F62B010848FEF770FEFA
:10F5A00000211020FFF774FE002000F037FBBDE8BB
:10F5B000084001F021B800BFC03A002008640408E8
:10F5C0002DE9F04F5706804614461D4691B005D5EB
:10F5D000FFF77CFE01460120FFF786FEEE0403D50F
:10F5E00000212D20FFF780FEA00224D54046F9F728
:10F5F00018FF0146F8B94020FFF74AFE40460AA925
:10F60000F9F7F4F9B8B99DF83030022B40F0D58005
:10F61000BDF8280000F082FDFF2808D14046F9F728
:10F62000E3F940B901214020FFF732FE03E000F08A
:10F630008FFD0028F2D1A10305D5FFF747FE014653
:10F640000320FFF751FEE20104F0807640F1BC8018
:10F65000804B1B889B072DD57F4E3068F9F768F9E2
:10F6600040BB7E4B7E4F18703B78FF2B04D040F29E
:10F670003A617C48FEF704FE4FF0000900210220A9
:10F68000FFF706FE87F80090774F3B78062B07D1EF
:10F6900001210820FFF7FCFD49462820FFF724FE42
:10F6A0003B78052B06D100212B20FFF71DFE30688B
:10F6B000DAF762F900F0A0FF260717D5664F03219D
:10F6C000386805AAF9F74AF9064620B940F2AC6154
:10F6D0006448FEF7D5FD9DF81430072B00F0C68076
:10F6E000FFF7F4FD01460420FFF7FEFDE20505D516
:10F6F000FFF7ECFD01460420FFF7F6FD14F4863F0A
:10F7000005D0FFF7E3FD01460220FFF7EDFDA30161
:10F7100013D5FFF7DBFD01460820FFF7E5FD0021CB
:10F720000420FFF7B5FD504B1B78012B03D14A4B4A
:10F730001868DAF721F900F05FFF14F0084F09D0DC
:10F74000FFF7C4FD01460720FFF7CEFDFF21012092
:10F75000FFF760FEA70009D5FFF7B8FD01460620B8
:10F76000FFF7C2FDFF210120FFF754FEA60705D5D4
:10F77000384B1B881C0701D5FFF7F6FD680603D53B
:10F7800000210A20FFF7B0FD290602D50120FBF772
:10F7900065F8EA0540F171814046F9F7ABFC0528B0
:10F7A00000F261810138042800F26781DFE810F07F
:10F7B00062017201620162016201032B7FF43BAFBF
:10F7C0000AA801F02EF834E705F0020756EA07030D
:10F7D0000AD0254B262019788F1F79427941FFF7EF
:10F7E00083FD012130460EE004F0805656EA0703FF
:10F7F0000CD01D4B1978881F414241412620FFF74C
:10F8000073FD02213846FFF705FE55E704F08841F5
:10F8100051EA060309D0144B272019788A1F514258
:10F820005141FFF761FD0221DCE705F008030B43BE
:10F8300002D02320FFF758FD6B0703D500212420B9
:10F84000FFF752FDEF077FF537AF00212520FFF7C7
:10F850004BFD31E7C03A0020BC300020303E002094
:10F86000FA49002008640408313E00203146386817
:10F870000AAAF9F779F820B140F2B3618B48FEF794
:10F88000FFFCBDF81610386802310AAA89B2F9F7F0
:10F890006DF820B140F2C2618448FEF7F1FC00230C
:10F8A000009331460423386804AAF9F776F804284F
:10F8B00004D04FF4D9617D48FEF7E2FCDFF80892EE
:10F8C00099F80030C3BB0DF1110000F0E4FE00F028
:10F8D0000700022830D1FFF7F9FC01460920FFF7A5
:10F8E00003FD734B1B78062B23D1724B9DF813201D
:10F8F0001B789A421DD19DF8353023B940F2DE6164
:10F900006A48FEF7BDFC0DF1110000F0C4FEC0F323
:10F91000001631462920FFF7E7FC00210820FFF7F9
:10F92000B7FC654B1E70FFF753FD10B93868DAF766
:10F9300023F800F061FED9E6BDF816000121083079
:10F9400080B200F03FFA039030B9FFF7BFFC0146E8
:10F950000420FFF7C9FCECE700F0C0F90799BDF8F7
:10F9600018200646FEF7EAFA089941B1BDF81800DA
:10F97000BDF81620121A92B23044FEF7DFFA99F859
:10F9800000A0BAF1000F20D106F1010B584600F09B
:10F9900082FE800656D53868F9F743FD0746FFF723
:10F9A00095FC05370146F8B2FFF79EFC584600F07B
:10F9B00072FE00F007000328404F2BD001210420E5
:10F9C000FFF766FCF8F7F9FF386000223C49BDF804
:10F9D00016300978F718F1549DF83630BB709DF851
:10F9E0003730FB700A9B190E3971190C7971FB7154
:10F9F000190A99F80030B97123B9737882B343F0CA
:10FA000020037370002000F037F97870039800F03D
:10FA10003FFA8EE701210922304600F09FF8305C62
:10FA200001210428CBD1FFF733FCF8F7C6FF254BA3
:10FA300038601B885906C8D551464020FFF728FC7E
:10FA40000122C3E7FFF742FC01460920FFF74CFC07
:10FA5000174B1B78012BB8D13868D9F78DFFB4E765
:10FA600023F02003CDE7342804D00FD8142801D088
:10FA7000242811D12620FFF731FDAB0512D5012135
:10FA8000802011B0BDE8F04FFFF702BC00F0EF009E
:10FA90004428EEE72720EEE740F6CA010348FEF7C8
:10FAA000EFFBEAE711B0BDE8F08F00BF086404087F
:10FAB000313E00202C3E0020F9490020A8300020D3
:10FAC000FB490020C03A0020343E0020024B187849
:10FAD000B0FA80F040097047313E002008B5054B70
:10FAE00001211868F9F72EFB0028B8BF033040F356
:10FAF000870008BDBC30002008B5074B1868F9F72F
:10FB00009BFB30B1054BB3FBF0F083B20BB1184651
:10FB100008BD0120FCE700BFBC30002040420F00C0
:10FB200038B510200C460121FFF7B2FB064B1D68CB
:10FB3000FFF7E2FF012200FB04F1044B2846F9F72E
:10FB4000E4FA002038BD00BFBC3000208DF503086A
:10FB50000148FEF795BB00BF22640408032A70B574
:10FB6000144602D82C4B985C70BD81F0010519B980
:10FB70000D2A07D1FF20F7E70D2A03D100780538B9
:10FB8000C0B2F1E7084400F086FDC5F1040110F4AD
:10FB900040660246C9B209D1042C0846E4D0052CBF
:10FBA00016D112F0400F18BF0846DDE7C5F1060375
:10FBB000042CD8B2D8D0B6F5006F03D1C5F1080532
:10FBC000E8B2ECE7B6F5406FE9D1C5F10E05F7E70D
:10FBD00012F4404107D1062CC6D0072CC4D0082C03
:10FBE00013D10130CCE755065CBF831CD8B2062C7C
:10FBF000BAD0B1F5004F02D1831CD8B2EDE7B1F510
:10FC0000404FEAD100F10803F7E7130744BF05307E
:10FC1000C0B20C2CA8D9ADE72C640408AC2370B595
:10FC2000094C054603FB00435E6D26B940F2F931ED
:10FC30000648FEF725FBAC2303FB05440023636560
:10FC40003346BDE8704018474031002087650408FE
:10FC500010B40C461146AC22064B02FB0033586D23
:10FC600020B95C655DF8044BFFF75ABF02205DF8D0
:10FC7000044B704740310020AC22034B02FB0033A1
:10FC800093F8A800704700BF4031002028B1034B13
:10FC90001B68C01A4010013080B27047003200204B
:10FCA00030B1044B00F100401B68013803EB400009
:10FCB000704700BF00320020064B1B68834206D805
:10FCC000054B1B68834294BF002001207047002031
:10FCD000704700BF00320020FC31002010B5044600
:10FCE00008B9002010BD00F0E9FC20B940F2CD4178
:10FCF0000748FEF7C5FA2046FFF7D2FF0028F0D0EC
:10FD00000388DB0B14BFD0F80A000830EAE700BF15
:10FD10003A64040810B508B9002010BDFFF7C0FF11
:10FD2000044600F0C2FC20B94FF49D610648FEF77E
:10FD3000A7FA002CF0D02388DB0B0ABF608820894B
:10FD4000C0F30C00E9E700BF3A64040838B5FFF7D8
:10FD5000A7FF0D46044650B100F0A7FC20B940F2C1
:10FD600041510348FEF78CFA023534F8150038BDCE
:10FD70003A64040870B5FFF793FF0C461646054633
:10FD8000B0B100F092FC20B940F24D510C48FEF7A2
:10FD900077FA3046FFF784FF00F087FC20B940F285
:10FDA0004E510748FEF76CFA023425F8146070BD16
:10FDB00040F25251BDE870400148FEF761BA00BF01
:10FDC0003A6404082DE9F8430746884600F028FC09
:10FDD00020B940F28E512A48FEF752FAFC1CA408C2
:10FDE000284B64000434B7F5005F1E68A4B204D346
:10FDF00040F295512248FEF743FA00F0B0FA22494A
:10FE000081460B687BB9214B1D68761BC6F34F06F4
:10FE1000B44227D90025484600F09CFA2846BDE8A0
:10FE2000F843FFF733BFB8F1000F11D0174A156838
:10FE30005A1BC2F34F029442ECD81448620005EBFF
:10FE400044040460B8F1000F0FD113440B600CE0C0
:10FE5000F61AC6F34F0676B940F2A6510848FEF7E7
:10FE60000FFAD7E705EB44041C6000236F80AB80DA
:10FE7000EB802B80CFE7B442CCD8044A1568DCE78E
:10FE80003A64040804320020EC310020FC310020E8
:10FE900038B5054600F063FA0446294604480022B6
:10FEA00000F019FC2046BDE8384000F053BA00BF0E
:10FEB000C63A002082684B4B2DE9F0419A42044635
:10FEC0000E46056815D121B140F213114648FEF7E0
:10FED000D7F900F044FA23691BB92B682BB92461C8
:10FEE0002C60BDE8F04100F035BA1A6922611C614E
:10FEF000F6E700F0CBFA8046FEF7CAF820B14FF4DF
:10FF000095713948FEF7BCF96FF000439E422169B4
:10FF10004BD22B7B08EB0602002B4DD0AB689342F3
:10FF20004AD1531C002949D06169994242D01EB977
:10FF3000521AB2F1004F3DD9636123696E689C4249
:10FF400003D19D212848FEF79BF92F460023B44298
:10FF50000BD0002B41D172696169891AB1F1004F50
:10FF600032D83269374694422CD12269BD420CBF47
:10FF70006A603A617BB92669B44203D1B8211A4854
:10FF8000FEF77EF93B46012E05D062697169521A6F
:10FF9000B2F1004F23D99D420BBF6B681A692361F0
:10FFA00022610CBF6C601C6104E0434431B16269A2
:10FFB0009342C1D1BDE8F0811346B3E76A6822617C
:10FFC0006C60B9E71646C6E7A8EB0202B2F1004F33
:10FFD000C7D93B4637463669B9E71F46F9E7334686
:10FFE0003669D0E7F9F30108656404080823064A76
:10FFF00012F8011B814205D0013B13F0FF03F7D13A
:020000040804EE
:100000001846704701207047F86404080823064A20
:1000100012F8011B814205D0013B13F0FF03F7D119
:100020001846704701207047F064040810B5082294
:1000300007490446FDF746FFB0FA80F04FF6FF731C
:100040002289400940009A4208BF40F0010010BDDB
:100050000865040830B504460D4685B002B9084A63
:100060001068516801AB03C301AB03CB206020468D
:10007000ADF80C501B886160238105B030BD00BF16
:10008000FC620408002270B50A4B1C780A4BD5B2FA
:10009000AC4202D800200C7008E01E880132864273
:1000A00005D30D701B881B1A5842584170BD12337E
:1000B000EDE700BFE53D0020D2370020F8B5154B35
:1000C00004461D680E46E5B1134B1F78874218D9C8
:1000D00000EB400305EBC30526B92B69DA0712D400
:1000E0002046F8BD08223146281DFDF7EBFE50B929
:1000F0002B69DB07F4D40134E4B2A74205F11805FB
:10010000F0D1FF24ECE70134E4B2A74205F1180571
:10011000E2D1F6E7703200201A4A00200A4B01466D
:100120001B6830B52BB1094A14780022D0B2844242
:1001300001D8FF2030BD5D888D4202D11D69ED07D9
:10014000F8D401321833F1E7703200201A4A002047
:100150000F4A03461068D0B10E4A12789A4215D958
:1001600019B203EB430300EBC300036913F0010072
:100170000DD0094A126832F8112002F4E2622AB95D
:1001800013F00C0F14BF01200020704701207047AE
:10019000703200201A4A00206C320020094B1B6884
:1001A0006BB1094A1278824209D900EB4000C200C3
:1001B00003EBC0000169C90701D5985C7047FF20B7
:1001C000704700BF703200201A4A00200C4A0346D4
:1001D000106890B10B4A12789A420DD903EB430391
:1001E00000EBC300D0E9043213F001004FF000012E
:1001F00004D018461146704700200146704700BFE2
:10020000703200201A4A002010B5164B187860B1E1
:10021000154C2368CBB14FF4707200201349FFF7DF
:1002200017FD2368013B236010BDFFF757FC104901
:10023000104A91F90040136884420B4C03F101030A
:1002400013602368B8BF087053B90B4800F091FAE7
:100250000028E9D1BDE8104001460748FFF72ABE53
:100260000822DAE78C3E00208C32002009020408C4
:10027000873E00208432002088480020054B1B6800
:100280002BB9054B1868003818BF012070470120B2
:10029000704700BF7C320020783200200120704778
:1002A0000120704738B5F5F743FF0546D0F760FDEC
:1002B000041E18BF2C46FFF7F1FF002818BF204688
:1002C00038BD38B5FEF716FA0446C6F7AFFD042868
:1002D0001ED002284FF0000508BF0124F5F79AFE52
:1002E000042817D0022808BF0124F6F713F90428C0
:1002F00012D0022808BF0124FFF7D2FF04280DD036
:10030000022808BF0124002D18BF0024204638BD54
:100310000125E3E70125E8E70125EDE70024F5E7FE
:10032000FF20704708B5FFF7FBFF002008BD4FF422
:10033000004070474FF47A70704710B962B6BFF34F
:100340006F8F7047EFF3108072B67047302383F3DE
:100350001188704780F31188BFF36F8F7047EFF3F8
:100360001180302383F311887047C369032B9FBF2B
:1003700000EB83020133D160C3617047C369042B72
:1003800014D84FF09842116CC902FCD504339B007D
:1003900013650168103B11604168116050F8081F37
:1003A00011604FF098420344984200D1704750F8D2
:1003B000041F1160F8E709B100F002B8222070476D
:1003C00070B506460D46FFF7CAFF04461F2E55D8E6
:1003D000DFE806F01019541E212454272A542D5406
:1003E00030335436393C543F54425154545445549C
:1003F00048544B4EFDF7BAFD002628602046FFF713
:10040000A9FF304670BD4FF4C070C9F765FBF3E734
:100410004FF42070F9E74FF44070F6E74FF4607046
:10042000F3E74FF40070F0E74FF48060EDE74FF42E
:100430004060EAE74FF4C060E7E74FF4F060E4E7BC
:100440004FF4B060E1E74FF4D060DEE74FF41060A6
:10045000DBE74FF4E060D8E74FF4A060D5E74FF456
:100460002860D2E74FF48070CFE74FF42060CCE7EC
:100470004FF44860C9E74FF40860C6E70020212622
:10048000BBE708B5FDF7EAFE80B208BD08B5FDF789
:10049000E5FE08BD704710B40446084611462246E2
:1004A0005DF8044BFEF7BCBD704710B962B6BFF3F0
:1004B0006F8F704770472DE9FF410D4616461F4666
:1004C0000446A8B14FF00008C0F81C80FEF71CFBE2
:1004D000BDF82C30424602939DF828302946CDE9DC
:1004E000007320463346FEF7BFFA04B0BDE8F08142
:1004F0002220FAE7F0B51F46002387B00D461646C6
:1005000004468DF81730A8B1C3610DF11701FEF74D
:1005100029FB9DF817207AB9BDF83430294602939B
:100520009DF830302046CDE900733346FEF79CFA43
:1005300007B0F0BD2220FBE70320F9E738B5FFF74D
:100540000EFF0546FEF7C2FC04462846FFF702FFF1
:10055000204638BD00F020B800F02FB810B5044692
:100560000020FDF72BFE012C04D0022C05D1C0F396
:10057000400010BD00F00100FBE70020F9E700217A
:100580000846FDF723BE00F00101830748BF41F094
:1005900002010020FDF700BE002008B5FDF70EFEA9
:1005A00010F0080008D000200821FDF701FEBDE88A
:1005B00008400020FDF728BE08BD04210020FDF7FB
:1005C000F7BD38B5FFF7CBFE04460020FDF7F6FD7A
:1005D000830700F0010548BF45F0020500F0030164
:1005E0000020FDF7E5FD2846FEF7C4FB2046BDE8E8
:1005F0003840FFF7AFBE704708B5FFF7FCFFF5F7CF
:1006000069FF08BD38B50546FFF79CFE0446012189
:100610002846FDF7DBFE2046BDE83840FFF78DBEDB
:10062000012070470020704730B589B00446ADF80E
:1006300006108DF81020FFF7D9FC05462046FFF77D
:10064000E5FC03469DB1BDF80600ABB900F096F895
:10065000FF2808BF00200DF10F038DF80F001A4688
:10066000204604990593FEF78DFD09B030BD0028A2
:10067000F5D00DF10603F2E700F080F8FF2808BF7F
:100680000020BDF806308DF80F00ADF81A308DF857
:10069000180006ABE3E7008870470170090A417053
:1006A000704702210120D3F7F5BA08B520B1FFF752
:1006B00003FB00F0010008BD0120FAE708B5FFF7D1
:1006C000EFFABDE80840FFF7F0BF008810B1C9B2EB
:1006D000FFF73CBB70472DE9F041B0F800800646BB
:1006E0000C46D5B2B8F1000F11D029464046FFF7AD
:1006F0002DFB2246074629464046FFF73BFB3A467C
:1007000029462046FFF736FB3480BDE8F0810F46CE
:10071000F5E703461B8808468B4202D00021FFF70D
:1007200015BB002070472DE9F843074608461546DB
:1007300088461C469DF82090FFF7D0FA4619A4B1D0
:100740009EB14046FFF7E6FA254485420FDC22467B
:10075000B9F1000F06D131463846FDF7C3FB002042
:10076000BDE8F88339463046F7E72120F8E71D2039
:10077000F6E70069003818BF012070470020704775
:10078000F8B506460D46FFF751FC0328044621D074
:100790002846FFF74BFC032807461BD010F0020346
:1007A00018D1A0070DD5F90716D401233C43E20761
:1007B00004D431892A89914218BF002303F0010033
:1007C000F8BD082229463046FDF77CFBB0FA80F3DD
:1007D0005B09EBE70020F3E71846F1E770B50D463B
:1007E00000210646FFF771FF044630B1FFF776FAA5
:1007F00001462846FFF7C4FF08B1204670BD2146D8
:100800003046FFF786FFEFE707B50DF10701FFF769
:1008100039FC20B19DF8070003B05DF804FBFF2010
:10082000FAE708B500F009F8FF2804D0FFF7CEFC7E
:10083000C0F3C00008BD0120FCE701460020FFF71F
:100840003DBC08B5FFF76AFCFF3818BF012008BDA2
:100850000000000000000000000000000000000098
:10086000F8B500BFF8BC08BC9E467047F8B500BF9D
:10087000F8BC08BC9E4670475FF800F0ED3F0020D2
:100880005FF800F0914000200300000076636F6D78
:1008900000000000050000000000000000C2010090
:1008A0000005000000100000000000000000000033
:1008B00013B779FAC925DDB7ADF3CFE0F1B614B8B7
:1008C0000102000000000000FFFFFFFF0100000028
:1008D0000100000000000000000000000000000017
:1008E0000000000000000000000000000000000008
:1008F00000000000000000000000000000000000F8
:100900001E000003534903084F4903082D490308FB
:10091000FB4803088B4903085D490308FD480308A9
:100920002C0000000202020300000003000000008F
:1009300000000000000000000000000007000800A8
:10094000000000000000000000000001020405009B
:10095000000000000000000000000000060002018E
:10096000000800B4980904080100000F7809040881
:10097000000000000000000006FF6CFFA1FFBCFFAC
:10098000CDFFD8FFE0FFE6FFEAFFEEFFF0FFF3FF49
:10099000F4FFF6FFF7FFF7FFC800AEFEB400E8086B
:1009A0007F8DFBFF4E0002036349FFFF2C00AF0168
:1009B000EFE5FFFF1B00FF00E61A00001100A70093
:1009C000DA2800000A0062001528000006003B003B
:1009D000A821000003000B00A10E0000240B040856
:1009E00000000000F40904080100000000000000FD
:1009F000C0175302180A04084063598F404B4C003B
:100A00000B000B001A00FF7F704400200000000064
:100A10002C0F040800000000FC4F0103DC0E04084A
:100A200020C0011000F8070020C001301402280186
:100A300024C00110FF00000024C00130004300006A
:100A400044C001002E02000068C00200D1B60200BE
:100A5000C0060000D0C00100000000004C400301AF
:100A600020F91304070062003870000060400201A2
:100A70000068010F40B8244080400101236300005A
:100A80008C40020100800060BE0A0000204101018C
:100A9000590B00003841010190200AF05C4101012E
:100AA000001E00006C410B0100140CC0141A212818
:100AB0002E343B42495043557698BA0C23730000BC
:100AC000010100001721286414171A002004C87DB2
:100AD000A1203A09A8410101290000003C4201017E
:100AE00000000000804202010000000081000000C0
:100AF000A0420301FFFF0000FF030000FFFF000012
:100B0000B442010100000000304303014000200115
:100B1000A0000000085000014C43010145C1872F8F
:100B2000FFFFFFFF0C400200018014007F40000027
:100B300020400200000000000000000030400700DC
:100B400000000000000000000000000000000000A5
:100B50000000000000400000A0070003504001001A
:100B6000000000005C4002000000000000000000E7
:100B7000A840010007000000BC4004000000000085
:100B80000000000000000000000000000841040018
:100B900000400000FF4C000000410000FF4D00003D
:100BA00028C00700EC80B30343754051A00F00F844
:100BB00000400000A8AA070000000000000000009C
:100BC00054C00500513130000E000DE62A0000002F
:100BD000080B0C0D0D00000070C00900BA100000D9
:100BE00000042000041880000B3C2001187C100237
:100BF0002FFCE0067F000000000000000000000065
:100C0000A8C00500BD4B721511A31805103254760B
:100C1000980A000000000000CCC0010001000000A4
:100C2000D4C0020001000A000100280008000101F0
:100C3000040700001800010100000000200001016D
:100C40000884000040400301000000000000000094
:100C500010000000584002010000000000000003E6
:100C6000684006014902F00041080000020000004F
:100C7000B0070800A7000000000000008440020147
:100C80009BC34A74F0030F0094401001010110301F
:100C900050707F7F00000000000000000000000096
:100CA0000000000000000000000000000000000044
:100CB0000000000000000000000000000000000034
:100CC000000000000000000000000000E040010102
:100CD0000002000010410201331E05000000000068
:100CE0001C4101010090C28B24410501FF048307D0
:100CF0008813C83AFF06660CFF0483078813FF03B6
:100D00003C410601F854520000000000B75635126D
:100D100000000050803B000000000000584101012D
:100D200000000000644102010C010000E853FA00D9
:100D3000A441010100000000B041020100000000D8
:100D400000002000BC4103010000000000003C0046
:100D500069900600D041030100000000D0000000AF
:100D600000000200E041160100000000DE635E3674
:100D7000BF6F07006FEA1600E530CE00B2B9D90E9A
:100D80004B8494045A1FA924DE635E36BF6F0700AC
:100D90006FEA1600E530CE00B2B9D90E4B84940448
:100DA0005A1FA92400000000000000002C000000D1
:100DB00007EE7536601800400000000000000000DB
:100DC0004442030114000000000000000800000479
:100DD0006842010100000000984202013F00000249
:100DE000FFFF00003C4304011F1F1F1F1F1F1F1B8D
:100DF00018151311100E0D0C5043020100000000D5
:100E00000000000010800101030000003880020192
:100E1000F1471000010000009C800301EB4002003C
:100E200070780300D5C00000A8800111F001000017
:100E3000A88001310542CB01AC800111F001000016
:100E4000AC80013105228D00B08002010003000258
:100E5000370000019C000102000C0004D8000302CE
:100E6000050040AA88010000C0000000EC0001124B
:100E7000E00F0000EC0001320C205111F0000102E3
:100E80002B0100001001011200FF0F0010010132C0
:100E9000020000315001011200C001005001013276
:100EA000C100A2007401010269811B0C78010112CA
:100EB00000001C00780101321004E0CF8001011213
:100EC0007907000080010132020000008401020263
:100ED0000000000050000000FFFFFFFF12000000B4
:100EE0006666660000000000940F0408840F040882
:100EF0000000000000000000005A620280841E0012
:100F00000420F600F1475002000000002E0F0408F4
:100F100000000000000000000000000062841E00CD
:100F200000000000000000000000000005030200B7
:100F30000000C017530206140000802FA6040538D5
:100F40000000A00800000000580901040706100A6C
:100F500001040707C80A00040807800B00040808FA
:100F6000380C000409086108000000008A0800002D
:100F70000000C709010404032C0B01040404920CB3
:100F800001040504ED170000ED170000F401000056
:100F900000000000193F01060410010000010106D5
:100FA0000010270000090000000000000000000001
:100FB000DC09040800000000000000000B00000035
:100FC0000C000000030000000000202000000000D2
:100FD000020000003C3C3C0000000000000000005B
:100FE0000000000001031001010903000D000000D2
:100FF0001E0000001B0000001A00000000800A50C4
:1010000013000000F00F04086465627567007369DF
:101010006C6162737675617274646F776E00767559
:1010200061727400453A2F53696D706C696369741D
:101030007953747564696F5F563831302F53444B60
:10104000732F706C6174666F726D2F736572766941
:1010500063652F6C65676163795F68616C2F73727C
:10106000632F626173652D7265706C6163656D6578
:101070006E742E63002C20002573203D2025346CD7
:10108000780052657365742063617573653A205703
:1010900061746368646F6720657870697265642C39
:1010A000206E6F2072656C6961626C652065787472
:1010B000726120696E666F726D6174696F6E0A008D
:1010C00052657365742063617573653A2057617466
:1010D0006368646F672063617567687420776974FB
:1010E0006820656E68616E63656420696E666F0A6C
:1010F00000496E737472756374696F6E2061646405
:10110000726573733A2025346C780A0052657365F2
:10111000742063617573653A20417373657274203E
:1011200025733A256C640A00526573657420636107
:101130007573653A2048617264204661756C740A63
:1011400000484653522E5645435454424C3A20656B
:1011500072726F722072656164696E672076656372
:10116000746F72207461626C6520666F7220616EAC
:1011700020657863657074696F6E0A004846535243
:101180002E464F524345443A20636F6E6669677539
:101190007261626C65206661756C7420636F756C3A
:1011A00064206E6F742061637469766174650A00EF
:1011B000484653522E44454255474556543A2066B8
:1011C00061756C742072656C6174656420746F2045
:1011D0006465627567202D20652E672E2C2065784A
:1011E00065637574656420424B50540A0052657300
:1011F00065742063617573653A204D656D6F727912
:10120000204D616E6167656D656E74204661756C19
:10121000740A00496C6C6567616C20616363657377
:101220007320616464726573733A2025346C780AA4
:1012300000434653522E25730A005265736574208D
:1012400063617573653A20427573204661756C74ED
:101250000A0041646472657373206973206F6620AD
:10126000616E20696E737472756374696F6E20614C
:101270006674657220627573206661756C74206F88
:10128000636375727265642C206E6F742074686578
:101290002063617573652E0A00434653522E286EF3
:1012A0006F6E6529206C6F6164206F722073746F9C
:1012B000726520617420616E20696C6C6567616C79
:1012C00020616464726573730A00526573657420EB
:1012D00063617573653A2055736167652046617572
:1012E0006C740A0052657365742063617573653AA6
:1012F000204465627567204D6F6E69746F72204679
:1013000061756C740A0070726F63657373006D6150
:10131000696E005468726561640048616E646C6552
:1013200072002573206D6F6465207573696E672088
:10133000257320737461636B202825346C782074C6
:101340006F2025346C78292C205350203D202534E3
:101350006C780A0025752062797465732075736551
:10136000642028257525252920696E202573207382
:101370007461636B20286F7574206F66202575205B
:10138000627974657320746F74616C290A0053501C
:10139000206973206F7574736964652025732073E9
:1013A0007461636B2072616E6765210A004E6F2065
:1013B000696E746572727570747320616374697696
:1013C000650A00496E74657272757074732061638A
:1013D0007469766520286F72207072652D656D7056
:1013E00074656420616E6420737461636B65642945
:1013F0003A0A00202575000D0A5B415353455254AB
:101400003A25733A25645D0D0A0049414343564924
:101410004F4C3A20617474656D7074656420696E18
:10142000737472756374696F6E2066657463682087
:1014300066726F6D2061206E6F2D657865637574BF
:101440006520616464726573730044414343564987
:101450004F4C3A20617474656D70746564206C6FD4
:101460006164206F722073746F72652061742061F3
:101470006E20696C6C6567616C2061646472657371
:1014800073004D554E53544B4552523A20756E736E
:101490007461636B2066726F6D206578636570742C
:1014A000696F6E2072657475726E20636175736505
:1014B00064206163636573732076696F6C6174691E
:1014C0006F6E004D53544B4552523A207374616312
:1014D0006B696E672066726F6D20657863657074E6
:1014E000696F6E2063617573656420616363657302
:1014F000732076696F6C6174696F6E004D4D415257
:1015000056414C49443A204D4D415220636F6E7410
:1015100061696E732076616C6964206661756C74B4
:101520002061646472657373004942555345525299
:101530003A20696E737472756374696F6E2070728D
:1015400065666574636820636175736564206275A0
:1015500073206661756C740050524543495345527F
:10156000523A20707265636973652064617461200A
:10157000627573206661756C7400494D5052454325
:1015800049534552523A20696D70726563697365BB
:10159000206461746120627573206661756C7400EB
:1015A000554E53544B4552523A20756E73746163D5
:1015B0006B696E67206F6E20657863657074696F04
:1015C0006E2072657475726E206361757365642038
:1015D0006461746120627573206661756C74005378
:1015E000544B4552523A20737461636B696E6720A5
:1015F0006F6E20657863657074696F6E20656E74B8
:10160000727920636175736564206461746120621E
:101610007573206661756C74004246415256414CA8
:1016200049443A204246415220636F6E7461696EAC
:10163000732076616C6964206661756C74206164E6
:10164000647265737300554E444546494E53545277
:101650003A20747269656420746F206578656375DB
:10166000746520616E20756E646566696E656420C0
:10167000696E737472756374696F6E00494E565368
:10168000544154453A20696E76616C696420455036
:101690005352202D20652E672E2C207472696564AC
:1016A00020746F2073776974636820746F204152CF
:1016B0004D206D6F646500494E5650433A20657861
:1016C00063657074696F6E2072657475726E2069DF
:1016D0006E7465677269747920636865636B7320E3
:1016E0006661696C6564004E4F43503A20617474C2
:1016F000656D7074656420746F20657865637574BA
:1017000065206120636F70726F636573736F722001
:10171000696E737472756374696F6E00554E414CD7
:1017200049474E45443A20617474656D7074656430
:1017300020616E20756E616C69676E6564206D65F1
:101740006D6F72792061636365737300444956421B
:10175000595A45524F3A20617474656D70746564CE
:1017600020746F206578656375746520534449560D
:10177000206F722055444956207769746820646947
:101780007669736F72206F66203000554E4B0047AC
:101790004F200042544C00474F3200474F33004720
:1017A0004F3400474F3500474F3600474F3700470B
:1017B0004F3800474F3900474F4100474F420047DD
:1017C0004F4300474F4400474F4500474F46004AAC
:1017D0004D5000424452005550520042544D004D6D
:1017E000534D0046544C00554E4B00474F2000428D
:1017F000544C004241440046544C00465243004F72
:1018000054410044534C004241500055504700544D
:101810004D450046415500545A4600554E4B005028
:10182000494E00454D3400554E4B0048562000555A
:101830004E4B00455850004C574D00554E4B0052F2
:1018400042540044534C00454D3400554E4B00412A
:10185000535400554E4B0056465900494E480055CA
:101860004E4B004C434B0058544C004F42460055E1
:101870004E4B00485244004D454D004255530055D3
:1018800053470044424700444D41005643540055DD
:101890004E4B005550200052502000415030004126
:1018A0005031004150200044502000444543000086
:1018B0008B1704088F170408E71704081B1804087F
:1018C000271804082F1804083B1804084B180408AC
:1018D000531804085F1804086F1804088F180408C8
:1018E000554E4B004649420042544C004558540066
:1018F000505752005744470020535700435253005B
:101900004653480042414400464C540042524F0066
:101910000104010303060105010501090600060B88
:101920000000070B050B0000000000000000000095
:1019300052300052310052320052330052340052C1
:1019400035005236005237005238005239005231B9
:1019500030005231310052313200523133284C5272
:1019600029004D53500050535000504300785053BD
:1019700052004D53502075736564005053502075CC
:101980007365640043535441434B20626F74746F1A
:101990006D004943535200534843535200494E543B
:1019A0005F4143544956453000494E545F414354CA
:1019B000495645310043465352004846535200446D
:1019C000465352004D4D41522F424641520041462E
:1019D0005352005265743000526574310052657480
:1019E00032005265743300526574340052657435A8
:1019F0000044617430004461743100000A1404082A
:101A00004A1404080914040882140408C3140408BE
:101A10000914040809140408FC140408291504080E
:101A2000581504087A150408A0150408DF150408E1
:101A300009140408091404081916040846160408B1
:101A40007C160408B7160408E716040809140408ED
:101A50000914040809140408091404081C170408CC
:101A60004C1704080400E40C0A0042426C66004271
:101A70004242424200453A2F53696D706C69636976
:101A8000747953747564696F5F563831302F5344DD
:101A90004B732F706C6174666F726D2F7365727605
:101AA0006963652F6C65676163795F6E63705F6101
:101AB00073682F7372632F6173682D6E63702E636A
:101AC000004242426200010410400000D01D0408A0
:101AD000CC1D0408B81D0408B41D0408B01D04087A
:101AE000AC1D04089A1D04088A1D0408701D040812
:101AF000681D04085E1D04085C1D0408441D0408DC
:101B0000411D0408391D0408281D0408181D040877
:101B1000061D0408EC1C0408E41C0408D81C040876
:101B2000D41C0408D01C0408C21C0408B71C0408F8
:101B30009E1C0408851C0408291C0408281C040891
:101B4000181C0408F01B0408DC1B0408A81B04086C
:101B5000A41B0408741B0408701B0408651B0408FC
:101B6000641B04080F0000000000000000000000DB
:101B700000000000FF00FFFFFFFFFFFFFFFFFFFF70
:101B8000FFFFFFFFFFFFFFFFFFFFFFFFFFFFFFFF65
:101B9000FFFFFFFFFFFFFFFFFFFFFFFFFFFF000053
:101BA000FF00FF0000000000FF000000FFFFFFFF3C
:101BB000FFFFFFFFFFFFFFFFFFFFFFFFFFFFFFFF35
:101BC000FFFFFFFFFFFFFFFFFFFFFFFFFFFFFFFF25
:101BD000FFFFFFFFFFFFFFFFFFFFFFFFFFFFFFFF15
:101BE000FFFFFFFFFFFFFFFFFFFFFFFFFF00000002
:101BF00000000000000000000000000000000000E5
:101C000000000000000000000000000000000000D4
:101C100000000000000000000100000000000000C3
:101C200000000000000000000F00000000000000A5
:101C300000000000000000000000000000000000A4
:101C40000000000000000000000000000000000094
:101C50000000000000000000000000000000000084
:101C60000000000000000000000000000000000074
:101C70000000000000000000000000000000000064
:101C80000000000000000000000000000000000054
:101C90000000000000000000000000000000000044
:101CA0000000000000000000000000000000000034
:101CB0000000000000000000000000000000000024
:101CC0000000000000000000000000000000000014
:101CD0000000000000000000FFFFFFFFFFFFFFFF0C
:101CE000FFFF0000000000000000000000000000F6
:101CF00000000000000000000000000000000000E4
:101D000000000000000000000000000000000000D3
:101D100000000000000000000000000000000000C3
:101D200000000000000000000000000000000000B3
:101D3000000000000000000000FFFFFFFFFFFFFFAA
:101D4000FF9C0000FF0000000000000000000000F9
:101D50000000000000000000800000000000FFFF05
:101D6000FFFFFFFFFFFFFFFF00000000FFFF00007D
:101D70000000000000000000000000000000000063
:101D800000000000000000000000FFFFFF00000056
:101D90000000000000000000000000000000000043
:101DA0000000000000000000000000000000000033
:101DB0000000000000000000000000000000000023
:101DC0000000000000000000000000000000000013
:101DD000FC030101010101010101010101010101F6
:101DE000010000000000000100202014000020017C
:101DF000010105000000000002041104040211109A
:101E00001A080A021801081110111A080A04020D12
:101E10000B19195C01102812340430040B01000066
:101E200000000000000000000000000000010101AF
:101E30000101010001010101010101000000010196
:101E4000010101010001000101000000000000008B
:101E50000000000000000000000100000000000081
:101E600000000000000000000000000001FF010071
:101E700023E1010075E4010063E2010063E5010074
:101E800062E1010079EB010064EE010024E1010050
:101E900025E1010026E1010027E1010028E1010020
:101EA00029E101002AE10100000001008000010099
:101EB0000001010080010100000201008002010018
:101EC00020E201000003010000050100800501007F
:101ED000000601002C8901008006010000070100B6
:101EE00001E5010002E5010058E201008003010064
:101EF00080040100000401008007010000080100C7
:101F000080080100453A2F53696D706C69636974EC
:101F10007953747564696F5F563831302F53444B71
:101F2000732F706C6174666F726D2F736572766952
:101F300063652F746F6B656E5F6D616E616765724F
:101F40002F7372632F736C5F746F6B656E5F6D615F
:101F50006E616765722E63004D464720546B6E209C
:101F60004E564D3300453A2F53696D706C69636965
:101F7000747953747564696F5F563831302F5344E8
:101F80004B732F706C6174666F726D2F7365727610
:101F90006963652F746F6B656E5F6D616E616765F8
:101FA000722F7372632F736C5F746F6B656E5F6DEE
:101FB000616E75666163747572696E672E6300FF8A
:101FC000FFFFFFFFFFFFFF0034B62C33703260329B
:101FD00004320011681064103810341030102010D2
:101FE00010100C100210496E69743A206465666125
:101FF000756C7420434341206D6F64652073657474
:1020000020746F2025643A203078253032580045FE
:102010003A2F53696D706C69636974795374756490
:10202000696F5F563831302F53444B732F70726F86
:10203000746F636F6C2F7A69676265652F6170706A
:102040002F656D3236302F73657269616C2D696E44
:10205000746572666163652D756172742E630045E7
:102060003A2F53696D706C69636974795374756440
:10207000696F5F563831302F53444B732F70726F36
:10208000746F636F6C2F7A69676265652F6170701A
:102090002F6672616D65776F726B2F636F6D6D6FF9
:1020A0006E2F736C5F7A69676265655F73797374AD
:1020B000656D5F636F6D6D6F6E2E63005265736546
:1020C0007420696E666F3A203078253032582028A7
:1020D00025732900457874656E64656420526573C4
:1020E000657420696E666F3A203078253034582048
:1020F0002825732900453A2F53696D706C6963690F
:10210000747953747564696F5F563831302F534456
:102110004B732F70726F746F636F6C2F7A69676285
:1021200065652F6170702F6672616D65776F726B78
:102130002F636F6D6D6F6E2F7A69676265655F7370
:102140007461636B5F736C6565702E63000D004591
:102150003A2F53696D706C6963697479537475644F
:10216000696F5F563831302F53444B732F70726F45
:10217000746F636F6C2F7A69676265652F73746122
:10218000636B2F636F6E6669672F736C5F7A696725
:102190006265655F636F6E66696775726174696FAA
:1021A0006E2E63000020000002010A0006000A00F3
:1021B00026002A0000800000000000000000537587
:1021C000636365737366756C6C79206D69677261A2
:1021D000746564202564206B65797320746F2050CA
:1021E00053412E0A004661696C656420746F206D4E
:1021F000696772617465202564206B657973202896
:102200007768696368206D617920616C736F206203
:102210006520696E76616C6964292E0A00FFFFFFF4
:10222000FFFFFFFFFFFFFFFFFFFFFFFFFF010102B7
:102230000305080D1522375990E900F0E1D2C3B427
:10224000A5968778695A4B3C2D1E0F00453A2F53AF
:10225000696D706C696369747953747564696F5FD3
:10226000563831302F53444B732F70726F746F6335
:102270006F6C2F7A69676265652F737461636B2F6A
:102280007A69676265652F6170732D6B6579732D4F
:1022900066756C6C2E63008000000000000000007A
:1022A00022002B002100141400001C2030401C20B0
:1022B00000001C203040505341004B455900666ED1
:1022C000692B00666E69006E616E00666E692D0096
:1022D000000000000000F03F00000000000024406B
:1022E00000000000000059400000000000408F4046
:1022F000000000000088C34000000000006AF840B1
:102300000000000080842E4100000000D0126341D4
:102310000000000084D797410000000065CDCD414A
:102320005465726D696E616C00000000000000541D
:102330005452205245474745530010007013002067
:102340000000020800000000FFFFFFFFFFFFFFFF8B
:10235000FFFFFFFF00000000000000000000000081
:10236000000000000000000000000000A0000000CD
:102370001D3D010850000000953C010800000001CF
:10238000000001010001010100010000010202033F
:102390000000000000000000020303030304040423
:1023A0000405050000000001010101020202020310
:1023B00003030303040404040400000001010101F9
:1023C00007070808030303050404040505050606BA
:1023D00006070707080302020404040304050506B0
:1023E00006060607070702020203030303040404A8
:1023F000040505050505060606060102020202039C
:102400000303030304040404040505050506060686
:102410000C0C0C0C0B0B0B0B0B0B0B0B0B0B0B0B08
:102420000B0B0B0B0B0B0C0C0C0C0C0C0C0C0C0CF2
:102430000B0B0B0B0B0B0B0B020101010100000539
:102440000505050404040403030303020202020158
:102450000101010105050505040404040303030348
:102460000707080808080909090A0A0505050606F4
:1024700006070707080808080909090905050506E8
:102480000606060707070808C7BFBEBEBEB5B5B437
:10249000B4ABABDCDCDBDBD2D2D1D1C8C8C8C7BFA0
:1024A000BEBEBEBDB5B5B4B4B4DCDBDBD2D2D2D1D6
:1024B0001B1B16162E2D2D2A2929292524242020E0
:1024C0001F1B1B1B162E2D2D2A2A292925242420CB
:1024D00020201F1B1B1B2D2DBEB5B5B4B4ABABAB61
:1024E000AAA2A1A1A1A099999898C7BFBEBEBDB547
:1024F000B5B4B4B4ABABABAAAAA2A1A1A199999966
:1025000000000000030303030302020202020202AE
:1025100003030202020201010101010100000000A7
:102520000303030303020202D3CACAC9C9C0C0F22B
:10253000F2F1F1E8E8E7E7DEDEDDDDD4D4D3D3CA9B
:10254000CAC9C9C9F2F2F1F1E8E8E7E7DEDEDDDD8C
:1025500022221D1D1D1D18181813132C2C2C272783
:10256000272222221D1D1D1D181818182C2C2C275F
:102570002727272222221D1DFFFFFFFFFFFFFFFF4E
:10258000FFFFFFFFFFFFFFFFC8C8C8C8C8C8C8C813
:10259000C8C8C8C8030404080808080800B801B877
:1025A00002B800B0030404080805000000000000A1
:1025B000000000000000000000000000040008000F
:1025C0007C0031003B001B00303900007C03000020
:1025D000B03C000004000000183E000004000000B1
:1025E00038340000F8040000AC3C00000400000097
:1025F000143E00000300000000000000383400001A
:10260000B43C0000010000001C3E00003700000048
:10261000B13B000039340000010000000006800FCB
:102620007047944909684143880B70479248006895
:102630000104C80F704730B5002090490A68002394
:10264000FA24A401521C6568AA4200D322681578B6
:10265000AD06AD0E9D40054328009B1D1E2BF1D3FA
:102660000A6030BD84480168090408D584490A68B5
:10267000824B1A604A68C2618868B1490860704735
:10268000F3B583B01700C006000E009010389128F3
:1026900033D2FFF7CBFF00282FD00026794C01253D
:1026A0000398FFF7BBFF002802D0022803D003E005
:1026B0002068284000D001260197734F04980C2110
:1026C000615E40180E21615E4018FFF7AAFF019974
:1026D00040183860049800994018FFF7A2FF01994C
:1026E00040187860C020800168490860300368495C
:1026F0000860FCF711FF9348057005B0F0BDFEB50A
:10270000644B654DC02080040290F02000050190CC
:102710001869022805D2286801990140029881426F
:10272000F0D089480068C01C88490143884801608E
:10273000884A894C0421A068084204D0187D80068C
:10274000C10F490023E00226304022D01869042836
:1027500005D22F6801983840029FB842F6D0187D04
:102760000007000F072814D1587D022811DD987D3D
:102770008006800E02280CDBD87D009007460F42B1
:1027800007D0C00700D50A21374200D0891D002993
:102790000BD172486E4908600020186080218902C0
:1027A0006F4B196010602061F7BD481C1E6986429E
:1027B00005D22F68019E3E40029FBE42F6D0694876
:1027C000405C009020610098C000F821014002D0D8
:1027D0008020C004186064480668012E00D14900BA
:1027E0005960216800291DD159490B682026A65F30
:1027F00036039B059B0D33430B60012616600221B7
:1028000091600099890909D10068002801D1182038
:1028100000E01A20225E0098FFF732FF207A0007BE
:1028200000D42660F7BD4A484C4901600021194A8E
:102830001160802292024A4B1A60464A11604B4A4C
:10284000026142613F4801707047062048490860B4
:10285000002048490860F0210901474A11608021A1
:102860004900464A11600849404A0A604A603549B1
:1028700008707047A83E0000C04101A8183E000043
:10288000883E0000A43E0000C84101A8C06101A824
:10289000C05101A8C44000A80C0002A830B581B006
:1028A0000400A00314D530480068002801D1162088
:1028B00000E00C20FEF7C4FA3148806E0007C10F1B
:1028C00030480170082030490860C003244908607E
:1028D0002E4D2868000406D5FFF7ADFEE861FFF72E
:1028E000AAFE17490860A00727D58020C0021C490E
:1028F0000860FCF734FE00281FD0254A1068C0B2DB
:10290000002802D00621234B1960810915D01C49EB
:102910000B68012BFBD949680905090D091DC90080
:10292000114B1B68012B00D14908002B01D1182342
:1029300000E01A23D25EFFF7A3FE01B030BD000015
:102940005C4201A8523E0000204000A800F0FF3F7A
:10295000B84101A8044003A89C3E0000FFF3FF3FDC
:10296000106001A8D84000A86C3F0000FFFF0300E2
:10297000006401A8504000A80C6000A80C5000A8FA
:102980001C4000A8B43C0000846000A8C04101A81D
:10299000A03E0000005401A870B50822814B1A60C7
:1029A000FB239B011B68DC0302D50020088070BD5F
:1029B0000C880019401E00787B4DA870641C0C80A8
:1029C00045076D0F052D05D8784E3668F60603D5F8
:1029D000022D0DD0032070BD9604AE401E4001D1E3
:1029E000082070BD052D03D1104201D1641E0C805A
:1029F000A9484860002070BDF3B582B008886C49D2
:102A00000978491CC9B2814204D202990918491EA9
:102A1000097800E00021644A517093785B075B0FEE
:102A200001933023019C052C28D1194233D194788D
:102A3000E5081E242C40CD0702D5250001242C4397
:102A40000125A14EE6402E4073D0019F9F4EE641E6
:102A5000402426403E434C0602D53400202626431F
:102A6000947889080D40A7080C2139402943C025D6
:102A700025400D432021294396705170FB21890187
:102A80000C685578022123262E4008D0660302D513
:102A90002B40202B01D0052082E0424B1960937817
:102AA0009B0601D4202203E09278120702D540222F
:102AB0003C4B1A603C4A92786B461A70C022844B99
:102AC0001E680E4001D1154212D06E463778272677
:102AD0003E40232E03D1E60207D4012606E0252E30
:102AE00003D0212E04D1260302D504262D4F3E60AB
:102AF0001B6819402026019F002F1CD11E4027D0A3
:102B0000294B5B781A40402A13D00C221A40042A21
:102B10000FD02A073BD40122002902D0E100CB0FBD
:102B20005A4069460978CB07DB0F1A422FD02101A2
:102B30002AD4072034E0022FE2D11E4008D0002919
:102B4000DED1CC232B4003D16B461B785B0601D52D
:102B5000032025E0A30311D59C4E73691B051B0DB3
:102B60005B1C3668F60205D5994E36683607B60FF7
:102B70009B1B5B1E9BB2052B04D1C1E7029B1B78FC
:102B8000052BBDD006200BE08021064A1160E90725
:102B900002D4401C03990880AB4803994860002088
:102BA00004B0F0BD4C1002A8143E0000480002A87A
:102BB000303E0000F2B587494978CA0705D4009A2B
:102BC00012888018401E037800E00023FB22920147
:102BD000106802249D4D2E68F60611D512695340E7
:102BE000DBB2002B03D16E68D30973402340002B66
:102BF00003D0020204D40A20F2BDE206944E3260F1
:102C0000744A1E02C0230B403343914E33609378C5
:102C10005E07760F022E06D16D682C4003D100208E
:102C200000990880F2BDA0250D409E08102737406E
:102C30002F433D090E0702D42E0010253543CC2426
:102C40000C401A262E400A2E04D1CC2C02D02E0085
:102C5000FD2535407F4EEE40F60705D4000416D51D
:102C6000412B10D1082912D17B48E84011210140A5
:102C700021432020084310700D210140009808D006
:102C800000F0AAF8F2BD0B2B01D10029ECD00720EF
:102C9000F2BD00F01FF8F2BD9934000038B50C0009
:102CA0006E490B781A0953399500491925881B0775
:102CB0001B0FEB1A9A1A8018FEF753FD010002D180
:102CC000200000F007F832BDF300A3E39814406839
:102CD0004C0002A8F8B50400614805683D4F3878FB
:102CE000D026304202D00D21014005D008205D4998
:102CF0000860EF20FEF7F2FC39782000314204D062
:102D00000909397000F068F8F2BD0521294020D08A
:102D10000288FB218901CA60534BEC0705D5521C80
:102D20000280690607D4514B05E043242C40422C15
:102D300003D1521C028043600DE01022494B1A60FF
:102D40004B4A09688B00DB0F1901116380210903CD
:102D50001160002101800020F2BD0A888018401E09
:102D60000078830601D4121D0A801822024004D084
:102D7000088852088018C01E088039480068C007BB
:102D800002D50888401C08803848486000207047F9
:102D9000334A1368DB0708D51268920705D40A88FE
:102DA0008018401E007804280DD110202D4A106094
:102DB0002F48FB22920112689300DB0F1A01026375
:102DC0008022120302600020088070470C4000A897
:102DD000080001A8143E000031B581B0254900204B
:102DE00000900822244B1D7802230C24254202D196
:102DF0000022224903E02C40082C00D10222EC07DB
:102E000003D50C001E21614000931D4207D01449D8
:102E10000968090601D51A4901E00021C943019B4F
:102E2000184C21601849FF248C70009C1501254323
:102E3000CD700870188800994018801818801348C1
:102E40005860002036BD000055360000480002A83A
:102E5000481002A80D0F0C0D071708504B3F00003B
:102E60004C0002A84C2002A8FB37000031380000BB
:102E70001C1002A8DE1B2501143E00002084100057
:102E800000FCFF01F43E0000483F00003D37000019
:102E9000143E0000053400001D3400001D34000005
:102EA0001D3400001D3400001D340000000000002F
:102EB0000000000000000000000000001D340000C1
:102EC0001D3400001D3400001D2B00001D340000C7
:102ED0004F2C00005F2C00008F2D0000F12D000012
:102EE0007B2E000001300000A92E0000AD30000054
:102EF000FD2E0000512F0000C92F000051320000AC
:102F000055330000212C0000F3270000952300001A
:102F10001D340000B52800001D340000F929000010
:102F2000B92900001D3400001D340000392A0000BA
:102F30001D3400001D3400001D3400001D3400004D
:102F40001D3400001D3400001F1200001512000087
:102F500090488068000200D4704780B580208002CD
:102F6000AB490860CF2000F051FA01BDF8B58A489E
:102F700000688A4C802292032260FB26B6013168E9
:102F800009051DD5110BA023034001D0216017E0D6
:102F900002403FD18027824A1760824A176008406A
:102FA00038D07C4D287A400705D501207E4908603D
:102FB00000027E4908602878002801D0062801DB3D
:102FC0000020F2BD00F07AFB716889684E682978AC
:102FD000052907D1B905A1606E60B668CC218901C9
:102FE000724A116000F073FB012E00DA0226BC2049
:102FF00080058849086094208005874908606848F2
:103000000021C94301647142416484490F60402139
:103010000160D5E782480160FFF79AFF0120F2BD09
:103020005D480168890504D5C06E0004000F0228C0
:1030300001D0002070470120704738B580245848DF
:10304000046000F03BFB05007648006800F068F97A
:10305000280000F03CFBFFF77BFF4E48007A00079A
:1030600005D5A0004D49086000F03AFC31BD600371
:103070006B490860B148046031BDFEB50500CC2045
:10308000800169494860012668480660FFF7C8FF6B
:1030900000287DD03F4C2078002879D0310201955E
:1030A000052802D02A460A4072D1CC27BF015E4AC9
:1030B00017608D4A126881231B02134001D003233D
:1030C00001E053075B0F022805D1022B5ED30801F4
:1030D00036490860F7BD4D01032804D1022B55D9AC
:1030E00032480560F7BD042802D111404ED0F7BD2B
:1030F00005284BD10198002848D0C005C10F68466B
:1031000041700198C004C10F6846017000F0D6FA02
:103110000290606869464978002903D006688021DA
:10312000204A11602C0486496A461278002A0CD085
:10313000C2680B68D21A834B1B68234001D0066813
:1031400000E04668964200DD1600684640786A4610
:103150001278024308D008684242B01E824202DA66
:103160007042886000E00026029800F0B0FA0198F2
:10317000800501D5964804600198054001D0954826
:103180000460002E02D009480760F7BDFFF755FF25
:10319000F7BD00001C3E0000440002A8442002A825
:1031A0000CC001A890E001A8C4D000A8145001A848
:1031B00038B580248848046001201C490860874D88
:1031C0002878052802D0600085490860FFF728FFAD
:1031D000002812D013480068000A80214140A868E6
:1031E000000EC9B2814208D23F4800684007400F34
:1031F000022802D2FFF721FF31BD7A480168C022C0
:103200000A4002D1C06F204001D00448046031BDA3
:103210001C1002A808E001A808D001A894D001A8B9
:10322000441002A818C000A8106001A8C4E000A8BB
:10323000F1B582B00F00A020384003D0802080007C
:103240006A494DE000F03AFA009067480468F802D5
:1032500002D5A0680069029000F0ABFB8021090351
:10326000606800F07DF926780020761C6178B14214
:1032700000D200261821714365180C3529780829D9
:10328000F3DA2670A56055492A780A70BA0507D581
:10329000554800688068C068FA0201D40322904350
:1032A00088600127384003D100F0A0FC01F006F946
:1032B000F904686900F054F93C2000F0A7F8F0B276
:1032C00000F0A4F860884A4901406180009800F04D
:1032D000FEF9380545490860464807603802464906
:1032E00008600298FEBD0000184001A810B54348D0
:1032F0000068800501D4FE2010BDC0208003404935
:10330000086000F0DBF9384909688A78D20702D5ED
:1033100089688C7800E00C7800F0D9F9200010BDA5
:10332000314909688A688B78DB0704D592781823BD
:103330005A438A180C32906070470000100002A8AF
:1033400048C001A84C0002A8F1B582B02D4F3C68DE
:103350000026200F000702D1E00102902AE001F0D0
:10336000ADF800F0ABF9019080210903606800F02E
:10337000F7F825786D1C6078A84200D20025E80097
:1033800020180C30009000680290802109030098FA
:10339000406800F0E5F83D2000F038F8E8B200F0B1
:1033A00035F825700098A060019800F090F902A807
:1033B00001F0DEF814480068800407D5F86901F0D0
:1033C000C2FD02990818029000D502960298FEBD2F
:1033D0004C1002A84C2002A894E001A81C3E00005A
:1033E000146001A814C001A8C43E0000442002A833
:1033F000FEFF0000C0E000A8106001A8440002A881
:10340000441002A8C83E0000FC0302A8494909680C
:10341000002901D5484908607047F3B581B0474F8E
:10342000B968474C4A0057D50125090100D5212527
:103430000100444A1068566822689206920E94462B
:103440003A68930080221340624613438022520060
:103450001A4300920A0023D0890601D5012008E012
:10346000F021014007D16946097A0C220A4002D0B6
:10347000022000F04AF83449096809040AD539687D
:10348000090701D5022605E03968490301D5002660
:1034900000E003264835009A2C490968890003E0BA
:1034A000009A2A49896B09094023194011430207F0
:1034B000120F032A05D12268120904231A4032434D
:1034C000160080225200002E02D0164326660835D0
:1034D0002166024322662566E06D4407640F00F012
:1034E000D7F8A0070BD0052C09D0B868000406D483
:1034F00000F0E4F80221164A116000F0E8F800F04C
:10350000D0F8002000F001F8F7BD0E490A68F0235A
:103510009A43000110430860C0B270478020C00287
:103520000C490968890701D10B4900E00B49086083
:1035300070470000500002A8884000A8480002A878
:10354000284000A8683F0000684101A8184001A871
:10355000D4D40350844000A8486000A8485000A874
:1035600080B56F4A116001F019FDFFF7D7FF01BD6B
:10357000FEB5FB25AD012878000604D5287F00287C
:1035800001D0182400E0462400F098F80290654825
:10359000C0684005C20DD52A01D2D52204E0D12051
:1035A0004000824200D90200100001005E4B0193EE
:1035B0002B6B5B011DD55D4B00931D1D5C4E36785A
:1035C00006277E43AA530025019B1B7CEB40DB07AB
:1035D0000CD5009B06266E439B199B888FB2BB427D
:1035E00000D2190086B29E4200D218006D1C022D36
:1035F000EAD389B2091909044E4B0B40001BC005E0
:10360000C00D184347490860C02000064A490860B9
:103610004548017D00290CD04849D52A02D980238C
:10362000DB050B60D1235B009A4202D280231B068C
:103630000B600021424B19604188002900D10280B3
:10364000029800F044F800F071FDF7BD80B53D48E8
:103650003D4908603D48C1680902090A19225143E1
:10366000416005210160FFF783FF01BD80B5FB20AC
:1036700080010178090604D5007F002801D0FFF7FA
:1036800077FF32480068C00301D5FFF771FF01BD25
:103690008020C002224908602D4800684007FBD402
:1036A00070478020C0022B490860704701E02A491A
:1036B00008602A4909680140F9D170472848006824
:1036C0002021284A11601021274A116070473021BB
:1036D000014002D11020234908607047204800684B
:1036E00030210140102901D101207047002070478E
:1036F0001E4801210160C160704701201C4908601B
:1037000070471C4800780621014007D01A4800681D
:10371000022803D0032801D0012070470020704701
:10372000441002A87C400050743F0000403E00005E
:103730003C3E00000000FF01A0600050A45000507B
:1037400018E000E07F1A0601540002A810E000E033
:10375000440002A8442002A8282002A8280002A8A9
:10376000600002A8602002A8601002A8789001A85A
:1037700084A001A8A43E00006C3F0000F8B5634897
:1037800080214902C1610221614A51600021614AE0
:10379000D162614A118003215D4A116002210160FA
:1037A0005E4DCC01A868204010D05A480068F02136
:1037B0000905014090200005814207D002205849A8
:1037C0000860012001F00EFC564804602020564994
:1037D0000860802055490860CC2080015449086069
:1037E0000124544804602E683004070F52480068D2
:1037F000C505ED0D103DC0202843C0B2FFF706FE01
:103800004448C06B800309D5092F07D0FFF779FF23
:10381000002801D003F0EBF801F01EFA3007000F8A
:103820000090464806680098032803D0022806D175
:10383000032F37D000F05EFA0098032803D0062F3C
:1038400030D1062D2ED03E480068C00B204001D05C
:1038500001F0E8FC3B480068000108D5052D06D1C1
:103860000125394804606005FFF720FF00E00025CE
:103870003100380000F078FA0600002D06D000F084
:103880001FFC3248046002203149086060052F495E
:10389000486580092F490860FFF733FF002801D0F1
:1038A00003F093F81A4821040162002F08D1022185
:1038B000416000201749C863C020C0001C4948640B
:1038C0003000F2BD80B5FFF7E3FEFB2080010078F9
:1038D000800602D4022020490860FFF7E2FE01BD05
:1038E00002201E4908607047802000061C490968B4
:1038F00001400AD0C10D1B4A1278920701D51A4A1D
:1039000000E01A4A11601A49086070472C1002A89A
:10391000282002A80C0002A84C3E0000B00002A81B
:103920006C1102A8B82002A894E001A80CC001A85C
:10393000146001A8C4E000A804ED00E0B44000A8B1
:1039400000E200E0F03E0000645000A8646000A8BF
:103950002C4000A880E200E0081002A8082002A87D
:10396000440002A86C3E0000FC1302A8FC2302A83D
:10397000442002A85A480068800700D4704770B5F8
:10398000944801210422BB4B0C02E025ED0086681F
:103990002E4002D01C601A6119610068054002D0F7
:1039A0001C609A60996070BDBF4801218160016010
:1039B000704710B5012088498A680240FCD1BB4A93
:1039C000042313610C680440FCD193600002106072
:1039D00010BD824908680122104200D1704710B51D
:1039E000E023DB000340FF24A41CA34204D3C04B0C
:1039F0001B689B0600D54868024001D000F044F9DE
:103A000010BDFEB50700764E30683F2188437549EA
:103A1000097801433160FFF7DCFF734880214903D7
:103A2000954C0825954A1268D20504D525600322D5
:103A3000B262016006E0C822B2620622904B1A60B0
:103A4000904A116000978909C16000980068984FFA
:103A5000B968814201D2019100E001900199401AB8
:103A6000009908600121009800F0FCFB0600009816
:103A700000680199401800990860FFF77BFF8D48A6
:103A800000683860002E13D1002060627B48016816
:103A9000C90501D4102161620068284001D0256069
:103AA00000E0656095480068400001D568026062EA
:103AB0003000FEBDFB208001017809060DD5007F96
:103AC00000280AD08A484168C90606D40068A021A7
:103AD0000140481E8041C00F704700207047000021
:103AE000500002A880B5FFF7E5FF002803D00021B1
:103AF000042001F031FC01BDF1B581488149C86065
:103B0000EE20C0040860804880490860FFF7D2FFBB
:103B1000002803D00021042001F01EFC7C4C8020F2
:103B2000C001206008277B488765012575484564EA
:103B30001D2078498862784E9B204000B0610720A4
:103B400001F050FA0220734988624C490A68D20693
:103B500003D57049714A0A6008E00F2209683940AC
:103B600002D03100103101E0310014310A606C499B
:103B70000968002900D4B761E32109013160C0213F
:103B8000C900684A1268F823DB01134001D1F162D1
:103B900001E05C4A9165216C294008D0616BC9073E
:103BA00005D461490968084001D101F0F3FB002008
:103BB000C0435E490860606B054001D1FFF7DAFE43
:103BC000009801F0FDF9606B8001FCD4606A5849EF
:103BD0000860F1BD900102A8940102A8783F00009E
:103BE0002C8001A84E3E0000981002A870B5FB2062
:103BF00080010178090606D5007F002803D0002146
:103C0000052001F0A9FB4B4801683F2291434A4A35
:103C100012780A4302603E4848490122436B134030
:103C200001D10A638A62972252000A6010220A6058
:103C3000434AE2231B019366424BCB610021424B76
:103C4000196080235B00072408210C4D2E680E406C
:103C500005D094672C68234006D1916704E0D467AF
:103C60002C68234000D1D16703231360116309033B
:103C7000016070BD881102A8601102A8FC0302A8AF
:103C80000C9001A8982002A8F02109012F4A116088
:103C900001402F48016020202E4908602E49096804
:103CA0000840BF4908607047902102A8882102A8F7
:103CB000A03F0000340002A82848294982680A4031
:103CC00002D1C268114001D00F4901601248082199
:103CD000A64A13680B4000D081611178C90602D54D
:103CE0008C21090101601420AE490860E9E100005F
:103CF000440002A80448054908607047EC0002A887
:103D0000000FFF00242102A801200000706201A81A
:103D1000100002A8C01002A8501102A8BD030000A4
:103D200028C000A8A88001A8243E0000B46000A814
:103D30009C3F00002C8001A84F3E0000682102A893
:103D4000E82002A810100000C00002A8586001A8D6
:103D5000585001A8482002A8184001A8704201A8A4
:103D60000080008070470000F8B586B005000C00A8
:103D70008D480068400102D52000402404438B4850
:103D8000C66AFFF79BFC0590B00503D5884800681C
:103D9000FFF7C6FA0020019001237006C00F0290C1
:103DA000844A916800209060B8204000824E3060C4
:103DB0006608B82030401278F0261640402E02D116
:103DC0000200402010430D2D02D10A0004211143AE
:103DD0004A0704D502001420104310229443774A66
:103DE00012686D462B70D20506D580225200744BA6
:103DF0001A60020001201043029A002A11D10C22FD
:103E00000240082A0DD00200684B9B6BDD0601D4EE
:103E10001025AA439B0601D420239A43B1231340C3
:103E20004FD06A461278002A4ED0A34A956B966D01
:103E300001236D076D0FAD1DAB40F504ED0C5B1B51
:103E40009BB2082B09D280200623584D2B604302D9
:103E50009A4D2B6000236D462B708123034036D092
:103E60000823029D002D00D113620D000821294373
:103E700010239C4304231D05954E3560DD04954EAB
:103E800035606D462D78002D1ED0062B25D3464D6E
:103E9000EE6CF60621D5904E3668360E01966D69A9
:103EA000ADB28D4EF66B360603D02E0080256D0127
:103EB000354315612D121561404A1268D50592D41B
:103EC0000BE008227C4B1A620491009032E000BFA4
:103ED00027A34506ED0E5B5DD3E7049100903348C0
:103EE000026B7D490968744D2E686F463E81282615
:103EF00016401E43930CDB0133431600120E324072
:103F0000102632401A43890040231940114302AA67
:103F10009170406B000A02A9C870FFF7E7F902A987
:103F20000871019848716D480068C8800298E86679
:103F30000398E8660598FFF7CAFB0825600601D5D7
:103F400063488560FFF7DDFB002805D064480078F2
:103F5000002801D0634805600498C1B20098C0B23F
:103F6000FFF75BFA200007B0F0BD0000F84F00003B
:103F700003010706030107060501060605010606FB
:103F800003020706030207060502060605020606E7
:103F9000081A03D2544909684018401C70470000B1
:103FA000481002A8703F0000084000A8180002A8AE
:103FB0001CC000A8683F0000B46000A81C0100AA53
:103FC0001C2100AAF8B5494F494E0F240125494943
:103FD0004948806BC0061BD501200870474800681F
:103FE00047490968FFF7D4FF716F4018012858DB73
:103FF00001F078FA43490968090B0C40022C4ED1B4
:104000006905414A1160102139643B490D6046E061
:104010003948006CC0001FD53C480068E021890584
:1040200001403ED0374D28682103014080208001A7
:10403000814236D1FFF742FB354A36490968C90546
:1040400002D53549096811602968090B2140022908
:10405000F3D0FFF73CFBF1BD30480068002820D0CA
:1040600001220A7000F0ACFF00281AD101F03AFAE0
:1040700024490968090B0C40022C10D10221327826
:10408000D20705D5264A12680A4001D01A4A15609F
:10409000CA031D4B1A6039600021204A116001F0EB
:1040A00025FAF1BD802080041E49086070478020F9
:1040B00040041C4908607047540000AA141100AA6B
:1040C00000BF19480168490701D0FF2141617047CD
:1040D000441002A84C5001A8184001A8448001A82F
:1040E000B43C0000845000A838C001A8082002A8F1
:1040F0006C3E0000513E0000100002A81CC101A847
:1041000020C001A8B00002A81C1002A84C4001A8C1
:10411000800000AA084000A8904000A8283E0000A7
:10412000F03E00003C2002A80C4000A83E48006879
:10413000000219D53D480168C902490F0BA2008A47
:10414000CA384009105C081840B2082801DB401F3B
:1041500002E0002800D5401D35490A68354B134060
:10416000000680111843086070470000020100003B
:10417000FFFEFD00FF2807D0032805D22E4909784D
:10418000C140C807C00F704700207047F0B58020BD
:1041900000020821294A11600A230121284A01242A
:1041A0009C40044329A5ED5C25439560F025254EF0
:1041B0003560224D28A6F65C022737432F6004267F
:1041C0002E60214D2D680D4006D1CD026D1E03D00D
:1041D000966C3603FAD401E00220F0BD956CD66CE3
:1041E0006D036D0BAE4200D220005B1ED7D50823B5
:1041F000144C23609060AC4B1B685B0112D5AB4C38
:1042000063785D1C01262E4066701D0006267543EE
:1042100065191268AA80E8802370074802789940DF
:10422000114301700020F0BD500002A8643F00005F
:10423000F80302A8FFFFE3FF843F0000889001A875
:10424000448001A888A001A8140002A80000000171
:1042500001020408102020005050504040404030DF
:1042600020202000F1B584B0914C92484068C005F0
:1042700016D5606AE021C9000840884210D1AA48DA
:10428000006E0004000F8C490A68D20601D5072889
:1042900004D00968C90603D40B2801D1002001E12C
:1042A000FFF782FBA1484069400101D401251CE0D1
:1042B0009F48826B00207D49C3B206256B43CB1813
:1042C0009B8895B2AB4204D0401CC3B2022BF3D3FF
:1042D000FF200870012595484069400105D5087800
:1042E000FFF748FF002800D0002592485421405C89
:1042F000000608D58D480078002804D08B48407807
:10430000002800D10125E06902906A480068E06158
:10431000894E04980068316D4718012F16DB00F0B4
:10432000C6FD3060C001381A01280FDBFFF741FBE2
:1043300000F0C4F804980068316D401800F040FEA9
:10434000002803D00021049A116010E07B4FC020A8
:10435000C00038602068072832D0052108400528B1
:1043600008D021600C2000F03DFE002802D0029908
:10437000E16197E0724EFF207A3070620420B062F3
:10438000FFF717FB02203060E020C0046D49486051
:1043900080208004786002203860012000F022FE36
:1043A000802080007062022000F01CFE8020C0008F
:1043B00070620820B062022000F014FE0220B06299
:1043C000614EE0204000F0615A480078C00705D5F2
:1043D000802000065D49086040083060042000F03D
:1043E00001FE019000284BD102205649086080024E
:1043F0007064C001706410204D4908600120B067EE
:104400004C4F4948006840061ED448484069400166
:1044100013D5264800786946087068460078FFF78B
:10442000A9FE002809D0214869460978062251438F
:104430004018C0883E49086406E001203874FFF740
:10444000A5FE019000281BD10120394908600020F9
:10445000C867022000F0C6FD3C4E4020F061C0302D
:10446000F0613878C00705D5C020000630603048BC
:10447000006C7882022000F0B5FD8120C0027064DB
:10448000002D05D028480068800101D4FFF7EEF820
:10449000E069E0214903014002982D4A02400A43A5
:1044A000E261019805B0F0BDF03E00003C3E000026
:1044B0005C0102A8F80302A8B04301A870B5FFF799
:1044C00073FAFFF776FA234C23480068C00509D534
:1044D000E06F000B0F210F220240072A23D001407A
:1044E0000B2920D00225124805601C4E0820B0621E
:1044F000C0017062012000F075FD28027062356015
:104500000620B06216487062E0204000154908603D
:104510000C4805600021144A1160C021C9000160E7
:1045200020681249086070BD500002A8DC3E0000FF
:104530000C8001A86C3E00008C3F0000981002A87F
:104540005C1102A8982002A8109001A810A001A850
:10455000FFFFE3FF340002A8FC0302A85C2102A8CD
:10456000F96100002CA001A85C0102A8943F0000A2
:1045700070B50600FFF71DFA2848C021C900284A77
:104580001268F823DB01134001D1C16101E0254A23
:104590001160254980225200244B1C68144003D02E
:1045A00008240460032001E0AC20400088641868FF
:1045B000024001D10A2008601D48802149030160A2
:1045C0008909C1601B4C6069AF21C9014518306879
:1045D000854200D30500401B306000213000FFF70A
:1045E00041FE31684919316013490968216070BD85
:1045F00080200001114908600001114908607047DE
:1046000010B50400FFF75AF80E490A680E4B134024
:104610001C430C60FFF75BF810BD0000601102A89E
:10462000AC8001A87C2102A80C8001A8FC0302A890
:10463000981002A8903F0000340002A8441002A87D
:10464000685000A83040005AFFF8FFFFF1B584B071
:10465000E020C000FFF7D4FFAE4800680190AE48EC
:10466000006BAF21C90140180499884205D2081A8D
:1046700000F0A6FC002800D00DE2A84C6068C0073E
:1046800000D508E20425A648C562A803A5498862AA
:10469000A548406D0090A06B8607B60F032E03D08F
:1046A00010209F49C86223E00846E9038162E16B5C
:1046B000890601D5012053E00099090610D5E26B67
:1046C00002210A400CD1994A05231360E36B10279D
:1046D0003B401943116000211160A16B090A116070
:1046E000C562E06B002803D5E8038D498862002687
:1046F000A06B284004D0A06BC000A901084003E0D3
:1047000085488068C10701D5FFF7BEFA01200099EE
:10471000014008D0BE49B2018918096AC904C90C10
:10472000491EBC4A11600021BB4A13681B0403D513
:10473000926F002A00D40121C0208000B74A506542
:104740003202794B1B78DB0701D4002901D001002C
:1047500000E01100D14B1960B04988655A60002013
:10476000216C942292050A40110000D001216A4672
:1047700011706E026F036946097801432CD0C84856
:104780000078C0210140402902D1FFF79BF801E0E9
:10479000FFF7A6F8202020606846007800281AD08D
:1047A000A06B284009D028035E4988620220BD49D9
:1047B000086000F099FA002805D05948C5625948A8
:1047C0008662B848076058485421405C000602D50C
:1047D0006804534908605EE16068C007FBD4E803E1
:1047E0005049C862FEF754FF8A48406E216C394038
:1047F00008D1C00606D5FEF761FF0221AA4A116062
:10480000FEF765FFFEF74DFFA8022060C0200006FE
:10481000A649C860A803A6490860A06B4007C10F5D
:10482000684601700198C00700D4CDE000F05AFE40
:104830000290FEF75DFF206C40040DD400BF00BF66
:1048400000BF00BF00BF00BF00BF00BF00BF00BF70
:104850008020000697490860FEF74FFF029800F09D
:1048600045FEEE20C004A949086090484662A84968
:1048700003220A647F224A644222019BDB0501D4A1
:104880000A6000E002600646A020B0600820884967
:104890000866A0480560206CC0025BD59E48416850
:1048A0000A0B0F2313401A01D21A09090F250D40D4
:1048B00051190F3901D1002200E04A1E7EA55B008C
:1048C000EB5A0193102945D313490D88E72D41D3A5
:1048D00095235B009D42019B9C4608D895235B0075
:1048E0005B1B1B0965465D43AB0A5D4205E08B4BD4
:1048F000EB181B0965465D43AD0A6DB252190B6B8F
:104900009C46CB6B5D4363465B190B63B32A0FD3A5
:10491000B32210E0FC0302A8743F0000100002A8BC
:104920001C2002A81C1002A86C3E0000E40000AA93
:104930000F2A00D20F227A485043C00C7949754B98
:104940001960411C09030301C01A1018401C000122
:104950000843B0666D4D7448A864C0208001F060C3
:1049600053487249416772498167F02000016865C8
:104970007809B0610A2000F035FB82204002B06661
:10498000C4200006F060C02040016A490860012090
:1049900000F028FB0120F060062000F023FBF76008
:1049A000082000F01FFB7802F0604008F06040082B
:1049B000F060C000F0604000A864032000F012FB2B
:1049C00078005449086005E0E022D2004021002030
:1049D00001F00EF80020C0431049086000F067FAAB
:1049E000964D401DC001296B47188020C001944995
:1049F0004E6F0640934908600498874211D2296B94
:104A0000401A00F0DDFA00280AD08F48066042E024
:104A10000C0000AA204000A8684101A8B46000A8CA
:104A2000049F8A482149C860012000F0DBFA606ACF
:104A3000E862802040001E490860380000F0C0FA9B
:104A4000834F68460078002806D17D480068B86723
:104A50008020C0037F4908607B4806602B48022104
:104A60008164C02189018164606A68626846007857
:104A700000280AD0012000F0B5FA5420385C000666
:104A800003D58020000397490860206CC00202D53E
:104A900021480068286305B0F0BD00BF085100A898
:104AA000F03E0000685000A8D4E40350601102A852
:104AB000B81002A8045009500000000000040008CB
:104AC0000008010C01100218021C0324042C0430FD
:104AD0000534000080B55E490978C90701D5002872
:104AE00003D0C0208000FFF78BFDFEF7E7FD95495E
:104AF00000220A600A22CA61FEF7E9FD9248C0213D
:104B0000890201609149416001BD0000242102A891
:104B1000600102A8C82102A8F83F0000D6FEFFFFEE
:104B200089880000F0F00000040400000203000087
:104B30000004FF00B05101A88548806B800300D4B9
:104B40007047F8B58348006800900024002082492F
:104B50000126009A324003D0C020800102220A6060
:104B6000086408277D4807607D480068C00403D4B6
:104B70007C4800683840FBD07B4D34486865042091
:104B800000F030FA8820C00468650098304027D0D3
:104B9000F005686580006865012000F023FA6E6505
:104BA000F00368654002686500F09CFC0600FEF7B3
:104BB0009FFD6748006C40040DD400BF00BF00BFDC
:104BC00000BF00BF00BF00BF00BF00BF00BF80200C
:104BD000000666490860FEF790FD300000F086FC94
:104BE000634E0098C00501D5376000E03460746002
:104BF000C02000066865C00C5E490860012000F016
:104C0000F1F9F0200001E8665B480099C90502D57A
:104C10000321016000E004608620400257490860DB
:104C2000574868652F60A020286534647464B80212
:104C300047490860000153490860F1BD743F000016
:104C400020C001A894E001A894D001A8024000006F
:104C50006C3E00001C1002A8F8B54B4800680D27F8
:104C600007400424002F00D104274848102566037C
:104C70000821474A474B1B682340126814D0426002
:104C8000394004D00220FEF740FC434806603C4017
:104C900007D042480068054340480560B0083E49D7
:104CA000086002203E4915E00260394005D002202C
:104CB000FEF72BFCA002384908603C4006D037487C
:104CC00001680D4305607009334908603448066087
:104CD00030032C490860FFF72FFF00210020FEF76A
:104CE0009CFBF1BD1C2002A810B580202D490A684C
:104CF00002400AD02C4B1A680624144005D15C6E81
:104D00002A4A22401B6D9C0101D5002010BD096874
:104D100008400DD02648824203D1180501D5012054
:104D200010BD24480068C107C90F481E8041C00F4C
:104D300010BD214803210164A821C1631021016035
:104D400070470000D80000AA442002A80400008098
:104D5000100002A8FC0302A82C1102A8106001A8F0
:104D6000D84001A8104001A8182102A804600950E9
:104D7000600102A8B06101A8548001A8C82102A85E
:104D800004340000482002A8B44000A8E83E000017
:104D90001CC101A8480002A8441002A8683F0000F6
:104DA000685000A8440002A814C001A81F1F0000FA
:104DB000010C000030C101A8082002A86C4800685E
:104DC0000121084209D16B4A12686B4B000C184054
:104DD000F03291400B40984201D0022070470020F1
:104DE0007047F8B507000F386A461080604CE068DD
:104DF0000A0004D16B461B8882B29A423AD2002242
:104E00006B461A80012502263A0013D022683240F0
:104E100007D000292ED059480088401C57490880E7
:104E200000203900216156490E6080B2B84201D39A
:104E300069460D805348456000E030BF206830402F
:104E400003D1FFF7BBFF0028F7D04D48456039007C
:104E500010D02168314005D048490A886B461B882C
:104E6000D2180A80066000202061E068B84201D2B2
:104E700044480660FFF7A2FFF2BD38B5050000F018
:104E800031FB0400012199204543A8093E4A1268DC
:104E90008018123880B2FFF7A4FF05008020C001FF
:104EA0003A490860200000F021FB280032BD334859
:104EB00003883549096802889342F9D1100408181B
:104EC0007047FEB51238070C6946088000F00AFBEF
:104ED0000190274C294D2888B8421ADA01202C4924
:104EE0000860274E30BF02202168014006D03060A4
:104EF0004003264908602888401C2880FFF75EFF91
:104F0000002802D12988B942ECDB01217160002818
:104F10000DD12888B8420AD1E068694609888842DC
:104F200005D2002168460088FFF75BFF01E0FFF72C
:104F300045FF04008020C00114490860019800F07A
:104F4000D5FA2000FEBD10B512490A680E4B1B6849
:104F50000C689442FAD0DB014033141A02D28869FB
:104F60002418641C0C4800684443181B10BD000042
:104F7000280002A804ED00E0FF3F00004C3E0000C6
:104F8000282002A8281002A8340002A880E200E02D
:104F90002C1002A820C001A8B43F0000F0B502E028
:104FA0000A601C602E607EC84F1C07D05F1C04D0B6
:104FB0006F1CF5D10A601C60F0BD0A60F0BD0000F6
:104FC00010B5C409FFF773FF201A312806DAC000B4
:104FD000183801D4C01EFDD5002010BD2000FFF7F9
:104FE00070FF10BDC32148436F3801D41E38FDD572
:104FF0000020704780B5FEF788FA012086490860D6
:1050000001BD80B5EB2000F001F801BD30B583494A
:105010000B6818401022134211D0814BFB24A401CD
:105020002468224008D0B04A14682402FF252D02CB
:1050300025401D6300241460802252031A6008601A
:1050400030BDF3B5010016001C0000250095A748EF
:10505000019A330000270BE0BC464F5D4743AE008A
:105060009E597E40575D47433740664637436D1C27
:10507000A542F1D3390939438A080A43510811433B
:105080000840C10901430F208A0B0A4302405040E7
:10509000F6BDF1B582B00E00002093490860FD25F1
:1050A000AD01EF7AA87A01900F21394000910ED01E
:1050B0000B468F4A8F490298FFF7C3FF01990140C1
:1050C000894801608C4841438C48084001D1012443
:1050D00000E04401380915D032003B09290002984C
:1050E000009E6D7A75194019FFF7ABFF0199091100
:1050F00001407D4802680B0113430360002901D081
:10510000480044437E480068204001D10420FEBD91
:105110000020FEBD80B50A00002111807949528827
:105120008018FFF7B6FF02BDF0B50F22764B5C7911
:1051300005780F202040C5402009284001259C7992
:10514000C4402C4001D10320F0BDFB24A4012468FD
:10515000254008D06D4D9E684700F65B761E2E6098
:105160008026B601EE60DD78DE79C640F00711D505
:10517000E0060FD5002D0DD06548486008884880AE
:1051800008881C7800192A4080185A7880182A0943
:10519000801800E0002008800020F0BD10B55D48B8
:1051A00001685D4A0820014200D09061C90602D51D
:1051B0008C21090111605949594A5A4B1B681B043B
:1051C0000CD54B685C0402D5C303136006E0C02411
:1051D000A4011C4043029C4200D010600B680340B5
:1051E00005D0514B1B689B0F9B0700D01060FB2024
:1051F00080010078C023034002D180204005106068
:10520000086820210840106048480068C00101D4A7
:10521000FFF7F7FE10BD00002C4000A8703F000013
:105220001C1002A8F8B5424F38687E680640414815
:105230003040414908608024A403404DF00229D544
:10524000FB2080010168080606D53D480068A8607B
:1052500001202870022015E00120014202D03949C6
:10526000A9600FE00020C9060CD52949A960364A7B
:1052700091780B071B0F12789A1809095118A98009
:10528000E880A888A880A888002801D0264301E0EB
:10529000FFF7B7FE264026D0274E74603460A888FA
:1052A00000280ED0396A81420BD3291D2748AA68ED
:1052B00090470100F3D0FEF728F901202449086047
:1052C000F1BD01000CD0FC218902F16121490203EA
:1052D000CA6134604C603A6A824204D30C60F1BD0A
:1052E000EB20FFF793FEF1BD2C3E00000101010110
:1052F000F83E0000383F000011110000218400003A
:10530000F43E0000183F0000483F0000204000A885
:1053100085220000F84F0000502102A8184001A883
:10532000481002A8684101A84C4201A8D04000A83A
:10533000B44000A8FFFFDFFFB46000A8303E0000CB
:10534000AC3C000099220000493F0000D84000A872
:105350002C4000A8B45000A870B505000C0000F067
:10536000C1F80600FEF7C4F92002054306480560AF
:10537000022006490860FEF7C0F9300000F0B6F8D8
:1053800001200349087070BD048009504090095005
:10539000503E0000FEB5C020C004334908603348C9
:1053A0003349486533488865334840240460446085
:1053B0001020FFF717FE002854D1FF2000052F49C9
:1053C00008602F482F4908602F4829490860A50325
:1053D0002A4805602D4807680820FFF703FE0028CB
:1053E00040D108262A4806600120FFF7FBFD274828
:1053F000806801902748066027481D4908601F48BB
:1054000005600820FFF7EEFD00282BD1204806603C
:105410000120FFF7E7FD1D48806800901D480660E9
:10542000134D1E4828600199009800F03FF8860649
:10543000B60E0198C10B0098C00B00F037F80002BF
:10544000FC21890101403143296010480760600355
:105450000A49086012480460446012490164124914
:1054600041640020FEBD000020E000A857140000A9
:105470004C0102A8FF3FFF3F601102A8B42002A820
:105480000000380EB41002A830300000104101A80E
:10549000105101A8106101A8101000002020000088
:1054A000602102A8F703F000FF3F000010B5490497
:1054B000CA104004C310991A00209A18D30F9A18E2
:1054C000521052188B115B0E5B18DB11D21820237F
:1054D000541A01D422001843CC0F611849105B08FC
:1054E000F6D110BDEFF3108072B67047002800D1DE
:1054F00062B6704710B5C20018231340FF249C40C9
:10550000E2438907090E9940030004D478489B08B8
:105510009B00C01806E0774B0007000F0838800892
:105520008000181803681A401143016010BD80B54F
:1055300073225421002000F05BFA01BD10B5FFF783
:10554000D1FF6D4901220A606C4B6D4C23606D4C9C
:10555000236003236C4C23606C4C23606C4B1A60FB
:105560006C4B1A606C4B80241C601A606B4A1A608A
:1055700011228A63FFF7BAFF3F2069490968014099
:105580000A1D402A00D2081D664A10706648017044
:1055900010BD80B501001120FFF7ACFF01BDFFF782
:1055A000A1FF05000024012160B2FFF7A3FF641CE6
:1055B0000E2CF8D301210F20FFF79CFF01211320AF
:1055C000FFF798FF01211720FFF794FF0321012027
:1055D000C043FFF78FFF01211E20FFF78BFF5348C9
:1055E000534908600220534908600120A24908601D
:1055F0004704514C20693840FCD02068800101D418
:10560000FEF724F82800FFF771FF4C4800684003BC
:1056100011D4FF2226325321002000F0E9F90AE0DC
:1056200000281CD0FEF74AF819E020693840FCD069
:105630002800FFF75BFF206E0004000F022801D155
:10564000FEF7C0FCFFF74EFF05003D4EFEF746F8A3
:1056500000287078E4D0002801D1FEF738F8012046
:1056600034493278002A05D1744A1268920600D46F
:10567000086030BF0022327002220A607E49086052
:10568000D3E76F48016842680A406E4810401C49E1
:105690000860800700D4704770B578480188491CBD
:1056A0000180FB24A4012078000620D574490A68F3
:1056B0000F20120B0240032A19D1724A12685207B6
:1056C000520F032A13D80968090B084003280ED18A
:1056D000764805680826764806600D20FFF78AFCA4
:1056E000354001D073480660E08A401CE08270BDFE
:1056F00000E400E01CED00E0040002A80000FF3F11
:10570000282002A82C1002A840E002A844C002A849
:1057100004C001A8044001A8145001A8200060069C
:105720002C8001A84E3E00004F3E0000FFFF9B4032
:1057300000E100E0602002A8500002A8F80702A8DB
:10574000513E0000F8B55C4C206865680540924801
:1057500005605A48284007D0FDF7D3FF002803D042
:1057600028005749096888470121022255480078D6
:10577000C00701D5022300E001232B408748002BFE
:1057800010D0874B1A60874A12680A4007D1026816
:10579000F0231B051340902212059342F3D0090217
:1057A000814A116080210D4220D0A26AF823DB01DA
:1057B00013401BD0C0221201934217D880231B062E
:1057C0008A4E3360A76AF826F6013E402C4F3F68A8
:1057D0003F043F0F022F01D0032F03D1002E01D031
:1057E0009642EFD3914A13606B4A11609049097851
:1057F00006290DDACC20800128401DD0FFF772FE6B
:1058000004002800FDF739FC2000FFF76FFEF1BD12
:10581000806B800510D58748284005D0FEF7A2FA96
:105820002800FDF72AFCF1BDA80205D58020400123
:105830005949086080490860F1BD0000F40302A8DE
:10584000280002A8FFFF00C010B57C48016844682A
:105850000C407B48046080210C4205D041607948AF
:1058600001600020FDF709FC600403D5802040059D
:105870007549086010BD0000601002A84C3E000091
:10588000B00002A8184001A838B570480168446803
:105890000C40E00707D5FFF725FE0500FDF788FC63
:1058A0002800FFF723FE6A48046031BD4C4000A881
:1058B0004C6000A84C5000A8104001A8020006004F
:1058C000B03C00006C3E0000FEB5624C206C676C82
:1058D000074001252F4216D02E065F48066020683B
:1058E0005E490D60002802D00021FDF739FE5C48BA
:1058F0000068A021C90188428041C043C00F5949B6
:10590000487059480660FDF7D9FE01900220074013
:105910003ED06168CEB20F0A54490822484B440376
:10592000012E24D0022E31D1012F22D1504EF678F3
:1059300000964F4E37780126BE404E4F3E604C4E8B
:105940003678760590277F04F71903263E434A4FA1
:105950003E601C60494B1C600B68009C1B194B652A
:10596000434909788D4046490D6046490DE0009055
:10597000DFE7002F0AD1444E356000254D655C609D
:105980001C60C104414B196041490A6033490860F9
:105990000198FDF79CFEF7BD106001A80C0002A85D
:1059A0006C1102A8B44000A8B82002A870B5FDF799
:1059B00085FE0400FFF796FD2F490A68D2070FD530
:1059C0002A4A566D1368334D2E60CE686E60496862
:1059D000E9818021C904204E3160297B5918516525
:1059E000FFF784FD2000FDF772FE70BDE06101A8A5
:1059F000002800D0704770B50C00FDF75FFE050071
:105A0000FFF770FD0600FDF773FE234804600121D7
:105A1000224A1160026C0A40FCD1FDF76EFE300094
:105A2000FFF764FD2800FDF752FE70BDE05101A8AC
:105A30001C3E000000104006145001A890C001A8B0
:105A400090E001A80CC001A804ED00E0C0C000A8CF
:105A5000C0E000A800C002A8441002A840E002A8CC
:105A6000404000A8513E0000442002A818800A507F
:105A7000653E000068A00A5060C101A894D001A84A
:105A800068900A50F42302A860E101A880E200E0D7
:105A9000F41302A85C3E00000080095040900950B9
:105AA00080B5FDF72EFE002801D000F0ADFE01BD4F
:105AB00080B5FDF763FEC348006800030AD4FEF713
:105AC00019F9FFF739F8FEF791F80120FFF702F80E
:105AD000FEF7F4FC80208005FDF7E8FD01BD80B5F0
:105AE000FDF74CFE80204002FDF7E0FD01BDFEB554
:105AF00005208E4908608E4806680124264201D19F
:105B0000FDF752FFFDF73AFE8A49086800909D486C
:105B100049680160B105CA0F69460A71002526422D
:105B200010D00095A84949680160A74802689649C5
:105B30000B68981A9A4202D38B69C018401CA34B79
:105B40009842F5D3A24F3D6068460079002804D002
:105B500031000098FDF76CFB00900026386820406B
:105B600003D16846FDF74DFF0600FDF7A3FF0028AF
:105B700043D09548407C00283FD196489249C96857
:105B800002690B689A4200D00125934FBA1C9446D3
:105B9000924A1378062253436246D25A8C462B000F
:105BA00018214B436146C9184A6000990191864902
:105BB000C96801226A4018235A438D182968016177
:105BC000A9680160A248E968016029690162686901
:105BD000A049086001A8FDF714FF002806D1B91CF0
:105BE0007E4A127806235A43895A696031000600BA
:105BF0000E4302D174494C7401E0002E02D100988A
:105C0000FDF77AFF9E48046002209E490860C82084
:105C1000C004BC4908606004FDF748FDF7BDF8B555
:105C2000994C8025EF02FDF745FF002808D09748E2
:105C30000078002804D13800FDF738FD2560F1BD5B
:105C4000206CC00506D580200006206000BF00BF84
:105C500040082060FEF730F8FDF790FDFDF786F96B
:105C60000600A948A9490860FFF71AFF3800FDF7A8
:105C70001DFD002E00D025600120A5490870F1BD52
:105C8000F8B50120FFF785FCA24CA348006820600E
:105C9000FDF774FD1020C043A04908607A4D00262E
:105CA000EE639F4806607820205C0521014002D009
:105CB000FDF708FE01E0FDF713FE0227A06F384054
:105CC00001D001202860FDF71CFD002802D000F063
:105CD000E8FD00E06663FDF7DBFC92480068296C94
:105CE000090407D4000705D5FDF7E8FC8E490F60CD
:105CF000FDF7EDFCFDF7D5FCFFF750FAB804FDF712
:105D0000D5FC0020FFF745FCF1BD80B5FDF736FD61
:105D10002C480068000303D4FDF768FFFEF7CEFBB4
:105D200080204003FDF7C2FC01BD00005C1102A809
:105D3000440002A8B83F000038B5FDF71FFD524CE3
:105D40002025FEF7D1FF002806D0606B000704D5A0
:105D5000FEF7EFFFFEF74CFC2560FDF747FFFEF76F
:105D6000ADFB724800780C210140042902D1FDF7F7
:105D7000A9FD01E0FDF7B4FD6804FDF797FC4020A4
:105D8000206031BD283E000020C001A81CB50520C0
:105D900067490860FDF7F2FCFEF7CBFF6548006835
:105DA00000906846FEF7E4FB0400FFF779FE002C44
:105DB00002D10098FEF74AFC80204004FDF776FCF3
:105DC00013BD00000C0002A8CC3E000001FF000043
:105DD000243E0000348001A8403E00003C3E00000C
:105DE000F8B5FDF7CBFC544CA56A5020284002D0F2
:105DF000FDF768FD01E0FDF773FD234FFEF774FF2B
:105E000000281BD1B86B40071DD4786BE0214901F5
:105E1000014018D1A80611D4FDF73AFCA56AA84E96
:105E2000354207D0FF20C0432D18A5628020000511
:105E3000A4490860FDF735FC2E4002D001203860EF
:105E400001E00020206080208004FDF72FFCF1BDE0
:105E50001C4101A8284000A880B5FDF78FFC9A4896
:105E60000068C00501D5FDF7C1FE0120FEF732FE36
:105E7000FEF724FB8020C004FDF718FC01BD0000E4
:105E8000442002A8305201A8100002A8DD3E000004
:105E900010B526480468FDF771FC8C4909680903B0
:105EA0002AD40321C00601D5214001E0A008014009
:105EB000012902D1FDF706FD0BE0200107D50E20D8
:105EC000FFF798F882480421016008210160FDF77E
:105ED00007FDFDF77EFD7F4C20697F490860FFF7D5
:105EE000DFFD2068002807D04000122802D2FFF70B
:105EF00079F801E0FEF7C1FF80208003FDF7D6FBB3
:105F000010BD0000106001A870012000B46000A85E
:105F1000513E0000783E000008C000A8482002A8BA
:105F20002C3E0000844000A8D4E40350F03E000062
:105F30005C1102A8CC3F0000C83E0000F8B584B058
:105F40000025A3490D740120694608700295FDF7EC
:105F500015FC03905D4F3868000300D5A9E00320CD
:105F60009C4908649C480068FF26B6019B491024A0
:105F70000F22974B1B78DB0713D50240022A03D070
:105F800097480068204002D19148806800E0086886
:105F9000FEF7D9FF7168401801D5019553E00190D3
:105FA00051E00F230340032B03D0000B0240062ACD
:105FB0003AD1086871680291396C890701D5B168D6
:105FC0000291FEF7C0FF0299401801D5019500E04B
:105FD0000190B86B0107C80F0321404A12680A40BC
:105FE000022A1BD1039A224018D0794A526DD30558
:105FF00012D5FE6B9B4B1E409E4202D175490C642C
:106000000CE092050AD43A6C2823134006D16B4663
:106010001D702C4A116001E06A46157002906846B6
:106020000678002E03D10FE0306801900126FEF7BC
:106030005BFE002808D0FEF77CFE0298002802D004
:10604000FEF7D6FA00E00026022062490860002E22
:1060500010D0224800780C210140042902D0F86BAE
:10606000044002D0FDF72EFC01E0FDF739FC2020B2
:1060700078601EE056480078C00705D5584800688B
:10608000044001D1FDF730FCFDF7B0FD8020000693
:106090000C4908600020C0437349086001A8FEF75E
:1060A00067FA0400FFF7FCFC002C02D10198FEF710
:1060B000CDFA80200004FDF7F9FA05B0F0BD00002C
:1060C00000FFFF00481002A8680102A80C0002A807
:1060D00080E200E0AC3F0000283E0000F03E0000FF
:1060E000FEB53B4C002525740095FDF747FBFFF7F7
:1060F000D7FC5E4EF06E5E4F0007000F07280BD1F5
:106100007068002808D40020FEF7E4FC386859497C
:106110000860FDF7E7FC55E00120716849070CD4E1
:1061200055490968014008D00102626D0A4209D050
:10613000520502D43268114001D1009002E01020D3
:106140004E4908602078C00705D525480068C0067C
:1061500001D5FDF7C9FB4A4801680320009A002ACF
:1061600001D0890900E00909084001900020FEF7EC
:10617000B1FC0198002805D17068C00602D4FDF773
:10618000AFFB01E0FDF79EFB00200099002903D141
:106190003C480068FEF7D7FE7969401801D50095A4
:1061A00000E000906846FDF72CFC00280AD100981A
:1061B000FDF7A2FC2078C00701D5606800E0B8694F
:1061C0002C49086080200005FDF770FAF7BD00003B
:1061D0006C3E0000082002A8B00002A80CC101A873
:1061E000B04301A8F8B5FDF7C9FA002400252648F8
:1061F000466B80277F05300606D5300709D5FEF7A8
:1062000098FDFEF7F5F929E001251B4800682840B4
:1062100019D00020FEF75EFC0220064002D01B4988
:106220000C60C8611A480468002D03D02000FDF7F7
:106230008BF80400FEF77DFD2000FEF707FA38001A
:10624000FDF734FAF1BD0E480078C0210140402925
:1062500002D1FDF737FB01E0FDF742FB20200A49A0
:106260000860ECE710000010B46000A8440002A829
:10627000BC3F0000283E0000B44000A8481002A81F
:10628000F03E00001CC101A8100002A8180000AADE
:10629000D83F0000FFF752F9024803494860FFF772
:1062A0007EF900BF0F2700000000000080B5EFF36B
:1062B00005800B2801D23A2100E02921FF22163265
:1062C0000020FFF795FBFEE70D470108BD460108DA
:1062D000C9460108B9470108318B0308E19003085A
:1062E000E5900308F1900308E9900308ED90030896
:1062F00000000000B0010000F8130020FFFFFFFFC6
:10630000FFFFFFFF000002010A000080E3490020B8
:10631000DC490020D2490020DF490020E14900206B
:10632000E0490020DE490020C3490020EF3D002065
:10633000CB490020C9490020D1490020283D002038
:10634000074A0020C8490020253D0020223D0020AA
:106350001C4A0020DB490020453E0020044A002062
:106360001102030607082B2C1910131C1D20222ACA
:106370002E33343537FF80556E737570706F7274BD
:10638000656420636F6D6D616E6420494420253023
:10639000345800777600757600757500777500774C
:1063A0007562007577007575620075627570000022
:1063B00001100000E01F040802100000DE1F0408A6
:1063C00003020000DC1F040805100000CA1F0408B7
:1063D00007080000D41F040800020000E21F0408A0
:1063E00004020000DA1F0408095C0000D01F040842
:1063F0000A140000CC1F04080D020000D21F04087C
:106400000C080000E41F04086C6F7765722D6D6145
:10641000632D7261696C2D3830322E31352E342E59
:1064200063006C69627261696C2E61000001030493
:10643000756E636C61696D65640062756666657230
:106440002D6D616E6167656D656E742E63006C65A0
:10645000676163792D7061636B65742D6275666623
:1064600065722E63006576656E742D717565756550
:106470002E6300000700100008001A00060011003B
:1064800002001100040004000100040009000800DB
:106490000A000A000B000200000000009F660408CA
:1064A0004566040800000000A0660408972204085E
:1064B00000000000B8210408BA2104080000000010
:1064C000BC2104081D660408B56604080A670408B0
:1064D000B921040800000000BD2104087663040807
:1064E000B7210408E9660408BB210408B6210408A2
:1064F0000203040508090A0B0001020304051D201C
:10650000550108010100AA00FFFFFFFFFFFFFFFF89
:10651000FFFF7A69676265652D737461636B2E6333
:106520000000000051CE020859E40108191A0208BF
:10653000D5040308251D0208A9AE0308ABAE030865
:10654000ADAE0308AFAE0308A5970208F96C0208C8
:10655000C1B40208D5FE0208F9050208A7AE030877
:10656000B171020845EC020815F5010849A20108BD
:10657000CD23030865FC0108E56503080000000061
:106580007A69676265652D75707065722D6D6163DE
:106590002E63006E65696768626F722E63006173B7
:1065A000736F63696174696F6E2E6300003F1B90A7
:1065B0001B194A93000013000000000000000000B7
:1065C00000000000010000008575020802000000C4
:1065D000E1C2030803000000E174020804000000A7
:1065E0005DC203080500000081740208000000007D
:1065F000000000000023001B2200FF00000000003C
:106600000C090202000000001C1A0B0303FF06081D
:106610000402020204020A0B030302030480FF02C5
:1066200004FF01010101080000000000000000312A
:1066300038323173005A6967426565416C6C696133
:106640006E6365303980313432323100313231009D
:106650003273003132323131320032383100383168
:106660003100313832313100313231313132313271
:10667000323231730031323131323231003232381C
:10668000000000183810300000000000008F8E8CD1
:1066900080726F7574652D7461626C652E63008104
:1066A000815A6967426565416C6C69616E636530EA
:1066B0003906080C10806D61632D6D756C74692D41
:1066C0006E6574776F726B2E630031313131313109
:1066D000006368696C642D68616E646C696E672D17
:1066E0007232322E6300000000806D61632D696E8E
:1066F000666F2D656C656D656E742D706172736962
:106700006E672E63003834313200800000000000D4
:106710000000003231323231313134003131313226
:106720003438313132323131003831323231313175
:1067300000383147003132323232323232320038B0
:106740003200383131320038313132320010270F07
:1067500051421B390F390F1C06000A0026002A007F
:10676000008050684C6900000000434C534E00000C
:046770000000000025
:086774005C04FC7F0100000041
:0C677C008867040800440020720400003C
:106788000000000000000000FFFF00007844002027
:106798001844002094440020481600208C0804085F
:1067A80002000000056D000848160020F3000000F4
:1067B8008D6D0008C0EA2101C0EA210100800000B7
:1067C800C0175302FFFFFFFF4C440020006017086A
:1067D8000080000090190020C8000000FE000000A2
:1067E800000000000409040808100020FFFFFFFF54
:1067F800FFFFFFFFFFFFFFFF18210020081004081C
:106808000400000081C900081821002002000000CF
:106818004B5A0308402100201E1004080300000002
:10682800FDCE0008641A040833000000036503085D
:106838000F0000000700000019DF0308FB890308A8
:10684800F7890308FFFFFFFFFFFFFFFF0B8A03081D
:1068580020C001B89D8E0308FFFFFFFFA78F030824
:10686800FFFFFFFFFFFFFFFFFFFFFFFFFFFFFFFF30
:106878009F26000069910308F0620408FFFFFFFFEC
:106888000832002009A001080000000009140408CB
:1068980000000000000000000000000000000000F0
:1068A80008320020E99F01080000000009140408CC
:1068B80000000000000000000000000000000000D0
:1068C8000832002079B50108000000000914040806
:1068D80000000000000000000000000000000000B0
:1068E800F04500200000000000000000D045002016
:1068F8000000000000000000B0450020000000007B
:10690800000000009045002000000000000000008A
:1069180008320020AFA10308000000000914040891
:10692800000000000000000000000000000000005F
:1069380008320020A9A10308000000000914040877
:10694800000000000000000000000000000000003F
:1069580008320020A3A1030800000000091404085D
:10696800000000000000000000000000000000001F
:10697800083200209DA10308000000000914040843
:1069880000000000000000000000000000000000FF
:1069980040460020000000002046002000000000C3
:1069A800083200202BA20308000000000914040884
:1069B80000000000000000000000000000000000CF
:1069C8000832002025A2030800000000091404086A
:1069D80000000000000000000000000000000000AF
:1069E8000000000020A1070000000000C1F5030816
:1069F800000000002D3E00200000000008320020AA
:106A0800D5D90108F9F301080914040800000000A9
:106A18000000000000000000000000000832002014
:106A280099E00108000000000914040800000000B3
:106A380000000000000000000000000008320020F4
:106A480005EB0108F9F30108091404080000000027
:106A5800000000000000000000000000306404088E
:106A680008320020F5F801080000000009140408A5
:106A7800000000000000000000000000000000000E
:106A880008320020B11202080000000009140408AE
:106A980000000000000000000000000000000000EE
:106AA80008320020C1180208000000000914040878
:106AB80000000000000000000000000000000000CE
:106AC80008320020D12E0208000000000914040832
:106AD80000000000000000000000000000000000AE
:106AE800B80B000008320020BD3402080000000086
:106AF8000914040800000000000000000000000065
:106B08000000000008320020F93F020800000000E1
:106B18000914040800000000000000000000000044
:106B28000000000008320020C141020800000000F7
:106B38000914040800000000000000000000000024
:106B48000000000008320020814302080000000015
:106B58000914040800000000000000000000000004
:106B680000000000083200207948020800000000F8
:106B780009140408000000000000000000000000E4
:106B88000000000008320020D54E02080000000076
:106B980009140408000000000000000000000000C4
:106BA8000000000008320020C9C6030800000000E9
:106BB80009140408000000000000000000000000A4
:106BC800000000000832002071B402080000000034
:106BD8000914040800000000000000000000000084
:106BE800000000000832002075CD020800000000F7
:106BF8000914040800000000000000000000000064
:106C08000000000077D303080832002045FF02087F
:106C1800F9F301080914040800000000000000004E
:106C2800000000000000000008320020A50503084D
:106C38000000000009140408000000000000000023
:106C4800000000000000000008320020B50B030817
:106C58000000000009140408000000000000000003
:106C68000000000000000000083200206D19030831
:106C780000000000091404080000000000000000E3
:106C8800000000000000000008320020251D030855
:106C980000000000091404080000000000000000C3
:106CA80000000000000000002C4900200000000047
:106CB800F032002058330020C033002000000000CC
:106CC80000000000000000000000000000000000BC
:106CD80000000000000000000000000000000000AC
:106CE800000000000000000000000000000000009C
:106CF8000000000000000000FFFF0200CEFAEFBE17
:106D0800FFFF2C01B80B2C0140061027FFFF04F8E9
:106D1800FFFF0C0000000000010000004000FDFF24
:106D28002C019C000000FFFFFDFFFFFFFFFF60EA52
:106D38008000800010C1CDABFFFF28010101FF6476
:106D48000250FF0F01D80F010208031E200516018B
:106D580014010A0C080520070705051010010F0883
:106D680008100120070101010301FF0C01FF0F10AA
:106D78003020407F0150403000FFFFFF0B0301FF30
:106D8800050B0101FF03010305020201FFFFFFFFDD
:106D9800FFFFFFFF010102FFFFFF40FF010180012C
:106DA800FF01FF00AD6B0008856B000800000000C4
:106DB80000000000000000000000000000000000CB
:106DC80000000000000000000000000000000000BB
:106DD80000000000000000000000000000000000AB
:106DE800000000000000000000000000000000009B
:106DF800000000000000000000000000000000008B
:106E0800000000000000000000000000000000007A
:106E1800000000000000000000000000000000006A
:106E2800000000000000000000000000000000005A
:106E3800000000000000000000000000000000004A
:106E4800000000000000000000000000000000003A
:106E5800000000000000000000000000000000002A
:106E6800000000000000000000000000000000001A
:106E7800000000000000000000000000000000000A
:106E880000000000000000000000000000000000FA
:106E980000000000000000000000000000000000EA
:106EA80000000000000000000000000000000000DA
:106EB80000000000000000000000000000000000CA
:106EC80000000000000000000000000000000000BA
:106ED80000000000000000000000000000000000AA
:106EE800000000000000000000000000000000009A
:106EF800000000000000000000000000000000008A
:106F08000000000000000000000000000000000079
:106F18000000000000000000000000000000000069
:106F28000000000000000000000000000000000059
:106F38000000000000000000000000000000000049
:106F48000000000000000000000000000000000039
:106F58000000000000000000000000000000000029
:106F68000000000000000000000000000000000019
:106F78000000000000000000000000000000000009
:106F880000000000000000000000000000000000F9
:106F980000000000000000000000000000000000E9
:106FA80000000000000000000000000000000000D9
:106FB80000000000000000000000000000000000C9
:106FC80000000000000000000000000000000000B9
:106FD80000000000000000000000000000000000A9
:106FE8000000000000000000000000000000000099
:106FF8000000000000000000000000000000000089
:107008000000000000000000000000000000000078
:107018000000000000000000000000000000000068
:107028000000000000000000000000000000000058
:107038000000000000000000000000000000000048
:107048000000000000000000000000000000000038
:107058000000000000000000000000000000000028
:107068000000000000000000000000000000000018
:107078000000000000000000000000000000000008
:1070880000000000000000000000000000000000F8
:1070980000000000000000000000000000000000E8
:1070A80000000000000000000000000000000000D8
:1070B80000000000000000000000000000000000C8
:1070C80000000000000000000000000000000000B8
:1070D80000000000000000000000000000000000A8
:1070E8000000000000000000000000000000000098
:1070F8000000000000000000000000000000000088
:107108000000000000000000000000000000000077
:107118000000000000000000000000000000000067
:107128000000000000000000000000000000000057
:107138000000000000000000000000000000000047
:107148000000000000000000000000000000000037
:107158000000000000000000000000000000000027
:107168000000000000000000000000000000000017
:107178000000000000000000000000000000000007
:1071880000000000000000000000000000000000F7
:1071980000000000000000000000000000000000E7
:1071A80000000000000000000000000000000000D7
:1071B80000000000000000000000000000000000C7
:1071C80000000000000000000000000000000000B7
:1071D80000000000000000000000000000000000A7
:1071E8000000000000000000000000000000000097
:1071F8000000000000000000000000000000000087
:107208000000000000000000000000000000000076
:107218000000000000000000000000000000000066
:107228000000000000000000000000000000000056
:107238000000000000000000000000000000000046
:107248000000000000000000000000000000000036
:107258000000000000000000000000000000000026
:107268000000000000000000000000000000000016
:107278000000000000000000000000000000000006
:1072880000000000000000000000000000000000F6
:1072980000000000000000000000000000000000E6
:1072A80000000000000000000000000000000000D6
:1072B80000000000000000000000000000000000C6
:1072C80000000000000000000000000000000000B6
:1072D80000000000000000000000000000000000A6
:1072E8000000000000000000000000000000000096
:1072F8000000000000000000000000000000000086
:107308000000000000000000000000000000000075
:107318000000000000000000000000000000000065
:107328000000000000000000000000000000000055
:107338000000000000000000000000000000000045
:107348000000000000000000000000000000000035
:107358000000000000000000000000000000000025
:107368000000000000000000000000000000000015
:107378000000000000000000000000000000000005
:1073880000000000000000000000000000000000F5
:1073980000000000000000000000000000000000E5
:1073A80000000000000000000000000000000000D5
:1073B80000000000000000000000000000000000C5
:1073C80000000000000000000000000000000000B5
:1073D80000000000000000000000000000000000A5
:1073E8000000000000000000000000000000000095
:1073F8000000000000000000000000000000000085
:107408000000000000000000000000000000000074
:107418000000000000000000000000000000000064
:107428000000000000000000000000000000000054
:107438000000000000000000000000000000000044
:107448000000000000000000000000000000000034
:107458000000000000000000000000000000000024
:107468000000000000000000000000000000000014
:107478000000000000000000000000000000000004
:1074880000000000000000000000000000000000F4
:1074980000000000000000000000000000000000E4
:1074A80000000000000000000000000000000000D4
:1074B80000000000000000000000000000000000C4
:1074C80000000000000000000000000000000000B4
:1074D80000000000000000000000000000000000A4
:1074E8000000000000000000000000000000000094
:1074F8000000000000000000000000000000000084
:107508000000000000000000000000000000000073
:107518000000000000000000000000000000000063
:107528000000000000000000000000000000000053
:107538000000000000000000000000000000000043
:107548000000000000000000000000000000000033
:107558000000000000000000000000000000000023
:107568000000000000000000000000000000000013
:107578000000000000000000000000000000000003
:1075880000000000000000000000000000000000F3
:1075980000000000000000000000000000000000E3
:1075A80000000000000000000000000000000000D3
:1075B80000000000000000000000000000000000C3
:1075C80000000000000000000000000000000000B3
:1075D80000000000000000000000000000000000A3
:1075E8000000000000000000000000000000000093
:1075F8000000000000000000000000000000000083
:107608000000000000000000000000000000000072
:107618000000000000000000000000000000000062
:107628000000000000000000000000000000000052
:107638000000000000000000000000000000000042
:107648000000000000000000000000000000000032
:107658000000000000000000000000000000000022
:107668000000000000000000000000000000000012
:107678000000000000000000000000000000000002
:1076880000000000000000000000000000000000F2
:1076980000000000000000000000000000000000E2
:1076A80000000000000000000000000000000000D2
:1076B80000000000000000000000000000000000C2
:1076C80000000000000000000000000000000000B2
:1076D80000000000000000000000000000000000A2
:1076E8000000000000000000000000000000000092
:1076F8000000000000000000000000000000000082
:107708000000000000000000000000000000000071
:107718000000000000000000000000000000000061
:107728000000000000000000000000000000000051
:107738000000000000000000000000000000000041
:107748000000000000000000000000000000000031
:107758000000000000000000000000000000000021
:107768000000000000000000000000000000000011
:107778000000000000000000000000000000000001
:1077880000000000000000000000000000000000F1
:1077980000000000000000000000000000000000E1
:1077A80000000000000000000000000000000000D1
:1077B80000000000000000000000000000000000C1
:1077C80000000000000000000000000000000000B1
:1077D80000000000000000000000000000000000A1
:1077E8000000000000000000000000000000000091
:1077F8000000000000000000000000000000000081
:107808000000000000000000000000000000000070
:107818000000000000000000000000000000000060
:107828000000000000000000000000000000000050
:107838000000000000000000000000000000000040
:107848000000000000000000000000000000000030
:107858000000000000000000000000000000000020
:107868000000000000000000000000000000000010
:107878000000000000000000000000000000000000
:1078880000000000000000000000000000000000F0
:1078980000000000000000000000000000000000E0
:1078A80000000000000000000000000000000000D0
:1078B80000000000000000000000000000000000C0
:1078C80000000000000000000000000000000000B0
:1078D80000000000000000000000000000000000A0
:1078E8000000000000000000000000000000000090
:1078F8000000000000000000000000000000000080
:10790800000000000000000000000000000000006F
:10791800000000000000000000000000000000005F
:10792800000000000000000000000000000000004F
:10793800000000000000000000000000000000003F
:08794800000000000000000037
:0400000508006E750C
:00000001FF
